U_value_W_m2K,hot_inlet_temp_C,hot_outlet_temp_C,cold_inlet_temp_C,cold_outlet_temp_C,hot_flow_rate_kg_s,cold_flow_rate_kg_s,LMTD_C,heat_duty_kW,pressure_drop_hot_kPa,pressure_drop_cold_kPa,fouling_resistance_m2K_W,hot_side_velocity_m_s,cold_side_velocity_m_s,ambient_temp_C,condition_label
413.22,180.46,129.69,40.18,91.21,24.005,20.039,89.38,2705.2,37.44,30.73,0.000216,1.168,0.964,27.98,normal
409.35,178.44,129.64,40.9,91.25,25.535,19.618,87.96,2792.2,42.27,28.73,0.000177,1.205,0.95,29.91,normal
407.93,181.13,129.16,38.53,90.97,24.965,20.004,90.39,2920.4,41.06,31.23,0.000223,1.206,1.013,27.31,normal
411.72,181.41,130.51,39.71,90.57,24.64,19.879,90.82,2726.5,39.13,28.87,0.000181,1.207,1.006,28.57,normal
420.88,177.07,130.28,40.83,90.54,24.85,20.696,87.99,2575.8,38.77,30.56,0.00022,1.217,0.911,29.51,normal
407.37,178.05,128.09,40.07,90.36,25.622,19.978,87.86,2799.0,41.73,28.4,0.000209,1.148,0.948,29.16,normal
408.01,180.19,128.02,41.47,90.53,25.439,19.309,88.1,2956.6,39.91,28.8,0.000193,1.275,1.01,31.45,normal
404.52,179.53,130.51,38.42,90.62,24.923,20.249,90.49,2699.4,40.17,30.12,0.000184,1.19,0.997,28.52,normal
408.02,179.97,129.02,38.31,88.17,24.317,20.893,91.26,2717.0,37.56,32.34,0.000204,1.215,0.984,25.06,normal
412.91,178.72,130.36,40.77,88.97,24.359,20.598,89.67,2564.2,38.28,32.51,0.000202,1.167,1.024,26.63,normal
422.61,181.32,130.94,40.87,88.66,25.452,19.449,91.36,2810.0,41.23,28.79,0.000169,1.216,0.942,29.96,normal
405.51,181.17,128.47,39.81,91.44,24.233,19.866,89.2,2788.9,37.44,28.69,0.000218,1.304,0.976,28.83,normal
411.7,180.1,128.31,40.4,92.15,24.929,19.985,87.93,2839.8,40.02,31.26,0.000235,1.151,1.021,27.53,normal
408.24,181.69,132.01,40.75,87.18,26.609,19.991,92.88,2909.1,44.63,29.74,0.000226,1.144,0.974,33.92,normal
409.3,180.7,130.42,39.19,92.03,25.276,20.19,89.95,2779.2,40.17,30.47,0.000209,1.157,1.013,31.66,normal
415.85,178.71,129.5,39.29,90.11,25.445,19.828,89.4,2735.7,40.19,28.97,0.000187,1.183,0.954,29.88,normal
417.86,180.55,128.88,40.19,91.32,24.363,19.542,88.96,2788.5,38.54,27.88,0.000204,1.174,0.967,30.47,normal
413.72,178.56,129.39,40.9,90.66,24.264,20.476,88.19,2645.9,36.7,31.48,0.000196,1.148,0.929,29.47,normal
407.78,181.32,128.57,38.83,91.87,25.477,19.438,89.59,2932.1,43.18,27.35,0.000204,1.198,0.918,27.49,normal
409.81,179.93,131.06,39.8,90.27,24.831,19.599,90.45,2667.7,40.8,28.86,0.000228,1.278,0.981,32.06,normal
415.03,179.72,129.07,39.76,88.23,25.704,19.435,90.4,2838.6,40.46,29.76,0.000197,1.193,1.018,31.7,normal
421.7,178.98,131.31,40.42,89.86,25.086,20.306,90.0,2708.9,40.88,31.43,0.000145,1.195,0.995,26.05,normal
412.88,181.83,129.52,39.99,90.67,27.134,20.053,90.34,3094.7,47.49,30.31,0.000224,1.217,1.046,30.45,normal
401.67,179.77,128.75,39.45,89.72,24.717,20.442,89.67,2781.9,38.6,30.32,0.000212,1.232,0.984,30.67,normal
413.51,179.36,129.49,41.25,90.86,25.233,19.607,88.37,2781.8,41.03,28.9,0.000204,1.269,0.915,29.36,normal
422.07,179.47,126.85,39.46,89.91,24.524,19.373,88.47,2819.0,38.51,27.69,0.000165,1.212,1.014,34.19,normal
411.35,180.8,129.86,39.71,89.23,25.679,19.778,90.86,2852.2,42.66,30.56,0.000175,1.2,0.957,33.98,normal
410.6,180.55,129.8,38.41,88.59,25.324,19.909,91.67,2819.2,40.49,29.37,0.000179,1.15,1.005,29.24,normal
419.84,180.62,130.99,39.29,89.49,24.483,20.105,91.42,2647.2,39.54,29.65,0.000182,1.237,0.909,29.55,normal
420.06,180.65,127.74,40.52,90.27,24.87,19.159,88.79,2900.5,39.48,27.59,0.000185,1.158,0.989,29.32,normal
424.42,183.21,131.39,40.32,87.45,25.883,20.239,93.4,2925.2,42.26,30.02,0.000165,1.156,1.028,28.78,normal
399.36,179.39,130.98,40.6,88.99,25.811,19.553,90.39,2753.1,43.01,28.99,0.000265,1.21,1.023,28.16,normal
406.11,179.23,131.5,40.55,87.4,24.211,19.676,91.39,2480.4,38.66,30.59,0.000245,1.277,0.99,31.01,normal
412.76,178.78,129.94,42.09,89.2,24.78,20.587,88.71,2638.5,37.03,31.61,0.000208,1.236,0.998,33.92,normal
406.19,180.92,131.22,39.25,91.56,26.153,18.908,90.66,2847.4,40.48,26.38,0.000199,1.198,0.98,33.1,normal
404.34,181.69,128.23,38.38,88.46,24.96,20.161,91.53,2965.5,40.23,30.31,0.000255,1.151,0.988,31.58,normal
405.26,179.83,130.86,38.95,90.91,25.17,20.159,90.4,2656.4,39.83,29.41,0.000249,1.276,1.025,25.19,normal
419.64,178.74,129.07,39.3,93.7,25.676,19.591,87.39,2835.9,40.65,31.2,0.000178,1.197,0.97,26.27,normal
409.3,178.76,128.02,39.03,91.89,24.261,19.776,87.93,2728.2,37.52,30.84,0.000207,1.185,0.974,32.13,normal
418.78,180.98,128.65,40.09,90.17,24.496,20.611,89.68,2766.3,41.47,32.67,0.000195,1.228,0.937,33.24,normal
414.55,181.11,130.01,41.25,91.12,24.866,20.981,89.38,2812.0,38.28,33.3,0.000192,1.178,1.026,31.11,normal
420.53,180.81,129.01,41.54,88.22,25.783,20.532,90.01,2910.5,43.17,31.32,0.000195,1.162,0.987,29.39,normal
416.27,179.0,130.45,40.5,87.95,25.672,20.943,90.5,2759.2,41.19,32.48,0.000197,1.167,0.949,32.7,normal
412.88,180.35,127.83,42.14,90.04,25.492,19.654,87.98,2964.2,39.98,28.9,0.000206,1.167,1.033,31.51,normal
407.01,180.18,127.45,39.64,90.52,24.977,19.21,88.73,2921.1,39.32,29.8,0.000206,1.144,0.996,32.27,normal
400.34,180.33,131.65,38.37,91.42,25.738,19.974,91.07,2739.3,40.73,29.78,0.000243,1.138,0.968,26.29,normal
423.41,181.31,131.08,41.05,89.26,24.968,20.402,91.04,2779.2,38.34,30.64,0.000176,1.249,1.034,30.69,normal
411.47,180.34,128.74,38.16,90.25,25.407,19.073,90.33,2930.1,40.45,27.46,0.000229,1.233,0.984,33.55,normal
417.27,181.02,130.0,39.24,90.21,25.607,19.537,90.78,2865.6,40.68,29.17,0.000168,1.159,0.935,31.05,normal
409.97,180.1,131.22,40.52,89.83,26.078,19.592,90.49,2799.3,43.01,26.12,0.000207,1.244,1.036,31.9,normal
408.46,180.43,130.5,39.9,89.91,25.026,20.178,90.57,2770.4,40.24,30.8,0.000231,1.215,0.964,30.07,normal
404.57,180.95,130.18,39.81,88.89,24.842,20.114,91.21,2689.3,38.76,28.27,0.000217,1.184,1.119,30.21,normal
412.6,177.81,131.31,38.82,90.36,25.837,19.612,89.95,2613.7,43.07,30.14,0.000191,1.139,0.98,32.81,normal
413.84,179.52,129.12,39.99,90.25,25.883,20.09,89.2,2900.0,41.92,28.86,0.000209,1.217,0.917,28.66,normal
407.55,179.29,130.04,41.0,89.43,24.734,19.428,89.45,2684.9,39.08,27.83,0.00025,1.293,1.068,28.46,normal
414.42,179.04,129.98,40.02,90.87,24.397,19.787,89.06,2626.9,36.11,27.89,0.000182,1.201,0.996,29.04,normal
416.37,179.59,129.67,39.17,91.34,25.791,19.368,89.37,2804.0,42.39,29.75,0.000217,1.25,1.008,30.05,normal
412.15,182.24,129.53,38.75,90.88,24.075,19.925,91.07,2792.6,39.63,29.79,0.000229,1.189,1.013,26.78,normal
411.76,178.7,130.09,39.19,88.64,24.044,19.6,90.48,2555.6,38.08,30.71,0.000188,1.246,0.943,31.46,normal
399.05,181.45,130.04,40.39,90.13,24.899,20.345,90.48,2763.8,39.54,32.53,0.000252,1.192,0.911,29.67,normal
404.89,177.48,128.74,40.34,88.82,25.061,19.987,88.53,2726.0,39.02,30.96,0.000262,1.08,1.076,31.71,normal
405.52,179.5,130.96,39.2,90.13,24.364,19.887,90.56,2580.7,39.82,28.57,0.000233,1.164,0.935,25.76,normal
404.75,180.24,128.83,37.79,88.82,25.133,20.884,91.23,2834.8,40.22,32.56,0.000233,1.207,1.063,31.72,normal
422.77,180.88,129.74,40.42,91.66,25.16,20.192,89.27,2777.3,39.79,31.61,0.000148,1.254,1.019,32.67,normal
422.59,181.07,129.65,39.1,91.02,24.712,19.816,90.3,2779.5,38.53,29.82,0.00016,1.192,1.005,30.88,normal
416.44,181.19,130.43,40.69,91.5,26.22,19.708,89.72,2958.2,45.66,28.92,0.000197,1.201,0.979,30.06,normal
416.46,179.48,127.46,39.24,91.37,25.258,19.409,88.16,2918.5,40.63,28.71,0.00018,1.171,1.09,31.73,normal
400.49,179.31,131.07,39.01,89.65,25.677,19.967,90.85,2725.7,42.42,30.27,0.000219,1.278,0.97,32.54,normal
431.75,181.29,129.19,40.15,89.45,24.126,20.154,90.43,2746.6,37.32,29.23,0.000115,1.275,0.971,31.05,normal
406.48,179.71,131.46,42.36,92.26,24.121,19.043,88.27,2561.2,37.44,27.01,0.000219,1.166,1.025,31.2,normal
414.98,178.09,129.43,40.75,89.79,25.276,19.318,88.49,2721.0,40.37,28.71,0.000195,1.124,0.971,33.31,normal
415.14,178.3,129.94,40.14,88.24,26.113,19.742,89.93,2733.2,44.68,30.01,0.000184,1.11,0.957,31.52,normal
412.3,178.62,132.3,40.36,91.31,24.394,19.451,89.6,2493.6,38.32,28.73,0.000257,1.23,0.996,28.4,normal
422.66,180.75,129.67,38.25,90.19,25.086,20.022,90.99,2842.0,38.84,29.73,0.000191,1.207,1.025,32.53,normal
419.44,180.21,131.49,38.88,91.96,24.259,20.091,90.41,2598.7,38.29,30.09,0.000151,1.161,1.073,29.75,normal
405.14,181.04,130.05,37.49,90.32,24.569,19.939,91.64,2755.4,38.65,29.23,0.000214,1.214,1.081,30.07,normal
405.83,179.36,130.5,41.73,89.97,25.116,20.275,89.08,2678.0,40.72,30.66,0.000211,1.138,0.926,30.21,normal
414.82,180.24,130.08,41.53,91.98,24.704,19.708,88.41,2734.8,38.82,29.9,0.000195,1.24,1.04,31.94,normal
399.0,180.94,131.02,40.39,88.0,24.217,19.977,91.78,2707.9,37.23,31.88,0.000271,1.181,0.959,33.5,normal
407.33,179.54,129.18,40.14,89.24,24.203,19.498,89.67,2723.6,38.63,27.7,0.000206,1.146,0.961,30.05,normal
405.62,180.69,128.82,38.45,88.85,23.868,20.142,91.1,2706.2,38.66,31.4,0.00023,1.182,0.976,33.46,normal
413.0,179.01,129.23,39.78,87.15,25.286,20.038,90.65,2757.6,38.97,30.41,0.00021,1.18,0.974,30.33,normal
406.13,179.46,130.12,41.79,91.14,25.359,19.401,88.32,2793.3,41.12,27.12,0.000238,1.218,0.955,32.8,normal
412.61,179.43,129.74,40.13,89.28,25.356,19.922,89.88,2789.8,40.49,29.71,0.00019,1.258,0.905,30.4,normal
416.93,178.21,130.85,39.44,91.18,24.454,19.981,89.21,2564.9,37.53,29.8,0.000168,1.256,1.056,29.02,normal
408.32,180.73,131.57,38.24,90.51,25.604,20.141,91.77,2715.1,39.6,30.38,0.000223,1.208,1.034,33.84,normal
412.21,179.3,128.83,41.38,90.79,25.424,20.159,87.98,2850.2,41.59,31.27,0.000209,1.191,0.997,28.82,normal
409.94,180.02,129.12,39.93,89.41,25.004,19.639,89.9,2791.5,39.53,30.61,0.000224,1.172,0.959,28.69,normal
409.43,180.72,128.28,38.24,89.01,24.906,20.382,90.87,2880.6,39.19,32.07,0.000181,1.112,1.047,27.49,normal
411.07,180.67,132.44,39.08,90.12,24.611,20.262,91.95,2590.3,40.09,30.88,0.000214,1.199,0.995,32.53,normal
419.71,181.0,130.37,38.72,91.19,25.115,19.638,90.72,2847.1,39.89,29.29,0.000152,1.157,0.975,33.01,normal
411.26,179.85,130.58,39.87,89.93,25.97,19.429,90.31,2786.2,42.36,30.14,0.000186,1.261,0.932,30.75,normal
414.99,179.37,128.39,40.21,89.09,25.683,19.676,89.23,2938.7,40.65,28.28,0.000179,1.19,1.019,28.03,normal
414.95,179.88,130.0,39.5,88.44,24.846,19.264,90.97,2727.5,38.65,29.04,0.000215,1.237,0.985,29.99,normal
418.57,177.47,130.61,40.78,90.27,25.323,20.104,88.51,2605.5,42.4,29.36,0.000185,1.176,1.008,29.39,normal
420.37,177.83,129.7,40.08,89.28,24.339,20.592,89.08,2550.8,38.73,30.4,0.000159,1.166,1.005,27.94,normal
412.18,178.02,131.29,41.06,89.91,25.438,20.711,89.16,2599.2,42.56,32.45,0.000183,1.23,1.023,29.02,normal
404.37,178.5,132.77,39.64,89.69,24.501,19.455,90.96,2458.9,37.74,27.22,0.000218,1.214,1.007,31.01,normal
408.41,180.6,128.86,43.05,89.42,25.414,20.393,88.47,2896.7,41.56,30.76,0.000204,1.216,0.986,28.79,normal
416.74,178.64,128.77,39.44,90.38,26.781,20.042,88.8,2954.4,46.32,31.21,0.000178,1.195,1.02,30.58,normal
408.73,179.43,128.95,39.1,90.72,24.658,18.802,89.28,2732.5,39.6,26.11,0.000225,1.239,1.036,26.45,normal
402.39,181.95,131.93,38.97,92.55,26.754,19.834,91.16,2960.3,46.77,30.99,0.000247,1.232,1.06,33.36,normal
411.76,179.47,131.25,39.79,90.99,25.294,19.778,89.96,2718.5,41.25,27.6,0.000227,1.091,0.953,29.22,normal
426.53,181.11,129.84,38.28,92.07,24.55,20.605,90.29,2800.8,38.71,32.49,0.000131,1.187,1.042,31.74,normal
401.03,178.6,130.04,40.29,88.94,24.523,19.565,89.71,2638.4,36.28,27.73,0.000207,1.251,0.934,30.38,normal
414.01,179.69,129.02,38.09,87.92,26.419,20.282,91.35,2960.1,44.6,30.61,0.000196,1.149,1.039,30.8,normal
426.54,178.57,131.07,40.16,89.98,25.296,19.946,89.75,2612.0,41.45,30.03,0.000139,1.115,0.974,27.74,normal
420.36,179.49,129.54,38.65,91.12,24.66,19.277,89.63,2716.0,40.17,27.85,0.000161,1.193,1.032,28.48,normal
411.12,181.26,129.69,39.62,90.91,24.878,19.724,90.21,2790.1,38.85,29.05,0.000224,1.226,1.058,28.52,normal
410.84,177.41,130.73,40.6,91.57,25.258,20.766,87.96,2624.4,40.71,30.94,0.000206,1.177,1.007,30.05,normal
412.17,180.65,129.77,42.3,86.7,24.995,19.913,90.67,2806.3,38.39,30.9,0.000202,1.265,0.998,32.65,normal
416.02,180.36,129.72,38.92,91.63,25.208,20.453,89.76,2842.1,38.99,30.25,0.00018,1.292,0.996,30.87,normal
408.12,179.11,130.01,39.85,90.44,26.064,20.426,89.42,2850.5,43.63,30.17,0.000232,1.104,0.981,28.2,normal
416.91,177.83,130.95,39.28,87.99,24.323,19.776,90.76,2521.6,39.34,29.32,0.000163,1.181,1.045,30.17,normal
421.8,180.11,131.98,39.13,90.94,25.387,19.358,90.99,2667.9,42.42,27.73,0.000173,1.086,0.996,29.84,normal
420.17,179.21,130.7,39.29,90.22,24.956,19.424,90.2,2595.7,40.31,29.13,0.00019,1.233,0.913,29.3,normal
418.67,180.35,130.96,40.82,90.5,24.701,20.726,90.0,2699.9,41.19,31.56,0.000154,1.166,1.035,29.97,normal
412.73,180.03,129.76,39.51,91.3,25.643,20.076,89.49,2831.1,41.48,30.2,0.000174,1.176,1.033,31.53,normal
402.11,182.4,129.15,42.25,90.56,24.123,19.133,89.35,2850.1,38.41,27.79,0.000232,1.257,1.002,28.56,normal
418.83,179.64,130.78,40.42,88.09,23.58,20.417,90.96,2555.4,34.69,31.91,0.000175,1.134,0.968,29.31,normal
411.24,178.46,130.21,38.99,89.81,25.135,19.107,89.93,2686.5,37.25,27.21,0.000223,1.121,0.954,31.96,normal
411.26,180.27,128.29,39.63,87.9,24.917,19.587,90.5,2856.6,39.28,27.56,0.000219,1.086,0.969,30.94,normal
415.69,180.33,129.61,39.2,90.84,24.188,20.041,89.95,2649.5,37.57,29.46,0.000195,1.264,1.008,32.56,normal
417.96,182.04,129.9,40.8,91.82,23.974,21.26,89.66,2787.8,37.33,34.4,0.000157,1.252,0.926,32.87,normal
404.56,181.25,129.39,38.36,88.39,26.158,20.408,91.94,2947.1,43.21,31.39,0.000202,1.185,1.017,27.28,normal
421.94,180.54,131.78,38.66,89.13,25.278,19.759,92.26,2692.0,41.17,29.06,0.000137,1.136,1.003,30.58,normal
422.18,182.19,130.58,39.41,88.85,25.012,20.014,92.25,2830.5,41.77,30.09,0.000184,1.242,1.051,28.98,normal
412.66,178.22,131.65,40.68,89.41,26.317,20.46,89.88,2696.8,44.61,31.04,0.000207,1.338,1.028,27.6,normal
410.14,179.04,130.32,41.23,90.54,25.613,20.711,88.79,2736.0,41.02,32.58,0.000226,1.188,0.971,28.42,normal
417.24,178.61,130.1,41.38,89.42,26.062,19.876,88.95,2764.8,40.6,29.94,0.000195,1.14,0.932,29.4,normal
412.62,179.42,128.88,40.53,90.85,24.292,19.891,88.46,2725.0,36.91,29.48,0.000182,1.262,0.967,29.41,normal
417.29,177.93,130.01,39.92,91.38,24.27,19.585,88.31,2518.7,39.26,29.62,0.000179,1.143,1.055,28.79,normal
417.3,180.95,130.02,40.79,91.43,25.37,20.333,89.37,2830.6,40.57,31.85,0.000186,1.182,1.012,29.97,normal
405.95,179.67,128.36,38.86,88.55,25.249,20.513,90.31,2787.1,41.4,30.66,0.000219,1.068,1.024,34.89,normal
412.52,177.79,129.35,38.16,91.8,25.75,19.031,88.57,2713.2,42.83,26.71,0.000211,1.185,0.975,26.55,normal
418.14,178.48,129.61,40.44,91.91,24.022,19.802,87.87,2535.5,37.17,31.39,0.000199,1.136,1.019,32.27,normal
408.04,180.47,130.5,38.99,92.02,25.422,19.393,89.97,2817.0,41.14,28.88,0.000219,1.263,0.939,29.96,normal
405.95,181.26,130.55,39.93,89.79,25.594,20.075,91.04,2860.5,41.06,31.54,0.0002,1.151,1.037,29.12,normal
420.47,183.0,129.3,40.12,89.02,25.562,19.381,91.56,2995.2,43.86,29.06,0.00016,1.239,0.954,25.96,normal
415.97,184.37,130.56,40.25,88.72,24.756,19.34,92.96,2834.6,38.34,28.61,0.000167,1.195,0.921,31.53,normal
410.51,180.62,129.78,40.94,88.57,25.311,20.562,90.44,2785.2,42.02,29.82,0.000218,1.206,1.09,27.12,normal
416.62,178.52,126.56,40.83,90.02,24.535,19.917,87.11,2771.6,39.5,28.8,0.000159,1.226,1.005,31.66,normal
415.05,176.8,129.42,40.2,91.1,24.824,19.97,87.45,2577.0,40.11,30.44,0.000189,1.197,1.004,33.48,normal
418.34,180.4,131.29,39.56,91.7,24.374,20.216,90.21,2656.0,38.1,29.86,0.000197,1.168,0.925,27.43,normal
418.09,178.78,127.98,40.11,89.37,24.545,20.485,88.64,2699.9,37.22,31.2,0.000169,1.159,1.025,32.34,normal
414.95,179.38,130.14,39.4,89.95,24.855,19.791,90.08,2652.1,38.44,30.17,0.00015,1.225,1.035,30.05,normal
420.44,179.08,131.9,39.8,89.86,24.705,19.802,90.65,2514.0,38.38,29.58,0.000165,1.105,0.992,25.81,normal
422.39,179.79,129.09,42.62,89.17,24.545,19.804,88.53,2737.9,39.07,29.79,0.000146,1.284,1.036,27.59,normal
410.59,181.6,130.0,40.18,90.96,24.22,20.541,90.23,2684.2,38.67,32.59,0.000218,1.207,1.047,30.36,normal
414.71,180.24,128.44,40.45,90.47,26.177,19.966,88.87,2930.2,43.77,31.1,0.000212,1.183,1.021,30.8,normal
414.66,179.76,131.95,39.29,90.18,24.7,19.854,91.11,2612.1,39.4,29.56,0.000177,1.213,0.913,26.84,normal
418.8,178.45,129.9,41.02,90.47,25.198,20.195,88.43,2736.9,41.61,31.55,0.000159,1.17,0.954,30.06,normal
402.85,177.49,130.06,40.76,90.8,23.945,20.916,87.99,2500.5,34.92,31.75,0.000235,1.191,1.067,31.65,normal
411.38,179.27,131.63,40.77,90.79,25.815,20.037,89.67,2696.5,40.17,30.28,0.000213,1.143,1.003,32.0,normal
416.71,179.92,130.79,40.21,88.91,25.1,19.865,90.79,2778.1,38.74,30.09,0.000181,1.219,1.003,29.17,normal
405.82,182.65,128.95,41.03,91.17,24.734,20.971,89.69,2906.5,40.16,32.59,0.000236,1.196,0.967,30.88,normal
415.13,180.2,129.22,41.27,90.33,24.739,20.665,88.9,2758.6,37.24,31.64,0.000204,1.209,0.975,32.14,normal
407.08,181.47,130.59,40.28,89.43,25.522,20.592,91.17,2840.7,41.51,30.72,0.00021,1.274,1.048,31.7,normal
418.75,179.25,129.25,39.89,90.3,23.228,19.75,89.16,2600.1,34.13,29.3,0.000169,1.16,1.06,31.78,normal
423.15,178.22,127.46,40.89,90.45,24.505,19.7,87.17,2752.9,38.74,27.91,0.000155,1.194,1.032,30.23,normal
418.86,178.55,129.94,39.1,91.41,24.929,19.083,88.98,2682.1,39.65,27.46,0.000153,1.117,1.022,29.81,normal
396.97,178.91,128.22,39.28,88.64,24.922,20.482,89.61,2788.9,40.02,31.36,0.000262,1.228,1.025,30.54,normal
410.34,183.19,131.94,39.95,91.72,26.503,20.038,91.73,2974.7,44.03,30.7,0.000175,1.199,0.997,28.47,normal
413.13,178.77,130.21,38.26,90.03,24.797,19.1,90.34,2639.2,40.13,26.67,0.000202,1.201,0.952,32.22,normal
417.28,181.26,128.91,40.83,89.34,25.594,20.601,89.99,2918.4,43.19,31.91,0.000214,1.192,0.943,26.94,normal
410.51,178.65,129.16,39.04,89.3,26.087,19.831,89.73,2828.1,44.45,30.0,0.000199,1.171,1.053,28.99,normal
415.44,181.4,127.73,39.53,88.7,25.402,19.893,90.43,3007.5,40.8,29.69,0.000195,1.325,0.999,29.93,normal
404.05,180.58,128.68,39.79,87.74,24.596,19.244,90.85,2802.3,37.98,28.35,0.000195,1.202,1.019,30.94,normal
411.9,179.77,131.22,40.04,90.88,24.229,20.246,90.03,2612.0,38.0,30.88,0.000214,1.215,1.008,31.32,normal
413.88,179.94,132.68,39.66,92.58,25.447,20.251,90.16,2653.7,43.27,28.6,0.000169,1.143,1.01,32.98,normal
413.54,179.02,130.87,39.93,87.9,25.987,19.976,91.03,2758.3,42.83,29.2,0.000187,1.244,1.014,30.16,normal
425.28,180.67,129.89,39.94,88.76,25.328,19.791,90.92,2803.4,41.79,31.15,0.000131,1.194,1.028,28.56,normal
415.95,179.32,129.48,39.55,90.98,25.74,21.313,89.13,2785.3,42.94,34.16,0.000144,1.222,0.969,29.71,normal
432.17,178.16,128.85,39.23,89.94,26.555,19.398,88.92,2846.9,45.36,27.91,0.000161,1.245,1.047,29.36,normal
406.1,178.08,132.47,41.08,91.08,25.502,19.639,89.18,2591.7,42.73,29.33,0.000226,1.195,0.97,31.04,normal
416.67,180.26,129.77,37.9,89.87,24.34,20.354,91.13,2651.5,36.8,31.53,0.000192,1.166,1.01,27.87,normal
415.28,182.37,132.54,39.79,89.25,25.031,19.493,92.93,2749.7,39.13,29.88,0.000221,1.084,0.953,29.65,normal
412.06,180.24,131.67,39.53,89.71,25.822,19.456,91.33,2764.8,42.45,28.24,0.000212,1.181,0.993,33.25,normal
406.61,179.82,127.91,40.42,86.9,24.851,20.566,90.18,2817.5,40.8,31.07,0.000208,1.166,0.974,30.36,normal
418.14,180.43,129.2,38.55,88.51,25.903,20.303,91.28,2918.3,43.87,30.42,0.000172,1.143,1.001,27.89,normal
405.11,181.96,129.2,39.5,91.23,24.96,20.242,90.21,2902.4,39.84,30.2,0.000202,1.273,1.029,29.32,normal
410.22,180.33,129.9,39.9,91.55,25.201,20.091,89.39,2761.0,41.58,29.76,0.000208,1.249,1.003,25.53,normal
408.6,179.38,129.93,41.07,91.83,24.79,19.654,88.2,2673.5,38.97,29.22,0.000266,1.109,1.078,29.88,normal
408.98,181.66,133.6,40.33,90.57,25.096,19.874,92.17,2649.6,39.45,29.32,0.00019,1.208,1.032,33.3,normal
405.84,180.64,128.71,38.82,87.07,25.127,19.96,91.72,2867.9,39.04,29.84,0.000222,1.159,0.991,27.63,normal
420.89,182.3,130.27,39.51,89.17,24.035,20.423,91.94,2708.5,37.13,32.65,0.000196,1.218,0.997,27.09,normal
415.77,180.27,130.74,40.89,91.72,24.735,20.213,89.2,2695.7,38.89,29.81,0.000179,1.16,1.015,28.69,normal
404.87,178.16,130.0,38.8,92.11,24.26,19.536,88.6,2571.9,38.9,29.03,0.000226,1.173,1.028,31.84,normal
404.95,177.95,130.13,39.92,91.77,24.756,20.395,88.18,2631.6,39.86,30.17,0.000257,1.248,0.951,33.41,normal
409.63,182.48,128.75,39.99,89.69,24.523,19.161,90.75,2895.6,38.69,28.51,0.000208,1.241,1.025,30.9,normal
405.5,182.59,130.13,39.61,88.3,25.607,19.84,92.39,2940.6,41.82,30.46,0.00018,1.275,0.952,27.43,normal
405.03,179.73,130.61,42.7,89.95,25.614,19.429,88.85,2788.3,41.37,27.78,0.000214,1.189,1.022,29.96,normal
419.65,179.43,130.39,39.59,90.02,25.336,19.571,90.1,2763.9,39.19,28.3,0.000208,1.127,1.044,33.58,normal
403.13,182.19,130.68,40.45,92.04,24.239,20.963,90.2,2702.7,36.65,33.18,0.000266,1.246,1.012,29.38,normal
414.94,178.34,131.7,39.23,90.3,24.941,19.265,90.23,2541.1,40.62,27.82,0.000222,1.246,0.907,30.28,normal
413.56,178.66,131.12,40.53,90.02,24.192,19.59,89.61,2463.8,37.56,30.04,0.000172,1.231,0.929,30.48,normal
406.21,180.96,130.09,40.87,90.1,24.912,20.255,90.04,2757.0,38.43,29.73,0.000238,1.163,1.023,26.91,normal
408.24,179.41,128.59,39.41,90.52,25.388,19.765,89.03,2880.1,42.49,30.23,0.000223,1.146,0.902,32.0,normal
405.93,179.99,129.28,39.95,90.81,25.595,20.078,89.26,2820.7,43.43,32.0,0.000228,1.227,1.024,31.71,normal
411.42,179.75,129.74,39.1,89.06,25.284,20.715,90.66,2793.5,42.03,32.27,0.000213,1.156,1.039,26.01,normal
403.29,180.51,130.3,38.86,88.63,25.755,20.327,91.66,2854.2,42.62,30.38,0.00023,1.185,1.045,27.34,normal
415.44,182.11,129.43,41.04,91.78,25.156,19.766,89.36,2895.5,40.74,28.75,0.000213,1.345,0.99,28.06,normal
416.02,180.14,128.88,39.45,87.87,24.86,19.933,90.84,2787.1,39.57,29.69,0.000192,1.306,1.018,31.5,normal
411.46,180.97,128.57,37.59,92.13,25.524,20.265,89.91,2981.0,41.69,31.26,0.000204,1.24,1.008,28.5,normal
413.97,176.92,128.02,41.77,87.52,25.544,20.317,87.82,2773.9,42.21,29.67,0.000197,1.167,0.941,30.8,normal
409.9,179.93,129.72,39.2,89.24,24.685,20.01,90.6,2791.1,39.81,29.78,0.00021,1.164,1.03,29.64,normal
405.54,178.74,128.24,39.75,91.26,25.227,20.18,87.98,2723.3,41.11,30.59,0.000202,1.236,1.056,30.14,normal
410.5,178.17,128.8,41.64,90.0,24.823,20.181,87.66,2709.6,36.22,31.73,0.000191,1.275,1.028,30.99,normal
413.05,178.68,129.53,39.86,88.29,23.795,19.954,90.03,2498.9,37.75,31.36,0.000195,1.174,0.98,30.54,normal
411.45,179.5,128.4,39.84,90.55,25.264,19.697,88.75,2836.3,40.96,29.08,0.0002,1.177,1.03,29.96,normal
424.75,181.37,130.46,38.77,90.09,24.223,20.371,91.49,2704.0,36.43,30.12,0.000147,1.204,1.052,30.65,normal
409.91,178.01,130.89,38.37,89.72,25.197,20.146,90.39,2574.9,40.77,30.51,0.000231,1.131,1.047,30.43,normal
408.83,180.05,129.34,39.83,89.19,24.079,18.96,90.18,2665.0,37.69,27.39,0.00021,1.132,1.041,29.58,normal
412.17,179.27,129.48,40.36,89.96,24.568,19.587,89.22,2679.7,37.19,29.84,0.000182,1.141,0.936,29.14,normal
412.86,179.51,130.64,40.31,89.24,24.74,19.76,90.3,2669.7,38.61,29.0,0.000218,1.227,1.016,33.76,normal
416.22,181.5,129.14,39.52,93.16,25.721,19.899,88.98,2925.6,40.99,28.94,0.000185,1.214,1.026,29.11,normal
412.97,180.81,129.06,40.02,89.69,24.68,20.602,90.08,2784.6,38.11,31.64,0.000185,1.257,1.042,32.73,normal
406.37,182.01,131.44,38.16,89.51,24.355,21.601,92.88,2722.3,38.73,34.19,0.000211,1.113,1.021,28.63,normal
402.95,179.77,131.06,40.46,89.3,25.219,18.771,90.54,2721.0,40.01,26.47,0.000243,1.124,1.062,31.62,normal
412.99,178.96,130.72,40.16,92.31,24.87,20.152,88.59,2715.0,39.72,29.72,0.000208,1.223,0.927,33.57,normal
423.6,179.66,131.11,41.97,87.87,25.474,20.035,90.46,2723.2,42.11,29.09,0.000177,1.156,1.022,29.32,normal
413.8,180.36,127.63,40.01,90.47,24.393,19.91,88.75,2846.1,37.83,30.25,0.000189,1.16,1.019,28.67,normal
405.22,180.26,131.62,39.06,89.69,25.127,20.271,91.57,2679.0,41.14,30.95,0.000225,1.251,1.036,29.14,normal
419.42,178.37,130.47,39.95,88.15,26.482,20.075,90.37,2829.9,45.72,29.56,0.000212,1.172,1.062,29.96,normal
406.51,180.14,131.21,39.67,88.94,24.856,19.819,91.37,2644.3,40.43,30.17,0.000229,1.178,0.964,30.64,normal
407.67,180.34,130.46,40.43,90.41,25.112,20.015,89.98,2750.6,40.92,28.57,0.000212,1.187,1.06,29.92,normal
407.31,183.78,130.06,40.03,88.88,24.003,20.278,92.44,2841.2,38.03,30.43,0.000223,1.191,1.033,29.16,normal
400.97,182.82,129.67,38.74,90.34,24.488,20.231,91.7,2874.8,38.93,30.8,0.00026,1.234,0.993,33.91,normal
424.96,178.72,130.44,38.36,92.25,25.276,20.094,89.24,2709.8,41.65,31.14,0.000159,1.139,0.964,29.6,normal
394.2,179.57,129.63,40.26,90.22,24.802,19.708,89.36,2716.0,38.26,28.77,0.000272,1.191,1.008,28.76,normal
410.49,177.8,131.04,41.38,88.11,25.369,21.41,89.68,2633.7,40.99,34.81,0.000228,1.258,1.011,31.66,normal
399.8,179.11,128.1,40.08,88.9,25.255,20.18,89.11,2789.2,41.13,29.97,0.000279,1.307,1.014,31.69,normal
415.71,180.47,129.35,40.81,89.63,24.209,20.381,89.69,2727.4,37.68,31.69,0.000171,1.132,0.975,32.82,normal
409.55,181.81,132.45,41.01,89.54,25.609,19.746,91.85,2721.1,44.27,30.66,0.000211,1.217,1.024,33.86,normal
411.03,178.91,129.25,40.27,90.2,24.254,20.095,88.85,2639.9,37.69,29.46,0.000205,1.19,0.984,30.69,normal
408.73,179.02,129.71,39.19,90.41,24.541,20.091,89.57,2734.0,36.91,30.37,0.000227,1.195,1.049,29.42,normal
408.65,176.78,128.94,40.2,92.25,25.138,19.044,86.62,2650.6,40.45,27.9,0.000214,1.161,1.068,26.2,normal
410.76,179.76,130.4,41.21,90.0,25.94,19.642,89.48,2799.2,43.58,28.04,0.000211,1.238,0.967,28.12,normal
405.79,178.41,129.12,40.53,88.5,24.398,19.632,89.24,2658.1,37.41,29.36,0.000223,1.235,1.002,30.42,normal
422.12,179.21,129.78,40.75,91.5,25.089,19.7,88.37,2723.8,40.22,28.74,0.000197,1.326,1.039,27.64,normal
419.54,178.68,131.02,39.54,91.64,25.094,19.465,89.24,2594.7,40.2,27.9,0.000185,1.134,1.011,26.83,normal
412.49,179.86,129.16,39.8,90.3,25.394,20.022,89.46,2774.0,41.08,29.72,0.000214,1.113,0.946,30.13,normal
413.73,177.36,130.95,39.88,89.68,25.71,20.699,89.36,2622.1,41.47,31.52,0.000184,1.303,1.035,31.55,normal
416.77,177.8,130.99,39.95,90.81,24.758,20.065,89.0,2540.9,40.4,30.82,0.000196,1.197,0.976,29.51,normal
421.54,183.19,131.27,41.17,89.73,25.607,19.409,91.77,2914.8,43.93,28.42,0.000157,1.177,1.008,31.79,normal
413.03,178.07,130.17,37.65,87.33,25.798,19.485,91.63,2740.9,41.49,30.47,0.000202,1.209,0.96,31.23,normal
415.52,178.35,133.89,40.03,90.73,26.07,19.811,90.7,2589.1,41.83,29.06,0.000172,1.13,1.032,32.3,normal
414.11,182.76,131.27,39.92,91.16,25.301,19.292,91.47,2885.4,40.43,28.5,0.000199,1.219,0.983,34.35,normal
425.21,184.36,130.39,38.63,91.87,25.094,20.152,92.12,2967.0,41.68,30.29,0.000167,1.196,1.036,35.23,normal
413.27,178.24,128.95,40.67,89.05,24.715,20.677,88.73,2681.9,38.93,30.83,0.000199,1.254,0.991,31.46,normal
407.24,179.45,129.88,39.28,90.29,24.125,19.712,89.88,2661.6,37.88,30.5,0.000227,1.243,0.981,29.08,normal
416.31,180.51,131.71,39.64,90.32,24.833,20.038,91.13,2690.5,38.61,30.2,0.000182,1.247,1.016,30.12,normal
417.85,182.59,132.05,41.85,90.11,25.067,19.786,91.34,2802.6,41.98,28.8,0.000172,1.21,0.957,33.15,normal
406.7,178.52,131.77,41.01,90.15,24.934,19.685,89.56,2547.7,39.52,29.48,0.000223,1.28,1.072,28.21,normal
405.26,179.63,130.94,40.57,90.05,25.359,20.095,89.98,2747.5,41.29,31.08,0.000227,1.229,1.007,32.9,normal
413.86,181.17,128.49,40.38,90.28,24.127,19.668,89.49,2836.3,36.73,28.43,0.000213,1.173,0.977,29.66,normal
420.06,180.65,130.58,39.84,90.96,24.891,19.596,90.22,2766.3,38.79,28.96,0.000186,1.16,0.984,30.45,normal
425.15,179.44,128.51,42.0,91.59,26.197,19.19,87.18,3023.3,43.51,28.68,0.000181,1.165,1.001,28.38,normal
416.38,179.8,128.22,40.8,89.02,25.597,20.032,89.09,2927.4,41.84,30.22,0.00019,1.229,1.04,27.35,normal
413.61,177.94,130.29,39.25,89.78,25.37,20.534,89.59,2694.0,41.93,31.9,0.000198,1.133,0.964,29.44,normal
425.47,179.64,130.63,38.6,89.45,25.234,20.354,91.11,2740.3,38.99,30.75,0.000148,1.208,0.985,32.61,normal
414.3,179.6,131.08,40.57,89.26,24.781,20.746,90.43,2641.1,38.42,30.79,0.000171,1.158,0.998,28.6,normal
409.12,180.35,130.6,39.94,87.9,23.948,19.663,91.55,2585.9,36.33,28.89,0.000238,1.137,1.062,33.23,normal
415.94,179.17,130.64,38.57,90.03,25.274,20.425,90.59,2675.3,40.91,30.71,0.000206,1.145,1.04,28.85,normal
410.76,180.71,128.82,40.43,90.62,23.531,19.449,89.23,2663.4,34.74,28.44,0.000237,1.199,1.064,27.86,normal
414.38,181.52,129.87,39.73,89.8,24.805,20.355,90.93,2782.0,39.34,30.52,0.00023,1.238,1.001,30.51,normal
412.05,180.23,128.19,40.53,89.99,24.998,20.822,88.95,2853.4,39.35,32.39,0.000191,1.166,1.057,31.36,normal
412.4,180.53,127.6,40.44,90.54,24.732,20.249,88.56,2880.1,39.1,30.4,0.000191,1.096,1.051,30.38,normal
407.1,180.08,130.89,39.39,91.83,26.303,20.831,89.86,2882.2,43.06,32.93,0.000229,1.358,1.028,30.3,normal
404.54,180.0,129.1,40.63,89.45,26.095,19.701,89.5,2886.1,42.2,29.69,0.000223,1.256,1.031,33.21,normal
410.01,178.92,131.05,39.5,88.48,25.62,19.933,90.99,2724.9,42.09,29.08,0.00023,1.247,0.976,30.19,normal
415.61,180.47,131.33,39.57,89.88,24.445,19.542,91.18,2651.0,39.53,29.78,0.0002,1.281,1.073,29.06,normal
414.36,179.85,129.26,39.47,92.45,26.153,20.017,88.59,2922.5,44.19,29.47,0.000204,1.205,0.99,27.73,normal
414.75,183.14,130.71,41.13,88.49,25.371,20.135,92.09,2923.7,42.19,29.47,0.000192,1.193,1.022,32.55,normal
417.14,182.36,129.21,39.72,90.85,24.435,20.013,90.5,2920.1,39.62,30.88,0.000198,1.268,1.027,29.15,normal
418.68,180.58,127.78,41.37,91.51,25.02,19.763,87.74,2882.4,39.9,28.89,0.000179,1.267,0.945,29.34,normal
410.82,178.86,130.15,41.78,86.92,25.575,19.755,90.14,2723.8,43.54,29.42,0.000198,1.231,0.998,32.1,normal
401.86,178.33,129.43,39.26,90.53,24.641,20.173,88.98,2654.2,39.73,29.44,0.000195,1.244,1.008,34.11,normal
413.88,181.79,129.47,37.08,90.78,25.084,19.92,91.7,2898.9,39.29,29.49,0.000186,1.138,0.995,30.5,normal
408.99,180.39,132.37,41.04,89.65,25.19,19.424,91.03,2668.1,39.88,28.37,0.000224,1.187,0.998,29.73,normal
420.37,180.72,128.17,39.66,89.16,24.339,19.051,90.03,2812.5,38.27,27.17,0.000158,1.285,1.06,29.99,normal
410.41,177.38,130.46,39.13,89.23,24.838,19.702,89.73,2579.9,40.42,28.79,0.00021,1.24,0.967,29.09,normal
415.46,181.39,128.81,39.41,89.57,24.385,19.309,90.6,2839.0,38.02,28.19,0.000172,1.127,0.949,29.29,normal
413.84,180.68,131.09,39.59,89.61,25.521,19.582,91.29,2783.3,40.54,29.67,0.000175,1.173,0.977,29.3,normal
412.65,178.33,130.36,41.3,89.36,24.455,19.788,89.02,2636.3,39.24,28.68,0.000177,1.277,1.03,31.82,normal
412.19,179.29,130.46,40.16,89.55,25.175,19.927,90.02,2718.1,39.39,27.78,0.000214,1.223,1.034,29.82,normal
429.07,180.4,128.87,41.28,91.55,24.166,19.667,88.21,2731.3,37.93,30.1,0.000132,1.209,1.024,32.72,normal
406.98,180.08,129.08,40.49,88.42,24.32,21.096,90.11,2765.9,38.11,32.5,0.000205,1.211,1.036,29.77,normal
412.37,179.56,131.11,39.69,87.73,24.291,19.369,91.63,2528.2,36.64,27.86,0.000201,1.196,1.01,29.27,normal
421.02,179.84,132.12,39.61,91.57,24.826,20.605,90.38,2572.6,41.28,31.22,0.000171,1.174,0.979,32.56,normal
411.16,179.62,130.58,40.56,89.75,25.108,19.919,89.94,2703.1,40.33,28.72,0.000205,1.158,0.962,30.04,normal
422.01,180.23,128.92,40.82,89.5,25.219,19.671,89.41,2811.2,39.45,28.8,0.000164,1.251,0.95,29.75,normal
417.38,182.21,130.41,41.0,89.86,23.937,20.294,90.87,2751.9,37.04,30.57,0.000199,1.212,0.991,30.07,normal
420.92,176.15,132.91,39.74,90.27,24.899,19.774,89.48,2391.5,37.98,29.74,0.000162,1.235,1.032,32.93,normal
400.64,179.64,130.12,40.18,89.32,24.55,19.597,90.14,2723.6,39.07,28.48,0.000262,1.227,1.009,30.61,normal
413.75,180.26,131.75,40.58,90.66,25.321,20.895,90.39,2685.0,41.79,30.51,0.000226,1.27,1.001,32.5,normal
410.52,180.44,129.11,39.62,88.75,24.839,18.903,90.59,2822.2,42.24,26.03,0.000207,1.223,0.958,29.53,normal
416.72,179.44,129.95,38.87,89.61,24.952,19.878,90.46,2755.2,39.96,30.56,0.000171,1.241,1.103,32.18,normal
416.32,177.36,130.74,39.19,87.12,24.553,20.095,90.9,2523.2,38.06,29.58,0.000192,1.208,0.967,30.48,normal
412.84,180.49,130.48,39.76,91.52,26.035,20.704,89.84,2894.3,43.24,32.36,0.000193,1.153,1.005,31.77,normal
410.72,182.59,129.08,40.66,89.77,24.23,19.801,90.6,2849.4,39.25,28.89,0.000207,1.189,1.04,31.93,normal
409.32,177.7,129.03,41.26,90.87,24.76,21.331,87.3,2690.6,39.81,34.34,0.000212,1.229,1.002,28.12,normal
410.97,181.3,131.19,38.64,90.62,25.065,20.38,91.61,2740.3,41.02,31.11,0.000207,1.234,0.968,30.14,normal
411.89,179.51,131.43,39.4,90.71,24.849,18.816,90.4,2581.8,40.33,25.72,0.00021,1.273,1.032,31.91,normal
405.82,179.91,131.81,39.64,89.99,24.542,19.273,91.04,2585.3,39.2,27.13,0.000195,1.177,0.946,32.23,normal
410.71,178.42,132.16,40.79,90.5,23.913,20.118,89.63,2430.8,35.52,29.13,0.00021,1.211,1.07,32.51,normal
409.07,179.5,130.16,39.47,88.75,24.585,19.428,90.72,2681.6,37.36,29.2,0.000181,1.194,1.011,30.21,normal
416.73,181.95,129.63,39.57,88.48,24.424,20.274,91.75,2825.1,36.78,29.74,0.000168,1.281,0.99,33.08,normal
404.96,180.87,131.62,38.59,89.87,26.008,19.773,92.02,2796.8,41.75,29.09,0.000255,1.219,0.943,28.69,normal
409.42,182.6,130.86,40.48,89.12,26.359,19.402,91.92,2970.6,42.92,28.34,0.000212,1.22,0.954,27.01,normal
406.62,181.77,128.82,39.84,91.85,24.97,19.518,89.45,2957.2,41.77,28.89,0.000254,1.198,0.998,29.44,normal
415.64,180.66,128.76,39.35,90.49,24.157,20.426,89.79,2754.1,36.9,30.79,0.000192,1.189,1.076,32.39,normal
392.25,182.62,130.59,39.74,89.07,25.443,18.989,92.19,2897.8,41.38,26.06,0.000272,1.128,1.009,27.83,normal
417.23,180.66,129.79,41.13,89.65,24.411,20.523,89.83,2741.6,38.08,30.46,0.000202,1.137,1.014,27.06,normal
408.07,181.24,129.97,39.0,90.17,24.67,20.537,91.02,2753.8,39.25,30.62,0.000234,1.209,1.015,26.56,normal
410.4,179.56,131.29,39.16,89.91,24.623,19.834,90.88,2593.2,38.99,27.44,0.000201,1.203,1.095,31.47,normal
410.12,180.1,130.91,41.25,90.35,24.7,19.298,89.7,2696.7,37.88,28.48,0.000205,1.209,0.982,27.1,normal
405.1,178.95,131.6,40.08,90.09,24.787,20.278,90.19,2552.1,39.99,31.16,0.000197,1.247,1.063,31.1,normal
416.25,181.48,127.68,40.67,88.19,24.212,19.757,90.12,2826.0,37.08,28.49,0.000185,1.205,0.984,29.34,normal
410.5,178.23,130.3,40.4,87.2,24.579,19.242,90.46,2581.0,38.08,29.03,0.000229,1.183,0.972,28.46,normal
410.17,181.17,130.83,39.96,89.51,25.612,20.955,91.26,2844.2,41.47,32.54,0.0002,1.19,0.997,28.0,normal
405.02,179.71,128.17,39.65,90.73,24.98,19.558,88.75,2874.0,40.75,29.49,0.000225,1.212,0.997,30.41,normal
408.84,181.76,129.21,40.83,89.53,25.075,19.264,90.29,2908.8,39.59,28.66,0.000227,1.181,1.022,28.49,normal
410.52,181.13,128.99,41.16,91.61,23.661,20.143,88.67,2729.3,36.32,30.28,0.000242,1.253,0.907,29.99,normal
415.06,182.73,130.03,41.08,89.94,25.569,19.966,90.85,2934.0,42.06,28.29,0.000213,1.199,1.006,30.8,normal
424.03,181.1,131.95,38.81,91.76,24.589,20.743,91.22,2664.0,39.08,32.2,0.000155,1.213,0.976,31.23,normal
422.57,177.64,132.43,41.3,91.5,25.674,19.81,88.61,2520.3,42.17,29.91,0.00019,1.159,0.971,31.87,normal
416.67,179.9,129.02,39.64,91.37,25.093,19.815,88.96,2836.0,38.86,28.98,0.000199,1.253,0.948,30.33,normal
417.41,178.24,130.63,39.24,88.44,24.663,20.168,90.59,2586.6,39.16,30.58,0.0002,1.272,0.985,27.9,normal
406.56,179.22,130.67,39.83,90.02,23.993,20.1,90.02,2561.3,36.23,30.25,0.00024,1.132,0.979,30.93,normal
405.73,182.27,130.47,40.83,91.59,26.305,20.115,90.15,3013.0,42.08,29.55,0.000234,1.22,0.983,31.31,normal
418.13,180.96,130.48,40.54,90.35,25.482,20.136,90.27,2815.1,40.94,30.29,0.000196,1.195,0.934,29.64,normal
396.86,178.95,130.36,39.74,90.72,25.518,20.082,89.42,2713.1,40.98,29.82,0.000273,1.214,1.004,29.42,normal
416.33,178.48,132.03,40.84,88.2,26.091,19.792,90.73,2638.0,46.16,29.74,0.00019,1.223,0.968,34.95,normal
411.79,180.05,131.32,40.14,92.49,25.134,20.416,89.36,2747.8,41.36,30.66,0.000192,1.088,0.935,27.41,normal
419.86,178.18,128.73,39.43,88.97,25.811,19.82,89.25,2801.0,43.15,28.95,0.000167,1.238,0.978,30.99,normal
422.04,178.99,130.95,39.29,87.41,24.713,20.402,91.62,2602.3,38.77,29.78,0.000153,1.256,0.969,32.09,normal
419.62,180.47,131.07,40.41,89.54,25.443,20.694,90.79,2785.7,41.1,33.66,0.000165,1.261,1.002,29.32,normal
407.65,181.73,130.38,39.92,86.82,24.622,19.661,92.67,2782.2,41.49,28.73,0.00023,1.153,0.978,29.66,normal
411.22,180.91,131.36,38.62,88.59,24.698,21.202,92.53,2622.9,38.5,32.42,0.000222,1.198,0.942,29.2,normal
420.18,176.56,130.23,40.85,93.33,25.058,19.644,86.27,2615.2,40.42,29.53,0.000173,1.173,0.964,30.0,normal
406.74,180.46,130.24,39.52,89.51,24.24,19.647,90.84,2663.5,39.68,29.2,0.000203,1.104,0.931,31.8,normal
408.58,180.11,130.15,41.59,88.14,25.198,20.27,90.25,2744.5,39.85,31.17,0.000224,1.169,1.045,29.6,normal
421.84,180.62,127.58,38.6,90.03,24.813,20.221,89.78,2890.6,39.61,31.12,0.000139,1.146,1.052,36.22,normal
404.75,182.42,129.9,39.82,88.83,23.807,20.036,91.83,2735.4,36.61,30.97,0.000253,1.217,1.057,29.09,normal
405.87,176.91,129.2,39.3,91.12,24.725,20.409,87.82,2580.2,38.32,30.26,0.000232,1.118,0.976,32.76,normal
413.84,179.11,128.58,39.02,88.84,24.793,20.126,89.91,2760.0,40.18,30.46,0.000224,1.151,1.052,31.09,normal
406.51,180.89,131.72,39.51,90.35,25.512,21.033,91.37,2703.7,40.37,31.58,0.000236,1.174,1.016,30.22,normal
427.5,177.63,130.61,41.77,88.51,25.171,19.973,88.98,2626.0,41.27,29.68,0.000139,1.239,0.967,32.94,normal
410.16,182.21,129.96,40.14,93.38,25.868,19.573,89.33,3002.2,42.97,29.39,0.000193,1.339,0.975,26.8,normal
405.39,180.55,129.32,39.21,90.65,25.312,19.724,90.01,2802.2,41.8,28.54,0.000238,1.215,0.993,30.85,normal
410.42,181.27,130.36,38.17,89.81,24.668,20.236,91.82,2776.7,38.85,32.42,0.0002,1.148,1.004,28.57,normal
410.66,179.14,131.19,38.28,89.62,24.965,20.243,91.21,2608.1,40.29,30.67,0.000222,1.166,1.015,29.13,normal
400.83,181.22,129.01,39.46,89.28,24.791,20.103,90.74,2834.6,40.43,28.83,0.000243,1.233,1.0,29.03,normal
402.44,181.6,129.99,39.37,89.01,25.293,19.575,91.61,2882.3,39.44,29.43,0.000221,1.133,0.986,28.07,normal
411.66,180.35,131.04,39.78,88.98,25.036,20.554,91.32,2741.8,38.89,33.29,0.000192,1.255,1.054,26.69,normal
412.17,180.35,127.68,37.73,92.18,24.623,20.968,89.06,2863.3,39.5,30.88,0.000217,1.214,0.995,30.78,normal
418.33,180.41,129.93,39.91,89.28,25.005,20.015,90.57,2735.0,40.84,30.61,0.00015,1.194,0.993,29.87,normal
411.41,178.7,129.48,41.03,87.23,25.277,20.905,89.96,2739.0,40.94,31.7,0.000215,1.116,0.991,29.4,normal
406.46,179.78,129.84,41.62,88.48,24.396,20.433,89.75,2695.0,39.2,31.14,0.000222,1.246,0.995,31.52,normal
405.06,179.77,129.4,38.11,91.21,25.19,21.109,89.92,2768.4,40.19,32.01,0.000205,1.162,0.946,30.9,normal
410.4,180.58,130.17,39.2,89.67,24.053,20.236,90.93,2642.1,38.58,31.32,0.000235,1.208,0.96,29.47,normal
414.02,181.5,132.31,39.15,89.83,25.663,20.068,92.42,2775.2,41.86,29.93,0.000208,1.192,1.098,36.1,normal
411.93,178.41,129.61,40.15,91.52,25.316,20.421,88.17,2735.2,40.14,32.08,0.000204,1.121,0.934,32.04,normal
403.85,179.81,130.35,38.78,88.99,25.978,19.783,91.2,2809.8,44.28,28.59,0.000255,1.188,1.011,34.89,normal
416.97,182.22,132.39,41.68,90.82,24.33,20.204,91.06,2674.3,38.92,30.39,0.000171,1.139,1.014,29.17,normal
401.72,178.88,129.34,40.04,89.13,25.68,20.665,89.52,2761.3,41.53,29.97,0.000242,1.167,1.041,30.5,normal
411.46,178.77,132.18,39.88,90.75,25.561,20.41,90.14,2628.1,41.2,33.19,0.000239,1.222,1.015,27.52,normal
408.16,180.3,130.01,41.59,89.49,24.891,19.985,89.61,2699.6,40.29,31.49,0.000225,1.235,1.076,29.34,normal
416.37,181.27,132.14,39.98,89.69,24.774,20.1,91.87,2686.9,38.35,32.01,0.000188,1.199,1.01,28.83,normal
409.1,180.02,130.9,40.4,91.07,24.349,20.379,89.72,2657.5,38.46,32.26,0.00021,1.156,1.054,35.99,normal
418.77,181.99,130.37,39.25,90.97,24.193,20.362,91.07,2742.7,37.54,30.51,0.000176,1.168,1.042,28.62,normal
420.32,181.29,129.92,38.63,89.78,24.549,20.375,91.4,2790.8,38.93,30.98,0.000183,1.167,1.062,29.53,normal
412.84,181.26,129.25,39.39,89.39,24.247,20.17,90.86,2781.8,35.83,30.69,0.000204,1.093,1.001,27.09,normal
418.85,180.83,130.09,42.19,92.08,25.957,19.588,88.33,2856.3,41.89,29.2,0.000173,1.204,1.016,31.07,normal
417.55,183.49,131.08,40.63,90.77,24.099,19.667,91.58,2743.5,37.7,28.23,0.000193,1.117,0.985,28.2,normal
421.39,179.69,129.98,40.27,89.49,25.089,20.231,89.96,2732.8,41.31,29.71,0.000167,1.204,1.006,31.84,normal
413.71,176.99,129.62,39.02,89.15,25.261,20.416,89.21,2628.4,40.62,30.06,0.00022,1.127,1.009,26.42,normal
405.93,182.41,129.7,40.91,91.33,25.214,20.351,89.93,2900.3,41.34,30.61,0.000249,1.14,0.917,29.76,normal
403.19,179.31,131.19,38.64,90.15,25.267,19.662,90.85,2638.4,39.29,28.84,0.000266,1.233,0.994,26.31,normal
419.15,180.16,131.47,38.43,89.79,25.568,19.924,91.7,2653.2,41.2,29.43,0.000169,1.201,1.036,29.02,normal
420.74,181.96,129.2,39.44,90.15,24.732,19.413,90.78,2921.2,39.51,28.63,0.000174,1.106,0.946,29.43,normal
411.37,177.6,129.2,41.95,90.44,25.053,19.304,87.2,2718.7,40.09,27.04,0.000199,1.172,0.961,28.8,normal
410.8,178.12,130.46,41.9,89.93,24.824,20.041,88.38,2577.9,40.26,29.43,0.000225,1.213,1.046,29.0,normal
422.5,177.6,131.83,39.55,91.56,25.782,20.679,89.12,2552.5,42.02,31.25,0.000197,1.169,1.054,31.94,normal
408.84,178.81,131.38,39.33,91.64,26.26,20.05,89.59,2784.0,43.45,30.79,0.000232,1.183,0.975,34.35,normal
404.78,180.66,128.5,38.36,90.69,24.284,20.954,90.05,2723.1,38.61,32.78,0.000219,1.212,1.007,30.68,normal
420.32,180.79,129.68,40.08,91.79,23.781,19.918,89.3,2704.5,36.02,30.05,0.00015,1.202,0.997,28.28,normal
414.46,180.41,128.88,40.16,90.01,25.341,20.016,89.56,2892.0,40.08,29.3,0.000205,1.15,1.047,30.13,normal
416.0,177.88,129.68,40.79,90.9,25.642,19.504,87.93,2708.7,42.33,28.71,0.000166,1.201,0.979,29.29,normal
411.25,176.53,131.93,40.91,91.31,26.174,19.826,88.09,2610.6,42.48,28.91,0.000186,1.186,0.985,31.78,normal
408.86,180.08,128.29,39.8,91.32,25.443,19.405,88.62,2879.0,42.7,27.82,0.000191,1.286,1.054,30.58,normal
407.69,179.29,128.06,40.56,91.19,25.837,19.227,87.8,2937.5,40.6,28.24,0.000226,1.195,0.96,26.84,normal
418.86,180.69,129.01,39.3,90.82,25.996,19.414,89.79,2948.3,42.62,27.92,0.000203,1.207,0.98,32.2,normal
412.53,181.05,130.34,40.54,92.54,25.879,20.043,89.16,2850.5,44.19,30.03,0.000189,1.213,1.005,31.93,normal
405.35,180.21,130.74,39.49,89.3,25.529,19.632,91.08,2839.3,43.51,28.8,0.000266,1.184,1.061,32.99,normal
415.76,181.14,130.52,40.46,89.8,24.231,19.75,90.7,2676.9,37.72,28.39,0.000177,1.164,0.952,28.97,normal
409.26,180.34,131.41,40.38,89.72,24.995,20.205,90.83,2677.9,41.09,30.09,0.000212,1.223,0.972,30.6,normal
410.96,180.8,127.88,40.07,89.52,25.18,19.226,89.53,2955.5,41.3,27.49,0.000223,1.223,1.024,27.63,normal
405.28,178.94,131.43,40.79,87.41,24.94,20.041,91.08,2644.4,39.34,29.8,0.000208,1.304,1.03,29.9,normal
423.58,179.73,129.63,38.43,91.79,24.977,20.424,89.56,2713.7,40.4,29.71,0.000176,1.237,1.008,30.79,normal
419.32,180.3,130.88,38.94,88.67,25.94,20.467,91.79,2863.4,41.89,30.69,0.000175,1.238,0.995,28.73,normal
413.34,181.23,128.41,39.73,90.22,24.546,20.258,89.84,2852.1,37.14,31.43,0.000222,1.236,1.005,30.68,normal
405.98,179.41,130.01,38.56,88.15,25.479,19.974,91.35,2766.7,41.9,30.28,0.000235,1.165,0.94,30.34,normal
414.53,180.78,130.28,39.59,90.81,25.19,19.688,90.33,2793.5,41.11,28.84,0.000202,1.137,1.004,29.1,normal
422.84,179.6,131.39,39.63,88.98,24.485,19.959,91.19,2596.7,37.34,28.95,0.000164,1.15,1.059,32.79,normal
411.86,179.82,128.1,41.31,88.52,24.354,20.827,89.03,2724.6,38.02,32.35,0.000204,1.234,0.947,29.53,normal
401.2,181.24,130.04,40.14,90.25,23.979,20.137,90.44,2713.6,35.92,31.14,0.000249,1.271,0.969,30.27,normal
413.7,177.01,128.7,41.03,89.09,25.291,19.947,87.79,2694.3,40.38,31.07,0.000173,1.237,0.984,27.07,normal
412.21,178.06,130.61,40.3,89.25,24.962,20.282,89.55,2594.7,39.45,30.35,0.000194,1.192,0.987,31.04,normal
412.89,177.78,130.93,39.46,90.22,24.505,20.025,89.5,2531.5,39.33,29.22,0.000205,1.284,1.074,29.05,normal
406.15,176.5,131.54,40.13,91.04,23.874,20.113,88.4,2355.0,36.32,30.69,0.000236,1.178,0.963,31.91,normal
413.04,178.98,129.36,40.73,88.94,25.26,19.877,89.34,2755.5,39.49,29.96,0.000187,1.143,0.955,27.38,normal
412.54,181.12,131.11,41.19,88.71,24.896,19.793,91.16,2751.7,41.42,29.45,0.000218,1.213,1.031,30.86,normal
403.46,179.57,131.63,39.87,90.03,24.572,20.498,90.65,2584.7,39.27,30.85,0.000245,1.265,0.974,25.64,normal
417.59,180.3,128.03,38.35,90.7,24.422,19.025,89.64,2784.9,39.25,26.37,0.000159,1.158,1.032,31.23,normal
422.83,181.63,130.73,38.28,91.9,24.857,20.239,91.09,2806.2,40.2,31.19,0.000164,1.115,0.992,29.65,normal
414.96,181.99,131.15,39.67,88.61,25.282,19.762,92.43,2795.6,41.76,30.08,0.000201,1.202,1.018,30.8,normal
402.44,179.9,129.69,37.66,89.59,24.802,19.047,91.17,2771.0,39.87,27.19,0.000233,1.239,0.937,28.8,normal
405.27,182.03,128.55,41.8,91.53,24.287,19.513,88.61,2847.4,38.43,30.07,0.000213,1.052,1.018,28.1,normal
402.46,180.14,131.13,40.6,92.57,24.965,19.982,89.05,2717.9,40.03,30.14,0.000235,1.249,1.009,29.13,normal
421.02,178.74,128.56,39.36,88.71,25.627,20.051,89.61,2872.5,41.39,30.0,0.000152,1.132,0.99,30.38,normal
415.24,179.11,129.79,38.89,89.04,25.024,20.37,90.48,2713.6,40.96,30.06,0.000214,1.236,0.951,31.15,normal
433.12,177.78,129.95,41.03,90.5,25.041,20.404,88.1,2661.0,39.85,29.74,0.000118,1.1,1.009,30.61,normal
408.62,178.67,130.86,38.89,89.25,24.805,19.227,90.69,2627.9,39.56,27.53,0.000243,1.126,1.029,28.13,normal
413.96,179.46,129.25,38.98,89.01,24.466,20.189,90.36,2708.3,38.85,30.81,0.000239,1.231,0.979,33.68,normal
414.77,181.21,129.18,39.23,90.32,24.446,20.364,90.42,2816.2,38.87,32.86,0.000193,1.261,0.98,30.67,normal
428.84,182.58,130.12,40.11,92.01,24.003,20.109,90.29,2762.0,36.16,30.35,0.000134,1.2,1.032,28.76,normal
411.06,177.93,131.21,40.62,88.3,25.709,20.251,90.11,2691.7,42.27,31.16,0.000197,1.32,1.068,30.85,normal
400.44,180.59,132.74,41.19,91.95,25.277,19.034,90.09,2663.2,39.78,26.78,0.000237,1.149,1.038,30.51,normal
408.95,178.44,128.19,41.04,89.25,25.049,19.505,88.16,2747.2,40.32,28.84,0.000216,1.148,1.009,29.65,normal
402.56,180.71,130.38,40.0,90.45,25.177,20.683,90.32,2775.0,41.29,31.93,0.000259,1.185,0.99,29.41,normal
424.14,179.8,128.7,41.02,92.07,25.204,19.86,87.71,2860.4,42.39,28.87,0.000194,1.183,0.999,31.97,normal
402.18,177.25,131.22,39.33,90.42,24.559,21.112,89.34,2459.5,39.32,34.14,0.000264,1.214,0.947,33.46,normal
418.79,181.39,128.87,38.18,89.61,24.805,19.361,91.24,2922.7,40.3,28.19,0.000143,1.163,0.994,25.93,normal
420.05,179.09,129.19,39.33,90.93,24.715,20.782,89.01,2752.5,38.1,33.03,0.000181,1.228,1.045,32.46,normal
415.96,179.2,129.29,39.19,89.77,26.507,19.695,89.76,2873.4,44.98,29.19,0.000164,1.227,1.002,30.04,normal
409.14,178.4,129.91,39.37,90.68,25.612,20.431,89.12,2755.3,40.66,30.91,0.000225,1.281,0.975,30.47,normal
422.07,179.02,130.39,39.04,89.73,25.101,19.852,90.31,2656.4,41.49,28.98,0.000167,1.175,0.971,32.7,normal
403.49,180.64,130.58,39.54,91.12,25.82,20.058,90.28,2818.6,41.33,29.88,0.000233,1.217,0.999,24.69,normal
414.89,179.72,129.99,40.62,88.19,25.744,20.298,90.45,2802.1,41.19,31.98,0.000224,1.23,0.951,31.63,normal
415.88,180.49,128.4,41.72,88.68,24.172,19.693,89.23,2747.7,38.4,28.46,0.000209,1.2,0.964,32.56,normal
414.28,180.54,130.87,38.27,88.17,24.866,20.401,92.49,2739.0,41.3,31.62,0.0002,1.189,1.061,28.62,normal
424.74,181.98,129.94,38.71,89.93,24.99,19.867,91.64,2868.9,41.03,29.39,0.000172,1.097,0.959,27.21,normal
407.72,179.49,131.39,39.21,88.01,25.367,20.089,91.83,2696.5,40.71,30.71,0.000221,1.204,0.968,33.28,normal
418.09,177.78,129.15,40.77,89.1,24.866,18.677,88.53,2660.6,38.62,26.69,0.000188,1.23,1.012,26.49,normal
409.56,181.6,128.08,39.8,88.56,24.941,19.831,90.64,2921.0,39.4,28.48,0.000226,1.197,0.982,30.84,normal
402.27,179.5,129.96,39.28,91.92,24.723,20.632,89.12,2679.1,39.33,31.86,0.000248,1.161,1.004,32.05,normal
411.47,181.67,131.56,40.72,88.71,25.629,20.347,91.9,2859.0,41.75,32.68,0.000194,1.116,1.035,30.79,normal
413.82,180.58,130.19,40.96,88.33,24.134,20.443,90.73,2664.6,36.51,31.45,0.000243,1.223,0.938,31.13,normal
415.59,179.8,129.76,39.98,90.32,24.744,20.027,89.63,2766.0,40.55,30.81,0.000209,1.202,1.03,29.47,normal
412.86,180.52,128.96,39.18,92.19,23.894,20.838,89.05,2691.7,38.18,32.54,0.000221,1.269,0.977,30.93,normal
416.68,182.93,132.11,40.27,89.85,24.382,20.144,92.46,2727.3,40.12,31.02,0.000163,1.128,0.989,28.58,normal
418.69,183.12,128.76,39.77,89.95,25.19,19.67,91.07,3021.3,38.89,28.54,0.000182,1.176,1.077,28.84,normal
414.44,180.1,129.13,39.76,91.68,25.202,20.428,88.9,2861.7,39.77,31.07,0.000182,1.134,0.944,30.07,normal
412.36,180.24,130.68,39.49,91.14,24.812,20.461,90.14,2734.2,39.71,31.96,0.000243,1.251,1.024,26.92,normal
418.97,181.61,127.77,40.92,90.55,25.674,20.315,88.94,3050.4,41.97,30.58,0.000193,1.262,1.045,31.15,normal
412.82,178.73,131.53,40.25,89.24,25.812,19.799,90.38,2682.7,41.92,30.32,0.000222,1.296,0.973,25.04,normal
415.98,180.5,130.75,41.04,90.59,24.958,20.141,89.81,2704.5,39.02,29.58,0.000201,1.226,0.973,30.73,normal
413.8,179.96,131.08,41.34,88.23,25.15,20.697,90.73,2698.9,39.44,31.95,0.000192,1.239,0.985,30.91,normal
421.92,180.47,130.67,40.46,89.19,24.728,20.239,90.75,2777.2,41.25,30.44,0.000159,1.222,0.972,28.41,normal
428.46,178.75,129.81,39.49,91.86,25.376,19.261,88.59,2703.6,39.66,30.15,0.000146,1.229,1.003,27.53,normal
415.93,177.62,128.72,41.04,91.69,24.284,19.686,86.8,2595.1,36.4,28.84,0.000193,1.202,1.036,29.18,normal
410.4,176.89,129.83,40.47,90.57,26.078,19.662,87.84,2658.3,41.97,29.43,0.000195,1.231,0.985,31.28,normal
421.88,178.32,128.83,42.6,87.49,25.684,19.623,88.51,2774.2,42.18,27.4,0.000177,1.307,1.037,30.69,normal
408.87,179.31,130.58,40.31,88.43,24.281,18.944,90.58,2567.5,37.68,26.28,0.000207,1.211,1.056,27.78,normal
402.43,179.56,130.97,40.7,89.12,24.527,20.945,90.36,2585.2,39.06,32.84,0.000262,1.201,1.017,30.21,normal
402.95,182.91,131.77,40.29,89.78,25.253,19.562,92.3,2850.5,40.02,28.62,0.000248,1.21,1.021,30.52,normal
401.97,181.66,130.45,39.9,88.37,24.797,19.598,91.91,2815.8,39.51,28.73,0.000203,1.193,0.976,30.44,normal
412.93,178.56,131.11,39.74,89.68,25.327,19.029,90.12,2654.3,41.03,27.17,0.000204,1.212,0.895,28.03,normal
417.98,180.52,129.64,40.29,92.3,24.784,20.433,88.79,2743.5,40.96,31.03,0.000221,1.191,1.023,30.31,normal
412.56,179.39,129.43,40.52,90.52,25.915,19.955,88.89,2798.0,44.45,28.51,0.000209,1.257,1.032,31.84,normal
421.13,179.57,130.57,41.15,90.28,25.005,19.825,89.35,2634.5,39.86,29.46,0.000221,1.252,1.01,31.07,normal
410.52,180.28,129.54,40.31,88.68,26.452,19.851,90.41,2916.4,45.13,29.42,0.00021,1.308,1.036,30.82,normal
412.94,180.93,130.32,39.54,87.87,25.362,20.294,91.92,2792.8,41.21,31.65,0.000205,1.199,0.978,33.29,normal
415.48,179.49,128.73,39.67,88.4,24.19,19.76,90.07,2687.9,38.47,30.02,0.000182,1.214,1.021,30.34,normal
411.0,181.6,128.94,38.68,87.82,26.252,19.006,92.01,3048.8,44.06,25.11,0.000212,1.212,1.059,28.32,normal
425.97,178.29,130.76,41.66,90.1,25.659,19.354,88.64,2671.2,42.65,27.69,0.000134,1.21,1.027,28.32,normal
417.3,180.01,131.06,39.46,90.5,25.228,19.328,90.55,2764.1,41.51,29.65,0.000209,1.256,1.054,30.35,normal
420.08,183.9,128.82,40.97,88.75,25.388,20.138,91.45,3145.6,41.55,31.1,0.000139,1.119,1.054,27.12,normal
411.29,180.33,130.8,40.28,90.19,24.287,20.465,90.34,2643.2,38.11,31.66,0.000209,1.223,0.951,29.38,normal
420.13,182.15,129.36,40.3,91.91,23.917,20.733,89.65,2720.2,37.98,31.61,0.000172,1.3,1.029,30.93,normal
411.3,180.14,130.02,39.88,92.55,24.975,19.183,88.86,2737.6,39.79,28.42,0.00024,1.268,0.975,32.34,normal
403.52,180.87,131.7,39.21,91.0,25.827,20.31,91.17,2785.9,41.84,29.63,0.000204,1.262,0.956,26.91,normal
407.0,179.91,130.97,39.03,89.77,25.237,19.692,91.04,2738.2,39.13,28.72,0.000201,1.242,0.989,30.2,normal
410.7,179.74,130.96,41.73,90.96,26.026,21.462,89.01,2753.4,43.43,34.34,0.000214,1.17,1.07,29.86,normal
421.54,178.83,132.29,40.11,91.76,25.793,20.692,89.6,2592.2,43.0,32.38,0.000175,1.163,0.978,30.08,normal
405.03,180.65,129.16,41.13,87.39,25.012,20.851,90.62,2841.2,38.31,32.51,0.000235,1.163,0.93,30.28,normal
411.77,178.72,128.82,41.38,91.93,25.71,20.401,87.11,2806.4,41.45,31.41,0.000222,1.143,0.942,29.94,normal
423.35,181.0,129.13,39.59,89.29,25.914,20.191,90.62,2939.9,43.42,30.65,0.000185,1.247,1.019,32.78,normal
418.12,181.63,129.69,40.42,89.3,24.952,19.799,90.79,2824.4,39.72,29.21,0.00017,1.273,0.97,32.49,normal
413.85,180.55,127.17,40.05,89.54,24.872,19.7,89.06,2908.5,39.69,30.27,0.000189,1.222,0.918,34.29,normal
415.28,179.57,129.75,38.84,90.42,25.084,19.6,90.03,2755.3,41.16,30.41,0.000197,1.24,0.944,29.98,normal
419.19,180.68,129.35,39.81,88.56,23.553,20.309,90.82,2587.9,35.82,30.8,0.000167,1.215,1.007,29.18,normal
416.21,179.54,130.94,40.59,89.63,25.168,20.78,90.13,2691.3,40.87,31.2,0.000186,1.228,1.031,28.06,normal
415.17,181.4,130.42,39.5,90.68,25.432,19.822,90.82,2873.0,40.17,29.33,0.000182,1.094,0.982,28.96,normal
412.85,177.25,129.28,39.68,90.28,25.087,19.639,88.28,2661.1,40.6,29.1,0.000194,1.216,1.026,31.43,normal
409.82,179.5,130.71,39.83,90.5,25.207,19.258,89.94,2768.8,39.26,26.26,0.000194,1.179,1.037,31.74,normal
412.82,177.01,130.87,42.11,89.58,24.974,20.122,88.09,2522.2,38.63,31.4,0.000215,1.198,0.969,31.35,normal
408.53,177.76,129.08,38.17,90.9,23.802,20.615,88.87,2546.3,36.11,31.17,0.000201,1.211,0.995,28.67,normal
407.53,182.05,129.41,40.5,91.37,25.998,20.64,89.79,3048.8,43.47,31.09,0.000212,1.164,0.976,28.68,normal
406.78,181.34,127.33,39.75,91.3,24.779,20.689,88.81,2946.1,39.42,31.61,0.000207,1.146,1.022,33.91,normal
412.54,178.92,128.69,39.36,90.56,24.629,20.208,88.85,2766.8,38.15,30.18,0.000194,1.163,0.976,28.34,normal
409.48,177.75,129.11,39.72,91.22,25.815,20.045,87.95,2786.7,43.25,30.17,0.000221,1.128,0.951,32.83,normal
422.97,175.55,130.09,40.67,91.13,25.587,20.641,86.9,2563.6,42.03,32.38,0.000118,1.142,1.002,30.81,normal
413.62,179.18,128.87,40.72,93.48,25.164,19.445,86.92,2785.4,41.52,29.54,0.000189,1.149,1.044,28.53,normal
416.43,183.63,129.38,40.19,91.58,25.462,19.78,90.62,3031.6,40.45,30.04,0.000183,1.128,1.02,27.63,normal
405.96,180.65,128.53,41.09,89.88,24.307,20.855,89.09,2786.2,39.46,31.59,0.000204,1.226,1.04,28.62,normal
413.08,179.16,130.21,41.27,88.81,24.951,19.463,89.64,2661.9,41.44,28.48,0.000181,1.155,1.037,30.84,normal
417.27,180.7,130.51,40.82,89.66,25.777,19.983,90.36,2866.4,43.18,30.04,0.000216,1.107,1.002,28.18,normal
406.33,177.66,130.48,39.45,89.57,24.594,20.316,89.55,2609.9,39.33,31.1,0.000222,1.18,0.976,33.11,normal
422.88,179.55,130.01,40.49,90.66,24.401,20.041,89.2,2605.0,38.79,30.5,0.000158,1.144,0.965,29.58,normal
409.67,180.15,128.15,40.5,89.09,25.047,20.575,89.34,2900.7,40.47,31.63,0.000207,1.273,0.937,31.4,normal
420.3,179.87,129.26,39.18,91.55,25.061,20.763,89.19,2797.9,38.8,32.02,0.000162,1.207,1.048,31.24,normal
407.22,181.19,129.51,38.43,88.19,25.389,20.24,92.03,2917.6,40.53,31.38,0.000214,1.126,0.987,33.24,normal
407.64,180.52,129.52,37.98,87.88,24.173,20.695,92.09,2694.7,37.55,31.8,0.000186,1.228,0.932,29.12,normal
415.23,181.0,130.09,40.07,89.82,23.47,19.536,90.6,2623.4,34.67,29.52,0.000176,1.204,1.049,30.21,normal
423.55,178.97,131.71,40.3,88.9,25.553,19.921,90.74,2694.6,43.04,30.44,0.000149,1.188,1.004,27.2,normal
416.03,181.35,130.97,38.82,88.36,24.35,21.203,92.57,2697.0,38.65,34.49,0.000197,1.279,1.039,30.21,normal
419.42,182.44,128.81,41.05,89.17,24.634,20.971,90.49,2931.1,40.73,32.85,0.000165,1.151,0.99,32.28,normal
417.46,178.54,130.81,40.15,89.01,23.69,19.362,90.1,2470.0,37.1,29.45,0.000155,1.252,0.968,30.44,normal
415.58,178.67,130.77,41.35,90.01,25.614,19.994,89.04,2693.2,40.39,29.74,0.000206,1.18,1.018,34.63,normal
405.06,182.0,129.03,40.37,89.19,25.21,20.068,90.72,2953.2,41.91,30.46,0.000229,1.199,1.021,31.04,normal
408.19,179.71,131.02,38.93,89.3,25.186,20.208,91.25,2710.3,40.09,31.18,0.000212,1.163,0.989,28.92,normal
416.37,182.11,129.81,40.46,89.99,25.182,20.637,90.72,2922.2,41.89,30.93,0.000157,1.166,1.053,30.91,normal
411.85,179.34,128.31,40.67,91.32,23.764,20.92,87.83,2657.6,38.02,32.21,0.000196,1.178,1.038,27.07,normal
408.21,182.18,130.55,39.45,91.91,24.409,20.019,90.68,2772.8,39.67,29.52,0.00022,1.105,1.023,28.4,normal
414.72,180.2,130.26,38.56,90.19,24.729,20.561,90.85,2745.8,40.3,31.49,0.000196,1.217,0.956,27.57,normal
405.77,180.39,129.73,40.1,90.29,24.551,20.324,89.86,2779.5,39.15,30.45,0.00021,1.206,0.95,30.03,normal
413.25,182.35,129.96,39.0,89.76,24.837,19.989,91.77,2837.6,39.52,30.06,0.000187,1.125,1.048,29.88,normal
411.62,179.46,129.14,41.12,90.63,25.148,19.151,88.42,2819.6,42.31,27.68,0.000188,1.233,0.912,32.41,normal
417.95,178.59,130.73,39.59,90.51,25.604,20.509,89.6,2672.6,42.03,31.17,0.00018,1.273,0.996,29.8,normal
410.95,179.33,129.95,41.72,91.72,24.112,20.303,87.91,2625.6,37.09,30.94,0.000218,1.167,1.006,27.99,normal
405.3,180.68,130.2,37.88,87.54,24.995,20.195,92.73,2784.2,40.43,29.98,0.00022,1.161,0.98,33.12,normal
417.67,177.65,130.43,40.13,89.7,25.427,19.509,89.12,2627.0,42.39,28.0,0.000183,1.256,0.999,24.11,normal
408.81,180.96,128.61,41.43,90.44,24.446,20.98,88.84,2809.6,39.53,31.74,0.000223,1.22,1.017,30.08,normal
423.44,179.19,128.93,39.11,89.97,24.884,20.076,89.52,2698.7,38.58,28.78,0.000157,1.193,0.977,30.44,normal
411.14,181.72,127.35,39.84,88.78,25.28,19.429,90.2,3045.8,41.89,27.93,0.000195,1.241,1.035,29.98,normal
422.25,176.41,130.68,39.6,88.31,25.007,19.349,89.58,2507.5,40.71,28.7,0.000159,1.214,1.023,31.0,normal
422.17,178.82,128.55,39.32,91.05,25.405,20.339,88.5,2808.6,40.83,30.76,0.000166,1.271,0.993,30.22,normal
420.22,177.47,130.16,40.24,89.02,25.057,20.354,89.18,2590.9,39.34,30.97,0.000159,1.199,0.967,31.0,normal
424.62,178.76,130.45,38.7,87.72,24.813,19.768,91.39,2659.3,40.89,29.05,0.00018,1.221,0.996,28.8,normal
411.67,180.37,130.72,39.89,91.11,24.296,20.231,90.04,2659.4,39.53,32.17,0.000219,1.255,1.084,27.08,normal
420.3,179.73,128.56,40.52,90.6,25.148,20.334,88.59,2796.9,42.0,31.04,0.000198,1.078,0.97,29.91,normal
425.94,179.62,129.92,39.78,89.85,25.06,20.07,89.95,2736.6,38.86,29.73,0.000182,1.257,1.061,27.95,normal
407.04,179.76,132.0,39.0,88.81,24.404,19.649,91.97,2533.0,38.09,28.21,0.000195,1.175,0.93,28.54,normal
428.24,180.31,132.06,41.03,89.85,25.349,20.481,90.74,2691.3,41.07,32.68,0.000138,1.225,0.966,32.32,normal
412.01,178.49,131.18,40.73,91.58,25.761,20.419,88.67,2701.3,43.72,30.02,0.000217,1.283,0.978,33.12,normal
425.64,181.06,130.4,38.96,87.9,24.604,20.284,92.3,2747.7,39.67,30.13,0.000133,1.185,1.038,32.29,normal
413.85,180.99,128.79,38.71,87.97,24.563,19.583,91.55,2833.9,38.53,28.25,0.000179,1.177,1.002,31.91,normal
409.68,180.58,130.86,39.05,89.18,24.542,19.334,91.6,2715.9,38.85,28.2,0.000198,1.197,1.052,30.12,normal
406.37,180.83,129.81,40.55,89.97,23.993,20.038,90.06,2668.7,37.86,30.39,0.000213,1.127,0.987,32.03,normal
420.52,180.44,130.67,40.28,89.35,26.203,20.465,90.74,2856.0,44.28,31.32,0.000207,1.31,0.998,30.71,normal
415.05,183.05,129.24,40.79,90.84,24.731,20.52,90.32,2873.8,40.91,31.13,0.000199,1.198,0.987,33.89,normal
400.09,179.87,129.79,39.67,91.42,24.485,20.292,89.28,2686.1,39.99,29.68,0.000244,1.282,1.081,28.16,normal
398.58,179.54,130.2,39.08,90.36,24.324,19.775,90.15,2622.0,39.32,30.88,0.00026,1.183,0.955,31.35,normal
404.71,178.87,130.3,40.92,90.73,24.767,19.598,88.76,2666.3,38.57,29.13,0.0002,1.202,0.98,27.47,normal
418.12,178.45,130.59,39.45,90.35,24.583,19.992,89.61,2602.2,38.1,30.43,0.000197,1.247,0.961,31.36,normal
413.84,178.13,129.3,40.19,90.01,25.863,19.996,88.62,2823.3,41.53,29.45,0.000195,1.145,1.023,26.56,normal
418.03,178.67,128.39,38.45,88.32,24.251,20.554,90.14,2667.4,38.29,31.27,0.000182,1.195,0.954,27.57,normal
410.94,179.89,131.95,39.43,88.66,24.077,19.76,91.87,2551.5,36.91,30.29,0.000211,1.245,1.073,27.43,normal
410.23,180.5,132.99,41.01,88.24,25.331,19.802,92.12,2670.1,41.55,27.7,0.000238,1.189,1.003,30.5,normal
424.39,180.08,130.54,39.28,89.81,24.936,21.027,90.76,2786.4,40.55,33.44,0.000125,1.176,1.016,30.71,normal
414.9,178.85,128.41,40.81,90.3,24.866,20.776,88.07,2772.4,39.86,31.93,0.000195,1.256,1.019,34.9,normal
406.47,181.35,129.07,37.67,88.12,25.336,19.559,92.32,2912.5,41.88,29.15,0.000245,1.27,0.999,29.82,normal
406.2,181.11,130.61,39.44,90.09,25.082,20.734,91.09,2790.3,39.62,33.34,0.000212,1.278,1.005,31.55,normal
407.85,179.76,131.61,39.83,88.86,24.972,19.439,91.34,2659.3,38.47,28.12,0.000212,1.166,1.003,30.32,normal
419.98,179.02,128.54,41.74,88.61,24.157,19.783,88.59,2723.7,36.93,27.25,0.000152,1.171,1.021,31.38,normal
410.57,180.82,129.85,38.83,89.19,23.999,19.84,91.33,2678.5,38.03,28.7,0.000221,1.176,0.967,30.29,normal
413.3,180.28,130.24,40.67,88.54,24.58,19.961,90.65,2685.0,40.67,29.91,0.00023,1.236,0.96,32.2,normal
412.29,177.83,131.04,41.06,90.79,24.349,20.31,88.5,2585.2,39.66,32.16,0.000206,1.14,1.033,27.89,normal
415.87,179.9,129.59,39.28,89.78,25.162,20.053,90.21,2751.1,40.3,29.83,0.00018,1.143,1.0,25.11,normal
411.83,180.39,128.12,39.63,91.06,23.921,20.307,88.91,2776.4,37.94,32.07,0.000213,1.164,0.92,30.83,normal
417.59,178.65,130.75,40.14,89.42,24.732,19.799,89.91,2619.0,37.88,27.6,0.000169,1.153,0.981,26.39,normal
418.82,180.28,131.35,38.52,89.47,24.896,20.187,91.82,2689.9,41.29,30.1,0.000165,1.244,1.061,32.62,normal
414.85,177.82,129.9,39.54,92.44,24.976,20.039,87.85,2596.1,40.49,30.94,0.000224,1.241,0.994,28.9,normal
406.42,182.0,130.49,41.28,87.89,25.239,19.306,91.64,2941.9,41.52,28.91,0.000233,1.176,0.979,27.92,normal
417.72,181.87,129.43,40.52,91.67,24.804,20.242,89.55,2867.0,37.57,29.09,0.000178,1.19,0.94,35.4,normal
416.31,179.62,128.99,39.84,92.15,24.6,20.048,88.3,2724.9,39.36,29.46,0.000165,1.073,0.977,29.96,normal
422.43,180.55,131.23,40.11,91.0,25.747,19.643,90.33,2753.4,44.06,28.93,0.000174,1.177,0.953,29.58,normal
408.19,176.39,130.46,40.58,89.57,24.808,19.788,88.34,2445.9,39.79,28.9,0.000206,1.262,1.017,31.5,normal
418.6,178.27,130.59,40.77,91.85,25.851,19.8,88.1,2732.7,42.44,30.4,0.000165,1.174,1.002,31.63,normal
410.31,179.56,131.8,39.44,89.58,24.805,19.878,91.16,2581.0,39.23,29.68,0.000239,1.145,0.985,32.28,normal
411.77,178.39,128.73,41.53,89.08,24.99,20.879,88.25,2722.1,39.3,31.26,0.000186,1.269,0.97,27.33,normal
414.45,181.07,129.34,41.32,89.5,24.917,21.045,89.79,2817.8,39.9,33.25,0.000211,1.144,1.061,31.07,normal
408.48,183.0,130.19,40.68,89.26,25.139,18.637,91.61,2936.6,39.23,26.83,0.000178,1.277,0.972,29.41,normal
405.51,178.24,129.32,39.16,88.77,24.748,20.244,89.82,2674.8,39.78,29.74,0.000218,1.344,0.972,28.16,normal
409.09,178.74,130.94,38.98,91.44,25.058,20.477,89.61,2657.9,41.33,30.59,0.00022,1.195,0.99,30.1,normal
431.24,180.35,129.78,39.67,88.99,25.918,19.892,90.73,2907.7,42.3,29.14,0.00015,1.262,0.996,26.38,normal
416.93,182.42,128.81,40.06,89.96,25.629,20.464,90.59,3001.2,42.26,32.36,0.00018,1.117,1.019,31.85,normal
414.31,178.17,130.08,38.23,88.12,25.633,20.827,90.94,2671.4,41.83,32.2,0.000195,1.114,1.037,29.42,normal
420.14,180.37,130.2,40.49,90.04,24.195,19.314,90.02,2666.0,38.16,26.41,0.000184,1.16,1.034,29.04,normal
404.09,182.73,131.12,41.29,88.5,24.292,20.067,92.02,2773.7,38.94,29.22,0.000226,1.241,1.097,29.72,normal
403.79,177.52,130.47,40.58,88.47,25.131,20.978,89.48,2604.6,40.84,33.27,0.000182,1.2,0.932,29.66,normal
416.16,178.08,130.55,39.32,89.86,25.462,19.381,89.72,2606.1,42.25,28.02,0.000221,1.191,1.009,32.28,normal
412.8,179.36,130.38,39.21,91.37,24.689,19.942,89.58,2662.1,39.68,28.86,0.000215,1.135,0.979,27.81,normal
411.62,179.22,129.77,40.3,90.57,24.581,19.776,89.06,2643.9,39.72,29.09,0.000197,1.194,1.08,29.24,normal
409.24,181.22,129.14,39.85,90.66,25.836,20.526,89.92,2960.8,42.81,32.22,0.000223,1.168,1.007,29.57,normal
425.07,180.36,130.35,40.44,89.83,25.412,20.596,90.22,2825.1,41.57,33.37,0.000154,1.154,0.919,27.87,normal
412.64,177.34,129.6,40.6,89.56,25.635,20.081,88.38,2617.4,42.59,30.17,0.000198,1.15,1.017,30.32,normal
417.42,180.77,132.03,41.09,91.03,24.735,20.016,90.34,2697.8,39.22,30.44,0.000177,1.21,1.011,28.55,normal
421.53,179.13,131.61,38.87,89.27,24.688,19.14,91.3,2549.8,39.61,27.64,0.000197,1.164,1.03,27.19,normal
410.28,181.91,130.76,40.22,91.08,25.569,20.712,90.68,2907.3,40.81,32.12,0.000186,1.2,0.971,31.05,normal
414.61,179.06,130.45,39.64,91.61,24.842,19.823,89.12,2681.6,37.78,28.78,0.000202,1.112,1.013,33.09,normal
407.91,179.05,129.89,39.9,88.91,24.633,19.929,90.07,2654.6,39.09,30.96,0.0002,1.225,0.989,30.1,normal
418.39,180.81,128.49,40.86,89.1,24.452,20.486,89.65,2828.4,37.69,30.96,0.000204,1.212,0.973,29.79,normal
413.11,181.14,129.74,40.97,89.29,24.693,20.099,90.3,2771.5,41.1,29.39,0.000205,1.188,1.014,29.75,normal
407.19,180.67,130.12,41.4,88.09,25.525,20.502,90.64,2786.9,40.77,30.75,0.000217,1.208,1.006,28.97,normal
413.38,177.47,130.28,40.43,89.39,24.094,20.302,88.96,2535.9,38.24,31.35,0.000162,1.247,1.042,32.34,normal
408.86,180.81,130.56,39.89,91.69,25.377,20.102,89.89,2784.6,40.43,29.72,0.000215,1.128,1.001,30.19,normal
421.47,178.45,131.11,39.75,88.64,24.575,20.155,90.58,2613.6,38.81,31.63,0.000155,1.203,1.024,25.64,normal
432.28,180.35,129.17,38.27,91.72,24.874,19.439,89.76,2827.4,38.56,29.01,0.000116,1.135,0.952,32.4,normal
398.62,177.86,129.18,41.34,89.44,24.912,19.926,88.13,2642.9,38.58,30.49,0.000259,1.204,1.056,31.91,normal
414.4,180.67,131.74,39.68,92.75,24.868,20.542,89.98,2694.5,39.95,31.14,0.000172,1.187,0.969,31.2,normal
413.16,178.79,130.93,40.51,89.11,24.828,19.551,90.05,2630.3,39.15,28.3,0.000187,1.199,1.036,24.49,normal
419.5,178.08,129.53,40.68,89.81,24.733,19.642,88.56,2693.2,40.02,29.07,0.000144,1.242,1.011,29.99,normal
413.12,181.07,129.87,38.75,88.82,24.657,19.56,91.68,2762.7,40.31,27.87,0.000186,1.241,1.005,31.79,normal
408.01,180.36,129.88,39.08,89.11,25.792,20.077,91.03,2857.7,40.76,30.59,0.000206,1.254,1.03,30.76,normal
413.27,179.08,130.04,41.55,91.74,25.015,20.701,87.91,2711.9,41.14,32.65,0.000207,1.18,0.914,30.41,normal
417.18,182.18,130.57,40.29,90.62,24.924,20.274,90.92,2830.5,38.82,30.19,0.000164,1.235,0.977,31.79,normal
415.17,179.34,133.04,39.42,91.34,24.613,18.912,90.78,2465.2,38.56,27.68,0.000187,1.225,1.03,30.28,normal
412.18,180.05,130.23,39.87,88.29,24.755,20.324,91.05,2743.7,37.9,31.09,0.000211,1.181,1.077,32.41,normal
406.11,180.4,130.8,41.09,90.85,24.615,19.779,89.63,2734.4,37.53,30.3,0.000207,1.206,0.999,30.32,normal
414.56,179.07,127.98,40.93,88.74,25.459,20.255,88.68,2866.4,39.39,32.01,0.000204,1.193,0.902,30.16,normal
409.83,180.71,129.42,38.53,88.26,24.548,19.925,91.66,2731.7,38.3,30.42,0.000223,1.27,0.987,31.78,normal
414.24,179.2,131.47,41.63,90.31,23.652,19.57,89.36,2480.0,36.26,28.8,0.000197,1.241,0.998,29.2,normal
405.31,179.38,130.48,40.97,90.3,25.035,19.964,89.3,2666.0,39.73,30.87,0.000242,1.183,1.044,27.81,normal
413.27,182.04,124.73,39.85,90.07,24.832,19.779,88.38,3123.2,37.73,29.44,0.000191,1.18,1.002,30.01,normal
409.54,178.44,130.81,38.81,90.93,24.649,20.154,89.73,2588.4,37.04,30.2,0.000221,1.248,0.949,31.18,normal
409.53,176.38,132.3,41.05,91.14,25.547,19.557,88.21,2497.1,41.6,28.33,0.000222,1.267,1.039,31.85,normal
416.68,182.42,127.6,40.48,91.91,23.36,19.438,88.81,2859.0,36.19,28.58,0.000151,1.216,1.023,31.86,normal
416.9,183.82,131.82,38.54,88.45,25.946,20.366,94.32,2987.0,43.01,31.8,0.000213,1.233,0.972,29.86,normal
413.36,179.39,126.67,39.77,91.95,25.633,20.554,87.17,2941.2,43.71,30.69,0.000181,1.265,1.029,29.66,normal
418.33,177.09,131.13,43.13,92.45,24.623,20.29,86.31,2510.6,38.88,29.8,0.00017,1.191,0.978,28.82,normal
419.69,179.53,129.99,40.02,89.52,24.73,19.676,89.99,2686.9,39.54,28.15,0.000187,1.204,0.988,30.5,normal
410.65,179.57,127.18,39.26,87.83,25.303,19.63,89.82,2911.2,40.85,29.83,0.000205,1.224,0.979,26.72,normal
421.95,179.72,130.54,38.99,88.2,25.319,19.659,91.53,2739.0,40.14,29.4,0.000153,1.179,0.988,30.05,normal
403.94,178.33,131.38,41.77,89.4,24.62,20.445,89.27,2547.0,38.75,32.39,0.000201,1.285,1.036,35.7,normal
406.03,180.87,130.44,40.85,92.62,24.03,19.587,88.92,2696.5,38.09,28.48,0.000193,1.178,0.929,26.99,normal
407.5,180.79,130.7,41.41,90.02,26.268,20.442,90.03,2909.3,44.6,30.23,0.000231,1.203,1.044,30.31,normal
416.87,177.76,129.51,40.25,89.2,25.574,20.318,88.91,2679.2,42.02,32.11,0.000181,1.296,1.007,30.76,normal
411.27,181.05,127.77,41.25,89.11,25.094,20.619,89.2,2896.5,41.85,31.1,0.000236,1.107,0.984,31.01,normal
414.08,183.08,130.83,39.15,88.28,25.105,20.532,93.23,2905.3,40.76,31.99,0.000212,1.211,1.001,28.07,normal
406.65,180.26,132.1,40.16,91.14,25.373,20.271,90.52,2704.4,41.41,29.67,0.000199,1.167,0.964,31.03,normal
411.51,179.49,131.36,40.29,89.88,25.445,19.266,90.34,2732.5,42.79,28.19,0.000238,1.2,0.935,28.93,normal
398.48,179.79,127.61,41.38,92.73,23.748,20.305,86.64,2722.8,35.75,30.7,0.000258,1.14,0.965,27.14,normal
417.37,180.92,128.18,40.32,90.82,24.789,20.058,88.98,2884.7,40.82,29.02,0.000194,1.181,0.924,31.9,normal
414.86,177.4,128.98,39.37,91.08,24.727,19.813,87.96,2648.3,38.24,31.01,0.000178,1.201,0.946,31.33,normal
421.53,180.25,128.09,40.06,89.69,24.903,20.681,89.29,2811.0,39.46,31.15,0.000213,1.212,0.935,28.07,normal
417.89,179.41,130.05,38.32,88.58,25.462,19.924,91.28,2716.7,39.51,29.05,0.000157,1.245,1.049,28.91,normal
419.31,182.77,130.47,37.68,88.86,23.926,19.735,93.35,2775.0,37.21,28.77,0.000161,1.084,0.949,28.84,normal
406.9,179.74,128.28,40.83,88.22,24.191,20.562,89.47,2749.5,39.02,29.79,0.000239,1.194,0.998,26.71,normal
408.97,182.5,130.93,39.63,91.18,24.591,19.797,91.31,2830.3,37.89,29.19,0.000217,1.191,1.045,31.52,normal
413.29,178.34,130.72,39.74,89.5,25.093,19.71,89.91,2684.3,39.98,28.7,0.000174,1.197,1.034,31.6,normal
406.23,180.88,129.34,40.83,91.24,25.499,19.436,89.08,2882.2,41.23,29.29,0.000294,1.202,0.988,29.33,normal
417.59,180.48,129.79,41.4,90.18,25.979,19.59,89.35,2886.3,42.65,29.15,0.000159,1.158,0.988,29.94,normal
407.11,178.7,127.66,40.53,89.62,24.828,19.633,88.1,2747.0,38.46,28.0,0.000219,1.123,1.007,30.23,normal
416.52,180.27,129.6,41.93,88.48,25.498,20.311,89.71,2857.6,41.48,30.32,0.000176,1.211,1.084,30.49,normal
404.71,181.82,130.01,40.5,90.39,25.426,19.49,90.46,2836.4,42.81,30.36,0.000253,1.15,1.017,27.3,normal
412.84,179.51,130.2,40.3,89.72,25.325,19.071,89.85,2718.3,40.44,26.81,0.000184,1.22,1.027,30.98,normal
418.12,177.46,130.45,40.24,91.17,24.985,20.152,88.24,2593.2,40.19,31.07,0.000191,1.153,1.091,27.65,normal
422.92,179.97,130.29,38.71,89.07,24.76,19.683,91.24,2686.5,39.53,28.61,0.000146,1.235,1.011,31.36,normal
402.54,178.65,129.68,40.96,90.8,24.361,19.992,88.29,2622.7,37.78,29.18,0.000262,1.197,1.046,27.87,normal
418.26,179.49,130.34,37.55,92.13,24.321,20.641,90.04,2623.3,38.34,31.32,0.000181,1.201,1.019,27.4,normal
407.01,179.88,131.2,39.41,90.35,25.208,20.036,90.65,2666.1,40.22,31.27,0.000214,1.188,1.019,29.94,normal
410.48,177.44,129.89,40.02,91.02,24.967,20.755,88.13,2550.2,40.32,30.89,0.0002,1.18,0.961,29.9,normal
415.59,177.58,130.38,39.21,90.74,24.751,19.966,88.98,2590.9,39.21,30.43,0.000183,1.188,0.955,30.21,normal
428.28,180.72,129.78,39.55,92.47,25.399,20.503,89.24,2841.4,39.75,32.35,0.000133,1.259,0.98,28.21,normal
413.04,179.22,129.22,41.84,90.48,24.88,19.726,88.06,2746.5,37.86,28.82,0.000193,1.123,1.035,30.41,normal
412.97,176.15,130.63,41.1,90.91,24.452,20.054,87.37,2447.3,36.3,30.94,0.000192,1.168,1.033,30.59,normal
402.79,181.18,129.33,39.31,89.95,24.84,19.534,90.62,2830.9,39.13,29.43,0.00021,1.253,1.053,32.33,normal
399.38,180.41,130.46,39.53,88.99,25.492,19.593,91.17,2806.0,42.26,28.26,0.000264,1.241,1.0,30.37,normal
402.97,178.93,130.03,38.72,88.43,24.386,19.888,90.9,2617.4,37.52,28.94,0.000219,1.267,1.022,28.8,normal
402.89,178.02,129.64,40.7,91.65,25.126,19.336,87.65,2664.6,40.12,28.11,0.000226,1.197,1.022,27.31,normal
415.87,181.25,129.61,39.75,88.69,24.967,20.08,91.2,2806.7,39.25,30.3,0.000191,1.134,0.996,26.94,normal
432.95,180.52,129.39,38.03,90.97,24.544,19.849,90.45,2835.5,37.86,29.3,0.000161,1.145,0.987,30.65,normal
415.05,183.57,128.03,40.1,90.54,24.824,20.117,90.45,3063.9,41.7,30.77,0.000192,1.185,0.941,31.59,normal
417.97,180.63,130.46,40.44,91.19,24.057,19.343,89.73,2700.0,36.53,27.63,0.000178,1.238,0.994,28.22,normal
410.06,180.58,130.28,40.96,89.33,25.066,20.351,90.28,2812.1,38.84,30.22,0.000198,1.187,0.996,30.51,normal
411.19,179.75,131.02,39.93,88.97,24.181,20.849,90.94,2584.0,36.78,32.33,0.000185,1.183,1.045,29.65,normal
429.83,181.23,129.36,39.63,90.49,25.643,20.743,90.23,2920.4,41.95,32.22,0.00015,1.22,1.049,31.44,normal
403.24,180.94,132.27,41.99,89.62,24.945,20.952,90.8,2670.7,39.27,33.67,0.000238,1.201,1.006,31.73,normal
405.57,181.88,129.54,40.01,88.4,24.657,20.021,91.49,2827.9,39.3,30.42,0.000196,1.178,1.083,25.47,normal
415.52,179.22,128.95,40.72,92.52,25.696,19.824,87.46,2868.1,41.3,30.09,0.00019,1.15,1.008,32.06,normal
416.85,179.35,128.81,39.46,88.97,24.381,20.244,89.86,2686.4,37.65,30.39,0.000167,1.247,1.041,30.5,normal
417.67,179.28,127.92,40.69,88.71,24.551,19.881,88.89,2742.2,38.01,29.41,0.000186,1.252,0.996,28.94,normal
423.58,181.19,131.84,38.54,89.69,23.902,19.13,92.39,2556.0,36.8,27.18,0.000174,1.147,0.954,28.99,normal
420.52,182.25,131.65,39.54,91.63,25.786,20.41,91.36,2860.9,43.0,31.26,0.000164,1.18,0.983,30.06,normal
412.92,179.31,130.72,38.79,87.18,26.124,19.883,92.03,2778.5,44.11,29.8,0.000205,1.233,1.059,28.99,normal
417.89,179.36,128.92,39.4,91.52,23.996,19.266,88.68,2644.1,38.56,28.13,0.000186,1.143,0.989,28.13,normal
419.87,180.47,132.17,41.25,88.82,24.511,19.746,91.29,2606.9,37.29,29.16,0.000222,1.218,0.981,28.58,normal
423.81,179.63,129.58,39.39,90.34,25.042,19.894,89.74,2722.6,39.08,29.68,0.000189,1.184,1.0,27.92,normal
410.99,181.43,129.68,40.72,89.12,24.691,20.006,90.62,2833.3,38.19,31.34,0.000203,1.139,0.984,32.69,normal
416.2,176.62,131.72,41.52,92.59,24.981,20.012,87.08,2434.6,39.94,30.25,0.000203,1.289,1.048,30.11,normal
418.03,178.76,130.79,39.97,90.16,24.929,20.685,89.7,2595.7,38.72,32.34,0.000212,1.183,1.075,34.51,normal
419.96,178.83,132.64,40.99,89.08,25.245,19.356,90.69,2545.7,40.02,28.66,0.000175,1.226,1.0,30.74,normal
408.03,176.52,130.3,40.53,89.61,24.423,19.924,88.33,2479.4,39.04,29.66,0.000227,1.144,1.022,31.18,normal
416.98,178.55,129.52,40.12,90.12,25.116,19.561,88.92,2735.0,41.4,29.25,0.000165,1.278,1.039,27.88,normal
413.02,178.63,129.27,40.75,90.23,24.33,20.628,88.46,2639.9,38.79,31.73,0.000201,1.297,1.004,29.56,normal
414.54,179.7,127.78,41.84,90.57,24.753,19.719,87.53,2778.9,39.61,28.25,0.000164,1.125,0.965,30.15,normal
417.04,181.67,129.67,39.36,90.0,23.958,19.828,90.99,2755.6,36.39,29.07,0.000196,1.192,0.984,28.73,normal
413.9,179.63,131.37,39.04,88.21,24.757,20.525,91.88,2642.5,39.32,33.03,0.000227,1.266,1.016,29.07,normal
408.44,178.45,130.72,38.98,89.56,24.656,20.662,90.31,2571.9,40.16,32.75,0.000217,1.177,1.016,30.84,normal
405.7,179.91,130.02,40.99,90.79,25.566,20.736,89.08,2811.2,42.31,31.78,0.000232,1.22,0.928,30.88,normal
410.18,181.57,128.81,41.13,89.13,24.964,19.178,90.04,2941.1,40.78,28.36,0.000191,1.116,0.983,27.33,normal
410.12,178.54,130.27,39.46,90.87,25.074,20.241,89.23,2636.4,41.16,30.83,0.000227,1.161,0.971,30.57,normal
416.37,178.63,131.22,37.86,90.04,24.987,20.135,90.95,2635.4,39.63,31.76,0.000179,1.215,1.035,31.11,normal
409.43,180.84,130.52,39.33,89.72,23.723,19.974,91.16,2664.2,37.03,29.83,0.000186,1.171,0.972,28.82,normal
423.84,179.67,130.2,40.55,91.55,23.802,20.033,88.88,2595.6,36.24,30.27,0.000204,1.182,0.982,28.62,normal
401.43,180.97,129.04,39.93,87.74,24.809,20.643,91.16,2797.3,40.05,31.12,0.000226,1.124,0.98,30.88,normal
409.9,179.98,131.04,40.18,89.12,25.167,20.519,90.86,2748.8,41.71,31.31,0.000184,1.233,1.032,24.85,normal
413.08,181.05,126.24,39.48,91.6,24.859,20.448,88.1,3025.1,41.15,29.03,0.000221,1.133,1.039,30.0,normal
414.29,178.45,130.46,41.01,92.38,24.482,20.103,87.75,2601.1,39.11,30.49,0.000207,1.277,1.02,33.27,normal
408.27,179.98,133.08,40.34,92.97,24.856,21.135,89.85,2562.9,39.98,33.94,0.00021,1.166,1.044,24.81,normal
414.15,179.68,128.19,40.59,90.07,24.804,19.8,88.61,2844.7,40.82,30.82,0.000174,1.24,1.049,31.65,normal
416.65,178.18,129.71,40.16,90.6,25.467,19.192,88.56,2690.0,40.49,28.24,0.000188,1.235,0.928,31.09,normal
414.84,177.65,129.99,40.52,91.06,25.434,19.867,88.02,2692.7,42.7,29.35,0.000197,1.151,1.024,27.12,normal
408.31,181.03,129.44,40.46,91.66,24.668,20.029,89.18,2789.8,39.18,29.42,0.00021,1.171,0.985,31.04,normal
420.99,179.47,131.24,39.07,90.41,24.97,20.652,90.61,2599.2,40.05,31.4,0.000176,1.177,0.95,32.0,normal
421.85,178.47,130.57,40.37,91.2,25.166,19.745,88.72,2621.8,40.03,28.03,0.000161,1.181,0.987,27.65,normal
429.39,179.86,130.18,40.79,90.6,25.255,20.246,89.32,2772.0,39.56,30.46,0.000136,1.135,1.029,28.59,normal
408.87,181.69,130.96,41.16,90.68,25.992,19.261,90.41,2907.8,44.37,27.05,0.000222,1.227,1.058,30.05,normal
411.31,176.58,130.02,40.42,88.81,24.983,20.541,88.69,2572.3,40.36,31.0,0.000228,1.166,0.946,31.96,normal
422.47,177.76,133.82,39.03,89.57,25.701,20.034,91.44,2473.4,41.67,29.93,0.00014,1.194,1.025,28.92,normal
414.62,178.62,130.18,39.19,89.32,24.304,19.86,90.14,2596.0,38.37,29.89,0.000202,1.25,1.079,29.92,normal
416.21,182.19,130.23,39.56,88.45,24.617,21.066,92.19,2832.7,38.57,31.62,0.000189,1.229,1.073,28.67,normal
410.11,180.42,127.95,40.19,87.85,23.719,20.535,90.14,2809.1,34.68,31.19,0.000237,1.169,0.862,30.05,normal
416.0,181.15,129.35,39.88,89.45,25.091,19.48,90.58,2847.8,40.08,29.16,0.000194,1.252,1.087,32.09,normal
402.52,178.29,131.38,38.88,89.66,25.389,19.945,90.55,2651.0,39.72,30.97,0.000216,1.233,1.038,30.21,normal
412.52,178.32,128.4,38.87,90.14,23.467,21.368,88.85,2596.8,35.93,33.74,0.000187,1.165,0.908,29.29,normal
416.72,180.67,127.41,37.9,90.72,25.113,20.989,89.73,2946.3,41.91,34.48,0.000179,1.174,0.969,29.93,normal
410.82,180.09,130.04,36.88,90.24,25.363,20.461,91.49,2753.6,40.41,31.82,0.000223,1.25,1.05,28.4,normal
410.7,180.82,131.64,39.87,89.67,25.328,19.076,91.47,2782.0,41.74,27.6,0.000232,1.239,1.014,28.01,normal
421.63,179.72,130.05,42.32,88.81,24.282,20.666,89.31,2660.8,37.32,32.82,0.000162,1.125,0.977,32.41,normal
404.27,180.42,129.6,41.8,91.14,25.464,19.682,88.54,2829.3,41.33,28.74,0.000234,1.15,1.003,33.28,normal
421.56,180.24,127.77,39.02,89.87,25.006,20.662,89.56,2859.8,39.14,30.97,0.000171,1.235,1.022,26.42,normal
421.89,181.17,130.54,40.15,89.44,25.355,19.639,91.06,2831.6,41.65,29.77,0.00013,1.141,0.977,31.16,normal
417.84,181.21,130.79,38.54,89.76,24.924,20.244,91.85,2736.4,41.13,31.09,0.0002,1.24,0.995,31.72,normal
415.59,177.57,127.86,38.69,89.05,25.229,19.68,88.85,2741.9,40.85,29.98,0.000215,1.297,1.036,27.58,normal
420.7,176.63,131.36,38.8,89.31,25.666,19.818,89.91,2538.3,42.47,30.33,0.000155,1.219,0.972,29.06,normal
420.65,181.5,130.92,39.77,89.27,24.878,20.311,91.69,2769.9,40.18,32.45,0.000141,1.154,0.946,28.85,normal
412.61,181.78,131.36,39.82,89.63,25.17,19.341,91.85,2810.2,40.24,27.08,0.000185,1.209,0.975,33.8,normal
411.71,178.47,130.7,40.25,90.85,25.75,21.186,89.02,2696.6,43.49,32.99,0.000181,1.252,0.964,33.3,normal
402.27,177.21,130.78,40.66,90.53,24.92,19.486,88.39,2538.9,39.25,28.4,0.000241,1.205,0.976,28.16,normal
412.06,180.15,130.62,39.66,92.01,24.325,19.458,89.54,2653.5,36.5,29.49,0.0002,1.224,0.931,27.08,normal
406.88,181.4,131.04,40.04,91.58,25.406,20.313,90.41,2792.0,40.25,31.15,0.000222,1.16,1.009,31.55,normal
405.33,182.7,127.82,38.91,92.54,25.861,20.646,89.53,3104.7,43.13,32.7,0.000206,1.164,1.035,31.09,normal
403.04,180.77,128.2,38.66,90.73,25.773,19.838,89.8,2967.1,41.87,29.79,0.000247,1.245,0.968,32.49,normal
417.83,179.44,129.12,38.5,90.71,25.429,19.464,89.67,2824.0,41.34,28.55,0.000173,1.164,0.974,27.88,normal
411.94,178.66,129.84,40.65,89.37,23.594,19.539,89.24,2582.1,35.8,29.31,0.000197,1.071,0.993,31.45,normal
417.45,180.02,130.47,39.66,91.07,24.619,19.485,89.87,2646.4,39.09,28.83,0.000153,1.185,0.964,28.54,normal
399.17,179.55,130.39,38.13,89.15,24.649,20.154,91.33,2673.1,40.09,30.73,0.000224,1.216,1.039,31.25,normal
411.81,178.48,131.34,39.94,88.09,25.027,19.965,90.9,2588.4,41.6,30.43,0.000233,1.253,0.964,29.93,normal
408.27,183.07,131.38,38.75,91.98,26.013,20.213,91.86,2953.3,42.0,30.92,0.000226,1.282,0.979,33.8,normal
414.77,182.68,128.95,41.66,88.38,24.352,20.182,90.75,2863.6,39.08,31.28,0.000196,1.204,0.969,30.89,normal
421.33,181.7,130.29,39.42,90.57,26.345,20.412,91.0,3014.4,44.15,31.16,0.000155,1.233,1.04,29.37,normal
415.28,178.62,128.98,40.68,88.86,24.771,19.795,89.03,2632.2,38.12,29.58,0.000197,1.206,0.991,30.28,normal
417.3,181.28,129.77,41.09,91.46,24.54,19.631,89.25,2746.8,39.18,28.21,0.00018,1.218,1.08,29.8,normal
408.57,180.96,130.39,39.05,91.64,25.507,20.078,90.33,2870.7,43.32,31.0,0.000228,1.191,1.014,27.69,normal
418.09,180.66,125.91,40.08,90.69,25.555,19.973,87.89,3113.2,40.87,31.29,0.000187,1.219,1.046,33.85,normal
419.06,181.87,132.89,40.55,91.62,25.39,20.126,91.29,2788.8,40.9,28.9,0.000187,1.164,0.987,33.2,normal
407.55,180.95,130.68,40.12,90.01,24.538,19.644,90.75,2723.2,37.07,29.56,0.000265,1.299,0.962,29.65,normal
405.47,181.11,129.29,40.36,92.9,25.301,20.321,88.56,2899.2,40.75,30.76,0.000224,1.08,0.999,31.4,normal
408.41,180.96,132.31,38.67,90.97,24.38,19.411,91.8,2553.1,38.39,28.28,0.000232,1.229,0.973,34.1,normal
409.06,180.51,129.58,40.55,88.83,24.522,19.78,90.35,2747.5,40.61,29.91,0.000185,1.216,0.92,32.47,normal
416.62,177.32,130.16,39.51,90.09,24.943,20.565,88.93,2605.0,38.9,31.52,0.000167,1.219,1.041,29.39,normal
406.67,180.13,129.42,40.35,89.8,24.508,19.434,89.69,2719.5,39.56,28.8,0.000232,1.141,1.001,29.82,normal
408.32,179.17,131.98,40.92,89.67,25.632,20.525,90.27,2657.9,42.14,31.14,0.000245,1.116,0.972,26.56,normal
419.06,178.08,129.87,40.67,87.85,24.653,19.295,89.72,2651.5,41.24,29.33,0.000161,1.23,1.015,31.55,normal
418.2,182.52,130.18,40.35,90.5,24.868,19.207,90.92,2907.4,39.8,27.71,0.000184,1.267,1.002,32.49,normal
416.19,182.59,131.44,40.64,88.2,24.472,19.253,92.59,2761.3,38.44,27.4,0.000173,1.211,1.056,32.5,normal
408.09,182.04,130.7,40.69,86.72,25.623,20.058,92.64,2892.3,42.66,30.44,0.000214,1.24,1.017,31.4,normal
404.15,180.38,129.93,41.5,89.55,24.6,20.365,89.63,2752.2,39.35,30.32,0.000233,1.177,0.994,30.7,normal
417.5,182.03,131.33,39.97,89.02,25.685,20.646,92.19,2853.5,42.93,31.96,0.000189,1.217,1.028,28.0,normal
413.24,180.02,133.05,40.16,88.88,25.641,20.606,92.01,2681.0,42.43,32.97,0.000189,1.261,0.999,30.64,normal
413.39,180.3,130.38,40.93,85.97,24.732,20.431,91.87,2700.6,37.76,31.14,0.000141,1.184,1.007,28.74,normal
420.32,178.36,130.14,39.51,88.89,25.018,19.584,90.05,2676.5,40.57,27.8,0.000171,1.259,1.049,31.05,normal
401.56,180.6,130.2,38.66,89.77,24.716,19.58,91.18,2739.4,39.68,28.54,0.000245,1.118,0.953,28.47,normal
411.11,180.09,131.57,40.49,89.18,25.327,20.394,91.0,2684.9,40.21,31.72,0.000215,1.169,0.965,31.04,normal
403.65,178.05,129.28,39.79,90.5,24.883,20.711,88.51,2680.3,39.95,32.03,0.000228,1.227,0.983,32.65,normal
414.78,179.92,129.67,38.79,91.81,24.75,19.484,89.49,2724.7,37.45,29.18,0.000189,1.295,0.989,30.75,normal
402.76,179.88,128.16,40.5,90.67,25.028,20.647,88.43,2877.9,40.34,31.26,0.000192,1.201,1.046,30.66,normal
412.61,182.7,128.58,41.43,91.33,24.051,19.04,89.24,2833.6,37.99,27.13,0.000201,1.148,0.943,31.83,normal
407.69,181.34,129.38,38.37,91.44,24.954,20.195,90.45,2859.5,40.83,31.04,0.00021,1.294,0.999,33.54,normal
400.86,180.02,129.93,41.02,88.68,25.39,19.948,90.12,2775.6,41.83,31.15,0.000241,1.194,0.978,29.79,normal
419.37,180.37,132.12,37.46,90.57,25.083,19.898,92.21,2698.6,39.35,29.42,0.00018,1.233,1.068,31.04,normal
413.08,180.07,130.64,39.6,91.29,25.571,20.016,89.9,2801.8,40.19,30.07,0.000196,1.183,1.035,33.02,normal
415.96,179.7,128.91,41.84,89.43,24.774,19.573,88.65,2766.8,40.29,29.74,0.000176,1.207,1.01,31.34,normal
420.26,178.38,129.13,39.67,88.97,24.724,20.223,89.43,2678.4,39.61,30.71,0.000141,1.172,1.039,26.0,normal
411.77,179.77,131.65,40.09,90.69,24.33,20.03,90.32,2626.4,38.58,30.59,0.000228,1.313,0.947,28.57,normal
402.36,178.88,131.35,40.76,88.07,24.757,20.468,90.7,2611.4,40.98,30.68,0.000252,1.26,1.081,31.5,normal
414.92,178.12,130.03,38.28,88.59,26.18,20.795,90.64,2747.1,41.85,32.18,0.000223,1.288,0.966,29.2,normal
416.59,180.77,129.47,40.07,89.13,25.165,20.063,90.51,2868.1,42.28,29.67,0.000207,1.161,1.05,32.88,normal
409.28,180.59,131.35,40.06,90.59,24.649,19.591,90.64,2653.1,38.43,27.56,0.000256,1.109,1.022,33.72,normal
414.38,177.32,128.81,41.86,90.28,24.396,19.431,86.99,2608.3,39.1,27.77,0.000214,1.185,1.011,28.82,normal
406.35,179.82,130.47,38.76,91.34,24.041,20.849,90.08,2546.9,37.27,32.69,0.000224,1.326,1.049,27.93,normal
412.33,181.49,132.73,39.62,88.8,24.502,20.785,92.9,2653.1,38.23,32.59,0.000204,1.184,1.04,29.28,normal
410.54,181.59,130.25,39.07,88.73,25.456,20.444,92.01,2855.2,39.81,31.82,0.000209,1.253,1.004,29.16,normal
416.88,181.54,129.07,38.97,90.68,24.744,20.03,90.48,2850.0,38.59,30.49,0.000196,1.149,0.983,33.07,normal
408.59,180.06,130.49,41.13,88.96,24.425,20.408,90.23,2621.6,38.83,30.93,0.000225,1.159,1.005,27.93,normal
417.53,178.73,129.44,40.03,89.22,24.491,20.652,89.46,2661.5,38.9,30.32,0.000167,1.196,0.996,31.48,normal
417.34,178.37,128.33,39.44,87.59,25.39,19.691,89.83,2797.6,42.08,28.26,0.000213,1.305,1.014,32.78,normal
415.94,180.52,130.84,39.48,90.38,24.951,20.015,90.75,2688.6,39.17,30.92,0.000174,1.255,1.041,31.64,normal
407.76,180.57,131.34,39.44,92.0,24.624,19.447,90.22,2667.7,39.67,27.85,0.000215,1.097,1.019,30.87,normal
399.35,181.93,129.63,39.53,88.66,24.815,19.935,91.68,2847.5,39.53,29.77,0.000272,1.233,1.007,29.68,normal
413.58,181.65,129.55,38.74,91.33,26.324,20.772,90.57,3054.1,44.53,32.17,0.000221,1.143,0.974,33.7,normal
407.68,179.8,128.85,39.74,89.92,25.732,20.539,89.49,2863.3,42.65,30.36,0.000235,1.166,1.013,29.51,normal
410.11,178.13,129.82,39.64,87.7,25.881,20.068,90.3,2765.3,42.1,30.45,0.000227,1.226,0.932,31.9,normal
426.03,179.52,129.33,39.24,88.84,23.949,18.653,90.38,2600.6,37.28,27.68,0.00013,1.27,0.968,29.68,normal
404.75,180.33,128.79,40.16,88.76,24.909,19.672,90.09,2826.8,40.2,29.11,0.000196,1.267,1.024,26.32,normal
406.29,179.7,132.27,40.24,89.59,24.613,20.051,91.07,2578.8,39.68,29.92,0.000213,1.217,1.035,29.46,normal
422.69,179.13,130.56,39.44,90.55,25.326,19.892,89.85,2718.6,42.45,28.78,0.000137,1.217,0.999,29.69,normal
415.56,180.38,130.69,39.86,92.4,25.636,20.016,89.4,2799.0,41.22,29.83,0.000191,1.267,1.008,29.71,normal
409.31,179.24,131.06,42.16,88.14,25.196,20.121,90.0,2722.8,39.4,30.76,0.000198,1.121,1.015,28.68,normal
415.18,179.06,130.93,42.12,89.37,24.477,19.733,89.25,2581.0,39.79,29.28,0.000163,1.291,1.027,31.25,normal
416.61,180.47,129.5,38.95,88.84,24.603,19.996,91.09,2772.9,37.58,29.64,0.000171,1.163,0.992,31.47,normal
411.42,179.4,130.33,39.09,88.35,25.372,19.925,91.14,2729.6,42.11,30.6,0.00024,1.213,0.961,29.39,normal
423.39,180.37,129.68,38.94,90.12,25.432,19.648,90.49,2810.9,40.34,28.85,9.3e-05,1.175,1.015,29.37,normal
400.85,180.41,130.53,41.06,90.0,25.085,20.923,89.94,2717.3,39.61,32.2,0.000208,1.142,1.078,27.9,normal
413.92,178.29,130.41,39.6,87.64,25.078,19.762,90.73,2614.2,40.15,29.47,0.000235,1.223,0.963,30.51,normal
406.86,179.28,129.54,40.24,90.02,25.03,18.873,89.28,2757.0,38.64,28.07,0.000199,1.212,0.995,32.76,normal
404.14,182.16,128.4,42.0,88.43,25.161,20.892,90.02,3015.3,39.5,32.33,0.000242,1.195,0.985,32.76,normal
409.04,178.26,130.18,39.99,90.02,25.43,19.577,89.21,2708.0,39.57,28.16,0.000187,1.192,1.097,28.8,normal
416.31,176.83,129.75,40.71,91.65,25.378,20.45,87.1,2618.0,41.76,31.66,0.000173,1.276,0.962,33.98,normal
412.35,177.21,127.73,40.52,90.6,25.014,19.66,86.91,2703.9,40.03,28.82,0.0002,1.31,0.994,29.28,normal
421.25,180.04,130.61,39.41,90.23,24.971,20.285,90.5,2720.6,39.93,31.22,0.000189,1.263,0.985,27.97,normal
418.67,180.05,131.16,41.06,89.31,24.948,19.976,90.42,2652.0,39.79,28.3,0.000183,1.214,0.95,27.28,normal
408.64,179.82,133.03,39.15,90.09,24.532,20.5,91.79,2551.7,38.64,31.39,0.000195,1.118,0.948,27.85,normal
409.3,181.82,129.53,41.34,90.73,24.524,19.893,89.63,2832.3,38.16,29.51,0.000176,1.231,1.023,30.67,normal
419.17,175.99,129.35,39.41,90.6,25.326,19.672,87.64,2569.5,41.9,28.35,0.000175,1.234,1.028,29.49,normal
416.58,180.59,128.67,39.52,89.87,24.572,20.129,89.93,2851.8,37.01,29.38,0.000166,1.239,0.978,28.74,normal
407.83,182.34,130.25,38.91,90.28,25.488,19.809,91.7,2884.8,39.97,29.26,0.000212,1.143,1.056,28.31,normal
422.76,178.31,130.24,39.08,88.29,24.969,19.035,90.59,2641.9,41.27,26.59,0.00017,1.243,0.91,27.83,normal
412.27,179.43,129.03,39.57,89.05,25.492,19.699,89.92,2851.8,41.69,26.82,0.000163,1.278,0.95,28.22,normal
416.94,178.87,129.79,37.57,90.92,25.382,21.434,90.07,2762.7,39.08,33.04,0.000168,1.151,0.967,32.03,normal
414.32,178.66,127.63,39.77,91.09,25.506,19.089,87.71,2844.8,41.79,26.61,0.000206,1.234,1.0,33.61,normal
404.73,179.51,131.11,39.49,90.12,24.714,20.121,90.5,2619.1,37.59,30.35,0.00022,1.159,0.982,33.73,normal
414.23,182.14,129.08,40.79,91.92,25.245,19.879,89.25,2918.6,42.01,28.72,0.000223,1.195,0.992,31.37,normal
407.7,182.76,129.96,40.42,90.66,25.443,20.918,90.81,2961.9,42.2,32.52,0.000206,1.153,1.019,29.02,normal
409.84,179.5,128.29,39.29,89.7,24.069,19.444,89.4,2736.2,39.46,27.75,0.000216,1.182,1.058,28.66,normal
410.35,182.86,129.3,39.54,88.41,26.021,20.051,92.08,3008.6,42.69,30.76,0.000198,1.183,1.032,31.51,normal
399.57,180.05,129.66,39.77,91.87,26.36,20.343,89.04,2938.8,42.78,31.23,0.000214,1.221,1.002,29.51,normal
408.92,182.63,129.99,41.49,91.0,25.568,19.91,90.06,2946.5,41.11,29.52,0.000213,1.245,0.997,30.82,normal
419.78,179.86,130.58,39.18,92.34,25.484,19.616,89.45,2760.3,40.89,29.09,0.000178,1.261,1.044,33.86,normal
414.28,180.2,131.73,39.28,92.82,25.353,19.989,89.89,2671.6,41.41,30.43,0.000168,1.167,1.075,30.43,normal
403.53,180.55,130.88,38.87,88.33,24.806,19.845,92.11,2692.0,37.61,29.63,0.000241,1.218,1.026,34.56,normal
410.14,184.77,131.15,38.52,88.33,24.934,19.844,94.52,3000.7,39.8,29.69,0.000204,1.145,0.98,27.75,normal
409.68,181.28,131.74,40.31,86.28,25.579,20.465,93.2,2777.7,40.67,29.58,0.000232,1.194,1.01,30.89,normal
417.11,178.94,130.68,40.2,91.19,24.416,20.201,89.11,2591.7,37.82,30.13,0.000167,1.202,1.023,30.63,normal
415.02,181.45,129.96,41.28,90.85,24.364,20.276,89.63,2732.8,39.57,30.13,0.000188,1.154,0.978,28.03,normal
420.15,179.46,131.21,41.04,90.13,24.762,20.165,89.75,2705.7,40.32,31.29,0.000159,1.228,1.035,31.6,normal
407.47,179.27,131.29,42.4,88.41,25.394,20.48,89.87,2694.3,41.87,31.0,0.000219,1.192,1.011,33.06,normal
422.77,181.36,130.78,39.93,89.88,24.48,20.652,91.17,2723.7,39.15,31.24,0.000182,1.208,1.047,34.41,normal
411.6,180.05,128.25,39.74,90.24,24.865,19.857,89.16,2860.8,39.35,30.08,0.000183,1.261,0.961,30.82,normal
405.89,180.42,128.99,38.7,91.02,24.936,20.41,89.84,2831.9,39.77,29.9,0.000259,1.179,0.93,26.2,normal
414.57,180.02,129.67,40.7,90.35,24.393,19.352,89.32,2696.9,36.7,28.2,0.00022,1.243,0.984,30.95,normal
408.97,180.5,130.94,40.12,90.86,23.536,18.873,90.23,2562.8,34.65,25.45,0.00022,1.272,1.001,31.48,normal
419.33,180.64,129.97,40.65,89.84,24.384,20.913,90.06,2671.6,38.37,31.93,0.000164,1.269,0.928,29.53,normal
424.69,177.09,131.36,38.86,91.54,25.157,19.833,88.99,2519.9,39.33,29.18,0.000144,1.191,0.976,30.43,normal
406.45,181.0,131.58,40.35,90.82,25.292,20.126,90.7,2734.7,41.53,31.51,0.000229,1.151,1.051,29.03,normal
417.04,178.53,131.44,40.21,88.46,25.297,19.387,90.65,2630.2,40.81,28.25,0.000133,1.165,1.021,29.73,normal
414.43,177.84,131.45,40.14,91.81,25.366,19.364,88.64,2582.4,40.76,27.59,0.000185,1.121,1.006,32.03,normal
423.62,179.91,128.76,39.32,91.59,24.624,19.644,88.88,2791.9,38.32,28.94,0.000176,1.234,0.958,32.78,normal
419.9,180.13,130.58,41.19,90.61,24.496,20.321,89.46,2673.1,39.01,32.03,0.000172,1.237,1.05,27.46,normal
415.42,178.96,129.27,42.05,90.36,25.225,19.742,87.91,2732.2,41.33,27.66,0.000187,1.206,0.983,28.98,normal
421.34,181.25,128.02,38.89,92.16,24.873,19.832,89.11,2957.2,38.75,30.17,0.000168,1.131,1.004,26.82,normal
418.58,177.99,129.66,40.72,87.88,25.544,19.628,89.52,2704.5,41.06,29.31,0.000164,1.182,1.016,33.68,normal
411.66,179.39,131.59,37.12,91.61,25.229,20.583,91.08,2669.7,40.47,31.5,0.000208,1.269,1.007,31.74,normal
405.74,179.12,130.55,40.67,89.38,25.77,20.434,89.81,2714.3,42.57,30.93,0.000232,1.23,1.06,26.0,normal
423.83,179.93,132.42,38.13,91.42,24.721,19.758,91.37,2606.9,39.51,30.5,0.000148,1.239,1.023,29.87,normal
409.7,180.42,130.21,39.48,90.16,25.641,20.342,90.5,2783.0,41.76,31.5,0.000206,1.365,1.014,29.43,normal
408.83,178.49,132.94,38.69,88.38,26.221,19.877,92.16,2685.7,44.29,28.84,0.000216,1.216,0.997,28.49,normal
414.09,181.09,130.21,39.78,89.35,25.032,19.831,91.08,2822.2,39.96,29.56,0.000213,1.092,1.017,32.07,normal
413.2,180.09,130.03,40.84,91.33,25.3,19.975,88.98,2780.2,39.47,30.93,0.000193,1.145,0.992,32.03,normal
418.18,177.16,128.46,38.14,89.73,24.442,20.322,88.87,2635.7,39.74,31.3,0.000182,1.215,1.008,30.54,normal
411.59,177.06,131.33,39.64,89.19,25.536,19.554,89.77,2531.1,42.54,29.02,0.000223,1.201,0.986,28.72,normal
410.83,179.98,129.4,39.49,89.18,25.677,20.251,90.35,2851.4,40.6,29.64,0.00021,1.191,0.98,28.73,normal
421.36,179.67,129.22,41.58,90.83,24.703,21.249,88.24,2763.9,39.33,35.31,0.000143,1.192,0.963,30.09,normal
408.7,179.84,131.54,40.43,92.28,25.352,20.092,89.33,2711.5,42.32,30.82,0.000193,1.161,0.989,29.09,normal
408.17,179.96,131.39,38.82,87.22,25.168,20.018,92.65,2689.0,40.18,31.48,0.000202,1.219,0.987,29.99,normal
420.95,180.34,131.36,39.53,93.64,25.234,19.958,89.24,2728.6,41.45,30.13,0.000167,1.27,1.073,31.12,normal
416.46,181.42,129.57,41.56,90.26,25.487,20.239,89.57,2940.1,42.52,30.63,0.000193,1.287,1.04,26.93,normal
406.39,178.33,129.94,40.71,90.75,25.311,19.195,88.4,2716.5,41.17,27.35,0.000215,1.285,0.995,28.48,normal
418.7,178.24,129.93,39.08,89.43,24.917,20.851,89.82,2592.0,41.9,33.12,0.000175,1.152,0.983,29.93,normal
412.52,178.36,130.94,39.73,90.0,25.5,20.491,89.78,2660.1,42.1,32.54,0.000207,1.199,1.025,33.13,normal
421.71,180.43,131.86,39.76,90.25,25.667,19.678,91.14,2743.1,42.04,29.97,0.00017,1.184,1.078,31.69,normal
427.93,181.87,130.44,39.46,88.64,24.667,20.016,92.1,2753.3,38.88,31.85,0.000163,1.23,1.032,29.99,normal
412.02,179.35,132.37,38.29,88.95,24.999,19.721,92.23,2552.3,39.95,29.36,0.000218,1.196,0.931,30.8,normal
404.16,176.25,131.08,39.32,91.54,23.939,20.15,88.18,2423.9,36.43,29.91,0.000235,1.189,1.035,29.8,normal
421.96,177.44,129.72,41.39,87.98,25.35,20.031,88.89,2639.9,39.9,30.29,0.000164,1.273,1.042,32.15,normal
403.86,178.75,130.99,39.62,90.57,25.734,20.114,89.77,2691.0,41.24,30.95,0.000229,1.205,1.088,30.87,normal
421.8,179.16,132.05,39.9,89.52,24.846,19.486,90.89,2551.4,39.41,28.42,0.0002,1.206,0.99,32.56,normal
419.58,179.39,132.4,40.14,88.75,25.08,19.759,91.44,2605.1,41.03,29.32,0.000134,1.221,1.006,27.29,normal
422.07,180.06,131.42,42.22,92.56,24.868,20.573,88.35,2669.1,39.95,31.74,0.000157,1.234,1.018,28.39,normal
409.76,179.53,130.03,40.01,88.76,24.77,19.733,90.4,2755.7,39.51,29.68,0.000218,1.234,0.969,30.55,normal
419.66,181.57,129.74,41.09,88.53,25.139,18.678,90.83,2850.7,42.52,26.63,0.000151,1.278,0.966,30.99,normal
414.12,178.99,130.69,39.4,89.76,24.529,19.925,90.26,2621.9,40.34,29.97,0.000181,1.136,1.016,34.8,normal
418.71,178.71,132.01,39.74,89.0,24.859,21.206,90.98,2497.3,38.68,33.84,0.000198,1.216,0.938,26.38,normal
412.83,180.72,130.52,40.01,90.01,24.457,20.424,90.61,2658.4,39.15,31.77,0.000213,1.195,0.947,29.93,normal
411.29,177.7,130.55,39.23,90.2,25.353,19.708,89.39,2669.9,39.84,28.82,0.000206,1.185,1.033,29.84,normal
411.91,180.58,130.06,39.8,90.31,25.144,19.975,90.27,2827.9,40.68,28.46,0.000247,1.238,1.02,30.48,normal
416.58,180.15,129.61,40.89,89.84,24.741,20.34,89.51,2764.6,37.88,30.09,0.000176,1.265,1.05,33.47,normal
415.28,179.78,129.81,39.2,89.09,25.022,19.122,90.65,2784.8,39.46,28.04,0.000203,1.17,1.019,31.75,normal
405.18,182.38,130.16,40.0,90.84,24.868,19.572,90.85,2824.6,40.24,28.27,0.000214,1.284,1.0,26.79,normal
404.09,179.07,132.06,40.71,89.85,25.686,20.199,90.28,2705.8,41.54,30.75,0.000221,1.128,1.052,33.07,normal
410.38,183.09,129.71,39.18,89.36,24.735,20.797,92.13,2873.7,38.16,32.14,0.000232,1.23,0.983,33.01,normal
416.31,179.66,130.06,41.1,91.92,25.381,19.78,88.35,2779.2,40.42,29.46,0.000187,1.155,0.987,30.53,normal
418.13,178.08,128.96,40.07,89.84,24.577,20.784,88.57,2739.2,37.85,32.54,0.00022,1.168,0.997,26.76,normal
414.81,180.1,130.86,39.83,91.42,25.489,19.623,89.85,2734.9,41.83,29.94,0.000172,1.203,1.018,29.7,normal
415.94,178.39,131.64,37.99,91.59,25.622,18.307,90.18,2675.5,43.01,25.57,0.000198,1.18,0.997,30.94,normal
409.31,178.87,131.95,39.63,91.67,25.651,20.372,89.74,2676.9,41.7,30.18,0.000215,1.057,0.941,31.99,normal
411.31,180.6,130.24,40.37,90.9,25.883,20.27,89.78,2851.1,43.61,30.98,0.000229,1.231,0.989,26.46,normal
413.02,180.83,130.69,41.75,90.0,25.175,20.368,89.89,2840.0,39.93,31.57,0.000217,1.239,0.999,28.46,normal
412.27,179.07,129.82,40.57,89.92,25.743,20.349,89.2,2761.9,42.06,29.14,0.000203,1.192,1.005,32.2,normal
410.29,181.48,130.63,41.13,89.68,25.975,20.096,90.65,2904.5,44.63,29.68,0.000198,1.188,0.982,33.0,normal
408.7,181.74,130.38,38.79,87.18,24.327,19.871,93.06,2767.9,37.9,29.67,0.000216,1.181,1.02,30.86,normal
397.49,182.15,130.07,39.87,90.93,24.638,19.89,90.71,2820.3,40.03,29.32,0.000266,1.114,0.936,32.3,normal
409.98,180.79,130.17,41.22,90.32,24.103,19.77,89.71,2777.9,36.73,29.49,0.000226,1.109,1.017,30.91,normal
399.67,182.05,130.54,39.11,91.07,25.637,19.8,91.2,2867.1,41.83,28.96,0.000211,1.24,1.072,31.93,normal
417.64,177.18,129.65,40.97,89.85,24.095,19.094,88.0,2568.1,36.57,28.35,0.000159,1.253,0.976,30.29,normal
420.82,179.52,129.71,40.73,90.86,23.932,19.393,88.82,2554.9,37.04,28.42,0.000175,1.23,1.002,30.96,normal
418.03,178.7,132.05,40.27,88.21,24.342,19.918,91.13,2411.5,38.36,28.34,0.00019,1.219,0.99,27.56,normal
401.79,180.18,133.25,39.67,88.48,23.957,18.88,92.64,2474.9,37.8,27.63,0.000227,1.239,0.991,31.44,normal
420.02,179.14,128.55,39.01,86.78,25.163,18.996,90.94,2822.6,39.89,27.98,0.000172,1.236,0.959,27.5,normal
405.02,179.75,128.49,41.78,89.83,24.349,19.833,88.31,2790.7,37.98,29.52,0.000219,1.161,1.08,31.44,normal
410.72,182.82,128.85,40.63,89.0,23.986,19.936,90.99,2896.3,38.32,28.36,0.000204,1.211,1.015,29.12,normal
414.1,179.75,129.88,40.34,88.83,24.975,19.843,90.23,2746.1,38.72,30.3,0.000211,1.185,0.973,30.74,normal
410.05,180.62,131.07,39.59,90.44,25.01,18.81,90.84,2741.1,37.55,26.05,0.000194,1.186,0.969,28.09,normal
421.63,179.65,130.71,40.04,89.45,23.878,20.776,90.44,2578.3,36.17,31.84,0.000182,1.257,1.002,28.99,normal
418.91,180.11,130.21,40.16,88.14,24.572,19.282,91.01,2743.7,39.39,27.63,0.000171,1.279,0.913,30.74,normal
411.59,180.01,130.63,40.4,93.31,24.955,19.591,88.46,2673.7,39.95,27.75,0.000218,1.083,1.042,31.51,normal
417.55,180.67,129.17,40.73,89.95,24.786,19.369,89.57,2788.5,38.43,28.32,0.000198,1.187,0.979,32.19,normal
421.99,181.75,129.71,39.22,88.59,24.802,20.65,91.82,2865.3,39.5,31.94,0.000168,1.185,1.016,27.7,normal
414.92,182.47,129.98,38.53,89.13,25.708,20.211,92.39,3000.5,41.69,30.66,0.000207,1.258,1.017,27.0,normal
393.42,180.46,128.1,40.08,89.77,26.288,19.763,89.35,3068.8,42.22,29.2,0.000303,1.127,1.039,28.05,normal
409.43,180.88,128.61,38.25,89.77,24.812,19.728,90.73,2851.5,39.12,28.67,0.000194,1.051,1.02,27.87,normal
403.43,178.27,128.65,39.68,91.69,24.207,20.09,87.77,2627.6,38.49,31.42,0.00025,1.241,1.03,33.13,normal
428.4,179.87,130.92,39.49,89.9,24.859,19.377,90.7,2698.3,39.32,28.49,0.000122,1.248,1.041,32.68,normal
409.09,181.41,130.29,40.49,92.41,25.117,20.19,89.4,2791.6,38.82,29.77,0.000192,1.111,0.987,28.01,normal
410.35,181.3,130.73,41.98,89.44,24.968,19.726,90.3,2827.5,41.63,29.62,0.000229,1.194,1.086,33.42,normal
414.26,180.32,127.79,38.06,90.55,25.366,20.26,89.75,2916.1,40.07,31.0,0.0002,1.277,1.014,32.56,normal
415.43,181.33,128.22,42.27,91.33,26.327,20.243,87.96,3067.8,44.28,31.15,0.000181,1.146,0.999,26.74,normal
413.23,180.74,130.8,39.77,91.55,23.972,19.703,90.1,2656.3,37.92,29.18,0.000199,1.205,0.966,27.94,normal
408.13,181.8,126.67,40.35,91.71,24.696,18.974,88.19,2973.7,39.55,26.79,0.00023,1.225,0.992,26.68,normal
403.93,180.43,131.47,38.59,89.65,25.925,19.877,91.83,2758.2,42.47,28.57,0.000264,1.129,1.016,29.83,normal
410.45,179.47,127.81,41.0,89.99,24.687,19.275,88.14,2840.0,37.29,27.65,0.000232,1.172,1.004,30.03,normal
426.93,180.5,131.01,40.04,86.78,25.474,20.039,92.34,2742.3,42.55,28.78,0.000185,1.115,1.073,30.03,normal
414.71,175.6,128.93,39.94,89.75,25.379,19.872,87.42,2613.5,39.93,29.9,0.000193,1.192,0.984,25.95,normal
411.42,180.57,131.26,38.06,91.42,25.742,19.706,91.16,2793.5,43.13,27.93,0.000193,1.16,1.027,27.15,normal
409.7,174.53,133.85,40.07,91.17,26.148,19.352,88.47,2283.0,44.48,27.99,0.000174,1.21,0.955,30.52,normal
408.01,177.41,127.27,40.85,89.89,25.2,20.593,86.98,2748.5,39.36,32.2,0.000195,1.232,1.087,31.24,normal
411.22,180.68,130.83,39.76,92.21,23.953,19.773,89.76,2637.2,35.8,29.2,0.000192,1.269,0.952,25.96,normal
421.83,180.72,127.83,41.17,89.5,24.58,21.177,88.92,2896.8,38.4,33.2,0.000164,1.317,1.083,27.44,normal
407.02,178.26,130.51,41.13,89.07,26.312,20.017,89.28,2740.8,44.78,30.4,0.000225,1.21,0.995,32.04,normal
412.33,178.93,129.75,39.36,89.39,24.151,20.176,89.97,2586.5,36.99,30.89,0.000213,1.184,0.911,27.55,normal
413.22,182.06,130.16,41.6,88.54,25.298,20.02,91.02,2907.5,40.96,30.88,0.000181,1.181,1.054,29.97,normal
413.91,179.27,128.91,40.05,90.81,23.491,20.171,88.66,2627.1,35.26,30.91,0.000204,1.152,1.003,27.36,normal
421.33,183.36,130.94,40.05,90.38,24.189,20.546,91.93,2818.0,38.48,31.78,0.000171,1.222,0.982,31.66,normal
414.08,180.0,128.26,40.1,90.79,25.532,20.552,88.68,2912.6,40.91,29.94,0.000183,1.175,1.026,25.97,normal
411.1,180.61,131.49,40.07,89.46,25.022,19.117,91.29,2688.1,39.34,27.85,0.000221,1.226,1.027,29.39,normal
408.69,182.43,129.51,37.37,89.92,24.774,20.428,92.32,2907.6,38.32,32.49,0.000214,1.153,1.017,31.88,normal
410.56,180.2,128.32,39.81,87.17,24.511,20.249,90.75,2795.1,37.54,31.19,0.000185,1.177,1.045,31.22,normal
413.47,178.5,131.91,38.64,90.49,23.802,20.018,90.62,2459.4,37.68,30.82,0.000209,1.222,1.01,29.07,normal
414.88,179.84,129.92,41.63,90.13,25.416,20.856,89.0,2775.5,40.85,31.81,0.000198,1.194,1.026,28.6,normal
420.38,179.95,132.29,41.59,88.57,24.83,20.876,91.04,2597.0,38.56,32.35,0.00017,1.104,0.979,29.53,normal
417.52,177.95,131.47,40.85,89.86,24.087,20.452,89.35,2479.5,35.74,31.68,0.000195,1.199,1.031,27.42,normal
409.65,179.62,129.04,39.76,89.66,25.018,19.728,89.62,2721.9,39.78,29.62,0.000213,1.16,0.979,29.8,normal
410.58,178.89,129.9,38.99,92.29,25.349,19.404,88.73,2772.1,40.19,29.04,0.000209,1.259,0.955,29.83,normal
420.54,181.39,130.15,39.34,88.62,24.88,20.377,91.78,2803.2,38.64,30.12,0.000149,1.249,0.992,29.16,normal
413.38,180.05,131.83,41.94,90.43,25.07,20.68,89.75,2575.0,39.43,31.23,0.000205,1.086,0.989,32.0,normal
412.16,179.58,130.53,39.31,88.58,25.023,18.986,91.11,2705.3,40.19,26.28,0.000201,1.24,1.037,27.86,normal
423.29,179.84,130.21,37.64,89.27,24.576,20.543,91.56,2670.3,37.63,31.69,0.000143,1.219,0.942,26.59,normal
414.13,180.33,129.76,41.03,90.36,25.033,19.873,89.35,2754.0,39.79,29.51,0.000176,1.126,1.044,28.95,normal
406.24,180.93,129.94,41.5,89.73,25.441,19.095,89.81,2912.4,42.17,27.45,0.000215,1.244,0.975,30.25,normal
402.25,178.5,131.57,41.66,89.99,25.621,20.235,89.21,2670.6,41.25,30.09,0.000242,1.136,0.901,29.79,normal
423.07,178.44,130.0,41.04,90.43,25.474,20.455,88.48,2709.6,40.31,30.56,0.000151,1.257,0.952,29.7,normal
407.73,181.66,129.53,41.2,89.36,24.595,19.824,90.3,2822.4,39.9,29.53,0.000229,1.168,0.988,27.75,normal
420.71,179.38,129.32,40.05,91.15,25.382,19.471,88.75,2803.3,41.02,29.47,0.000144,1.124,1.018,28.03,normal
408.47,177.87,129.34,37.92,89.6,25.279,20.856,89.83,2650.6,40.63,33.6,0.000242,1.306,0.995,29.02,normal
419.9,180.67,128.32,40.03,89.87,24.574,19.666,89.54,2909.0,39.3,30.36,0.000193,1.123,0.952,28.87,normal
414.55,180.7,129.1,40.62,90.47,24.721,20.58,89.35,2807.5,39.11,31.21,0.000179,1.16,0.969,32.2,normal
406.7,177.7,131.8,39.86,90.3,25.408,19.243,89.65,2620.3,41.25,27.04,0.000211,1.17,0.952,30.53,normal
421.61,180.34,129.75,39.82,90.84,25.826,20.208,89.72,2849.1,40.84,31.27,0.000171,1.177,1.01,28.93,normal
410.28,181.1,130.85,39.04,90.41,23.913,20.194,91.25,2661.6,36.08,31.54,0.000215,1.235,0.996,32.19,normal
412.75,180.56,127.03,39.0,90.61,25.984,20.437,88.99,3024.9,44.74,31.52,0.000196,1.203,1.025,30.89,normal
437.36,180.95,130.68,41.84,89.58,25.698,20.746,90.1,2755.4,40.99,32.03,8.6e-05,1.25,0.929,27.28,normal
415.98,177.89,129.81,41.87,88.61,25.119,19.593,88.61,2684.6,40.41,28.41,0.000176,1.219,0.979,23.52,normal
413.46,180.5,129.42,40.0,88.14,24.856,20.26,90.88,2798.7,41.33,31.19,0.000206,1.116,1.081,27.35,normal
408.1,179.55,130.22,40.28,87.83,25.234,19.317,90.82,2722.6,41.36,28.64,0.000232,1.227,1.026,31.19,normal
424.13,179.28,129.41,39.02,92.29,24.616,19.311,88.67,2599.5,39.19,28.39,0.00021,1.212,0.988,31.78,normal
407.0,181.31,127.45,40.64,87.12,24.893,19.711,90.45,2935.2,38.89,28.34,0.000232,1.169,0.961,26.68,normal
421.21,182.22,131.11,41.76,91.55,24.115,20.205,90.01,2719.9,36.86,29.76,0.000173,1.304,1.044,31.32,normal
408.15,182.69,130.29,38.47,88.93,23.955,20.838,92.79,2729.2,36.73,32.23,0.000222,1.23,1.061,31.24,normal
410.87,181.97,129.62,40.46,91.54,26.399,20.929,89.79,3044.3,44.46,33.39,0.000222,1.247,0.954,32.79,normal
420.57,179.84,128.84,40.54,87.14,25.038,19.823,90.48,2789.9,41.38,30.25,0.000151,1.249,0.958,31.9,normal
410.48,180.53,128.24,40.53,89.69,25.122,20.153,89.26,2854.1,40.47,30.09,0.000233,1.179,1.011,32.7,normal
410.79,181.15,130.27,41.64,91.89,24.982,20.472,88.94,2792.2,39.38,29.82,0.00021,1.232,1.015,30.98,normal
416.3,180.18,131.94,42.04,90.93,24.503,20.383,89.58,2535.7,38.48,32.11,0.000192,1.216,1.019,30.91,normal
411.35,180.2,130.24,39.77,89.56,24.816,19.915,90.56,2742.2,39.99,30.76,0.000191,1.172,1.074,29.33,normal
415.03,181.24,128.34,40.67,87.47,25.055,20.038,90.68,2918.5,40.49,30.2,0.000169,1.139,0.961,31.64,normal
402.12,179.91,130.27,40.08,88.28,24.882,19.945,90.91,2735.5,39.41,29.51,0.000219,1.201,1.002,27.34,normal
412.77,178.91,129.94,39.37,91.81,24.549,19.896,88.82,2678.6,37.59,29.47,0.000209,1.229,1.029,29.72,normal
407.29,179.38,131.04,40.27,89.55,25.288,19.829,90.3,2681.8,41.91,30.29,0.000217,1.201,1.028,31.08,normal
421.22,180.95,130.73,40.67,89.91,25.113,19.94,90.55,2694.1,40.06,30.27,0.000202,1.191,0.974,32.82,normal
409.91,180.0,126.42,40.22,90.37,25.236,19.797,87.91,2967.4,40.93,29.11,0.000206,1.201,0.976,29.04,normal
419.35,180.51,130.65,39.12,88.31,25.423,19.432,91.87,2754.1,40.55,30.25,0.000191,1.186,0.982,31.93,normal
411.99,181.01,128.8,39.54,90.53,24.898,20.431,89.87,2902.7,39.0,29.95,0.000232,1.277,1.068,29.61,normal
408.78,179.44,128.29,39.54,89.45,24.899,20.258,89.37,2790.4,40.21,30.22,0.000218,1.214,0.961,31.97,normal
409.02,181.13,129.77,39.16,90.38,25.889,20.938,90.68,2950.6,41.33,32.12,0.000205,1.176,0.987,28.4,normal
412.99,180.57,130.49,40.31,89.25,24.434,20.185,90.75,2735.6,37.22,30.59,0.000196,1.11,1.031,31.45,normal
426.63,178.15,128.03,40.42,87.95,23.876,19.792,88.9,2610.0,38.33,30.35,0.000147,1.19,0.956,29.81,normal
432.39,182.16,130.85,40.98,89.44,25.333,19.687,91.29,2862.4,41.79,29.82,0.00014,1.171,1.01,27.63,normal
409.8,179.25,130.92,39.14,90.83,24.622,20.024,90.08,2619.3,39.34,30.17,0.000189,1.169,0.924,29.69,normal
406.51,177.52,130.06,39.42,90.51,24.354,20.276,88.81,2609.0,37.09,29.69,0.000238,1.247,1.008,32.64,normal
414.06,178.43,128.96,41.55,90.04,25.531,19.878,87.9,2816.8,41.76,30.43,0.000179,1.204,1.002,27.96,normal
414.83,178.47,128.82,39.84,91.17,24.913,19.265,88.14,2689.0,39.68,27.14,0.00018,1.116,1.007,27.03,normal
424.7,180.08,131.23,40.03,89.74,24.242,19.63,90.77,2586.8,37.4,28.69,0.000171,1.231,0.965,30.8,normal
416.47,179.59,128.19,39.82,90.07,26.161,20.009,88.94,2944.5,43.32,29.96,0.000161,1.121,1.009,26.64,normal
411.14,179.49,131.28,41.13,89.38,24.034,20.37,90.13,2525.1,35.83,30.36,0.000173,1.235,0.998,33.13,normal
412.23,180.93,129.8,41.17,91.24,24.948,19.257,89.16,2796.7,37.78,27.36,0.000208,1.176,1.052,33.08,normal
416.89,180.51,129.88,41.11,90.38,23.866,20.133,89.45,2642.2,37.09,31.07,0.000185,1.204,1.026,32.08,normal
413.93,180.47,127.95,40.03,89.28,25.162,20.111,89.55,2908.7,40.63,31.46,0.000184,1.199,0.942,29.98,normal
413.35,180.61,129.82,39.13,88.06,24.615,19.774,91.62,2747.1,39.15,29.33,0.000181,1.193,0.967,33.33,normal
412.28,180.92,130.74,41.93,91.44,25.492,19.707,89.15,2849.2,42.2,27.79,0.000207,1.21,0.975,32.69,normal
405.46,176.84,128.4,40.86,89.03,24.99,19.632,87.67,2640.3,40.48,29.24,0.000212,1.204,1.007,28.93,normal
424.31,179.45,130.6,39.54,90.09,25.81,20.07,90.2,2724.0,43.85,29.63,0.000144,1.293,0.993,32.88,normal
415.38,176.73,130.11,41.42,93.06,24.742,20.563,86.15,2523.0,40.44,31.83,0.000177,1.211,0.993,28.18,normal
418.85,180.05,129.23,39.46,91.04,24.037,20.599,89.39,2669.4,37.33,31.87,0.000197,1.212,1.113,29.61,normal
411.89,179.99,131.03,41.41,92.09,25.143,19.438,88.75,2752.8,40.57,26.99,0.000213,1.165,0.979,26.41,normal
411.58,181.57,127.36,41.48,89.3,24.848,19.907,89.04,2988.9,39.79,29.44,0.000204,1.219,1.056,30.29,normal
407.76,181.78,130.42,39.08,91.39,23.908,18.903,90.86,2740.7,35.38,27.6,0.000225,1.149,0.994,29.41,normal
412.46,180.3,131.94,40.58,90.03,24.367,20.055,90.81,2621.4,39.11,30.07,0.000158,1.258,0.913,29.1,normal
410.24,179.25,131.73,40.78,90.48,24.558,20.299,89.86,2508.3,39.32,29.93,0.000212,1.126,1.008,29.67,normal
401.8,180.73,130.47,42.61,92.63,25.933,20.785,87.98,2841.9,41.07,32.68,0.000262,1.158,1.045,28.84,normal
412.81,179.21,129.64,39.26,89.64,25.424,19.107,89.97,2727.7,42.78,26.3,0.000201,1.119,1.025,30.08,normal
411.63,180.0,129.24,41.43,90.03,24.791,19.456,88.88,2815.6,38.97,28.73,0.000203,1.221,1.01,32.57,normal
415.92,181.48,129.64,40.02,88.83,25.283,20.072,91.13,2908.8,40.69,29.76,0.000216,1.179,1.001,27.88,normal
414.58,179.16,130.65,38.76,91.16,23.776,19.191,89.94,2549.4,36.4,28.2,0.000184,1.234,0.98,31.73,normal
414.37,181.21,129.03,39.88,89.27,24.661,20.086,90.54,2813.8,38.86,30.05,0.000172,1.151,1.036,30.43,normal
405.89,181.02,130.91,40.0,91.33,25.241,20.312,90.3,2768.7,43.09,31.24,0.000202,1.227,0.983,30.75,normal
419.69,178.57,132.56,38.94,87.86,25.099,19.359,92.16,2514.7,40.03,29.38,0.00015,1.229,0.974,29.94,normal
406.64,181.46,129.93,40.31,90.71,24.676,20.066,90.18,2817.2,38.75,30.73,0.000212,1.211,1.016,28.57,normal
404.79,181.05,128.39,40.96,89.16,24.977,19.394,89.64,2896.8,39.95,28.92,0.000217,1.202,0.988,30.89,normal
419.96,180.15,128.39,40.24,90.95,25.203,20.688,88.67,2891.1,39.74,32.35,0.000152,1.207,1.051,31.04,normal
416.57,178.86,130.93,39.46,89.98,24.994,20.103,90.17,2647.8,40.28,28.91,0.000205,1.154,1.019,28.4,normal
417.69,178.71,129.93,39.85,89.3,25.517,19.68,89.74,2763.3,40.68,29.21,0.000194,1.146,0.969,27.32,normal
400.3,179.19,131.05,40.0,89.5,25.191,19.381,90.37,2683.5,41.05,28.57,0.000244,1.227,0.954,30.17,normal
406.4,180.81,129.36,40.22,88.89,25.307,20.195,90.52,2897.8,39.84,30.97,0.000239,1.182,0.977,31.51,normal
410.28,178.57,131.0,41.11,91.09,26.028,20.679,88.68,2746.1,42.42,31.79,0.000225,1.223,1.094,32.01,normal
409.08,180.66,129.81,40.27,88.64,25.497,19.614,90.77,2836.7,40.44,29.54,0.000236,1.278,0.99,32.41,normal
421.13,178.14,129.12,38.6,89.65,26.045,19.78,89.5,2823.2,42.53,28.64,0.000189,1.177,1.03,30.74,normal
406.84,179.69,129.52,39.44,90.45,24.597,19.624,89.66,2724.4,37.06,30.59,0.000208,1.17,0.948,29.47,normal
410.6,180.16,128.56,40.17,92.1,24.045,20.778,88.23,2723.9,34.85,32.58,0.000192,1.184,0.957,30.0,normal
415.36,183.67,132.39,41.12,89.99,24.916,19.046,92.47,2810.4,39.44,26.74,0.00017,1.202,0.992,27.51,normal
413.89,177.93,129.88,41.3,89.68,24.865,20.643,88.42,2658.6,38.08,32.84,0.000202,1.231,1.068,28.63,normal
402.38,182.21,130.77,41.77,90.36,25.876,19.811,90.42,2944.2,44.29,28.6,0.000198,1.199,0.948,29.89,normal
412.97,180.22,129.36,40.13,87.3,24.322,19.964,91.06,2749.8,37.71,29.91,0.000194,1.304,0.975,29.47,normal
406.02,180.62,128.74,40.76,88.44,24.953,19.83,90.06,2849.2,40.57,29.63,0.000198,1.221,1.036,30.18,normal
412.52,180.18,129.72,38.55,89.51,25.243,20.12,90.92,2836.7,41.01,30.0,0.000202,1.239,1.064,27.25,normal
416.63,180.67,131.32,40.43,89.07,25.06,19.635,91.24,2743.7,39.11,28.92,0.000227,1.198,1.017,27.7,normal
419.46,179.77,129.38,38.92,87.92,24.897,20.529,91.15,2736.1,39.28,31.49,0.000182,1.251,1.027,31.55,normal
414.59,182.18,128.96,39.94,91.12,25.215,20.549,90.04,2941.9,41.36,30.64,0.000162,1.19,0.964,28.33,normal
407.73,179.32,130.19,43.03,90.34,25.647,19.508,88.06,2746.6,42.56,28.9,0.00022,1.168,0.947,28.65,normal
404.95,181.7,130.6,40.3,90.18,25.921,20.334,90.9,2881.7,43.56,30.91,0.000226,1.245,0.954,30.19,normal
416.2,179.03,131.97,39.14,89.1,25.02,19.822,91.38,2670.8,39.4,31.08,0.000211,1.197,0.965,28.14,normal
409.94,179.91,130.42,40.41,90.1,24.51,20.026,89.91,2718.4,39.19,31.26,0.000166,1.212,1.009,32.21,normal
411.76,178.39,130.77,39.48,90.67,25.921,20.763,89.49,2750.2,42.09,31.5,0.000196,1.249,0.951,27.49,normal
408.61,180.68,130.86,39.04,89.66,24.353,19.663,91.42,2682.7,39.17,28.98,0.000209,1.207,1.01,30.0,normal
413.69,182.17,128.62,42.1,90.58,26.074,20.463,89.03,3055.6,44.13,30.71,0.000168,1.193,0.987,28.5,normal
423.42,179.88,128.84,41.07,88.97,25.806,20.229,89.34,2864.5,40.98,30.42,0.000177,1.173,0.977,30.31,normal
407.33,179.7,128.7,40.35,90.13,25.894,19.903,88.96,2899.3,42.89,30.43,0.000196,1.253,1.035,29.01,normal
402.11,178.33,128.4,39.61,91.49,25.411,20.184,87.81,2769.5,40.1,30.42,0.000235,1.183,0.962,29.95,normal
418.08,179.66,130.95,39.69,91.6,23.733,20.124,89.65,2564.2,37.25,29.94,0.000207,1.197,1.057,32.44,normal
415.39,177.61,130.35,41.54,91.73,24.377,19.421,87.34,2539.2,37.09,28.94,0.000183,1.214,1.033,28.63,normal
413.18,178.63,130.1,40.31,90.37,25.184,19.697,89.02,2714.8,40.85,27.64,0.000194,1.214,0.96,28.61,normal
413.78,180.34,126.89,36.92,90.04,24.595,19.477,90.14,2899.4,39.58,28.29,0.00018,1.251,1.048,29.37,normal
414.95,181.98,132.47,42.42,89.42,24.811,19.862,91.3,2651.8,39.52,30.72,0.000188,1.197,0.956,32.95,normal
407.47,184.21,128.93,40.18,87.65,25.368,20.673,92.6,3080.3,41.93,32.97,0.000222,1.269,1.052,29.82,normal
419.96,179.12,132.46,40.34,88.25,24.898,20.291,91.49,2567.3,40.0,31.83,0.000142,1.188,1.013,32.47,normal
400.62,182.15,128.26,41.09,89.78,24.269,19.284,89.75,2885.6,39.48,27.11,0.000239,1.219,0.937,29.65,normal
402.11,180.37,129.03,40.47,89.86,25.531,19.863,89.53,2867.1,40.44,28.64,0.000266,1.191,0.948,32.38,normal
409.63,179.77,127.36,40.75,91.84,25.309,20.117,87.27,2903.8,40.51,29.92,0.000205,1.305,0.984,30.81,normal
415.26,180.65,130.43,39.58,91.71,24.851,20.372,89.9,2725.3,37.65,31.02,0.000175,1.182,1.035,31.11,normal
409.62,180.09,128.68,38.77,89.11,25.427,19.675,90.45,2826.0,40.94,28.54,0.000235,1.187,0.993,27.13,normal
409.4,180.17,128.71,40.28,91.06,25.057,19.381,88.77,2835.5,38.98,27.01,0.000208,1.206,0.992,26.83,normal
415.11,179.39,128.35,41.43,89.38,25.799,19.972,88.46,2920.0,40.94,30.67,0.000184,1.187,1.002,32.14,normal
424.57,177.9,130.93,39.35,90.89,25.091,20.285,89.28,2578.5,38.71,31.38,0.000171,1.216,0.92,32.12,normal
416.46,177.68,130.85,39.27,91.05,25.794,20.117,89.09,2620.3,41.84,29.85,0.000188,1.261,1.033,34.84,normal
409.7,180.98,132.17,41.22,91.61,23.876,19.558,90.16,2593.4,37.07,29.39,0.000206,1.207,1.054,27.03,normal
403.93,179.58,129.18,39.54,89.36,25.276,20.877,89.93,2843.9,41.28,33.16,0.000227,1.209,1.032,30.97,normal
410.87,179.11,130.26,39.59,91.32,24.761,19.951,89.22,2647.5,40.32,27.96,0.000209,1.189,0.983,27.95,normal
413.69,180.01,128.45,39.63,87.57,24.485,20.097,90.62,2749.2,39.47,30.78,0.000214,1.175,0.965,28.52,normal
412.2,181.19,129.6,39.94,91.69,25.695,19.669,89.59,2912.2,40.9,29.06,0.00019,1.205,0.957,29.0,normal
408.35,180.27,129.38,38.43,89.97,25.533,20.553,90.63,2867.3,40.81,29.5,0.000226,1.2,0.955,30.76,normal
411.44,179.02,130.56,39.46,90.0,23.796,20.286,90.05,2523.4,36.79,31.59,0.000194,1.259,1.091,28.67,normal
402.02,181.84,131.22,40.23,87.35,25.429,20.157,92.73,2784.8,41.45,30.49,0.000255,1.152,0.997,30.07,normal
411.1,182.37,131.19,40.22,89.49,25.356,19.424,91.92,2883.8,42.41,27.19,0.00018,1.273,1.036,31.66,normal
411.68,180.74,128.99,41.16,91.76,24.566,20.547,88.4,2804.3,38.47,31.81,0.000212,1.193,1.034,32.26,normal
402.28,181.46,131.2,41.84,89.45,24.499,20.378,90.68,2755.5,39.34,31.17,0.000266,1.207,1.006,31.39,normal
413.24,181.86,129.95,41.51,90.93,24.046,20.507,89.68,2747.6,37.15,31.82,0.000231,1.147,0.963,30.9,normal
409.24,181.7,129.61,40.91,90.04,24.797,20.019,90.16,2885.6,39.78,28.5,0.000222,1.228,1.021,29.72,normal
408.22,180.92,129.15,39.85,91.38,24.894,19.963,89.42,2828.5,40.08,29.66,0.000209,1.152,0.957,28.86,normal
418.12,180.9,129.33,39.38,90.25,25.478,19.909,90.3,2872.4,41.37,28.97,0.000202,1.219,1.024,31.08,normal
414.93,180.78,132.09,40.02,88.79,25.162,21.139,92.03,2680.2,39.49,33.02,0.000195,1.214,0.959,27.9,normal
416.23,178.35,130.37,40.59,90.07,24.364,19.729,89.03,2626.8,38.46,27.91,0.000183,1.184,0.983,30.24,normal
420.53,181.05,130.21,40.82,92.08,25.143,19.407,89.18,2806.7,41.06,27.52,0.000154,1.097,0.982,27.85,normal
409.93,177.97,129.69,40.62,90.65,24.848,19.813,88.19,2686.7,39.67,30.73,0.000219,1.308,1.056,29.92,normal
417.13,178.81,132.94,39.88,89.85,24.439,19.733,90.99,2452.6,35.64,30.21,0.000154,1.147,0.903,27.89,normal
408.93,181.96,131.57,40.79,92.93,24.046,20.63,89.9,2624.2,37.12,32.5,0.00022,1.214,1.093,29.2,normal
413.27,181.26,129.13,41.26,91.51,25.375,19.322,88.81,2930.9,41.76,29.37,0.000191,1.164,0.968,28.65,normal
418.93,182.23,129.67,40.88,91.06,25.268,19.719,89.98,2902.5,39.79,27.75,0.000171,1.252,0.995,28.41,normal
409.96,179.59,129.74,39.97,90.41,25.334,20.095,89.48,2787.5,42.03,30.21,0.000242,1.181,1.017,29.83,normal
423.97,178.27,130.18,39.17,90.95,24.563,20.634,89.15,2605.1,38.14,31.93,0.000157,1.162,1.013,25.15,normal
418.04,179.64,129.16,39.14,90.99,25.103,20.357,89.33,2793.4,39.98,30.66,0.00018,1.23,1.034,26.4,normal
408.61,180.15,130.53,39.32,87.16,24.175,20.81,92.1,2688.8,37.86,30.73,0.000183,1.136,1.024,31.61,normal
410.06,180.12,131.74,40.26,90.51,24.408,20.173,90.54,2605.2,37.39,31.18,0.000204,1.179,1.081,30.29,normal
408.43,181.7,128.42,40.52,89.79,25.02,19.898,89.89,2936.2,40.97,30.22,0.000182,1.235,1.029,28.55,normal
409.55,179.46,128.65,38.59,89.35,25.157,20.428,90.08,2801.6,41.72,30.67,0.000244,1.275,0.995,31.95,normal
419.21,180.53,129.42,39.5,89.75,24.023,19.316,90.35,2717.2,36.13,28.86,0.000159,1.152,0.978,28.72,normal
392.09,178.52,129.48,40.24,87.98,24.365,19.145,89.88,2642.2,38.01,27.83,0.000323,1.169,0.977,28.84,normal
415.3,180.68,132.4,39.1,87.65,24.781,20.488,93.16,2619.9,41.26,31.84,0.000168,1.218,1.052,28.43,normal
403.04,180.0,131.2,40.43,91.62,25.575,20.105,89.57,2774.2,42.77,29.55,0.000289,1.1,1.07,33.81,normal
407.45,178.88,131.13,39.69,90.6,24.512,20.482,89.85,2568.4,36.99,31.5,0.000233,1.268,1.04,30.47,normal
412.67,179.65,129.68,39.28,86.86,25.084,19.574,91.59,2774.7,41.41,29.06,0.000197,1.15,0.873,30.39,normal
411.91,179.72,129.66,40.05,89.25,25.147,20.642,90.04,2730.1,37.0,31.57,0.000207,1.178,0.91,30.93,normal
415.31,179.59,128.26,40.39,91.14,24.85,20.335,88.16,2834.0,40.18,28.77,0.000189,1.213,1.0,26.29,normal
410.25,182.66,130.94,39.15,89.64,25.161,19.984,92.4,2841.3,39.61,30.1,0.00021,1.203,0.993,28.81,normal
421.41,179.85,130.59,39.76,91.62,24.193,20.104,89.53,2642.3,38.17,30.47,0.000178,1.152,1.001,30.91,normal
413.98,179.63,131.54,40.47,91.36,24.607,20.173,89.67,2641.8,39.12,29.71,0.000221,1.286,1.05,29.99,normal
412.01,176.85,129.75,39.24,88.24,25.861,19.572,89.56,2692.4,42.65,29.31,0.000205,1.071,1.048,34.41,normal
414.57,178.66,129.83,38.34,89.81,25.903,19.807,90.16,2817.2,43.22,29.68,0.00017,1.144,1.007,28.93,normal
411.7,179.61,130.2,38.46,89.42,25.506,20.166,90.96,2739.7,40.97,30.78,0.000213,1.168,0.939,31.89,normal
408.32,178.97,131.07,39.58,88.19,25.66,19.787,91.13,2701.6,41.32,29.13,0.000211,1.153,0.951,31.61,normal
421.97,182.07,128.24,38.68,88.11,23.904,19.265,91.74,2811.8,37.83,26.68,0.000178,1.261,1.003,30.29,normal
421.04,179.75,130.88,39.65,88.95,24.431,20.147,91.02,2606.8,38.38,29.05,0.000187,1.117,1.017,30.65,normal
412.84,181.93,129.98,41.66,89.17,24.813,20.418,90.52,2789.0,38.89,31.69,0.000215,1.278,0.951,29.42,normal
402.42,180.09,128.73,38.62,90.37,26.449,20.534,89.92,2991.2,44.09,30.58,0.000233,1.186,1.026,26.05,normal
411.43,180.06,127.5,39.72,91.36,24.812,20.266,88.24,2897.2,39.2,30.08,0.000196,1.132,0.93,30.7,normal
407.06,179.87,129.84,42.13,90.67,25.447,20.409,88.45,2838.9,40.95,31.79,0.000228,1.095,0.893,30.86,normal
403.32,180.01,131.74,40.41,90.98,25.227,20.494,90.17,2647.2,41.1,29.64,0.000235,1.189,0.965,31.17,normal
404.79,182.58,132.01,39.63,89.65,25.214,20.04,92.65,2790.7,39.75,28.82,0.000239,1.165,1.055,30.13,normal
411.37,176.52,130.43,39.84,90.78,24.986,18.941,88.14,2511.5,41.48,27.83,0.000213,1.212,1.061,31.94,normal
419.34,177.0,132.35,40.43,89.81,24.28,20.58,89.54,2360.4,38.17,31.65,0.000173,1.177,0.936,28.27,normal
413.21,179.19,129.95,41.7,89.43,23.379,19.553,89.0,2523.6,33.62,27.21,0.000227,1.248,0.939,32.94,normal
413.46,180.02,131.14,39.47,92.47,25.769,19.435,89.6,2771.6,42.52,28.14,0.000194,1.193,1.03,28.02,normal
408.79,181.04,129.46,39.24,86.97,24.63,19.448,92.13,2786.0,38.01,28.67,0.000215,1.179,0.982,29.78,normal
410.66,180.71,129.38,38.62,87.56,23.88,21.242,91.95,2654.7,36.8,32.56,0.000181,1.249,1.055,31.36,normal
417.05,179.42,129.19,40.1,90.5,25.263,20.22,89.0,2821.1,40.61,29.44,0.000182,1.211,1.03,28.97,normal
414.38,181.53,127.53,38.59,89.66,25.251,19.479,90.4,3005.3,41.4,27.26,0.000179,1.239,1.037,31.5,normal
418.62,181.55,131.54,39.54,88.13,25.461,19.658,92.71,2812.5,42.0,29.76,0.00016,1.257,0.967,29.31,normal
413.33,180.28,129.23,39.09,88.63,25.669,20.0,90.89,2896.2,42.17,30.83,0.000182,1.185,1.018,30.24,normal
415.77,181.44,129.04,41.07,88.8,24.449,20.271,90.28,2837.2,40.34,31.34,0.000169,1.202,1.081,29.64,normal
412.57,180.41,128.58,39.49,91.16,24.475,20.14,89.17,2795.1,37.78,31.36,0.000217,1.242,1.006,28.85,normal
417.86,179.16,129.75,40.4,91.58,24.809,19.536,88.47,2671.4,40.82,29.78,0.000168,1.077,0.998,34.5,normal
422.27,181.05,132.12,38.4,92.13,25.493,20.159,91.3,2789.7,42.82,29.22,0.00018,1.195,0.983,28.32,normal
408.09,180.17,132.51,40.13,87.93,23.738,19.694,92.31,2507.8,36.78,29.98,0.0002,1.189,0.936,25.43,normal
408.51,180.0,128.01,38.8,88.22,25.077,20.523,90.49,2841.6,40.68,31.52,0.000254,1.219,0.956,28.39,normal
414.17,182.21,129.57,39.57,88.13,25.559,20.028,92.02,2933.2,42.58,31.6,0.000179,1.16,0.964,30.26,normal
419.54,176.32,128.76,42.21,91.68,25.535,19.62,85.59,2731.7,41.24,31.69,0.000159,1.255,0.934,29.25,normal
421.37,177.87,131.19,40.93,90.54,25.425,20.344,88.78,2606.6,40.73,30.78,0.000161,1.163,0.938,32.04,normal
421.13,178.22,130.34,39.87,90.1,25.638,20.192,89.29,2680.0,41.4,30.28,0.000174,1.177,0.902,31.96,normal
420.22,179.46,129.24,43.2,90.3,23.352,19.763,87.59,2564.0,35.67,29.06,0.00018,1.167,0.969,29.36,normal
405.3,179.62,130.09,39.08,89.93,25.968,20.365,90.35,2843.2,42.36,31.05,0.000269,1.261,1.027,26.64,normal
406.86,177.74,129.43,41.17,88.54,25.198,20.315,88.73,2664.0,39.85,31.04,0.000229,1.096,0.987,27.43,normal
421.44,178.52,131.94,38.47,90.67,25.801,20.601,90.63,2648.3,41.3,33.75,0.000191,1.289,0.988,29.94,normal
405.77,178.71,130.66,39.76,89.76,24.295,20.355,89.92,2637.7,37.01,31.08,0.000256,1.274,1.031,26.87,normal
403.96,183.69,130.8,38.65,88.44,23.948,19.893,93.69,2739.0,36.38,29.37,0.000182,1.172,1.068,29.26,normal
414.93,182.7,126.8,40.26,90.75,26.072,19.155,89.22,3194.3,42.52,27.77,0.000188,1.251,1.091,32.84,normal
413.58,179.38,129.92,40.06,89.45,24.444,20.093,89.9,2661.8,38.52,29.59,0.000186,1.207,1.006,30.69,normal
406.24,179.45,132.5,39.69,90.3,24.813,20.171,90.97,2510.3,38.69,29.12,0.000231,1.283,0.989,30.09,normal
415.59,178.28,131.59,41.09,89.84,25.316,20.026,89.47,2615.7,41.41,29.95,0.000198,1.248,0.983,27.92,normal
406.35,177.14,127.78,39.43,91.16,25.464,18.495,87.16,2791.7,43.31,27.93,0.000245,1.31,1.024,30.36,normal
407.77,179.82,129.62,40.33,90.29,25.647,20.339,89.42,2790.9,43.13,31.63,0.000213,1.122,0.994,29.48,normal
414.1,178.5,128.56,40.82,88.85,25.134,19.544,88.69,2759.3,39.33,28.4,0.000227,1.21,0.994,30.48,normal
417.04,179.87,132.05,38.52,90.42,24.367,20.343,91.48,2569.0,37.9,31.21,0.000146,1.114,0.997,31.45,normal
416.15,177.6,130.29,39.25,90.46,25.424,20.85,89.08,2663.2,39.96,34.35,0.000149,1.174,0.962,31.8,normal
417.04,178.86,129.08,40.05,90.66,25.434,19.874,88.61,2865.4,41.45,29.82,0.00015,1.312,0.907,30.26,normal
416.66,180.22,130.04,40.63,91.35,23.911,20.219,89.14,2617.5,37.17,29.88,0.000187,1.223,0.973,31.02,normal
422.17,180.55,126.87,41.42,89.2,25.851,20.016,88.37,3068.9,42.66,30.1,0.000154,1.249,1.058,28.98,normal
403.19,180.63,128.7,39.78,90.87,23.508,20.263,89.34,2681.7,34.76,31.23,0.000237,1.226,1.056,32.27,normal
411.32,178.02,130.04,39.68,87.76,25.621,20.052,90.31,2695.2,41.16,30.47,0.000194,1.223,1.038,28.23,normal
409.55,181.28,131.01,39.13,89.84,24.62,19.742,91.66,2723.1,39.87,30.47,0.000218,1.174,0.98,29.59,normal
410.94,178.8,127.67,40.33,89.64,25.423,19.548,88.25,2872.0,41.62,28.87,0.000185,1.165,0.968,32.47,normal
411.7,180.95,129.54,39.7,91.88,25.306,20.795,89.45,2862.3,40.02,30.31,0.000225,1.173,1.065,29.04,normal
429.25,179.98,131.21,39.73,89.8,24.978,20.219,90.83,2688.4,38.65,30.97,0.000141,1.063,0.957,27.32,normal
412.22,177.94,128.26,39.91,90.79,25.271,20.415,87.75,2759.4,40.71,31.45,0.000199,1.196,1.002,29.18,normal
411.53,179.53,130.28,40.55,87.71,24.948,20.2,90.77,2675.1,39.73,30.81,0.000215,1.212,1.068,32.78,normal
410.15,180.55,130.08,39.44,89.54,25.428,20.488,90.82,2848.1,39.96,30.65,0.000218,1.169,1.005,25.46,normal
419.79,180.92,132.06,39.23,88.9,26.311,19.552,92.42,2859.2,43.55,30.4,0.00019,1.193,0.988,30.2,normal
429.39,179.79,129.72,40.43,93.22,24.195,20.042,87.92,2694.4,37.23,29.24,0.000149,1.226,1.046,28.73,normal
406.15,182.3,129.79,36.97,89.13,23.087,20.253,92.99,2687.0,34.07,29.9,0.00023,1.244,1.003,29.66,normal
414.83,181.51,131.03,39.4,90.1,24.751,20.646,91.52,2725.7,38.86,31.58,0.000188,1.14,1.008,29.3,normal
417.69,179.62,128.41,38.85,90.16,24.71,21.337,89.51,2755.0,39.44,34.77,0.000191,1.16,1.061,31.92,normal
403.02,181.13,129.73,41.2,87.93,24.773,20.204,90.84,2828.3,39.44,31.65,0.000267,1.238,0.898,30.11,normal
408.54,182.9,129.45,39.56,89.32,24.444,19.669,91.73,2838.1,39.67,29.63,0.000203,1.229,1.014,32.02,normal
408.12,182.94,129.83,39.44,90.53,25.523,19.402,91.4,2961.5,41.72,29.12,0.000184,1.267,0.969,32.57,normal
413.28,178.16,131.02,39.95,90.11,24.171,19.548,89.55,2571.1,38.45,27.75,0.000183,1.265,0.992,30.06,normal
410.72,178.61,130.66,39.4,87.01,25.27,19.613,91.43,2680.8,39.46,27.6,0.000219,1.321,1.005,29.28,normal
415.35,182.23,129.1,39.6,89.26,25.383,18.549,91.22,2971.5,41.26,25.9,0.000175,1.185,0.973,30.75,normal
405.87,178.41,130.16,40.1,91.33,25.19,19.662,88.57,2618.3,40.18,29.8,0.000215,1.279,1.009,31.14,normal
404.81,178.02,131.79,39.58,90.76,25.292,20.358,89.71,2552.1,41.57,31.7,0.000233,1.154,1.015,27.69,normal
420.46,179.27,129.0,39.57,91.58,25.57,20.038,88.56,2852.8,41.91,29.41,0.000197,1.32,1.008,30.47,normal
403.18,180.63,130.17,38.99,88.72,25.032,19.871,91.55,2734.2,41.67,28.87,0.00023,1.223,1.004,29.49,normal
411.78,179.85,129.77,38.85,91.67,24.792,19.189,89.54,2743.5,38.47,28.78,0.000198,1.227,0.995,29.16,normal
414.17,179.02,129.92,40.06,89.94,25.292,20.525,89.47,2690.5,40.13,31.59,0.000179,1.249,0.996,28.62,normal
429.2,178.99,128.04,40.31,92.07,25.36,20.256,87.33,2823.7,41.38,29.04,0.00015,1.132,1.003,28.75,normal
405.39,178.93,131.69,38.57,90.0,25.534,19.994,91.01,2606.4,41.42,29.08,0.000208,1.146,0.962,32.51,normal
408.04,178.68,129.07,40.76,87.34,23.973,18.899,89.82,2619.3,36.15,27.48,0.000209,1.206,1.051,29.27,normal
407.99,183.42,131.23,40.76,91.1,24.89,19.755,91.39,2806.9,40.06,28.39,0.000229,1.217,0.996,32.29,normal
408.89,180.45,129.25,40.97,89.42,24.361,20.217,89.64,2741.1,37.68,29.8,0.000227,1.304,0.984,30.26,normal
406.87,181.33,129.25,40.3,89.51,25.337,19.986,90.38,2922.2,41.43,29.2,0.000262,1.153,1.016,27.73,normal
419.76,179.27,131.46,40.64,88.11,25.436,20.096,90.99,2681.4,39.56,30.96,0.000183,1.277,0.995,30.38,normal
408.06,179.72,131.19,42.19,92.11,24.835,20.343,88.31,2665.4,39.23,30.92,0.000211,1.187,1.05,27.62,normal
417.49,178.93,130.25,39.7,89.32,24.562,20.077,90.08,2637.3,38.91,31.55,0.000179,1.186,1.036,31.21,normal
407.3,176.02,130.91,38.95,92.05,25.358,20.325,87.91,2513.8,41.21,30.54,0.000228,1.192,1.004,29.58,normal
415.66,177.93,129.65,38.47,89.44,24.92,19.578,89.83,2644.8,40.47,28.7,0.000172,1.185,1.038,31.71,normal
412.14,177.28,129.99,41.76,88.79,25.856,19.389,88.36,2699.0,42.25,28.64,0.000227,1.224,1.009,32.87,normal
417.51,176.63,129.21,41.77,91.72,26.064,20.239,86.17,2686.3,43.56,30.15,0.000178,1.18,0.954,26.53,normal
415.19,178.21,131.08,39.08,89.9,25.6,20.341,90.14,2642.1,41.68,29.65,0.000223,1.129,1.036,29.08,normal
408.52,181.99,129.17,39.27,89.92,25.14,20.259,90.98,2982.3,41.14,30.42,0.000236,1.187,0.924,27.58,normal
424.5,179.93,131.78,39.68,88.33,26.095,20.066,91.85,2778.9,41.67,29.58,0.000153,1.223,0.859,34.32,normal
408.84,181.94,129.62,41.22,89.41,25.144,19.838,90.45,2931.4,37.81,29.46,0.00016,1.13,1.028,29.12,normal
411.86,180.62,130.02,38.71,90.56,24.712,20.105,90.68,2760.8,40.43,29.81,0.000207,1.229,1.018,27.37,normal
413.77,181.17,130.91,38.03,88.31,24.595,20.19,92.87,2697.7,38.27,30.87,0.000204,1.259,1.015,34.48,normal
416.3,178.65,130.03,42.17,89.3,24.578,20.22,88.6,2619.8,37.09,30.31,0.000191,1.274,1.056,28.55,normal
421.34,180.79,129.64,40.31,89.45,24.996,21.304,90.33,2760.2,39.83,32.32,0.000186,1.217,0.999,26.76,normal
419.6,181.09,129.96,40.45,90.09,25.278,19.54,90.26,2884.6,40.29,28.27,0.000174,1.11,0.985,27.68,normal
406.17,179.14,131.07,39.79,91.92,24.151,21.613,89.23,2580.5,37.96,33.53,0.00021,1.232,1.032,30.29,normal
419.86,180.84,129.2,40.47,89.61,24.731,19.372,89.98,2784.2,39.72,29.86,0.000171,1.248,0.971,30.09,normal
414.2,180.85,129.85,38.49,89.1,25.128,20.193,91.55,2842.3,39.95,30.56,0.000211,1.165,0.99,28.33,normal
413.23,179.18,130.01,39.16,93.57,25.386,19.403,88.2,2766.0,42.05,28.94,0.000183,1.196,1.01,29.03,normal
413.24,178.32,131.04,40.11,89.44,24.984,20.153,89.9,2601.0,38.74,30.34,0.000187,1.224,1.013,30.11,normal
409.74,178.22,129.88,37.73,89.75,25.147,20.491,90.3,2688.8,38.07,32.81,0.000236,1.289,0.987,32.65,normal
407.91,180.13,132.17,39.7,89.53,24.257,20.016,91.53,2576.5,38.03,29.04,0.000229,1.187,0.98,30.67,normal
422.26,180.49,129.81,39.64,89.64,24.453,20.487,90.51,2737.9,38.18,30.69,0.00017,1.245,0.955,28.87,normal
417.98,178.81,129.71,39.7,90.1,24.963,19.788,89.36,2700.9,38.0,30.32,0.000174,1.216,0.969,29.54,normal
400.06,180.04,129.79,39.45,91.2,25.306,18.975,89.59,2799.9,41.5,26.88,0.000223,1.21,1.073,31.54,normal
420.43,180.86,128.42,39.0,90.53,25.139,20.313,89.87,2883.0,38.7,30.25,0.000157,1.267,0.989,33.36,normal
403.84,180.93,128.76,38.18,91.4,24.491,20.015,90.05,2838.2,38.43,29.59,0.000244,1.158,1.008,27.79,normal
414.51,182.33,129.36,40.14,91.36,24.858,19.76,90.09,2956.0,40.36,30.9,0.000204,1.212,0.94,32.23,normal
417.41,181.92,131.36,39.7,90.27,25.907,19.795,91.65,2847.7,42.91,31.08,0.000183,1.201,1.103,29.37,normal
408.92,178.5,129.96,38.62,90.49,25.327,20.203,89.66,2705.5,41.15,30.88,0.0002,1.125,0.966,26.75,normal
406.69,182.53,129.42,40.06,91.44,24.902,19.593,90.22,2889.9,39.25,29.07,0.000241,1.262,0.953,26.36,normal
426.08,179.2,131.47,39.71,88.56,24.384,20.188,91.21,2577.1,38.41,31.14,0.000136,1.241,0.998,32.67,normal
409.34,181.57,131.86,39.54,93.25,24.572,20.594,90.31,2699.8,39.28,31.94,0.000231,1.202,0.964,32.91,normal
410.63,180.1,131.51,37.84,89.33,25.004,21.03,92.21,2677.2,39.37,32.98,0.000236,1.187,1.015,28.86,normal
410.3,179.38,128.98,40.68,89.54,25.166,20.702,89.06,2772.9,39.35,31.56,0.00019,1.2,0.94,29.58,normal
412.48,177.29,129.41,38.77,88.42,25.339,20.081,89.75,2655.1,41.77,29.73,0.000198,1.235,1.045,26.44,normal
403.13,179.74,132.18,40.06,88.46,25.233,20.129,91.7,2617.7,42.52,30.75,0.000204,1.203,1.038,31.52,normal
413.75,177.66,130.29,39.19,91.27,24.778,19.8,88.73,2530.6,40.86,29.57,0.000222,1.167,0.995,29.94,normal
417.0,181.45,129.68,39.61,92.95,24.693,19.767,89.28,2849.4,36.49,30.55,0.000178,1.174,0.934,26.9,normal
412.47,182.28,130.86,41.15,89.26,26.228,20.436,91.35,2986.7,44.86,30.98,0.0002,1.199,0.968,30.41,normal
412.84,178.8,131.21,40.53,90.45,24.666,19.846,89.51,2621.5,38.41,28.85,0.000197,1.153,1.003,27.22,normal
411.32,180.45,129.31,41.13,90.29,24.225,20.183,89.17,2715.0,39.6,29.33,0.00022,1.217,0.952,31.11,normal
403.77,178.91,130.26,40.33,91.3,24.017,19.519,88.77,2585.1,36.17,28.1,0.00028,1.16,0.958,27.83,normal
415.47,179.06,131.11,40.4,92.88,24.788,20.685,88.42,2589.2,38.26,30.72,0.000178,1.152,1.042,30.67,normal
414.08,181.16,128.61,38.22,91.98,25.564,19.839,89.79,2938.6,41.59,30.48,0.000202,1.36,1.006,28.69,normal
418.36,179.94,130.01,39.68,89.69,24.654,20.544,90.29,2769.5,38.61,31.14,0.000177,1.297,1.005,25.27,normal
406.56,182.61,128.66,39.78,90.69,25.887,19.648,90.4,3061.1,42.24,28.44,0.000185,1.207,1.021,31.99,normal
415.59,179.28,128.82,41.22,90.82,24.996,19.622,88.03,2803.1,40.93,29.37,0.000168,1.243,0.993,32.1,normal
422.56,181.5,129.32,39.49,89.97,25.666,20.664,90.68,2953.6,43.17,33.38,0.000154,1.251,0.998,28.96,normal
411.82,180.15,130.57,40.26,88.58,24.545,19.687,90.94,2635.1,37.76,28.82,0.000235,1.196,1.018,30.55,normal
416.47,181.19,129.61,40.23,88.96,24.555,19.216,90.8,2782.3,40.37,27.01,0.000211,1.214,1.032,30.88,normal
407.47,179.33,129.22,41.16,91.49,25.055,19.48,87.95,2773.3,38.93,28.29,0.000203,1.187,1.02,30.94,normal
421.36,179.93,130.06,39.87,91.63,25.29,20.428,89.24,2795.6,40.23,29.68,0.000174,1.263,1.058,33.45,normal
417.36,179.83,128.62,40.83,89.73,24.893,20.38,88.94,2750.5,42.22,31.45,0.000198,1.263,1.001,30.83,normal
420.49,178.75,130.51,38.3,90.34,25.175,19.619,90.3,2642.4,40.88,29.44,0.000165,1.278,0.946,29.28,normal
404.9,180.99,131.36,38.39,91.56,25.353,19.684,91.19,2777.8,40.37,28.8,0.000199,1.213,1.044,30.86,normal
409.0,180.98,129.9,37.72,87.78,24.148,20.337,92.69,2684.9,37.84,30.02,0.00021,1.308,0.99,29.14,normal
416.07,180.89,129.76,40.79,89.42,24.795,20.658,90.21,2825.9,40.12,33.72,0.000184,1.196,0.969,27.87,normal
415.81,182.31,130.45,40.67,92.62,24.689,19.966,89.73,2814.8,39.45,28.92,0.000177,1.302,1.028,32.44,normal
406.7,182.17,127.57,40.9,90.39,24.718,20.277,89.2,2984.2,40.47,30.15,0.000185,1.177,1.015,31.07,normal
407.67,179.44,130.64,39.32,88.53,25.244,20.437,91.11,2748.7,39.84,31.22,0.000224,1.135,0.949,26.28,normal
408.09,180.56,133.72,39.44,90.15,24.697,21.077,92.33,2508.4,38.48,33.66,0.000206,1.301,1.027,28.63,normal
423.59,179.06,129.85,39.88,91.33,23.797,19.422,88.85,2590.3,35.71,28.34,0.000152,1.233,1.075,31.52,normal
411.1,180.04,129.86,41.44,86.69,24.858,19.666,90.86,2748.2,38.76,29.13,0.000222,1.226,1.013,26.87,normal
412.18,179.1,130.89,41.69,90.23,24.361,19.747,89.03,2588.7,38.22,29.81,0.000216,1.182,0.99,28.49,normal
410.41,182.43,131.97,40.79,89.52,25.298,20.414,92.04,2801.4,39.8,33.69,0.000206,1.158,0.933,35.32,normal
404.68,180.55,131.17,40.33,87.87,25.483,19.874,91.76,2772.9,41.69,29.2,0.000249,1.162,1.082,29.34,normal
412.39,179.67,127.41,41.34,90.11,23.695,20.156,87.81,2636.5,36.95,30.01,0.000201,1.207,0.979,32.17,normal
414.31,181.79,130.68,39.74,89.82,24.535,20.061,91.45,2796.4,37.45,30.08,0.000213,1.192,0.944,33.0,normal
408.32,176.74,133.09,39.61,89.97,25.212,20.001,90.08,2381.5,39.98,30.55,0.000214,1.103,1.004,28.18,normal
405.38,176.98,130.75,39.87,89.55,24.155,20.054,89.14,2510.0,37.09,32.17,0.000226,1.285,1.04,30.53,normal
417.83,181.19,128.61,39.02,88.67,25.47,20.515,91.05,2917.7,41.14,31.32,0.000193,1.179,1.049,34.12,normal
419.45,180.09,130.34,39.82,88.11,25.63,19.515,91.25,2775.5,41.67,29.15,0.000181,1.262,0.973,30.92,normal
409.79,180.38,128.46,38.88,89.1,24.903,19.926,90.42,2856.2,40.63,28.07,0.000229,1.165,0.996,34.73,normal
414.5,178.01,131.48,41.03,91.12,24.536,19.392,88.66,2519.8,39.65,28.43,0.000228,1.208,1.0,28.73,normal
414.78,179.97,128.85,40.54,90.3,23.614,20.113,88.98,2668.8,35.29,30.3,0.000238,1.249,1.039,33.59,normal
415.65,183.01,130.09,41.43,89.91,25.488,19.902,90.86,2978.1,42.11,30.55,0.000212,1.242,1.024,30.03,normal
418.46,181.24,128.97,38.37,88.65,26.202,20.535,91.59,3008.5,44.9,31.05,0.000151,1.187,1.011,29.35,normal
415.33,180.25,129.34,41.9,89.51,26.077,19.998,89.08,2909.7,44.37,29.02,0.000205,1.225,1.037,31.28,normal
413.11,179.34,131.78,38.43,90.96,24.883,19.778,90.85,2620.9,39.87,29.59,0.000201,1.234,0.946,29.78,normal
404.4,179.41,130.12,38.8,90.66,24.344,19.877,90.03,2618.8,38.08,28.42,0.000237,1.193,1.017,29.83,normal
404.54,176.81,129.33,39.38,89.38,25.503,20.862,88.68,2667.3,40.06,31.72,0.000232,1.144,1.009,30.97,normal
410.81,180.39,128.63,41.31,86.61,24.924,19.215,90.51,2787.3,39.37,27.96,0.000218,1.169,0.998,26.38,normal
426.99,181.27,127.75,40.23,89.12,25.287,19.686,89.82,2984.7,39.34,27.24,0.000138,1.181,0.99,28.4,normal
422.62,177.64,128.5,39.76,89.37,25.182,20.018,88.5,2725.2,41.66,29.84,0.000175,1.201,1.005,31.45,normal
417.41,179.01,130.13,39.21,88.82,25.056,19.682,90.56,2692.8,39.9,30.41,0.000189,1.28,0.977,31.98,normal
416.89,178.26,131.18,38.62,89.46,25.617,20.245,90.66,2704.9,41.71,29.38,0.00019,1.245,1.109,30.71,normal
411.17,178.55,129.33,41.13,91.06,25.639,19.972,87.84,2821.4,41.24,29.38,0.000205,1.159,1.054,30.55,normal
406.28,180.08,131.88,40.8,89.95,24.686,20.128,90.61,2644.9,37.69,30.82,0.000244,1.292,1.044,30.8,normal
402.92,176.87,129.14,41.35,91.29,24.446,20.059,86.68,2594.0,39.13,30.81,0.000223,1.196,0.979,31.92,normal
419.86,180.92,129.71,40.4,88.04,23.501,19.948,91.09,2650.6,36.29,29.91,0.000172,1.234,0.962,27.15,normal
418.85,181.13,128.7,37.36,89.6,24.792,19.355,91.44,2868.7,40.34,28.13,0.000175,1.153,0.992,28.98,normal
425.25,179.62,131.19,38.76,87.48,24.344,20.088,92.29,2607.0,36.38,31.56,0.000172,1.177,1.005,29.85,normal
413.28,176.28,132.52,40.46,89.45,25.252,19.118,89.42,2449.2,42.05,27.83,0.000196,1.252,0.942,30.39,normal
413.53,178.51,127.89,39.63,88.64,24.798,19.664,89.06,2763.8,39.3,28.25,0.000224,1.156,1.019,25.78,normal
406.08,181.85,129.58,39.44,91.67,24.864,20.245,90.16,2875.1,40.39,30.76,0.000229,1.203,1.043,27.49,normal
421.56,175.83,131.52,38.9,90.53,25.487,20.595,88.91,2486.8,38.78,31.52,0.000189,1.224,0.911,29.97,normal
418.8,179.48,128.26,40.95,91.32,25.238,21.175,87.74,2856.3,41.1,32.9,0.000199,1.149,0.964,32.03,normal
408.99,178.23,130.68,40.46,89.44,24.93,19.786,89.5,2635.5,39.73,28.08,0.00025,1.111,1.049,29.16,normal
420.82,181.21,131.47,40.5,88.67,26.012,19.567,91.75,2826.8,42.74,28.84,0.000155,1.245,1.015,28.67,normal
408.72,178.99,130.09,39.37,88.63,25.443,20.261,90.54,2740.7,41.19,31.17,0.000219,1.343,0.965,31.06,normal
408.67,180.61,130.66,40.18,90.35,24.75,20.935,90.37,2721.9,38.69,33.17,0.000216,1.223,1.029,29.34,normal
410.48,180.85,132.11,38.66,92.35,24.777,20.766,90.95,2626.0,37.95,32.11,0.000191,1.233,0.976,31.76,normal
414.81,182.75,132.34,39.87,90.54,25.473,19.482,92.34,2867.1,40.11,28.65,0.000199,1.156,0.991,29.56,normal
409.71,179.7,129.93,37.47,89.51,25.122,19.93,91.31,2725.9,40.38,29.36,0.000213,1.273,0.954,27.77,normal
415.89,180.56,129.36,38.43,89.75,24.327,20.425,90.87,2783.4,39.39,31.93,0.000191,1.181,1.001,32.84,normal
416.81,177.77,128.9,39.68,89.96,25.537,20.46,88.51,2705.7,42.67,30.3,0.000181,1.258,1.041,32.47,normal
412.23,181.79,131.17,42.38,92.63,25.754,20.296,88.97,2822.8,42.43,30.39,0.000179,1.23,0.981,28.09,normal
407.78,178.86,128.35,38.2,91.6,25.709,19.776,88.7,2846.5,41.58,28.75,0.000256,1.232,1.026,30.79,normal
415.49,179.16,129.7,38.76,90.34,25.926,20.291,89.88,2833.1,44.77,30.7,0.000187,1.23,0.998,29.35,normal
415.27,179.97,130.12,40.22,90.14,26.242,20.465,89.87,2889.3,44.33,32.32,0.000206,1.228,1.043,31.24,normal
404.21,177.66,129.4,41.77,90.39,26.038,19.534,87.45,2803.3,43.63,27.8,0.000224,1.214,0.981,28.25,normal
410.87,180.34,130.34,40.2,90.64,25.204,20.665,89.92,2749.8,39.26,32.04,0.000194,1.248,1.062,31.74,normal
411.09,181.45,133.08,40.7,89.46,24.875,20.496,92.18,2675.0,39.9,31.59,0.000201,1.164,1.027,32.39,normal
411.26,180.44,129.85,39.66,88.9,23.902,19.629,90.86,2610.3,35.66,28.23,0.000215,1.188,1.01,28.11,normal
416.81,177.62,129.48,39.49,91.34,25.007,20.462,88.12,2619.3,42.1,31.11,0.000175,1.273,1.011,30.14,normal
426.31,179.81,131.22,40.08,90.03,25.311,20.407,90.46,2698.2,40.06,30.39,0.000154,1.209,0.981,32.43,normal
420.75,181.11,130.29,39.34,91.23,25.026,20.426,90.41,2765.3,39.47,31.24,0.000178,1.184,0.979,28.0,normal
401.27,177.18,131.73,40.72,92.14,23.867,20.788,87.99,2403.2,36.15,32.07,0.000252,1.252,1.01,28.66,normal
427.59,178.39,130.2,38.39,90.68,24.828,19.995,89.74,2612.7,39.14,31.19,0.000183,1.242,0.952,31.32,normal
411.84,181.31,129.7,40.89,90.47,25.387,20.166,89.83,2912.8,41.79,29.84,0.000204,1.135,0.976,29.68,normal
424.9,180.41,127.86,40.04,94.16,24.384,18.681,87.03,2844.9,38.25,26.39,0.00016,1.236,0.963,26.85,normal
404.96,180.62,128.06,39.79,90.27,25.099,20.558,89.31,2882.1,40.33,31.22,0.00024,1.207,1.023,29.36,normal
416.89,182.79,127.8,38.36,88.58,25.259,20.51,91.8,3045.3,41.47,32.48,0.000191,1.236,1.023,33.49,normal
418.98,180.7,130.46,39.02,89.63,25.671,20.678,91.25,2835.1,40.44,31.46,0.000186,1.201,1.051,34.13,normal
407.51,180.99,128.37,41.2,92.02,26.028,19.532,88.07,3053.8,43.76,28.03,0.000196,1.223,0.987,28.73,normal
407.37,184.07,131.51,39.79,88.32,24.773,20.481,93.72,2836.3,39.48,30.69,0.000275,1.108,0.968,28.17,normal
407.47,179.68,130.04,40.28,89.02,25.11,20.509,90.21,2671.2,39.62,30.76,0.000213,1.155,0.941,29.08,normal
412.25,178.8,129.71,39.12,91.44,25.129,19.675,88.97,2701.5,40.5,28.66,0.000195,1.237,1.011,33.6,normal
425.71,180.64,128.99,39.97,89.65,25.39,20.528,90.0,2857.7,41.24,30.76,0.000114,1.331,1.056,31.68,normal
403.77,180.66,130.75,38.63,89.86,25.322,20.232,91.46,2734.6,38.31,30.64,0.000241,1.218,0.997,32.93,normal
414.35,179.21,129.03,40.1,91.4,25.855,19.151,88.37,2852.9,43.87,26.71,0.000179,1.165,1.001,32.0,normal
412.47,178.45,128.82,40.37,89.07,23.601,20.292,88.91,2541.9,37.27,31.25,0.000174,1.207,1.0,27.36,normal
419.83,183.46,131.43,40.32,88.09,25.251,19.616,93.22,2901.0,39.42,29.01,0.000177,1.155,1.01,28.1,normal
405.95,180.49,130.43,39.1,88.19,25.292,19.162,91.81,2749.7,40.09,29.07,0.000244,1.262,1.04,28.61,normal
412.51,178.9,129.72,39.66,90.76,24.859,20.183,89.1,2778.4,40.95,30.87,0.000199,1.202,1.077,28.96,normal
424.84,181.37,130.77,40.54,90.34,23.642,19.967,90.63,2663.8,36.84,30.2,0.000154,1.253,1.02,28.64,normal
420.96,179.84,130.01,39.79,89.1,24.963,20.702,90.48,2714.4,40.28,33.53,0.000194,1.192,1.023,28.88,normal
410.9,179.62,130.46,39.71,88.49,24.574,20.091,90.94,2634.6,39.22,30.59,0.000175,1.257,0.99,31.28,normal
417.51,180.84,129.02,41.9,89.65,26.007,20.389,89.14,2959.4,43.32,30.89,0.000211,1.119,0.996,30.27,normal
414.74,178.06,132.48,39.05,91.45,25.225,20.254,89.98,2551.4,39.59,30.0,0.000188,1.201,0.995,32.44,normal
415.62,180.53,129.3,41.08,88.91,24.523,20.51,89.91,2750.1,38.07,32.55,0.000153,1.227,0.985,30.5,normal
414.92,182.87,131.87,38.85,89.14,23.768,19.557,93.38,2632.1,37.52,28.01,0.000198,1.187,1.005,28.65,normal
412.67,180.7,129.77,40.65,88.45,25.354,20.099,90.67,2797.1,41.68,29.36,0.000198,1.218,1.025,30.38,normal
422.8,179.44,130.97,40.71,89.52,25.418,19.93,90.09,2709.7,41.49,28.9,0.000162,1.217,1.003,26.98,normal
423.7,179.24,130.88,39.49,90.44,24.871,20.327,90.09,2624.2,38.98,30.29,0.000141,1.252,0.989,25.38,normal
412.83,179.38,131.38,38.78,92.75,25.362,20.128,89.58,2687.2,42.04,30.38,0.000208,1.231,1.005,31.29,normal
412.54,179.62,128.99,38.03,90.28,24.791,19.693,90.15,2697.5,38.43,28.97,0.000192,1.22,0.962,32.04,normal
409.83,179.43,131.29,39.38,89.93,25.64,19.831,90.7,2729.8,43.34,29.97,0.000194,1.244,1.032,30.14,normal
412.03,181.37,132.22,40.53,91.12,25.596,20.824,90.97,2758.5,41.01,31.39,0.000222,1.132,0.983,29.22,normal
420.9,177.4,129.69,38.92,90.91,24.017,19.153,88.61,2468.2,36.34,27.05,0.000142,1.162,0.954,27.32,normal
414.15,181.29,130.04,40.1,89.25,24.163,20.355,90.99,2735.3,37.65,31.09,0.000202,1.131,1.018,32.33,normal
415.43,179.43,129.37,38.52,92.99,26.219,20.621,88.62,2902.4,43.79,30.93,0.00022,1.227,1.02,30.99,normal
413.14,180.57,129.58,39.77,89.97,25.559,20.289,90.21,2842.5,41.72,29.7,0.000195,1.221,0.966,30.58,normal
423.01,178.31,132.05,38.85,90.31,24.243,20.986,90.58,2486.4,36.52,31.49,0.000158,1.269,1.025,29.99,normal
416.13,181.99,128.79,39.92,90.72,24.058,20.469,90.07,2774.6,37.75,31.24,0.00018,1.218,1.025,29.06,normal
413.71,181.87,128.87,39.5,90.45,25.125,20.192,90.39,2860.6,41.34,30.47,0.000186,1.168,1.079,27.77,normal
414.83,181.44,131.93,38.81,91.98,24.315,19.767,91.28,2643.1,37.97,29.28,0.000153,1.207,0.991,30.51,normal
410.8,177.73,130.75,39.34,89.23,24.81,20.201,89.94,2537.6,37.91,31.52,0.000211,1.106,0.998,28.92,normal
412.17,181.24,132.54,39.07,91.02,24.972,20.341,91.84,2638.0,39.71,31.17,0.0002,1.18,0.976,29.15,normal
412.67,180.61,129.46,38.69,90.21,24.946,20.002,90.58,2824.1,38.71,30.0,0.000181,1.083,1.02,33.44,normal
399.73,177.59,130.15,41.08,91.28,25.676,19.629,87.68,2686.2,40.04,30.08,0.00023,1.216,1.0,29.9,normal
408.85,179.96,129.21,39.64,89.72,26.101,19.398,89.9,2963.7,42.68,29.17,0.000184,1.186,1.04,25.09,normal
412.55,180.55,130.17,37.8,89.54,24.713,20.093,91.69,2751.3,40.8,29.67,0.000244,1.193,0.983,28.93,normal
414.37,180.83,127.87,39.38,90.95,24.322,19.26,89.19,2850.5,37.98,28.7,0.000192,1.153,1.019,28.0,normal
412.04,180.27,130.82,40.91,90.47,25.233,19.764,89.85,2718.6,40.4,30.78,0.000171,1.167,0.99,29.72,normal
415.22,180.44,130.39,39.24,88.93,25.979,18.784,91.33,2796.3,43.57,28.22,0.000172,1.235,0.926,27.15,normal
412.42,182.21,129.93,41.5,91.75,24.758,20.417,89.44,2906.9,39.92,31.92,0.000203,1.128,1.025,30.87,normal
420.19,181.84,129.53,39.14,90.95,25.51,20.577,90.64,2950.4,40.02,31.89,0.000168,1.225,0.93,29.41,normal
411.17,175.7,128.93,40.5,89.9,24.498,20.039,87.1,2569.0,40.43,30.34,0.000204,1.159,0.994,29.05,normal
422.99,179.52,130.87,41.04,89.39,25.013,20.916,89.98,2641.7,40.23,33.68,0.000188,1.116,0.994,30.3,normal
423.29,179.75,128.59,40.45,90.47,24.303,20.674,88.71,2765.4,38.92,30.77,0.000187,1.261,1.0,29.85,normal
414.59,177.37,130.61,38.63,90.86,25.006,20.24,89.22,2581.0,39.42,31.66,0.000199,1.266,1.002,29.73,normal
406.31,180.14,132.49,39.06,87.93,24.93,19.943,92.82,2645.4,37.84,29.95,0.00023,1.173,1.001,29.55,normal
417.17,181.87,131.78,41.17,90.49,25.365,19.825,91.0,2812.6,40.94,28.79,0.000184,1.173,1.015,29.96,normal
406.59,178.37,128.19,39.2,90.85,26.067,20.281,88.26,2870.6,42.02,29.82,0.000206,1.187,0.996,30.69,normal
414.58,180.5,129.36,40.98,86.94,24.767,19.929,90.95,2795.3,40.5,28.45,0.000213,1.159,1.105,30.44,normal
419.81,178.63,130.51,39.57,90.26,23.8,20.274,89.65,2509.0,35.19,31.2,0.000164,1.168,0.986,32.25,normal
405.36,178.99,129.92,40.14,90.9,24.879,20.311,88.93,2711.2,39.68,32.38,0.000216,1.223,0.951,28.91,normal
406.38,182.22,128.32,38.61,90.76,25.18,19.885,90.58,2961.7,41.12,29.29,0.000224,1.304,0.944,30.48,normal
410.26,179.19,130.46,39.39,91.04,25.121,20.548,89.6,2671.7,40.77,30.81,0.000229,1.182,1.026,34.89,normal
411.93,180.69,129.99,39.12,89.57,24.906,19.886,90.99,2773.4,39.23,30.66,0.000167,1.251,0.936,29.92,normal
414.65,177.19,132.3,40.23,88.65,25.893,20.011,90.3,2575.9,40.83,30.12,0.000169,1.218,0.952,30.0,normal
411.26,182.79,129.7,40.09,87.66,25.082,19.511,92.34,2931.5,38.73,29.7,0.000198,1.116,0.946,27.47,normal
417.31,180.9,131.4,40.46,91.42,24.937,19.865,90.21,2706.0,39.06,28.85,0.000197,1.199,1.018,28.57,normal
419.6,179.73,128.48,39.51,90.91,24.533,21.079,88.89,2797.7,37.26,33.5,0.000201,1.192,1.053,29.79,normal
416.19,180.86,128.77,39.07,91.52,23.952,19.55,89.52,2762.9,36.96,30.25,0.000189,1.273,0.962,31.07,normal
399.26,177.89,130.87,40.18,89.06,25.198,20.219,89.75,2592.7,39.81,29.75,0.000206,1.275,1.017,31.3,normal
421.86,181.77,131.3,38.97,91.04,25.147,19.773,91.53,2761.1,39.13,29.13,0.000123,1.219,0.895,30.65,normal
423.49,179.51,128.85,41.08,88.05,24.364,18.893,89.61,2710.3,36.77,26.79,0.00022,1.261,0.97,31.61,normal
406.08,179.69,130.03,39.89,88.87,24.973,20.279,90.48,2710.0,38.33,31.36,0.000244,1.193,1.024,28.0,normal
405.27,179.26,128.34,39.67,90.16,24.914,19.722,88.88,2767.8,39.7,30.26,0.000183,1.256,0.988,30.98,normal
421.3,179.13,129.78,40.46,90.86,24.625,20.16,88.79,2695.9,38.19,29.89,0.000206,1.205,1.04,30.03,normal
399.08,181.04,131.0,39.92,92.18,24.524,20.495,89.97,2733.5,38.67,33.35,0.00025,1.255,0.911,30.25,normal
414.97,180.38,129.48,38.34,89.69,25.243,20.117,90.92,2825.3,40.63,30.36,0.000201,1.26,0.971,29.28,normal
406.7,180.98,129.7,38.94,88.87,24.865,20.164,91.43,2804.8,39.41,29.99,0.000209,1.236,1.018,28.09,normal
412.45,179.99,128.64,41.06,88.81,24.645,19.566,89.37,2761.6,39.63,29.98,0.000255,1.163,1.018,27.57,normal
397.02,180.77,129.22,40.08,89.11,24.483,20.353,90.4,2744.6,37.05,31.07,0.000261,1.179,1.021,30.64,normal
416.0,179.37,132.11,38.32,92.89,24.922,19.905,90.09,2615.2,40.43,29.44,0.000168,1.238,1.008,31.0,normal
419.15,183.34,130.09,40.35,90.98,25.555,19.001,91.04,2956.0,42.0,26.92,0.000188,1.245,0.954,29.74,normal
406.11,177.65,128.8,39.44,91.45,25.124,20.414,87.77,2681.5,40.16,32.81,0.000227,1.208,0.969,29.97,normal
412.26,181.89,129.62,39.13,89.69,24.858,20.566,91.35,2838.9,38.78,30.75,0.000215,1.184,1.093,28.56,normal
412.59,182.05,128.08,38.86,90.0,25.185,20.741,90.63,3003.0,40.57,32.93,0.000221,1.21,0.95,31.01,normal
427.41,178.72,128.78,41.0,90.91,25.819,21.085,87.8,2830.6,42.84,32.34,0.000121,1.186,0.943,30.12,normal
418.64,183.34,131.63,38.03,89.34,25.294,20.387,93.8,2860.5,39.45,30.55,0.000141,1.186,1.027,29.27,normal
400.77,181.49,129.83,39.16,89.62,25.156,20.257,91.27,2900.1,41.06,30.63,0.000254,1.298,0.958,31.73,normal
407.39,181.46,132.27,40.12,89.12,25.383,20.546,92.24,2795.7,42.85,31.86,0.000223,1.176,1.072,31.29,normal
413.39,180.04,129.89,41.58,89.42,24.905,19.557,89.46,2759.8,39.66,27.5,0.000211,1.225,1.109,26.93,normal
422.54,179.67,129.96,40.55,90.06,25.11,19.164,89.51,2750.8,41.62,27.35,0.000163,1.208,0.99,30.1,normal
415.8,179.69,130.77,39.15,88.93,24.707,19.761,91.18,2643.8,39.63,30.18,0.000188,1.139,1.012,28.08,normal
412.76,180.59,126.79,41.53,90.37,24.07,20.639,87.72,2848.0,37.62,32.57,0.000217,1.137,0.927,30.28,normal
413.67,182.1,130.25,38.64,90.37,25.206,19.669,91.67,2839.4,39.89,28.88,0.000159,1.196,1.041,23.7,normal
417.67,180.27,129.94,40.27,89.77,25.208,20.233,90.09,2820.9,40.26,29.69,0.000179,1.102,0.91,30.39,normal
410.67,178.63,131.78,40.49,88.92,24.827,20.287,90.5,2555.0,38.52,30.95,0.000211,1.292,0.946,31.42,normal
411.83,181.24,131.16,39.12,90.14,25.621,20.122,91.57,2802.2,42.75,31.0,0.000218,1.182,1.005,29.78,normal
418.55,181.38,128.64,40.7,89.34,24.567,19.361,89.97,2840.6,38.02,28.44,0.000184,1.178,1.022,27.67,normal
403.68,180.98,131.49,39.49,90.06,23.937,20.171,91.46,2627.5,38.75,31.59,0.000229,1.261,0.941,33.91,normal
407.6,181.12,129.69,40.7,91.43,24.582,19.789,89.34,2773.8,39.24,29.22,0.000228,1.193,0.978,32.31,normal
427.56,179.59,128.91,38.16,88.37,24.075,20.851,90.99,2660.6,37.77,31.28,0.000146,1.233,0.934,28.94,normal
405.85,178.61,130.24,40.33,92.83,25.203,20.568,87.83,2619.3,39.26,31.08,0.000249,1.171,0.987,29.48,normal
406.56,178.7,129.76,39.59,89.91,24.549,19.807,89.48,2640.8,39.38,29.48,0.000235,1.202,0.968,26.04,normal
406.92,177.55,131.85,41.15,90.54,25.591,20.883,88.84,2584.2,41.5,31.86,0.000206,1.248,0.975,30.95,normal
415.72,180.36,130.41,39.96,89.02,25.578,20.172,90.89,2795.9,41.12,30.05,0.000196,1.157,1.026,27.26,normal
403.29,179.87,130.25,41.25,91.48,24.445,19.164,88.69,2645.1,37.76,28.55,0.000224,1.226,1.011,31.33,normal
409.42,179.34,131.08,40.51,89.84,24.515,19.961,90.04,2569.0,37.37,29.24,0.000216,1.079,1.022,32.05,normal
412.27,175.57,131.31,39.87,89.49,25.321,20.818,88.73,2454.0,40.94,31.18,0.000192,1.263,0.995,29.86,normal
406.36,178.13,130.94,40.79,89.25,25.588,19.59,89.51,2623.0,41.54,29.55,0.000248,1.172,1.029,27.87,normal
421.5,181.68,131.7,40.79,89.65,23.792,19.966,91.47,2582.4,35.28,30.42,0.000137,1.196,0.999,32.5,normal
414.96,179.0,130.73,40.47,90.54,25.169,19.32,89.36,2658.6,41.0,27.36,0.00018,1.195,0.98,30.0,normal
406.92,180.54,130.2,37.71,90.22,23.681,19.399,91.4,2679.2,38.41,28.96,0.000213,1.151,1.023,30.19,normal
412.12,177.91,131.49,39.02,89.95,24.671,19.583,90.2,2589.9,37.63,27.98,0.000198,1.147,0.983,28.14,normal
410.16,182.16,129.89,41.38,89.08,25.656,19.386,90.78,2985.5,41.8,27.78,0.000221,1.226,0.987,30.39,normal
418.71,179.78,130.04,38.74,89.0,26.806,19.691,91.04,2952.9,47.01,28.29,0.000158,1.228,1.043,29.59,normal
412.9,180.44,132.07,40.88,89.4,24.857,20.869,91.11,2586.9,38.81,32.02,0.000192,1.156,1.039,27.34,normal
407.7,183.49,131.95,40.71,90.6,24.252,19.982,92.06,2830.3,38.31,30.4,0.000235,1.227,0.988,32.68,normal
424.63,182.27,129.99,39.27,90.86,24.692,20.393,91.06,2852.0,39.51,31.28,0.000155,1.228,1.035,33.52,normal
417.06,179.54,129.46,38.0,91.04,25.04,20.546,89.97,2726.0,40.77,30.84,0.000193,1.181,0.949,32.04,normal
410.4,179.11,131.76,39.43,90.0,24.598,19.446,90.71,2643.2,40.68,28.67,0.000184,1.135,0.988,31.74,normal
414.06,179.51,130.96,42.08,90.5,24.445,19.584,88.95,2608.1,36.63,29.19,0.000211,1.198,0.97,33.53,normal
416.32,180.76,130.38,39.14,89.78,24.744,20.383,91.11,2767.9,39.46,31.81,0.000212,1.218,1.0,27.91,normal
415.17,179.84,129.61,39.21,87.74,25.237,19.683,91.25,2779.4,40.19,29.44,0.000203,1.197,1.029,27.88,normal
404.68,179.41,130.4,39.0,89.72,24.898,20.35,90.54,2701.6,39.67,31.54,0.000191,1.17,1.022,29.17,normal
413.58,182.2,129.97,41.21,89.51,24.471,20.839,90.71,2832.3,38.53,32.35,0.000202,1.223,1.017,30.6,normal
419.22,179.83,129.2,39.76,88.65,24.598,19.272,90.31,2765.4,38.56,27.41,0.000195,1.263,1.005,29.41,normal
411.22,183.45,130.15,39.37,89.26,24.752,19.822,92.47,2940.6,38.2,29.65,0.000199,1.161,0.994,27.96,normal
417.13,180.14,130.32,41.41,90.18,24.4,19.901,89.43,2678.9,37.27,30.71,0.000244,1.185,1.048,30.01,normal
410.36,182.68,129.55,40.58,88.53,24.576,19.737,91.54,2878.8,40.91,30.31,0.000164,1.337,0.938,29.81,normal
411.69,180.54,131.08,39.08,89.08,25.386,19.696,91.73,2760.4,39.74,27.12,0.00021,1.215,0.973,31.68,normal
420.61,181.44,131.55,38.78,92.01,24.862,19.754,91.09,2697.9,40.83,29.84,0.000172,1.137,1.016,30.09,normal
403.77,178.91,131.16,41.16,87.92,23.948,19.992,90.5,2488.5,35.99,29.58,0.000259,1.176,1.061,26.19,normal
413.01,178.72,129.67,40.02,89.76,25.615,20.082,89.3,2754.9,41.88,30.54,0.000203,1.162,0.986,30.77,normal
415.27,180.69,130.91,38.45,88.48,25.25,20.477,92.33,2803.3,42.69,30.21,0.000162,1.219,0.99,33.16,normal
411.73,181.48,130.09,38.22,89.02,24.17,19.987,92.17,2746.7,38.44,29.62,0.000193,1.215,0.948,30.06,normal
422.74,180.06,128.52,38.88,89.74,24.781,20.559,89.97,2807.2,37.93,30.24,0.000156,1.168,0.978,31.97,normal
407.65,178.07,130.81,38.76,88.72,24.525,19.704,90.69,2542.1,38.3,28.86,0.000181,1.293,1.028,28.99,normal
413.34,177.96,130.18,37.95,90.75,25.406,19.399,89.69,2635.8,41.15,28.88,0.000218,1.204,1.063,31.13,normal
405.54,177.86,133.11,38.9,91.76,24.777,19.848,90.1,2412.2,40.39,29.95,0.000241,1.177,0.988,28.51,normal
409.6,177.35,131.75,39.08,91.09,24.956,20.231,89.42,2508.3,39.92,32.34,0.000232,1.139,0.968,29.51,normal
416.77,180.16,130.85,39.54,91.33,24.886,20.43,90.07,2700.0,39.51,30.76,0.000197,1.155,1.003,29.52,normal
424.87,181.69,130.3,41.69,88.21,24.112,20.73,91.02,2749.3,39.2,31.3,0.000217,1.138,0.935,30.95,normal
414.35,179.98,130.2,39.73,89.68,25.843,20.145,90.38,2823.9,44.04,31.5,0.000224,1.19,1.049,28.35,normal
396.85,176.61,128.8,39.83,90.61,25.397,20.377,87.47,2688.6,41.85,29.65,0.000267,1.156,0.951,27.07,normal
424.6,179.71,127.91,40.51,91.13,24.552,20.684,87.99,2752.0,38.09,32.03,0.000182,1.239,1.013,30.94,normal
394.41,179.76,128.95,39.76,92.28,25.115,19.61,88.33,2778.5,37.68,29.36,0.000245,1.171,1.012,30.87,normal
416.73,183.14,129.94,40.4,91.39,25.584,19.895,90.64,3002.4,40.42,27.87,0.000167,1.242,1.025,30.22,normal
407.59,177.81,127.47,40.28,91.17,25.033,21.385,86.92,2772.9,38.55,32.97,0.000235,1.225,1.01,31.87,normal
414.75,179.41,129.35,40.12,93.42,25.934,20.428,87.6,2878.7,42.67,30.07,0.000181,1.232,1.0,29.59,normal
417.5,182.56,129.7,42.77,90.13,26.751,20.255,89.66,3145.9,46.12,31.36,0.000179,1.245,1.017,30.56,normal
413.63,180.67,129.74,40.91,89.62,24.924,20.447,89.94,2829.5,41.76,30.7,0.000191,1.3,1.033,29.3,normal
421.99,180.84,129.21,38.92,90.23,24.65,19.332,90.45,2848.0,40.27,28.01,0.000177,1.158,1.072,29.48,normal
408.75,180.17,129.59,40.37,88.81,24.406,19.677,90.29,2770.6,37.6,27.84,0.000213,1.242,0.956,30.68,normal
406.2,180.49,132.07,39.21,90.09,23.672,19.494,91.63,2511.3,36.51,28.0,0.000237,1.22,0.926,34.53,normal
431.02,181.17,130.79,40.45,87.76,25.749,20.209,91.87,2922.4,42.58,29.94,0.000137,1.253,0.938,31.48,normal
417.61,178.79,129.33,38.62,89.31,24.788,19.816,90.09,2783.8,37.83,29.33,0.000195,1.206,0.927,31.1,normal
417.8,181.32,129.92,38.89,89.85,25.525,20.048,91.25,2847.3,40.65,29.88,0.000167,1.259,0.952,31.55,normal
410.16,177.94,129.97,40.34,91.23,25.646,19.844,88.16,2689.1,41.45,30.76,0.000227,1.135,0.947,25.3,normal
413.2,180.49,129.08,41.0,91.44,24.351,19.187,88.56,2765.2,40.28,28.39,0.000243,1.15,0.983,30.64,normal
408.2,180.27,129.08,40.5,88.75,24.442,20.442,90.04,2759.6,38.79,29.78,0.000195,1.172,1.034,31.82,normal
412.12,179.08,131.21,40.85,92.7,26.047,19.119,88.35,2692.1,41.75,28.48,0.000179,1.196,1.025,30.17,normal
418.97,179.97,129.5,40.37,90.19,24.958,19.636,89.45,2742.7,39.45,29.73,0.000152,1.202,0.975,29.91,normal
403.98,179.07,128.69,40.17,90.31,24.604,19.342,88.63,2733.5,39.32,28.3,0.000258,1.163,0.979,28.12,normal
410.08,178.39,129.95,39.5,87.9,24.373,19.56,90.47,2591.1,37.96,29.61,0.00024,1.15,1.08,29.13,normal
420.16,179.47,130.14,40.81,89.19,24.915,20.101,89.8,2722.5,39.4,31.24,0.000141,1.167,1.024,28.33,normal
405.75,178.34,127.63,41.02,91.36,25.905,20.618,86.79,2948.7,43.38,31.3,0.00022,1.115,1.007,32.0,normal
413.36,180.48,129.95,39.94,90.22,25.411,19.22,90.14,2787.7,42.59,26.95,0.000167,1.186,1.005,33.0,normal
411.69,178.27,131.04,39.88,90.14,25.109,19.721,89.64,2678.6,41.53,29.7,0.000185,1.197,0.988,33.87,normal
416.71,181.07,130.54,41.59,90.3,25.953,19.125,89.86,2941.3,42.49,27.03,0.000163,1.222,1.08,28.3,normal
414.68,178.23,132.68,39.98,88.12,25.837,19.697,91.39,2537.5,42.28,29.4,0.00014,1.208,0.992,28.66,normal
410.83,179.15,131.5,40.08,89.87,25.2,20.036,90.35,2605.9,40.27,29.27,0.000199,1.29,1.006,28.5,normal
399.18,179.06,131.74,40.48,91.83,26.666,20.384,89.23,2764.1,45.98,31.82,0.000257,1.241,0.934,27.96,normal
416.98,181.99,133.36,39.9,91.41,24.852,18.941,92.01,2630.0,39.18,26.59,0.000172,1.237,0.975,28.0,normal
415.13,180.5,130.91,39.18,89.84,25.659,20.275,91.19,2816.5,39.99,30.58,0.000227,1.218,0.978,28.97,normal
401.18,179.68,130.2,40.38,92.03,24.764,19.514,88.73,2715.1,39.81,28.48,0.000231,1.227,1.019,31.75,normal
413.24,180.75,131.17,39.96,88.36,25.542,19.392,91.79,2790.2,42.1,27.25,0.000222,1.189,0.969,28.56,normal
409.55,176.84,129.33,41.84,88.74,24.851,20.034,87.79,2608.7,39.17,30.95,0.00026,1.205,1.002,32.11,normal
411.88,179.94,130.13,40.79,92.42,25.277,20.314,88.42,2765.7,42.65,31.88,0.000229,1.296,0.976,32.73,normal
405.19,183.0,129.22,39.4,90.75,26.434,19.95,91.03,3139.1,43.68,29.75,0.000254,1.196,0.956,30.57,normal
424.05,180.2,130.48,40.73,89.62,25.571,19.453,90.16,2854.5,43.08,27.93,0.000166,1.133,0.954,32.46,normal
411.6,180.1,129.22,40.31,89.93,25.286,19.95,89.54,2759.1,39.49,29.68,0.000222,1.235,0.993,27.28,normal
409.7,180.82,129.18,41.31,88.95,24.535,19.637,89.85,2788.3,38.95,28.62,0.000245,1.244,1.004,28.88,normal
417.3,181.34,130.5,39.48,90.36,25.113,20.302,91.0,2823.2,39.52,30.8,0.000177,1.208,0.992,30.38,normal
427.23,177.0,129.83,40.19,90.26,24.395,20.538,88.19,2528.6,38.2,31.22,9.5e-05,1.106,0.967,30.45,normal
424.08,177.48,127.69,39.9,90.03,25.532,20.506,87.62,2806.1,42.31,30.65,0.000162,1.264,0.994,32.86,normal
427.02,180.32,128.25,40.06,88.49,25.517,19.99,90.0,2958.6,40.93,30.88,0.000178,1.211,0.987,28.0,normal
408.63,178.93,128.62,39.11,90.34,24.892,20.561,89.05,2739.3,38.99,31.36,0.000217,1.184,0.958,28.93,normal
415.85,181.97,128.94,40.58,89.31,25.998,19.49,90.49,3099.2,42.7,30.18,0.000183,1.259,1.003,29.83,normal
413.28,179.53,130.5,40.42,88.72,25.914,20.891,90.44,2750.7,46.43,32.53,0.0002,1.099,1.072,28.96,normal
410.08,177.1,130.26,41.29,91.65,25.09,19.487,87.2,2603.8,40.46,28.3,0.000182,1.206,0.994,27.91,normal
410.11,178.1,131.28,39.99,92.82,25.339,18.985,88.25,2609.6,41.13,27.09,0.000196,1.173,0.942,29.05,normal
414.4,175.88,130.9,39.59,92.53,24.647,20.683,87.27,2446.3,39.42,31.57,0.000198,1.275,1.059,29.51,normal
415.73,179.65,131.29,40.79,90.85,24.837,19.645,89.65,2665.4,37.81,28.96,0.000181,1.212,1.05,32.9,normal
408.75,179.72,130.73,39.21,89.65,24.353,20.058,90.79,2606.1,39.08,30.34,0.000225,1.157,1.057,27.96,normal
406.01,179.36,130.25,41.08,89.91,24.713,19.485,89.31,2703.2,39.89,27.73,0.000241,1.257,0.998,31.63,normal
418.34,181.62,131.32,41.08,90.53,24.937,21.182,90.66,2818.8,38.04,32.45,0.000166,1.077,0.969,32.54,normal
408.67,181.8,131.1,41.26,89.45,24.004,20.911,91.09,2668.4,39.58,33.13,0.000207,1.225,0.964,28.97,normal
422.02,179.74,130.45,40.38,91.71,25.346,20.773,89.05,2733.1,41.01,32.53,0.000157,1.137,1.046,30.52,normal
423.32,176.8,131.53,39.51,87.35,25.613,20.044,90.72,2589.0,40.67,28.86,0.000147,1.177,1.064,31.15,normal
404.09,180.93,127.19,40.11,89.62,24.995,20.49,89.18,2984.7,40.3,31.75,0.000231,1.188,0.963,30.82,normal
404.49,180.83,129.65,40.38,91.04,23.382,19.973,89.53,2585.8,34.55,30.6,0.00026,1.246,0.899,30.16,normal
412.04,180.46,129.63,39.44,88.9,24.848,20.561,90.88,2795.3,37.95,31.73,0.00019,1.31,0.999,28.64,normal
406.29,181.47,131.38,41.33,89.69,24.164,19.795,90.91,2686.0,37.35,28.12,0.000255,1.111,0.964,31.32,normal
416.01,178.25,131.89,40.58,90.77,24.634,20.792,89.38,2511.2,38.73,31.1,0.000181,1.222,0.972,29.25,normal
415.62,183.01,128.26,39.11,91.97,25.871,19.77,90.09,3161.4,40.97,29.34,0.000193,1.31,0.99,30.06,normal
405.19,178.56,131.69,41.88,88.32,23.539,19.826,90.03,2379.0,35.11,31.04,0.00025,1.171,1.016,30.35,normal
417.34,181.12,128.59,40.1,88.22,24.51,19.767,90.68,2768.0,37.57,28.94,0.000173,1.168,0.969,31.71,normal
409.52,177.47,128.63,38.91,88.77,25.498,20.096,89.21,2771.5,41.09,30.74,0.000228,1.212,1.005,33.86,normal
418.0,178.6,129.72,39.17,88.0,24.579,19.806,90.58,2619.0,39.44,28.96,0.00019,1.241,0.995,28.52,normal
417.04,182.27,129.62,41.49,88.09,24.533,20.244,91.12,2841.0,38.81,32.02,0.000178,1.233,0.908,30.11,normal
415.88,179.61,128.13,41.82,88.74,26.219,19.76,88.57,2935.4,43.55,29.39,0.000185,1.182,1.022,27.03,normal
422.82,181.26,130.78,41.01,91.6,25.227,20.395,89.71,2827.2,38.83,30.11,0.000135,1.16,0.982,32.96,normal
399.22,180.36,130.82,41.32,89.59,25.561,20.759,90.13,2796.0,41.6,31.43,0.000238,1.266,0.949,30.09,normal
411.83,179.84,131.26,41.22,90.04,25.297,20.039,89.92,2699.5,39.77,29.39,0.000207,1.161,0.971,29.4,normal
408.54,182.05,129.48,40.56,88.76,25.097,21.109,91.09,2865.3,38.56,33.15,0.000196,1.104,1.008,30.1,normal
414.15,179.65,129.95,40.33,90.82,25.758,20.564,89.22,2811.2,43.09,30.98,0.000179,1.127,1.002,30.21,normal
407.79,177.33,129.96,40.54,92.44,26.143,21.069,87.14,2734.2,42.02,32.55,0.000209,1.171,1.026,28.54,normal
405.51,178.8,132.03,40.74,88.85,23.99,19.969,90.62,2452.4,37.23,31.47,0.000227,1.275,1.017,32.38,normal
411.63,180.83,126.6,39.26,92.24,24.979,19.169,87.96,2965.1,39.45,27.33,0.000192,1.141,0.953,31.29,normal
409.92,180.59,128.85,40.73,90.47,24.974,19.647,89.12,2843.1,38.97,29.19,0.000229,1.276,0.882,31.57,normal
412.77,177.65,130.01,41.46,90.02,24.742,19.698,88.09,2613.6,40.48,28.97,0.000208,1.265,1.005,28.64,normal
413.77,178.91,128.7,39.79,90.52,25.589,19.523,88.65,2839.6,41.11,28.69,0.000197,1.211,1.025,28.53,normal
413.07,179.13,129.69,39.69,90.51,25.154,18.902,89.31,2771.1,39.91,27.63,0.000227,1.073,0.992,29.77,normal
427.69,179.45,129.85,40.48,92.41,26.155,20.512,88.2,2851.6,42.65,29.64,0.000185,1.141,1.026,31.6,normal
421.37,177.94,129.21,39.35,90.68,25.66,19.07,88.55,2781.0,42.1,27.66,0.000162,1.168,0.96,31.0,normal
416.75,179.06,130.08,38.68,90.7,25.819,20.464,89.87,2747.2,42.23,30.96,0.000198,1.287,0.986,28.44,normal
413.79,178.91,130.75,41.15,89.45,24.281,21.093,89.53,2584.2,37.25,33.16,0.000201,1.172,0.963,31.34,normal
416.58,181.16,129.72,39.55,91.09,24.516,19.611,90.12,2784.9,37.7,28.79,0.000193,1.161,1.028,28.06,normal
400.35,181.21,129.46,40.02,88.76,24.566,20.194,90.94,2867.9,38.72,30.37,0.000236,1.209,0.964,28.68,normal
399.48,179.78,129.8,39.39,90.14,25.794,19.801,90.02,2816.1,41.66,29.7,0.000215,1.13,1.082,30.32,normal
404.98,179.41,129.99,41.28,93.75,24.42,20.414,87.18,2619.0,40.07,30.69,0.000197,1.199,0.98,27.66,normal
410.37,180.21,127.91,40.85,86.74,24.437,19.403,90.22,2788.5,37.87,29.98,0.0002,1.16,1.032,28.07,normal
417.9,178.78,130.55,39.76,90.3,24.327,19.934,89.63,2561.8,38.42,29.05,0.000202,1.334,0.98,33.1,normal
411.19,178.28,129.46,38.82,90.35,26.652,20.561,89.28,2874.9,44.79,32.68,0.000216,1.154,1.054,32.73,normal
411.01,178.59,131.51,39.65,89.7,24.915,19.976,90.37,2542.5,39.47,28.94,0.000202,1.296,1.052,34.58,normal
415.91,179.05,130.71,40.57,89.73,25.318,19.186,89.73,2702.8,41.82,27.63,0.000195,1.143,0.987,30.9,normal
421.19,178.25,131.4,40.19,90.12,24.316,20.621,89.67,2507.3,38.63,31.95,0.00016,1.213,1.011,31.29,normal
411.08,180.24,128.79,40.11,89.67,25.576,19.352,89.62,2922.7,42.23,27.53,0.000179,1.225,1.051,29.69,normal
413.31,181.09,129.55,40.21,90.29,23.936,20.039,90.07,2732.6,37.54,29.3,0.000208,1.207,1.012,29.3,normal
415.21,177.62,128.51,40.76,89.37,24.413,20.291,88.0,2662.4,36.71,30.57,0.000206,1.204,0.963,31.74,normal
428.98,180.04,129.15,39.96,92.63,24.561,20.06,88.3,2764.2,39.19,30.88,0.000155,1.243,1.003,32.72,normal
415.42,179.67,131.5,40.45,89.67,25.131,21.269,90.52,2698.2,40.13,33.58,0.000183,1.221,0.97,31.57,normal
424.43,180.51,131.78,39.01,90.74,24.524,20.367,91.26,2584.3,38.13,32.51,0.000172,1.191,1.006,28.32,normal
404.36,179.98,128.62,42.55,89.13,25.914,19.899,88.44,2884.4,46.13,30.18,0.000241,1.166,0.969,30.78,normal
420.87,177.82,129.45,39.72,91.21,25.302,20.301,88.16,2691.8,39.4,30.45,0.000208,1.192,1.015,28.46,normal
408.28,178.11,129.91,40.2,90.95,24.586,20.105,88.42,2609.5,38.73,28.13,0.000213,1.191,0.928,29.35,normal
415.76,180.04,130.7,40.57,90.55,25.599,20.022,89.82,2748.0,41.57,28.82,0.000198,1.19,0.955,33.27,normal
417.22,181.54,127.89,39.59,88.66,24.764,20.122,90.57,2940.0,39.24,30.12,0.000181,1.204,0.968,27.6,normal
421.09,176.68,128.08,40.01,89.02,24.646,19.783,87.86,2596.1,37.97,28.16,0.000187,1.13,0.994,34.34,normal
415.76,180.52,130.59,40.0,92.19,25.537,20.106,89.45,2797.2,41.79,30.13,0.000215,1.149,0.94,31.1,normal
410.01,181.78,127.66,39.09,89.01,23.528,19.747,90.66,2801.0,34.74,29.5,0.000192,1.242,0.965,29.07,normal
408.94,179.77,129.46,40.44,90.83,25.441,19.052,88.98,2832.8,41.56,27.25,0.000215,1.087,1.031,30.14,normal
420.62,180.83,130.19,38.35,88.77,24.572,20.57,91.95,2721.9,38.93,31.34,0.000204,1.26,1.036,28.63,normal
411.73,178.95,130.5,41.75,91.31,24.571,19.717,88.19,2655.3,38.53,30.81,0.000209,1.172,0.899,28.91,normal
414.34,179.82,129.83,40.79,89.11,26.175,20.071,89.87,2929.1,43.37,30.24,0.00021,1.283,0.977,30.15,normal
411.27,177.57,129.56,40.64,88.75,24.681,19.62,88.87,2652.9,40.67,28.87,0.000184,1.261,1.051,29.34,normal
413.46,176.48,131.01,38.26,89.07,25.574,19.635,90.05,2612.5,42.25,28.23,0.000191,1.184,1.015,28.13,normal
405.41,181.41,130.34,39.21,89.28,25.168,19.481,91.63,2859.8,40.66,28.61,0.000227,1.189,1.016,29.56,normal
407.42,178.52,129.22,41.39,90.53,25.23,20.474,87.92,2754.8,41.09,30.91,0.000255,1.28,1.023,27.37,normal
411.15,179.32,130.05,44.15,90.09,24.85,20.595,87.55,2671.2,39.61,33.07,0.000228,1.264,0.962,27.46,normal
432.51,177.92,130.46,41.19,88.58,24.818,20.013,89.3,2574.4,40.03,30.49,0.000116,1.249,1.009,27.44,normal
412.42,177.89,132.06,41.04,89.96,25.917,19.732,89.46,2641.2,42.07,30.42,0.000177,1.257,1.019,33.34,normal
414.45,179.74,130.94,40.52,88.51,25.558,19.153,90.82,2690.3,43.83,27.92,0.000203,1.146,1.004,30.81,normal
418.62,178.91,131.46,39.15,90.84,24.7,20.398,90.17,2618.1,39.33,32.08,0.000167,1.21,0.984,31.19,normal
409.0,180.57,129.27,41.0,91.07,24.372,19.662,88.88,2732.5,41.04,28.29,0.000166,1.161,0.998,30.02,normal
416.85,180.68,129.37,38.9,89.97,24.649,19.441,90.59,2766.3,41.21,28.71,0.000187,1.144,0.954,31.01,normal
416.25,180.48,129.72,38.79,90.35,25.589,20.015,90.53,2881.0,41.21,29.34,0.00021,1.208,1.025,32.35,normal
415.99,180.36,129.83,38.73,92.28,25.707,19.833,89.58,2866.2,42.3,29.2,0.000219,1.179,0.943,30.82,normal
414.59,182.37,128.79,40.98,89.8,25.333,19.241,90.17,2973.4,41.33,28.02,0.000189,1.192,0.967,33.28,normal
418.45,178.4,131.52,39.94,88.77,24.03,19.31,90.6,2451.0,38.18,27.4,0.000187,1.175,1.027,29.93,normal
419.39,179.92,131.06,40.1,90.75,25.452,20.168,90.06,2690.7,41.44,29.29,0.000175,1.137,1.012,31.2,normal
407.23,181.7,129.63,39.98,88.53,25.782,19.672,91.4,2888.3,43.49,29.91,0.000215,1.285,0.981,31.41,normal
407.02,181.9,130.77,38.87,89.73,25.104,20.255,92.03,2867.6,38.54,29.35,0.000213,1.208,0.932,28.14,normal
408.07,177.87,130.27,39.33,89.22,26.188,20.073,89.79,2735.9,42.88,31.55,0.000227,1.128,0.998,30.09,normal
411.24,179.53,130.86,39.38,89.09,24.207,20.524,90.96,2565.2,37.56,30.78,0.000204,1.209,0.975,26.32,normal
420.01,182.04,128.39,38.59,89.67,25.411,19.584,91.07,3021.8,40.52,29.34,0.000161,1.276,1.019,29.74,normal
412.96,180.76,129.83,39.5,91.17,24.388,20.116,89.96,2709.6,36.52,30.81,0.00019,1.248,0.979,29.44,normal
409.36,180.29,129.93,38.92,91.44,25.635,20.319,89.93,2817.5,42.73,29.98,0.000226,1.174,0.93,29.32,normal
417.65,179.67,130.75,40.58,91.2,25.368,19.687,89.32,2766.2,39.96,29.53,0.000148,1.175,0.945,29.18,normal
419.37,179.42,129.25,40.66,90.44,26.081,20.564,88.79,2901.4,42.49,31.68,0.000197,1.152,0.983,31.02,normal
404.11,180.43,127.0,38.71,89.66,25.3,19.167,89.52,2979.5,41.62,28.29,0.000209,1.163,1.004,28.23,normal
402.52,179.62,128.7,39.7,86.93,24.758,19.584,90.83,2756.8,40.53,29.85,0.00026,1.167,0.953,33.72,normal
415.13,179.94,129.93,41.86,90.48,24.705,19.148,88.76,2725.1,38.59,28.39,0.000182,1.127,0.97,31.13,normal
412.93,180.12,130.08,39.02,87.04,24.85,19.632,92.07,2753.2,38.53,28.32,0.000196,1.178,1.032,28.39,normal
401.02,178.98,132.02,40.43,87.5,24.694,19.923,91.54,2559.0,38.31,29.68,0.000251,1.217,1.044,31.29,normal
409.83,180.8,130.7,40.11,89.79,25.808,20.416,90.8,2881.0,43.47,30.47,0.000182,1.179,1.011,31.99,normal
408.38,184.37,130.1,41.09,90.34,25.765,19.922,91.49,3046.4,43.4,29.33,0.000232,1.211,0.989,30.74,normal
410.03,177.33,129.96,40.3,89.41,24.102,19.702,88.79,2504.2,37.79,29.59,0.000212,1.281,0.975,27.99,normal
415.52,180.49,131.33,39.57,92.0,25.023,19.225,90.11,2723.1,40.31,28.43,0.000193,1.292,1.022,34.47,normal
403.95,178.86,129.29,40.07,90.6,25.037,19.393,88.74,2713.1,38.79,28.85,0.000214,1.197,0.987,31.28,normal
420.47,180.87,129.83,40.08,89.68,24.531,20.155,90.47,2782.8,39.13,30.65,0.000196,1.244,1.037,27.5,normal
401.29,180.07,128.69,39.91,91.8,25.263,20.441,88.53,2895.7,41.55,31.55,0.000268,1.192,1.039,30.42,normal
411.52,181.14,131.7,38.68,92.03,25.877,19.79,91.05,2816.3,42.73,29.07,0.000138,1.176,1.016,29.56,normal
415.05,181.76,130.47,41.24,90.67,25.535,20.606,90.16,2892.9,41.76,32.74,0.000192,1.144,0.98,30.01,normal
412.25,180.29,129.15,41.07,88.99,25.808,19.525,89.68,2897.2,41.33,29.26,0.000192,1.204,0.983,27.61,normal
409.0,181.7,129.86,38.96,89.28,24.569,19.805,91.66,2793.0,39.94,29.46,0.000196,1.254,0.934,30.11,normal
412.32,176.48,130.61,39.7,88.12,25.022,19.847,89.63,2563.7,38.7,30.49,0.000232,1.136,0.998,28.34,normal
418.86,182.39,129.7,39.77,89.94,24.541,20.765,91.18,2819.4,38.67,31.68,0.000187,1.186,0.997,29.3,normal
411.71,180.56,129.36,38.84,88.63,25.144,20.067,91.22,2857.2,40.87,30.28,0.000215,1.183,0.945,30.77,normal
411.97,181.62,129.21,38.13,89.57,25.198,19.101,91.56,2890.1,41.71,28.33,0.000207,1.212,1.095,29.05,normal
410.62,178.17,130.41,39.33,90.34,25.576,20.476,89.44,2662.1,42.73,30.32,0.000225,1.213,1.022,29.42,normal
407.23,178.75,129.57,39.64,87.42,25.788,20.923,90.63,2820.6,43.44,34.32,0.000196,1.227,0.966,31.64,normal
411.97,180.22,129.46,38.56,88.36,25.413,19.875,91.38,2859.0,40.9,29.19,0.00021,1.295,1.082,28.22,normal
418.43,179.97,128.4,40.18,89.34,24.484,19.551,89.42,2758.6,40.85,28.44,0.000196,1.156,0.98,28.7,normal
422.11,180.42,130.09,41.16,89.93,24.189,20.432,89.71,2673.3,38.78,31.19,0.00017,1.154,1.033,27.49,normal
400.62,181.63,129.78,40.84,89.36,25.312,20.982,90.59,2883.3,40.55,33.3,0.000248,1.212,1.004,28.35,normal
417.52,177.35,129.61,39.87,89.65,25.9,20.424,88.72,2727.2,42.34,31.82,0.000177,1.273,0.982,30.26,normal
410.81,181.46,130.24,38.16,89.08,24.985,19.188,92.23,2800.9,40.72,29.04,0.000186,1.127,0.987,31.28,normal
417.9,180.01,130.9,40.72,88.12,24.084,20.377,91.04,2654.4,36.93,30.98,0.000174,1.217,1.057,28.39,normal
407.79,179.69,130.84,40.15,89.3,26.251,20.202,90.54,2788.1,42.4,30.81,0.000212,1.19,1.035,31.22,normal
411.82,177.79,130.66,40.42,89.72,25.294,19.523,89.15,2577.1,40.93,27.49,0.000186,1.243,0.995,30.21,normal
406.67,180.75,129.71,41.94,89.6,25.103,20.644,89.46,2815.4,38.02,30.91,0.000245,1.231,0.918,27.23,normal
407.23,176.38,129.32,39.18,90.15,24.299,20.219,88.17,2456.1,38.36,30.52,0.000216,1.202,1.012,30.35,normal
411.09,180.97,128.75,37.13,90.54,25.01,20.657,91.02,2850.2,40.67,32.08,0.000192,1.224,0.95,32.39,normal
418.96,177.76,129.29,38.95,90.89,25.412,19.469,88.6,2691.0,40.93,28.55,0.000173,1.167,1.022,26.22,normal
407.48,180.08,130.02,40.49,89.18,25.302,20.199,90.22,2786.8,42.02,30.96,0.000197,1.24,0.971,34.01,normal
408.91,179.82,129.06,40.03,87.95,24.592,19.552,90.44,2740.6,39.68,28.76,0.000216,1.269,0.976,28.78,normal
406.93,181.75,130.12,38.78,91.65,24.966,20.124,90.71,2843.3,38.88,30.15,0.000199,1.205,0.974,26.7,normal
408.14,179.73,128.84,38.58,90.5,24.63,20.739,89.75,2734.2,38.99,33.94,0.000196,1.18,1.041,30.28,normal
422.81,178.96,128.01,39.65,88.76,25.998,19.287,89.28,2902.9,42.4,27.89,0.000169,1.193,0.929,31.66,normal
400.02,179.24,130.98,38.75,90.36,25.537,19.315,90.54,2728.5,41.24,28.99,0.000267,1.239,1.03,29.44,normal
411.01,181.91,129.43,40.52,91.39,24.685,20.478,89.71,2781.9,40.24,30.26,0.000194,1.198,1.014,30.62,normal
423.4,180.8,129.0,39.59,92.25,24.299,19.993,88.98,2782.2,38.63,30.08,0.000159,1.14,0.997,34.24,normal
424.88,179.42,128.69,39.37,90.33,25.167,20.586,89.21,2744.6,39.76,31.06,0.000168,1.248,0.982,30.41,normal
415.62,179.65,130.51,39.24,91.38,24.704,19.596,89.76,2670.9,39.38,30.5,0.00019,1.151,1.019,35.96,normal
407.22,177.65,131.65,40.26,88.43,24.749,20.026,90.3,2520.2,38.52,29.62,0.000258,1.221,0.982,32.53,normal
411.51,180.58,129.52,40.04,89.95,24.319,20.344,90.05,2741.4,37.58,30.91,0.000195,1.107,0.982,30.1,normal
414.99,177.36,129.74,40.2,89.56,24.393,20.105,88.66,2536.9,39.81,29.63,0.000189,1.205,1.003,30.58,normal
408.6,181.13,131.29,40.18,90.45,25.098,19.106,90.89,2759.7,42.83,26.92,0.000225,1.197,1.069,29.36,normal
409.5,180.19,127.83,39.93,92.09,24.84,21.411,88.0,2833.4,41.32,33.86,0.000228,1.102,0.939,30.5,normal
413.36,183.58,132.36,38.97,90.32,26.498,20.106,93.32,3027.4,44.69,30.58,0.00022,1.217,1.02,31.12,normal
405.95,178.35,132.93,39.27,88.78,25.357,19.33,91.6,2558.5,41.22,29.06,0.000206,1.145,0.994,29.19,normal
415.01,179.85,126.75,39.61,88.36,24.309,20.157,89.3,2811.0,39.05,29.96,0.000167,1.204,0.991,27.24,normal
414.78,182.7,129.88,42.07,92.14,24.079,20.215,89.18,2839.0,37.49,30.11,0.000177,1.179,0.939,32.64,normal
417.26,181.79,129.14,38.65,90.67,25.239,20.497,90.8,2929.3,39.26,32.38,0.000152,1.126,0.93,31.95,normal
414.91,178.96,129.68,39.58,90.58,24.762,20.464,89.23,2650.3,41.14,32.54,0.000193,1.148,1.014,27.17,normal
415.9,180.34,129.5,40.1,89.55,25.799,19.893,90.09,2920.5,41.14,29.64,0.000187,1.152,0.949,30.34,normal
415.8,180.0,130.97,39.7,90.35,25.169,19.139,90.46,2764.1,41.7,28.09,0.000184,1.249,1.041,32.05,normal
409.81,180.42,129.86,41.07,88.72,23.81,20.231,90.24,2640.7,37.4,31.96,0.000208,1.242,0.959,31.85,normal
421.62,178.95,128.91,39.69,90.5,24.388,19.179,88.83,2696.1,40.12,29.94,0.00018,1.31,1.022,28.61,normal
415.46,179.87,129.79,39.77,88.47,24.595,20.608,90.71,2709.0,39.7,32.0,0.00019,1.174,0.977,31.96,normal
414.74,177.6,130.62,40.81,89.53,25.265,19.634,88.93,2629.0,40.18,29.62,0.000185,1.173,0.975,30.03,normal
413.27,180.2,128.58,41.81,89.16,24.368,20.317,88.89,2791.4,39.28,30.97,0.000199,1.207,0.963,30.78,normal
413.97,180.68,128.02,41.41,85.77,25.092,19.672,90.7,2936.0,39.9,27.94,0.000211,1.182,1.017,28.16,normal
420.69,179.66,132.39,39.86,89.55,24.198,19.754,91.31,2460.9,36.74,29.62,0.00016,1.171,1.029,21.49,normal
407.08,177.58,129.23,39.95,88.83,25.004,19.6,89.01,2644.0,38.18,30.02,0.000214,1.203,0.987,28.45,normal
418.55,181.48,129.84,40.05,89.73,25.222,20.358,90.77,2894.8,40.52,30.37,0.000208,1.235,1.024,31.07,normal
412.56,180.55,129.52,40.15,90.0,25.877,19.689,89.96,2883.8,40.87,27.68,0.000213,1.094,1.001,29.59,normal
407.56,178.91,130.66,39.15,92.3,25.147,20.384,89.04,2680.0,41.86,31.52,0.000204,1.171,0.947,31.3,normal
403.74,179.58,132.13,40.94,90.4,24.51,19.702,90.18,2531.2,37.03,27.8,0.000211,1.13,1.015,32.21,normal
417.74,177.75,130.7,40.21,90.43,25.896,19.884,88.89,2701.0,42.24,28.43,0.000188,1.192,0.988,29.34,normal
415.76,178.46,128.18,39.96,90.64,24.89,20.018,88.02,2754.6,39.35,28.74,0.000213,1.222,0.895,29.14,normal
408.88,179.19,128.34,38.73,91.13,25.464,20.077,88.83,2867.0,41.52,28.61,0.000234,1.256,0.984,25.63,normal
417.84,181.84,129.52,40.06,90.59,24.632,19.538,90.35,2847.2,38.08,29.61,0.000185,1.178,0.932,26.9,normal
417.76,179.04,129.68,38.11,90.37,25.054,20.352,90.12,2678.7,41.29,31.07,0.000186,1.205,0.951,27.32,normal
409.66,180.96,127.93,39.42,90.92,24.519,19.864,89.27,2923.2,38.79,31.28,0.000219,1.116,0.99,31.11,normal
408.97,179.19,130.98,39.44,86.85,25.193,20.272,91.95,2632.8,40.54,31.33,0.000183,1.157,0.997,29.36,normal
413.76,180.37,128.7,40.29,92.72,25.482,19.992,88.03,2971.5,40.75,31.63,0.000178,1.21,0.967,28.93,normal
413.87,179.79,131.79,41.88,92.07,24.703,20.293,88.81,2543.6,39.7,30.28,0.000213,1.132,1.021,28.7,normal
417.4,181.31,132.18,40.57,90.28,24.669,19.794,91.32,2668.2,40.45,29.74,0.000187,1.262,0.995,28.44,normal
405.91,179.2,129.7,41.45,88.16,25.214,19.605,89.64,2703.3,43.31,27.92,0.000237,1.226,0.983,31.85,normal
413.05,177.64,130.53,40.65,91.57,24.505,20.213,87.96,2588.5,37.64,30.36,0.000186,1.155,1.002,30.19,normal
417.77,177.93,128.52,41.13,89.1,24.089,19.753,88.11,2587.9,37.28,30.48,0.000175,1.126,1.048,31.98,normal
411.5,179.2,130.75,41.86,90.69,25.212,20.729,88.7,2654.7,38.71,31.97,0.0002,1.164,0.914,25.61,normal
410.31,178.13,129.4,39.27,88.33,24.935,20.034,89.96,2673.9,40.49,29.9,0.000213,1.155,1.052,31.07,normal
411.74,180.62,128.7,39.2,92.89,24.923,19.313,88.6,2889.7,38.41,28.15,0.00021,1.139,0.975,29.03,normal
407.0,179.3,129.65,40.67,88.13,25.313,19.707,90.08,2801.8,41.18,29.33,0.000216,1.13,0.969,29.44,normal
418.89,183.56,129.44,40.0,90.09,25.396,19.5,91.44,3017.2,42.38,28.78,0.000183,1.188,0.984,32.71,normal
406.46,177.39,129.61,40.22,87.24,24.903,20.536,89.77,2608.3,39.31,32.53,0.000234,1.237,0.965,29.22,normal
423.44,180.31,131.14,39.75,89.95,24.326,20.387,90.87,2646.9,37.15,30.48,0.00015,1.164,0.958,30.98,normal
417.13,178.31,129.06,39.4,89.45,24.617,19.969,89.26,2665.5,40.22,29.75,0.000177,1.222,1.034,27.96,normal
418.82,179.26,132.08,41.62,91.48,25.351,20.145,89.11,2633.6,41.73,30.47,0.000201,1.184,1.006,30.07,normal
418.61,180.21,128.41,38.9,89.45,25.082,19.956,90.14,2854.2,39.11,29.16,0.000179,1.231,0.923,26.82,normal
416.06,176.51,131.94,40.69,91.48,24.67,20.43,88.11,2437.5,39.19,30.81,0.000191,1.161,1.027,29.89,normal
419.41,180.36,128.78,40.52,88.67,24.529,20.26,89.96,2796.8,37.8,31.32,0.000171,1.214,1.021,30.77,normal
422.25,182.85,130.0,38.42,89.63,25.371,20.35,92.4,2995.8,42.13,30.29,0.000194,1.206,0.941,32.21,normal
410.31,179.32,129.41,39.17,89.66,24.867,19.904,89.95,2711.2,39.74,31.96,0.000214,1.268,1.007,28.36,normal
416.26,180.39,129.59,39.34,90.64,25.452,19.684,90.0,2825.2,42.84,30.46,0.000184,1.228,1.025,28.94,normal
417.81,181.54,130.96,40.56,90.48,25.528,20.333,90.73,2837.6,40.6,31.05,0.000174,1.213,0.936,28.71,normal
407.35,179.75,131.8,39.63,90.94,24.812,20.776,90.48,2611.6,39.69,32.59,0.000186,1.127,1.011,29.49,normal
407.65,179.13,131.43,39.91,90.35,25.57,20.553,90.14,2709.2,41.64,32.13,0.000233,1.174,0.973,28.07,normal
411.38,176.59,129.51,38.54,90.86,25.083,20.791,88.32,2565.9,40.49,32.62,0.000233,1.16,1.022,25.69,normal
417.36,180.96,130.22,42.33,88.83,25.161,20.081,90.0,2846.8,39.9,30.3,0.000186,1.159,0.963,27.91,normal
416.31,179.83,129.06,40.07,90.51,23.687,19.515,89.16,2637.1,34.05,30.9,0.000215,1.201,1.042,29.9,normal
416.08,178.48,128.81,40.5,92.09,24.417,19.559,87.35,2703.7,39.02,28.25,0.000199,1.212,0.99,29.7,normal
408.39,180.19,128.62,39.46,87.82,24.45,20.69,90.76,2849.6,38.48,31.58,0.000239,1.214,0.975,31.1,normal
415.42,179.12,129.47,39.35,90.64,24.809,19.069,89.31,2740.6,38.62,27.59,0.000206,1.263,0.971,31.68,normal
415.34,179.21,130.3,41.91,90.88,25.069,20.752,88.36,2716.1,39.7,32.58,0.000194,1.224,1.035,29.1,normal
403.7,180.91,127.71,38.08,91.9,25.093,19.606,89.32,2970.6,39.1,30.55,0.000248,1.139,0.971,26.83,normal
417.11,177.99,129.94,40.28,90.94,25.171,20.962,88.35,2651.9,38.64,32.65,0.000172,1.21,1.042,30.81,normal
401.69,181.57,131.82,38.79,90.13,24.589,19.965,92.23,2699.3,39.86,30.37,0.00021,1.229,1.009,29.98,normal
412.36,177.9,131.35,39.59,90.56,25.415,20.361,89.53,2583.0,41.77,31.29,0.000241,1.263,0.945,29.48,normal
408.67,179.01,129.3,39.36,89.04,26.086,21.193,89.95,2834.4,41.83,33.23,0.00022,1.192,1.001,32.44,normal
412.61,182.88,128.32,39.01,89.5,24.788,19.835,91.33,2984.6,41.92,30.55,0.000177,1.193,1.002,30.9,normal
415.6,181.69,130.55,40.04,88.26,24.602,19.827,91.96,2770.7,37.73,29.88,0.000175,1.254,0.943,30.25,normal
427.2,180.15,127.22,37.43,91.93,24.589,19.653,89.0,2876.1,39.54,29.86,0.000158,1.209,1.0,30.33,normal
405.69,178.59,131.33,39.68,90.59,25.051,19.499,89.81,2608.5,40.15,28.43,0.000244,1.12,1.022,31.7,normal
419.75,179.21,129.74,39.91,88.81,24.685,19.835,90.12,2677.6,37.83,29.12,0.000166,1.109,1.045,28.62,normal
417.57,180.11,132.2,38.64,90.35,23.962,19.723,91.64,2553.5,37.41,28.98,0.000221,1.292,1.043,28.24,normal
423.61,180.06,127.93,41.51,91.51,24.126,19.375,87.48,2748.3,37.33,28.57,0.000157,1.114,1.096,29.53,normal
399.02,179.86,131.1,39.41,91.29,25.612,19.895,90.13,2755.1,41.14,30.61,0.000277,1.192,1.0,27.64,normal
413.08,179.95,129.88,39.76,88.79,25.769,20.225,90.64,2873.2,43.56,32.29,0.000159,1.244,1.022,29.91,normal
415.18,179.68,129.6,39.41,85.93,25.96,19.552,91.96,2881.2,43.43,28.94,0.000201,1.112,0.976,30.19,normal
404.03,177.84,128.36,39.92,90.51,25.136,19.919,87.88,2735.4,41.11,31.27,0.000236,1.146,1.075,29.86,normal
419.11,179.23,130.71,41.31,88.85,24.405,20.703,89.89,2550.7,38.09,32.43,0.000179,1.138,0.964,29.28,normal
409.79,181.37,130.81,42.47,90.81,24.737,19.29,89.45,2741.4,39.6,27.58,0.000217,1.29,1.074,33.31,normal
415.93,177.95,132.14,40.75,91.24,24.105,20.966,89.03,2492.9,37.43,32.75,0.000192,1.301,1.068,31.88,normal
414.45,179.72,131.21,41.09,91.45,24.082,19.663,89.19,2562.4,37.89,29.71,0.000212,1.163,0.969,29.81,normal
400.47,178.77,129.29,41.72,92.27,25.153,20.1,87.04,2738.1,39.47,30.95,0.000232,1.229,1.041,30.19,normal
415.56,180.17,128.8,40.25,91.61,25.323,20.64,88.55,2867.1,38.56,31.37,0.000187,1.215,1.018,32.75,normal
405.26,179.42,128.36,41.57,92.27,26.175,20.792,86.96,2953.1,44.8,31.89,0.000245,1.186,0.984,28.83,normal
412.2,182.22,131.77,40.79,91.79,24.95,20.235,90.7,2749.5,39.84,30.37,0.000211,1.119,0.995,28.07,normal
405.13,180.76,129.07,40.14,91.91,24.185,19.653,88.89,2773.2,38.26,28.91,0.000258,1.315,1.011,30.45,normal
417.75,178.03,131.78,40.35,89.95,24.927,19.609,89.75,2548.9,39.11,29.2,0.000175,1.109,1.014,30.83,normal
413.56,181.01,130.63,38.18,88.32,24.831,19.713,92.57,2700.3,39.29,30.74,0.000181,1.211,1.06,30.98,normal
409.52,178.84,130.4,40.29,93.23,24.705,20.945,87.84,2556.6,40.68,32.26,0.000193,1.168,1.023,31.66,normal
412.79,179.13,129.63,38.46,90.08,25.206,19.808,90.11,2729.0,40.96,28.17,0.000164,1.25,0.969,28.53,normal
408.64,180.47,130.79,38.37,91.6,24.271,20.162,90.63,2616.3,40.13,29.08,0.000228,1.242,1.03,27.18,normal
415.34,179.26,129.98,40.19,89.28,25.078,19.478,89.88,2728.2,41.12,29.26,0.000198,1.151,0.93,28.83,normal
417.42,181.34,129.56,38.89,91.25,25.391,19.422,90.38,2881.3,40.46,28.02,0.000166,1.16,0.985,31.16,normal
420.42,178.84,130.84,39.99,86.82,25.852,20.013,91.43,2744.2,42.93,30.25,0.000175,1.122,0.988,28.16,normal
416.88,179.07,129.83,40.14,89.47,25.186,19.838,89.65,2743.1,42.22,29.0,0.000174,1.21,1.026,26.13,normal
407.83,179.02,129.04,40.18,89.87,25.626,19.874,89.0,2787.2,42.04,29.54,0.000228,1.236,1.071,30.29,normal
404.77,179.15,130.72,39.1,90.6,24.734,19.26,90.08,2624.4,39.88,27.77,0.000214,1.178,1.009,28.87,normal
411.75,181.65,129.92,40.9,91.39,24.817,19.963,89.64,2807.5,40.89,29.35,0.000196,1.188,0.986,26.55,normal
418.4,180.94,130.59,39.91,88.58,25.809,20.775,91.52,2887.2,40.01,33.11,0.000189,1.295,0.972,30.15,normal
419.66,182.56,129.46,40.44,90.86,24.177,19.573,90.35,2819.6,38.36,29.91,0.000193,1.247,1.033,29.23,normal
403.17,183.4,128.55,38.8,91.59,24.758,20.449,90.77,3025.2,40.65,31.73,0.000253,1.267,0.992,33.35,normal
417.51,178.45,132.08,39.82,93.05,25.677,18.268,88.79,2658.7,41.2,27.12,0.000193,1.088,0.98,30.18,normal
414.16,180.11,131.86,41.1,90.92,24.873,19.599,89.97,2636.2,40.68,27.87,0.000226,1.227,1.038,31.17,normal
410.79,178.24,131.06,40.97,89.4,24.829,19.045,89.46,2559.1,39.5,27.3,0.00019,1.213,1.047,29.97,normal
405.69,178.83,129.53,39.2,88.35,24.841,20.618,90.41,2667.9,37.85,31.41,0.00025,1.137,0.962,28.8,normal
419.93,179.05,129.64,39.45,92.38,25.07,20.439,88.42,2746.8,40.99,31.76,0.000163,1.148,0.94,29.02,normal
413.06,178.41,131.66,39.01,90.96,25.652,19.483,90.03,2635.6,41.89,27.61,0.000224,1.189,0.996,32.16,normal
413.42,178.42,129.58,39.34,89.97,25.555,20.145,89.34,2724.3,41.54,30.93,0.000177,1.133,0.954,31.5,normal
403.09,179.78,129.24,38.6,87.89,25.007,20.601,91.26,2807.5,40.67,30.49,0.000266,1.16,0.949,27.02,normal
408.28,178.17,132.25,39.86,88.79,25.655,20.679,90.88,2619.7,40.96,32.46,0.000221,1.177,0.958,27.5,normal
423.44,181.26,129.94,40.63,90.82,25.205,19.797,89.87,2817.3,41.36,30.38,0.000149,1.229,1.042,27.61,normal
422.55,178.62,132.12,39.21,90.46,25.515,18.896,90.51,2621.1,40.58,26.18,0.000172,1.165,1.026,32.12,normal
415.28,184.21,128.32,39.91,87.47,24.383,19.551,92.52,3015.9,39.75,28.5,0.000221,1.178,1.098,26.54,normal
414.43,179.32,130.62,39.78,90.82,26.043,20.383,89.67,2841.4,44.19,31.99,0.00022,1.251,0.974,31.57,normal
405.92,180.11,132.49,41.06,87.96,25.132,21.049,91.79,2628.1,41.92,34.01,0.000217,1.112,1.053,30.8,normal
410.15,178.06,130.04,39.39,91.76,23.351,19.973,88.45,2467.0,35.84,28.78,0.000205,1.211,1.02,30.29,normal
418.51,182.56,129.68,39.42,90.27,25.996,19.697,91.27,3043.8,42.49,29.49,0.00019,1.219,0.978,29.05,normal
409.78,181.68,128.6,39.15,89.4,25.003,21.2,90.86,2957.9,39.29,33.84,0.000233,1.221,0.994,32.38,normal
416.26,180.45,131.3,38.86,91.29,24.763,20.203,90.79,2689.4,38.54,30.54,0.000174,1.175,0.978,30.23,normal
408.91,177.98,129.08,40.53,90.46,24.637,19.386,88.03,2657.4,38.79,29.51,0.000202,1.147,1.01,27.11,normal
400.41,180.32,129.89,39.86,91.72,25.264,19.941,89.31,2786.1,40.08,29.4,0.000181,1.276,1.039,27.58,normal
410.08,178.32,128.52,40.05,90.1,24.467,20.5,88.34,2670.9,38.8,31.03,0.000179,1.157,0.985,26.71,normal
413.98,182.19,131.87,41.27,90.18,24.654,19.965,91.3,2725.1,38.2,29.38,0.000186,1.144,1.034,32.4,normal
415.48,181.21,131.39,41.33,89.63,24.668,20.397,90.82,2725.2,38.43,31.28,0.000178,1.201,1.051,32.85,normal
411.7,180.14,129.96,38.35,90.34,24.825,19.197,90.7,2754.1,39.12,27.65,0.000216,1.163,1.06,32.17,normal
422.94,176.35,128.62,40.65,92.21,24.691,19.283,86.04,2572.0,38.34,28.79,0.000156,1.253,0.953,29.71,normal
419.69,178.52,131.84,40.23,89.35,25.512,19.633,90.39,2645.5,41.14,28.74,0.000213,1.187,0.998,27.15,normal
413.03,181.03,129.56,39.54,90.84,25.163,19.859,90.11,2844.2,41.05,29.49,0.000181,1.259,1.028,27.89,normal
404.88,181.82,128.67,40.33,88.86,25.236,20.167,90.64,2945.9,39.8,30.65,0.000201,1.222,0.957,28.02,normal
409.98,181.66,127.89,38.27,87.31,25.366,20.318,91.96,3024.2,39.86,30.24,0.000195,1.181,0.948,29.91,normal
422.12,177.61,129.22,41.46,90.27,24.944,21.233,87.55,2682.1,39.66,34.27,0.000185,1.256,0.999,32.77,normal
406.78,180.45,128.25,40.51,90.48,24.388,19.631,88.85,2811.0,37.12,29.6,0.000236,1.167,0.983,32.77,normal
418.8,181.52,129.25,39.13,89.86,26.083,19.843,90.89,3055.6,44.51,30.14,0.000189,1.184,0.993,29.02,normal
407.03,177.51,130.89,39.41,88.06,25.557,19.645,90.46,2564.9,40.92,28.27,0.000221,1.226,0.981,25.53,normal
407.21,179.99,129.55,38.3,90.4,25.968,20.54,90.42,2910.5,42.88,32.75,0.000221,1.211,1.086,27.67,normal
407.39,180.41,130.43,39.69,90.35,25.621,20.567,90.4,2787.4,42.26,30.11,0.000192,1.166,0.982,32.38,normal
418.05,179.55,129.13,39.52,88.84,24.724,19.776,90.16,2741.8,37.95,30.03,0.000162,1.123,1.023,30.46,normal
417.45,177.22,130.08,38.67,88.24,23.591,21.033,90.19,2447.5,35.19,33.0,0.000174,1.199,1.021,29.29,normal
409.88,179.51,132.31,40.78,89.67,24.263,19.646,90.68,2518.3,37.27,29.63,0.000238,1.164,0.932,29.15,normal
412.59,179.51,129.58,41.28,90.85,25.382,20.515,88.48,2760.9,41.89,31.28,0.000215,1.201,1.059,28.5,normal
420.08,179.78,130.46,39.97,90.54,24.939,20.727,89.86,2665.3,41.66,32.1,0.000204,1.179,1.025,27.59,normal
415.15,179.15,128.12,39.69,88.85,24.748,19.319,89.36,2721.1,41.13,28.79,0.000183,1.164,1.006,34.14,normal
405.14,179.34,131.82,40.43,90.18,23.503,20.289,90.27,2450.6,37.06,30.83,0.000252,1.187,1.042,33.44,normal
417.27,179.94,129.43,39.98,91.15,24.992,18.637,89.12,2781.7,38.74,26.64,0.000174,1.196,0.998,28.36,normal
409.35,180.66,131.26,38.92,88.48,24.351,20.412,92.27,2664.7,37.27,31.36,0.000204,1.235,1.035,26.49,normal
411.93,179.54,129.85,39.35,90.08,24.565,19.449,89.98,2720.6,40.14,30.33,0.000215,1.221,0.925,30.34,normal
418.53,179.39,130.73,39.7,91.74,25.51,20.284,89.33,2755.9,43.01,29.54,0.000161,1.305,1.033,29.71,normal
423.41,180.14,130.81,40.25,88.34,24.383,20.377,91.18,2676.2,39.03,32.11,0.000177,1.207,1.007,31.26,normal
412.04,177.12,129.46,40.01,91.5,24.44,20.56,87.52,2532.9,39.21,31.94,0.000186,1.166,1.008,31.71,normal
407.12,180.72,131.31,40.21,92.1,25.111,20.445,89.85,2762.8,39.89,31.52,0.000226,1.192,0.966,27.66,normal
410.12,180.0,129.09,38.48,89.71,25.523,20.028,90.45,2870.2,43.24,29.1,0.000187,1.228,0.991,32.56,normal
421.67,180.06,130.93,40.67,89.55,24.758,19.81,90.39,2637.1,38.58,30.46,0.000157,1.25,0.99,29.29,normal
415.52,181.44,129.53,40.0,91.34,25.88,19.963,89.81,2987.9,40.96,29.04,0.000154,1.267,0.954,31.22,normal
416.77,177.07,130.42,42.55,89.76,24.233,19.442,87.59,2460.9,38.62,29.73,0.000177,1.149,1.014,29.48,normal
415.93,177.04,129.45,39.61,86.94,24.128,19.894,89.97,2495.5,36.94,29.32,0.000155,1.264,1.063,31.84,normal
405.02,180.41,130.06,40.32,89.87,24.076,19.855,90.14,2713.5,36.08,30.83,0.000223,1.198,0.943,25.28,normal
405.69,179.99,128.71,42.83,90.61,24.009,19.606,87.62,2715.9,38.07,28.42,0.000224,1.154,1.02,31.48,normal
415.73,180.26,130.3,40.19,90.96,25.202,19.129,89.7,2738.9,38.76,26.99,0.0002,1.19,0.983,28.34,normal
413.82,179.31,130.05,39.93,88.86,24.413,19.362,90.29,2629.5,38.78,28.26,0.000192,1.261,0.979,30.15,normal
408.6,181.0,129.35,39.01,89.65,24.154,18.425,90.84,2776.3,37.15,25.33,0.000222,1.223,1.003,32.49,normal
411.54,181.4,129.93,41.53,91.27,25.228,19.846,89.26,2820.6,42.26,29.44,0.000221,1.139,1.004,28.39,normal
415.31,180.73,130.16,38.84,89.92,25.494,20.18,91.06,2832.1,41.89,31.88,0.00017,1.14,1.007,28.08,normal
409.37,179.61,129.26,40.43,88.01,25.631,18.659,90.21,2835.0,42.91,26.08,0.000175,1.138,0.955,29.26,normal
404.87,176.84,129.85,39.53,91.61,25.525,20.118,87.75,2720.8,40.44,30.5,0.000221,1.163,1.044,29.13,normal
410.32,181.15,128.79,39.81,89.72,24.449,19.939,90.2,2772.9,36.73,31.15,0.000208,1.204,1.003,27.9,normal
409.56,181.83,132.81,38.58,91.42,25.166,19.412,92.31,2671.6,40.12,28.66,0.000218,1.144,1.024,30.21,normal
419.7,180.97,131.27,41.34,88.19,25.298,19.784,91.35,2749.1,41.47,30.36,0.000173,1.179,1.049,30.32,normal
416.14,178.68,130.33,39.72,89.84,24.715,20.525,89.72,2610.1,39.25,31.92,0.000177,1.27,0.923,30.93,normal
414.55,181.01,131.41,38.78,90.66,25.099,19.513,91.48,2740.3,41.44,29.54,0.000214,1.281,1.025,28.36,normal
417.81,181.29,127.62,41.25,89.89,24.249,20.039,88.86,2849.1,38.41,30.1,0.00018,1.278,0.993,28.11,normal
415.13,182.34,126.93,39.5,88.46,24.623,20.173,90.62,3027.1,37.87,30.98,0.000154,1.11,1.041,29.76,normal
406.09,178.69,129.52,40.33,86.9,25.223,19.589,90.48,2731.1,41.11,30.39,0.00018,1.284,0.968,29.51,normal
409.87,179.66,128.35,40.84,91.98,25.905,20.504,87.59,2895.7,42.81,31.15,0.000194,1.205,1.037,29.55,normal
404.88,181.12,129.72,40.47,90.32,25.691,20.202,90.02,2898.5,43.28,30.92,0.000251,1.204,0.958,28.59,normal
418.66,180.09,130.25,37.8,91.52,25.397,19.874,90.49,2776.8,40.22,29.16,0.000175,1.251,1.016,30.66,normal
412.74,178.32,131.1,40.7,91.21,25.048,21.182,88.75,2636.6,39.47,34.14,0.000198,1.235,1.011,28.12,normal
403.14,180.62,128.63,39.9,90.78,24.955,20.506,89.29,2880.4,40.27,30.09,0.000261,1.107,0.994,29.76,normal
423.79,180.87,130.48,39.67,89.58,24.131,19.157,91.05,2696.8,38.95,27.57,0.000167,1.169,0.959,29.39,normal
409.55,180.13,130.02,39.89,90.64,24.499,19.805,89.81,2679.5,38.37,30.32,0.00022,1.182,0.985,29.93,normal
417.91,180.33,130.42,38.39,91.86,24.518,21.233,90.24,2702.0,39.22,33.33,0.000179,1.133,1.037,32.37,normal
417.19,179.61,129.38,40.19,90.11,25.345,19.509,89.34,2766.8,41.03,27.3,0.000212,1.25,1.06,27.37,normal
394.0,182.22,131.66,38.64,92.47,25.567,20.033,91.37,2863.6,41.61,29.51,0.00027,1.272,1.078,25.22,normal
415.67,178.65,129.88,39.71,88.05,25.442,20.615,90.38,2766.7,42.43,31.18,0.000224,1.199,1.021,28.81,normal
401.83,179.12,132.13,40.16,87.91,25.71,20.326,91.59,2595.5,42.18,32.19,0.000205,1.215,1.01,27.7,normal
414.46,180.02,129.05,41.07,91.28,25.043,20.398,88.35,2805.7,39.68,31.76,0.000171,1.199,1.018,23.98,normal
411.51,181.32,130.89,39.18,88.94,24.41,20.369,92.05,2705.8,37.82,31.76,0.000195,1.205,1.077,33.49,normal
409.22,177.75,129.93,41.45,92.66,24.97,20.013,86.78,2654.9,39.61,29.09,0.000183,1.256,1.021,31.12,normal
419.74,178.03,129.61,40.95,91.74,24.565,19.604,87.47,2600.0,38.06,28.98,0.000156,1.112,1.003,31.33,normal
423.82,176.94,130.76,39.57,92.06,25.395,20.217,88.0,2562.6,40.91,31.87,0.000136,1.224,0.989,29.43,normal
420.09,180.05,129.64,38.89,91.15,24.785,19.799,89.82,2753.9,39.44,30.21,0.000175,1.201,0.994,30.84,normal
415.84,178.32,126.81,38.56,88.8,24.941,19.759,88.88,2845.5,40.12,28.99,0.000199,1.164,1.015,29.15,normal
407.89,179.42,126.32,40.27,87.84,25.416,20.741,88.79,2975.8,40.22,32.7,0.000234,1.175,0.97,31.63,normal
421.13,180.99,131.53,39.26,91.94,24.555,19.81,90.65,2699.2,38.31,28.5,0.000178,1.292,0.975,30.38,normal
414.45,179.04,131.48,41.2,88.05,25.578,20.853,90.63,2697.7,41.31,31.7,0.000206,1.134,0.997,29.93,normal
420.43,180.35,132.26,39.32,92.06,24.191,20.128,90.6,2544.1,36.94,28.88,0.000149,1.192,0.982,30.08,normal
417.45,179.55,129.98,39.1,90.87,25.184,19.92,89.78,2747.8,39.95,29.73,0.000176,1.281,1.024,32.93,normal
423.21,181.01,128.45,40.23,89.9,24.945,19.091,89.65,2901.6,40.74,28.14,0.000127,1.136,1.027,30.33,normal
396.83,180.71,129.5,39.31,90.57,25.496,21.06,90.16,2849.7,42.8,32.19,0.000267,1.177,1.011,27.94,normal
413.55,178.96,130.01,40.01,90.6,24.175,19.997,89.18,2583.6,37.34,29.96,0.000206,1.202,1.02,30.67,normal
406.0,179.75,128.79,40.99,89.74,24.082,18.865,88.9,2656.5,36.68,26.37,0.000205,1.221,1.005,30.98,normal
409.38,181.57,131.98,40.12,91.85,25.45,20.494,90.78,2812.5,41.22,30.91,0.000216,1.196,0.848,29.71,normal
391.1,180.59,132.69,40.12,91.81,24.765,19.975,90.66,2675.6,39.41,29.13,0.000276,1.155,0.965,29.9,normal
415.37,177.9,130.57,40.21,90.2,24.946,19.534,89.03,2577.9,40.54,29.79,0.000187,1.222,1.028,27.87,normal
415.01,180.98,129.99,38.31,89.22,24.604,20.466,91.72,2778.4,38.47,30.75,0.000171,1.195,0.966,30.19,normal
405.14,178.37,128.45,40.39,91.7,25.548,18.726,87.36,2844.3,41.05,26.49,0.00026,1.231,1.034,27.57,normal
418.35,182.12,131.86,40.16,87.37,25.18,19.643,93.21,2750.0,42.97,28.66,0.000163,1.246,1.036,29.5,normal
405.8,181.54,130.09,40.89,90.58,25.144,19.85,90.08,2857.0,39.12,29.89,0.000239,1.126,0.989,28.66,normal
413.43,180.43,129.65,40.61,90.96,24.298,20.426,89.26,2755.2,38.9,33.19,0.000198,1.252,0.976,31.97,normal
408.19,180.24,130.58,39.8,88.92,25.301,21.12,91.05,2757.0,42.36,35.36,0.000213,1.187,1.0,33.1,normal
418.06,179.69,129.3,41.03,91.27,24.405,19.878,88.34,2703.9,38.05,29.53,0.000157,1.241,0.998,27.71,normal
397.73,181.02,130.18,39.71,89.97,24.605,20.23,90.76,2794.4,39.31,31.0,0.000278,1.225,1.025,29.99,normal
414.31,179.44,128.27,40.25,89.29,24.181,21.374,89.08,2710.6,35.99,34.62,0.000189,1.293,0.906,29.38,normal
414.23,180.35,131.3,39.69,91.25,24.906,20.002,90.35,2671.3,39.75,31.05,0.000179,1.2,0.971,30.93,normal
411.86,181.31,129.87,40.46,88.59,25.639,20.234,91.06,2896.6,43.02,31.18,0.000216,1.18,0.96,30.19,normal
409.09,179.16,131.39,39.62,91.13,25.136,19.381,89.88,2697.1,40.51,29.28,0.000181,1.174,0.899,29.23,normal
404.69,179.08,129.76,41.65,87.42,24.735,20.98,89.87,2708.7,39.28,33.07,0.000213,1.148,0.98,30.19,normal
426.95,178.21,129.84,42.02,90.37,25.065,19.644,87.83,2684.7,41.92,28.58,0.000162,1.24,0.94,29.57,normal
410.36,178.4,128.55,40.87,90.06,25.062,20.134,88.01,2766.0,41.0,31.28,0.000204,1.145,0.985,33.18,normal
411.89,177.26,130.91,41.54,89.3,25.04,20.12,88.66,2520.8,40.82,30.48,0.000182,1.24,0.98,28.41,normal
416.79,181.09,128.95,38.46,90.51,25.106,20.043,90.54,2898.4,39.5,30.42,0.000177,1.189,1.018,30.51,normal
420.78,182.71,129.42,38.58,89.9,24.376,19.783,91.82,2846.9,35.78,28.37,0.000172,1.112,0.99,31.02,normal
410.93,182.14,130.0,39.68,91.37,25.064,20.121,90.54,2870.6,40.56,29.75,0.000227,1.274,0.932,30.88,normal
411.65,177.56,130.15,40.04,90.73,23.947,20.879,88.46,2492.2,37.02,32.15,0.000189,1.031,1.014,29.4,normal
411.74,181.09,127.95,39.8,90.59,25.345,21.14,89.32,2992.8,41.76,33.61,0.000194,1.196,1.097,32.74,normal
409.34,182.13,129.72,38.36,90.38,24.338,19.912,91.56,2863.0,38.24,31.24,0.000213,1.212,1.043,25.82,normal
408.34,179.31,130.95,41.15,89.39,25.707,19.775,89.87,2709.5,42.1,30.06,0.000234,1.085,1.027,27.81,normal
417.8,180.15,129.55,42.15,89.61,23.533,19.596,88.96,2654.1,35.9,28.81,0.000172,1.222,0.992,31.33,normal
408.05,176.99,129.73,41.28,90.32,26.005,21.343,87.55,2701.2,41.83,32.97,0.000207,1.167,0.98,28.24,normal
415.51,180.4,130.19,41.09,89.77,24.016,20.064,89.87,2678.5,35.37,31.21,0.000173,1.188,0.978,28.12,normal
412.85,178.4,129.85,40.23,91.44,24.28,20.558,88.28,2605.8,37.06,31.82,0.000194,1.267,1.01,29.07,normal
413.4,180.3,128.76,39.16,90.12,25.179,20.348,89.89,2839.5,39.42,28.43,0.000232,1.207,0.955,28.43,normal
424.49,177.66,129.96,40.07,90.49,25.371,21.104,88.52,2646.8,41.03,33.92,0.00013,1.182,1.009,31.27,normal
430.85,180.81,131.19,42.11,88.18,24.83,19.876,90.85,2707.4,37.88,30.01,0.000172,1.191,0.973,31.81,normal
412.95,181.54,128.74,39.65,91.23,25.536,19.446,89.7,2980.1,41.08,26.84,0.000193,1.289,0.931,30.18,normal
404.17,178.83,129.55,39.55,89.24,24.522,20.93,89.79,2676.5,40.56,33.1,0.000211,1.22,0.973,32.11,normal
408.1,178.29,128.34,41.11,88.64,24.76,20.452,88.44,2813.4,39.24,31.34,0.000237,1.156,1.05,27.23,normal
425.9,176.77,131.13,41.17,92.14,24.819,20.228,87.26,2511.5,39.53,29.61,0.000149,1.176,1.006,30.15,normal
407.63,179.6,129.89,39.15,90.91,24.677,20.768,89.71,2663.2,39.09,33.78,0.000242,1.14,0.858,32.7,normal
410.98,179.13,128.98,39.74,91.27,23.839,20.257,88.55,2671.3,36.93,31.09,0.000216,1.177,0.973,31.95,normal
412.56,177.67,130.11,39.5,90.59,24.985,20.785,88.84,2635.7,39.43,31.81,0.000193,1.28,1.036,32.87,normal
419.35,180.68,128.56,40.07,89.88,24.931,20.123,89.64,2857.5,39.64,29.75,0.000156,1.192,0.988,28.82,normal
406.48,179.33,128.76,41.1,89.64,25.647,20.451,88.67,2823.3,41.34,31.12,0.000183,1.133,1.021,31.83,normal
411.1,178.39,128.25,39.2,91.01,24.228,20.263,88.21,2667.6,36.31,30.63,0.000231,1.222,0.984,29.15,normal
411.19,179.17,128.72,41.09,91.47,24.616,19.837,87.66,2770.7,40.07,30.06,0.000201,1.18,1.007,31.19,normal
418.36,181.61,131.63,40.1,89.91,25.722,19.897,91.61,2846.7,41.22,29.57,0.000195,1.228,1.001,32.62,normal
415.74,180.9,129.12,42.33,92.69,25.176,19.804,87.5,2912.4,42.11,29.18,0.000171,1.188,0.974,28.41,normal
408.91,179.8,130.56,40.32,89.74,25.33,20.133,90.15,2786.8,40.19,30.53,0.000222,1.272,1.023,26.29,normal
418.61,180.93,129.0,39.9,88.19,25.272,19.772,90.9,2897.0,39.43,29.08,0.000196,1.154,1.061,33.7,normal
419.4,178.26,130.91,40.57,87.76,25.275,20.218,90.42,2541.7,42.73,30.54,0.000193,1.142,1.015,30.98,normal
416.7,180.05,128.77,39.66,87.81,26.093,20.201,90.67,2920.1,41.72,31.69,0.000197,1.247,1.004,29.79,normal
408.69,180.22,130.05,38.2,89.46,25.055,20.103,91.3,2722.9,37.89,29.93,0.000181,1.1,0.966,29.68,normal
411.95,179.3,130.06,39.76,89.7,24.393,20.111,89.95,2688.0,36.82,30.2,0.000176,1.191,1.038,25.81,normal
423.57,180.65,132.79,39.74,90.89,25.383,19.717,91.4,2691.6,40.97,28.63,0.000154,1.24,0.98,30.42,normal
413.24,178.83,130.76,38.41,89.96,24.66,19.859,90.6,2605.0,37.69,30.5,0.000181,1.09,1.022,28.94,normal
422.55,180.76,129.29,39.93,91.1,24.934,19.165,89.51,2811.5,39.25,26.43,0.000146,1.203,1.03,30.1,normal
411.21,180.83,130.82,37.93,90.06,25.222,19.94,91.83,2810.7,38.61,29.17,0.000215,1.125,1.04,30.06,normal
417.31,175.62,132.57,39.65,90.02,24.507,19.507,89.21,2298.0,39.68,29.25,0.00018,1.108,1.04,23.24,normal
410.64,181.79,128.04,40.24,89.25,24.694,20.05,90.15,2884.2,39.54,30.01,0.000188,1.147,1.039,30.98,normal
417.13,175.43,128.99,40.1,91.85,25.286,19.643,86.21,2545.5,39.56,29.75,0.000199,1.191,0.95,30.38,normal
414.89,179.08,129.72,39.59,88.01,24.671,18.975,90.6,2685.7,36.74,27.13,0.000176,1.165,0.966,30.65,normal
421.3,181.54,129.5,39.91,90.39,25.584,21.126,90.36,2907.9,40.79,32.57,0.000165,1.255,0.945,29.63,normal
410.88,179.52,129.6,39.22,89.76,24.408,19.884,90.07,2714.1,38.96,29.59,0.000207,1.204,0.942,30.1,normal
411.09,177.8,128.43,40.01,91.02,24.406,20.724,87.6,2653.5,39.38,30.95,0.000257,1.176,1.061,30.35,normal
414.04,178.36,131.68,40.06,89.97,26.144,19.737,90.0,2645.6,43.12,28.63,0.000227,1.135,0.961,30.55,normal
414.93,181.54,128.29,39.1,90.01,24.082,20.849,90.36,2816.6,36.89,33.06,0.000238,1.211,0.955,30.95,normal
426.2,177.12,129.76,40.27,89.65,24.984,19.424,88.47,2576.4,39.38,28.26,0.000161,1.303,0.998,30.57,normal
413.29,181.69,131.25,40.26,91.81,26.111,20.088,90.44,2896.1,43.56,30.21,0.000194,1.165,0.97,33.7,normal
411.72,179.92,129.96,39.83,90.0,24.983,19.454,90.02,2780.7,40.83,28.64,0.000194,1.171,1.09,28.55,normal
401.13,178.21,128.82,42.42,92.56,25.808,21.3,86.03,2801.8,42.21,32.35,0.000243,1.147,0.989,29.25,normal
409.27,179.13,128.38,39.86,90.35,25.391,19.875,88.65,2816.8,40.76,28.42,0.000228,1.259,1.018,33.39,normal
413.78,178.47,129.72,39.72,90.03,24.996,20.414,89.22,2696.3,40.77,31.43,0.000195,1.246,0.969,29.69,normal
424.71,181.3,129.09,39.58,89.81,24.922,20.225,90.5,2851.7,41.27,30.28,0.000131,1.178,0.934,31.86,normal
415.54,181.1,130.25,39.03,90.73,23.728,19.987,90.79,2672.7,36.13,29.79,0.000165,1.17,0.971,30.27,normal
411.08,177.42,128.32,40.69,89.24,24.809,20.259,87.91,2691.9,39.54,31.19,0.000219,1.153,0.971,29.54,normal
412.96,179.39,130.98,39.31,90.19,25.139,20.68,90.43,2648.3,39.65,31.11,0.00019,1.186,0.971,31.97,normal
411.48,178.71,130.14,39.43,90.01,25.139,20.334,89.7,2648.6,40.48,30.45,0.000197,1.251,0.936,31.04,normal
410.39,181.94,130.23,39.46,90.42,26.48,20.081,91.14,3003.4,43.43,29.94,0.000218,1.202,1.005,26.93,normal
406.83,177.97,131.73,39.02,90.46,25.169,20.26,90.09,2574.9,41.91,30.97,0.000234,1.264,0.987,30.35,normal
411.16,182.41,129.47,38.25,90.52,25.378,20.958,91.55,3009.1,41.98,32.35,0.000177,1.164,0.938,28.01,normal
406.69,179.95,129.13,39.54,90.12,25.699,19.792,89.71,2841.2,43.77,28.93,0.000218,1.084,1.004,32.54,normal
406.9,178.26,129.34,40.87,92.04,25.324,19.073,87.34,2696.7,40.38,28.9,0.000248,1.33,1.03,33.51,normal
405.48,178.98,129.77,40.2,90.55,24.948,19.452,89.0,2732.1,41.92,28.57,0.000243,1.211,1.048,33.75,normal
407.81,178.8,129.89,41.56,93.39,24.951,19.489,86.86,2691.9,40.1,29.16,0.000184,1.239,0.903,30.72,normal
414.14,178.09,129.0,40.75,90.06,24.79,19.559,88.14,2673.0,39.26,27.37,0.000209,1.161,0.971,29.08,normal
408.84,180.14,127.57,40.52,91.25,25.267,19.577,87.97,2943.7,42.03,27.84,0.000223,1.132,0.945,30.64,normal
408.49,178.16,129.33,41.88,89.06,24.898,19.988,88.27,2713.4,38.69,30.44,0.000201,1.208,0.974,28.12,normal
411.45,176.73,130.43,39.9,91.82,25.375,20.124,87.69,2617.1,41.12,30.14,0.000193,1.1,1.056,34.69,normal
422.55,179.43,130.16,40.06,89.08,24.395,20.118,90.22,2624.4,38.12,30.01,0.000148,1.187,0.971,32.39,normal
408.48,177.3,131.44,39.99,90.59,25.088,19.635,89.06,2545.5,40.67,28.26,0.000174,1.251,0.981,30.61,normal
418.11,178.87,132.35,41.54,89.66,25.931,20.497,90.01,2689.5,42.28,32.13,0.000179,1.222,0.967,31.99,normal
423.34,178.64,130.91,40.0,90.59,24.865,20.267,89.47,2603.4,39.07,31.25,0.000162,1.213,1.065,29.02,normal
415.85,178.69,131.66,39.35,89.69,26.106,20.791,90.64,2713.9,42.86,32.12,0.000203,1.287,0.908,27.78,normal
413.08,183.0,130.92,40.59,88.97,25.098,20.423,92.17,2859.5,39.99,31.35,0.000226,1.219,0.978,25.57,normal
411.88,180.08,132.05,39.18,89.65,24.966,19.825,91.65,2611.0,39.98,29.29,0.000187,1.105,0.965,30.17,normal
428.56,180.37,132.22,40.53,92.0,25.07,20.653,90.02,2669.3,41.49,31.24,0.000134,1.193,0.931,29.58,normal
414.54,177.34,131.14,40.41,90.61,24.813,20.137,88.71,2550.8,37.31,29.96,0.000196,1.296,1.044,31.04,normal
408.11,179.02,130.85,39.81,88.32,23.812,20.399,90.87,2547.9,37.41,31.7,0.000208,1.185,0.928,30.03,normal
413.66,180.32,129.75,40.57,91.42,25.528,20.36,89.04,2801.4,41.06,30.66,0.000206,1.293,0.982,30.95,normal
418.31,178.46,129.95,38.51,88.84,26.316,19.938,90.53,2849.5,43.69,29.88,0.000178,1.251,0.997,31.62,normal
425.26,181.36,129.59,40.16,90.97,25.288,20.052,89.91,2899.0,39.75,29.8,0.000164,1.18,0.97,27.08,normal
413.15,178.2,130.75,39.54,90.72,25.325,19.934,89.33,2679.1,40.99,30.57,0.000227,1.146,0.931,31.74,normal
408.29,179.57,129.14,42.86,90.8,24.89,19.574,87.52,2735.5,39.29,28.34,0.000211,1.217,0.993,29.19,normal
417.72,179.12,129.77,40.16,92.41,25.695,18.928,88.16,2816.7,41.8,28.39,0.00018,1.264,0.97,31.04,normal
421.99,180.25,127.17,39.4,88.92,24.976,19.653,89.54,2937.2,40.52,28.61,0.000155,1.121,1.032,32.04,normal
412.71,179.04,132.07,38.62,90.79,25.16,20.1,90.82,2563.9,41.1,29.81,0.000207,1.206,1.021,32.06,normal
416.27,179.59,129.74,41.31,91.64,24.061,20.543,88.19,2654.3,38.76,33.08,0.000173,1.098,1.078,30.26,normal
417.92,179.65,130.55,39.65,89.16,24.682,20.398,90.69,2637.1,38.5,30.23,0.000211,1.183,1.004,30.36,normal
409.55,178.9,131.75,39.21,89.03,25.22,19.86,91.2,2618.4,41.32,29.59,0.000205,1.117,1.024,31.78,normal
409.16,180.73,130.36,40.34,89.63,25.544,19.66,90.56,2902.0,42.21,29.9,0.000262,1.228,0.986,27.0,normal
407.54,180.36,131.73,40.65,90.42,25.561,19.91,90.51,2745.0,41.72,28.52,0.000198,1.166,1.068,28.1,normal
401.34,179.87,128.51,40.63,88.17,24.052,19.512,89.77,2716.1,39.0,28.9,0.00026,1.258,1.0,29.44,normal
415.48,179.35,132.88,40.02,90.72,24.113,18.942,90.73,2423.0,36.84,25.97,0.000202,1.173,0.996,27.33,normal
412.07,181.19,131.3,40.16,88.17,25.35,19.227,92.08,2793.1,41.17,27.98,0.00018,1.168,1.022,29.46,normal
415.37,179.65,130.25,40.23,91.68,24.552,20.687,88.99,2665.5,39.02,33.51,0.000168,1.119,0.974,29.35,normal
419.52,179.54,131.71,40.34,90.67,25.537,20.929,90.12,2628.8,40.36,30.67,0.000174,1.22,0.98,30.17,normal
403.75,180.16,128.6,40.42,92.49,24.022,20.377,87.92,2694.1,38.49,30.97,0.000213,1.225,1.022,29.89,normal
416.6,182.54,129.65,41.09,90.87,24.941,19.971,90.11,2930.8,39.72,29.56,0.000204,1.247,1.029,32.14,normal
428.38,177.99,131.73,40.06,89.6,24.979,19.304,90.02,2582.7,40.38,27.34,0.000145,1.233,1.024,31.15,normal
413.78,181.15,127.76,39.18,88.96,25.288,19.919,90.37,2974.8,42.41,28.56,0.000231,1.22,0.997,29.86,normal
406.73,177.16,130.67,39.86,90.31,24.381,20.306,88.82,2525.9,38.45,31.71,0.000244,1.23,1.011,29.33,normal
420.81,180.33,130.64,40.75,89.96,23.82,20.415,90.12,2606.8,36.71,31.29,0.000145,1.235,1.038,29.9,normal
406.28,182.36,132.36,38.21,91.54,25.103,20.344,92.48,2740.6,40.36,29.45,0.00023,1.245,0.956,29.94,normal
405.56,180.73,128.1,38.22,88.79,25.316,20.605,90.91,2999.4,39.91,30.9,0.00025,1.124,1.0,35.04,normal
422.75,180.26,131.93,40.92,92.63,25.604,20.971,89.31,2681.8,41.38,32.23,0.000146,1.177,0.884,27.08,normal
413.73,179.16,129.33,41.52,91.66,24.785,19.797,87.66,2731.8,39.23,28.2,0.000186,1.119,1.03,28.15,normal
423.57,180.05,129.46,38.73,89.74,25.465,21.403,90.52,2816.4,41.45,33.96,0.000175,1.217,0.969,27.85,normal
406.94,179.62,128.53,40.1,92.34,25.291,18.99,87.86,2838.4,42.22,27.53,0.000229,1.281,0.97,30.54,normal
420.72,178.82,128.69,39.6,88.98,25.793,19.611,89.47,2894.1,43.24,29.15,0.000188,1.245,0.995,30.46,normal
415.58,179.57,130.48,39.74,90.27,24.967,20.1,90.02,2699.2,39.32,31.89,0.000186,1.17,1.025,28.85,normal
410.85,180.3,128.67,40.31,88.34,23.962,20.275,90.15,2714.2,37.04,29.99,0.000213,1.225,1.096,31.79,normal
407.09,178.85,130.89,38.71,92.4,24.959,19.909,89.28,2619.2,41.28,29.38,0.000247,1.217,0.938,30.74,normal
415.18,178.79,129.2,38.89,87.86,25.053,19.752,90.62,2751.9,38.43,28.91,0.000198,1.212,0.966,31.88,normal
414.69,177.96,128.54,39.7,88.13,25.311,21.101,89.34,2725.3,40.67,33.72,0.000186,1.135,1.009,32.41,normal
416.56,180.59,129.37,39.85,89.17,24.08,19.728,90.46,2718.3,36.08,29.87,0.000191,1.266,0.971,25.74,normal
412.26,180.82,130.4,38.87,91.72,24.813,19.49,90.31,2750.0,41.91,27.73,0.00022,1.141,1.033,31.37,normal
426.38,180.35,129.67,40.79,91.24,25.521,20.845,88.99,2824.0,42.28,33.48,0.00016,1.182,0.993,27.42,normal
413.21,181.45,130.04,39.58,90.16,24.938,20.425,90.87,2779.4,39.32,30.43,0.0002,1.248,1.035,30.5,normal
414.57,180.13,130.84,39.58,91.32,24.817,20.547,90.03,2694.4,39.44,32.18,0.000172,1.181,0.99,29.85,normal
416.38,180.59,131.3,40.28,89.85,26.144,20.098,90.88,2825.8,42.53,30.9,0.000164,1.204,1.022,29.94,normal
432.5,180.46,129.63,39.87,90.55,24.358,19.312,89.83,2732.5,40.16,28.49,0.000142,1.206,0.962,27.59,normal
407.98,179.86,128.75,40.84,92.15,25.74,20.042,87.81,2831.5,39.86,29.85,0.000185,1.203,1.077,32.06,normal
402.64,179.2,130.09,39.07,89.68,25.613,19.243,90.27,2755.6,42.11,27.74,0.000232,1.206,0.932,27.42,normal
423.34,183.32,130.56,38.6,89.0,24.865,20.121,93.13,2913.5,39.54,30.71,0.00014,1.211,0.972,31.5,normal
407.63,179.32,128.25,39.69,90.61,24.98,20.327,88.63,2759.4,38.91,31.31,0.000216,1.204,0.943,27.14,normal
419.46,179.0,128.93,40.06,90.96,24.978,20.538,88.45,2809.7,39.69,32.04,0.000181,1.155,1.032,29.96,normal
421.28,180.65,129.14,38.76,90.14,25.109,19.954,90.44,2858.5,38.69,30.44,0.000168,1.122,1.022,33.61,normal
408.95,180.38,129.75,38.61,91.3,24.643,20.374,90.1,2742.5,40.55,31.29,0.00021,1.25,0.951,34.72,normal
412.26,177.89,129.09,40.18,89.74,24.743,19.548,88.53,2662.0,39.29,29.92,0.000239,1.252,1.04,26.76,normal
400.91,181.68,130.85,39.24,90.17,24.787,20.483,91.56,2748.5,40.3,30.84,0.000245,1.217,0.972,28.59,normal
408.45,179.86,128.07,38.55,90.49,24.806,20.337,89.45,2870.6,38.96,30.95,0.000209,1.216,1.015,28.95,normal
419.49,178.33,128.1,40.97,90.37,24.814,19.6,87.55,2749.3,40.81,28.48,0.000198,1.154,1.025,34.51,normal
405.63,181.78,129.6,39.37,92.1,23.656,20.265,89.96,2719.7,36.25,32.67,0.000212,1.078,0.99,29.86,normal
401.94,180.94,129.79,41.15,90.48,25.059,20.545,89.55,2851.8,41.24,32.1,0.000274,1.188,1.036,32.15,normal
420.62,178.1,128.25,40.03,89.6,24.684,20.039,88.36,2720.6,39.66,30.92,0.000191,1.105,0.994,30.6,normal
396.72,182.67,129.27,40.29,90.69,23.88,19.589,90.47,2786.7,36.8,29.26,0.000234,1.209,1.014,27.6,normal
414.54,180.99,129.52,39.79,91.31,24.79,20.089,89.7,2808.0,40.4,30.2,0.000182,1.265,0.989,26.28,normal
420.93,179.98,129.53,37.34,91.01,24.771,20.276,90.57,2768.7,43.53,32.89,0.000175,1.169,0.925,28.77,normal
402.91,182.39,130.18,38.86,90.93,25.765,19.585,91.38,2962.8,41.1,29.86,0.000253,1.172,0.995,34.63,normal
413.07,180.24,129.21,39.87,88.05,24.676,19.496,90.75,2732.0,38.95,28.4,0.0002,1.15,0.965,30.52,normal
412.45,179.96,131.77,40.36,86.76,25.401,20.261,92.3,2736.6,39.87,30.49,0.000207,1.202,1.056,32.11,normal
411.32,179.01,130.59,38.21,91.66,25.83,20.412,89.84,2758.4,42.84,31.3,0.000216,1.198,0.945,27.16,normal
414.24,180.87,129.03,39.95,90.57,24.623,21.075,89.69,2798.4,39.15,32.53,0.000173,1.149,1.049,29.35,normal
418.16,180.71,130.11,38.88,89.97,24.972,20.333,90.99,2801.3,41.86,30.63,0.000187,1.246,0.993,31.56,normal
417.17,180.02,130.15,40.23,90.9,26.037,19.395,89.52,2843.9,42.78,27.17,0.000181,1.335,1.016,27.82,normal
406.57,178.82,131.46,39.98,92.51,25.137,21.02,88.87,2574.9,41.35,30.89,0.00021,1.259,0.945,29.87,normal
409.12,180.19,129.28,40.74,91.84,25.224,20.527,88.45,2827.2,38.57,33.02,0.000211,1.194,0.988,28.24,normal
410.28,179.9,130.92,41.07,91.25,24.756,18.997,89.25,2689.2,39.45,26.94,0.000182,1.194,0.973,31.65,normal
403.59,178.0,130.05,40.46,88.85,25.412,19.485,89.37,2674.4,40.33,28.38,0.000261,1.174,1.084,30.8,normal
414.95,177.79,131.79,40.86,89.02,24.976,19.754,89.85,2522.6,40.52,29.39,0.000199,1.173,0.972,31.37,normal
413.17,180.85,131.55,39.65,86.9,23.901,20.419,92.92,2588.4,38.04,31.7,0.000203,1.248,1.046,31.74,normal
408.29,176.1,130.24,42.82,90.82,24.787,18.81,86.34,2499.6,38.79,27.49,0.00024,1.25,1.047,29.54,normal
417.9,180.31,129.69,38.78,91.44,24.29,19.94,89.88,2711.4,38.52,30.66,0.000174,1.142,1.046,32.01,normal
418.57,179.28,130.61,39.47,91.55,25.067,20.391,89.42,2710.1,39.84,31.52,0.000184,1.218,0.976,28.82,normal
410.88,181.96,129.78,40.9,90.88,24.45,18.583,89.98,2830.6,38.48,26.07,0.000209,1.256,1.072,31.25,normal
423.34,179.26,132.02,40.75,89.8,25.287,20.373,90.36,2691.0,41.24,32.03,0.000156,1.182,1.08,26.06,normal
408.92,180.99,130.09,40.49,89.27,25.027,20.433,90.66,2856.3,39.07,31.04,0.000193,1.189,1.015,28.51,normal
397.03,179.4,129.51,40.68,88.93,24.251,19.577,89.66,2637.8,36.87,29.69,0.000262,1.235,0.981,34.63,normal
404.05,180.17,129.45,37.92,89.79,24.704,19.423,90.96,2751.6,40.02,27.23,0.000255,1.236,0.966,31.22,normal
411.04,181.11,128.54,41.59,88.73,25.372,19.569,89.64,2957.3,40.4,29.89,0.000227,1.221,1.019,31.22,normal
405.78,179.31,130.67,39.8,92.28,25.689,18.664,88.93,2696.8,43.29,25.78,0.000235,1.213,1.003,28.35,normal
412.89,181.49,129.02,41.25,88.31,24.459,19.837,90.45,2835.0,36.68,28.4,0.000215,1.219,1.007,27.81,normal
416.3,178.51,131.32,37.97,89.74,24.342,20.11,91.04,2503.2,39.06,29.26,0.000187,1.186,0.946,29.47,normal
396.41,180.44,128.45,40.26,87.48,26.171,19.39,90.55,2993.7,43.44,28.54,0.000249,1.144,1.001,29.87,normal
427.05,181.38,130.15,39.44,90.39,24.994,20.486,90.86,2819.1,39.89,33.15,0.000172,1.122,1.046,33.83,normal
402.92,180.99,131.38,40.57,90.0,25.055,20.051,90.9,2683.1,40.31,29.98,0.000229,1.23,1.033,32.04,normal
411.69,182.87,127.42,40.32,89.54,24.556,20.13,90.18,3070.3,37.29,30.26,0.000185,1.205,0.983,30.22,normal
419.75,178.85,132.42,40.37,88.79,25.129,19.799,91.06,2552.5,41.49,30.07,0.000187,1.223,0.996,30.13,normal
410.19,177.93,129.49,38.94,90.0,26.029,20.372,89.23,2818.8,42.58,30.55,0.000216,1.159,0.941,31.52,normal
399.63,178.51,130.17,39.94,89.29,25.153,20.645,89.72,2627.5,39.61,31.64,0.000261,1.205,0.973,27.36,normal
403.79,180.99,130.69,39.82,89.82,25.639,19.796,91.02,2819.5,44.02,29.17,0.000243,1.204,0.986,26.16,normal
407.6,180.75,130.87,40.5,92.54,25.017,20.381,89.28,2770.2,39.7,32.61,0.00021,1.264,1.025,31.49,normal
409.32,180.15,130.33,40.99,90.22,24.385,20.386,89.63,2666.8,37.38,31.11,0.000202,1.243,0.972,30.14,normal
412.04,178.32,131.2,40.15,90.69,24.59,20.209,89.32,2574.2,39.64,31.17,0.000223,1.163,0.959,27.38,normal
403.99,181.15,130.62,38.72,89.4,24.329,20.839,91.83,2724.7,38.35,31.73,0.000241,1.225,1.03,25.81,normal
417.77,178.16,132.11,40.11,88.98,25.131,19.637,90.59,2522.3,41.39,28.12,0.000147,1.163,0.983,31.79,normal
410.45,181.74,130.63,42.61,89.97,25.734,19.789,89.88,2931.6,42.22,29.96,0.000196,1.069,0.966,28.96,normal
417.68,184.29,132.36,41.65,93.26,25.097,19.612,90.87,2885.5,41.23,29.16,0.000168,1.286,1.032,30.8,normal
410.97,180.55,131.08,37.03,89.63,24.815,20.363,92.48,2658.4,41.52,31.81,0.000193,1.181,1.018,29.47,normal
418.15,180.87,127.83,40.06,90.47,24.526,19.864,89.08,2866.2,37.89,28.92,0.000162,1.252,0.992,29.93,normal
423.68,179.26,133.13,40.93,88.92,25.213,19.652,91.27,2579.3,40.16,28.99,0.000146,1.167,0.986,28.82,normal
417.78,177.28,129.31,39.82,86.42,24.257,20.832,90.18,2558.2,36.28,31.25,0.00016,1.16,1.015,29.85,normal
412.25,179.1,131.79,39.54,88.97,24.32,20.905,91.18,2533.2,38.44,32.09,0.000183,1.173,1.022,31.15,normal
407.08,178.36,130.03,39.73,93.09,25.54,19.836,87.76,2731.1,41.69,28.4,0.000218,1.213,1.008,29.45,normal
422.62,177.83,131.27,40.55,90.77,24.833,19.316,88.88,2495.5,40.78,27.95,0.000176,1.209,1.005,29.33,normal
426.02,182.58,129.17,38.85,92.13,24.822,20.932,90.39,2911.5,39.46,33.61,0.000174,1.225,0.976,31.22,normal
411.01,180.41,130.75,41.19,89.55,24.899,20.235,90.21,2709.9,39.62,29.95,0.000212,1.175,0.978,31.35,normal
414.28,180.57,129.7,39.94,86.94,25.436,20.21,91.68,2870.4,41.46,29.87,0.000209,1.202,0.993,27.73,normal
400.56,179.54,131.89,39.06,88.56,25.099,20.053,91.9,2614.8,40.05,30.01,0.000251,1.158,0.962,29.94,normal
405.76,179.74,130.53,41.12,90.52,24.554,19.6,89.31,2717.9,39.09,28.78,0.000228,1.273,0.957,28.95,normal
419.96,181.45,131.12,38.45,90.31,24.576,19.793,91.9,2704.2,39.01,30.06,0.000169,1.134,0.996,30.03,normal
406.85,179.95,127.4,39.44,89.99,24.883,20.339,88.96,2843.8,40.2,29.88,0.00018,1.159,1.04,32.87,normal
412.15,180.8,129.9,39.43,89.31,25.181,19.776,90.98,2857.5,40.3,27.4,0.000222,1.179,0.917,30.72,normal
415.17,179.71,130.49,42.14,91.22,24.979,20.216,88.42,2723.2,40.49,30.64,0.000173,1.319,0.984,34.33,normal
410.2,179.49,130.27,39.31,89.35,24.925,20.007,90.55,2711.3,40.4,31.37,0.00019,1.238,1.011,30.44,normal
423.33,177.89,131.15,37.85,90.4,25.028,19.472,90.37,2566.8,39.75,28.43,0.000149,1.157,1.043,29.67,normal
425.4,177.03,129.56,39.42,90.25,24.978,20.811,88.45,2598.9,39.86,32.54,0.000161,1.241,1.072,29.96,normal
405.25,179.61,130.06,40.46,89.52,24.532,20.297,89.84,2688.7,38.49,30.74,0.000238,1.226,0.99,30.29,normal
413.16,180.08,131.42,40.78,88.85,25.664,20.165,90.93,2731.5,40.71,31.04,0.000205,1.214,1.079,30.65,normal
417.9,178.07,127.27,42.28,89.44,24.711,20.278,86.79,2816.0,38.68,30.52,0.000181,1.235,1.018,28.02,normal
416.32,179.95,130.71,41.41,92.44,25.078,19.104,88.4,2724.5,40.98,27.56,0.000185,1.203,1.033,29.53,normal
400.27,180.08,129.6,40.19,91.45,23.764,19.753,89.02,2631.8,37.36,30.65,0.000251,1.209,0.957,28.55,normal
417.12,176.77,128.91,39.11,91.33,24.871,19.236,87.6,2607.0,39.97,28.88,0.00018,1.122,1.018,32.06,normal
411.17,178.63,130.4,41.62,88.98,24.34,20.062,89.21,2546.5,37.11,29.62,0.000214,1.272,1.036,26.15,normal
397.52,180.61,131.47,39.63,88.13,24.413,20.163,92.16,2661.0,39.3,29.91,0.000226,1.178,0.972,30.31,normal
409.02,180.58,131.25,39.34,91.43,26.453,20.071,90.52,2848.0,46.13,29.71,0.000243,1.138,0.896,26.96,normal
411.23,178.27,129.84,39.58,91.18,25.15,20.589,88.66,2675.8,41.03,30.71,0.000174,1.175,1.006,30.86,normal
420.64,180.24,131.05,38.75,90.18,25.736,19.251,91.18,2861.3,42.14,27.57,0.000158,1.177,0.991,29.2,normal
424.64,181.53,131.04,39.53,89.52,25.513,19.6,91.76,2780.0,40.63,28.83,0.000167,1.16,1.054,26.37,normal
408.16,181.17,129.9,39.77,88.1,25.59,20.207,91.59,2883.4,41.7,29.94,0.000222,1.239,0.978,31.88,normal
398.72,179.86,129.17,40.73,91.13,24.881,20.132,88.58,2733.5,39.16,30.77,0.00026,1.249,0.972,24.97,normal
411.2,179.3,129.24,39.61,91.54,25.964,19.342,88.69,2843.4,42.62,26.91,0.000223,1.102,0.953,29.94,normal
421.85,179.06,131.01,38.73,89.12,25.508,20.598,91.1,2692.2,42.76,30.69,0.00018,1.174,0.975,31.38,normal
402.42,180.7,129.95,38.4,89.01,25.025,20.772,91.62,2755.0,40.95,32.64,0.000236,1.178,1.107,32.75,normal
405.82,180.29,128.74,40.21,91.61,25.158,20.213,88.61,2865.3,40.11,32.1,0.000186,1.191,0.937,26.78,normal
421.87,180.94,127.98,40.07,89.17,24.918,19.245,89.83,2947.6,39.85,28.2,0.000175,1.285,0.947,28.97,normal
417.96,180.2,131.0,39.45,92.31,25.031,20.08,89.71,2719.4,40.09,29.55,0.00019,1.159,0.998,32.17,normal
417.38,181.23,129.34,39.53,89.86,24.974,20.17,90.59,2875.9,39.49,29.57,0.000183,1.278,1.079,32.3,normal
409.27,180.14,130.4,40.39,89.5,25.229,19.864,90.33,2809.8,39.32,29.33,0.000179,1.193,1.03,32.56,normal
409.08,181.18,131.49,41.39,90.06,26.044,20.674,90.61,2865.3,43.88,32.86,0.000237,1.279,1.062,35.12,normal
419.63,181.31,128.43,39.22,89.5,24.277,19.942,90.5,2753.4,39.12,30.26,0.000185,1.184,0.985,28.98,normal
429.75,178.79,129.95,40.09,91.46,25.685,21.052,88.59,2765.6,41.39,31.91,0.000152,1.179,0.944,30.74,normal
408.74,177.29,129.8,40.96,91.15,24.779,20.392,87.48,2513.9,38.71,31.36,0.000218,1.199,0.982,29.31,normal
418.42,182.32,130.46,39.22,91.41,25.762,20.138,91.07,2917.5,43.13,31.52,0.000171,1.265,0.995,26.05,normal
409.0,180.38,131.49,39.98,90.24,24.8,20.46,90.82,2622.9,38.76,32.2,0.000172,1.208,1.0,29.82,normal
413.16,177.43,128.4,39.96,89.41,25.248,20.765,88.23,2731.2,39.33,33.16,0.000221,1.21,0.991,26.01,normal
420.36,178.93,130.68,38.69,89.99,24.905,20.45,90.46,2616.5,39.28,31.86,0.000178,1.232,1.024,28.96,normal
416.79,181.16,131.24,40.17,89.45,23.962,19.962,91.39,2640.6,38.42,28.87,0.000186,1.156,0.972,27.06,normal
417.38,179.58,129.78,40.03,91.91,26.043,19.67,88.71,2877.0,42.53,28.47,0.000201,1.217,0.963,30.88,normal
411.19,179.23,129.84,40.56,91.3,24.434,19.439,88.6,2626.6,37.74,29.89,0.000191,1.169,0.952,28.44,normal
414.18,182.1,130.5,38.81,89.88,25.05,18.78,91.95,2851.2,39.67,26.51,0.000187,1.274,1.008,26.43,normal
424.47,178.43,130.41,40.01,88.8,24.369,20.087,90.02,2495.6,37.05,28.72,0.00013,1.221,1.004,31.73,normal
418.13,178.8,130.7,41.38,92.0,24.198,19.806,88.05,2516.0,36.4,29.96,0.000195,1.235,1.044,28.79,normal
409.24,180.32,130.67,42.08,90.18,24.877,19.833,89.37,2755.0,39.38,30.4,0.000248,1.098,1.062,29.14,normal
410.92,180.59,128.82,41.28,89.83,24.644,20.514,89.14,2780.0,37.58,31.34,0.000219,1.235,0.952,28.04,normal
415.83,180.74,131.19,38.82,92.01,24.299,19.944,90.54,2633.4,37.6,30.29,0.000189,1.191,1.001,32.3,normal
412.66,181.37,131.4,40.45,89.34,24.979,20.948,91.49,2721.3,40.2,31.94,0.000214,1.128,0.992,30.54,normal
408.31,180.3,130.22,39.52,89.59,24.111,19.713,90.71,2604.2,37.85,28.86,0.000219,1.205,0.939,28.77,normal
422.64,180.73,128.21,40.28,89.7,25.075,19.515,89.47,2866.7,40.08,27.25,0.000175,1.124,0.979,26.17,normal
404.71,179.61,129.86,39.23,88.29,24.924,19.371,90.98,2727.7,38.58,27.46,0.000238,1.231,1.063,35.02,normal
413.73,180.09,130.23,38.29,90.41,23.512,20.361,90.81,2567.5,35.4,32.13,0.000205,1.272,0.975,33.96,normal
412.06,180.16,128.63,39.66,89.01,24.686,20.576,90.06,2831.0,39.45,28.92,0.000191,1.11,0.968,32.89,normal
408.66,180.32,129.57,40.72,89.26,25.281,19.703,89.95,2804.3,41.43,28.89,0.000248,1.199,0.998,28.59,normal
423.3,181.16,128.31,40.29,89.08,24.362,19.468,90.03,2832.2,37.91,28.15,0.000138,1.192,1.036,29.0,normal
427.21,180.83,130.73,40.4,89.24,25.307,20.765,90.96,2773.2,40.18,32.57,0.000165,1.101,0.988,30.8,normal
409.08,180.07,130.2,40.22,88.91,25.26,19.275,90.57,2799.2,40.83,26.36,0.000219,1.246,1.005,28.21,normal
413.18,178.79,128.03,40.4,90.32,24.389,20.505,88.04,2680.7,37.9,30.77,0.00022,1.231,0.909,28.02,normal
402.07,180.1,130.42,40.53,89.8,24.993,19.715,90.1,2745.9,38.96,28.76,0.000249,1.301,1.023,32.92,normal
423.48,179.96,129.93,39.73,90.06,25.495,20.199,90.05,2818.0,41.74,30.86,0.000132,1.225,1.009,29.89,normal
408.33,180.29,130.62,40.08,93.06,24.474,20.538,88.87,2649.8,38.52,31.46,0.000226,1.156,1.035,27.76,normal
420.72,183.31,129.53,41.74,89.8,24.877,20.238,90.62,2940.3,38.54,29.32,0.000163,1.226,0.925,31.91,normal
407.73,179.21,129.04,40.14,90.79,25.69,19.852,88.66,2847.5,41.38,29.33,0.000213,1.264,0.988,28.85,normal
410.89,180.63,129.07,40.04,90.93,24.485,20.698,89.37,2756.6,38.34,31.29,0.000198,1.177,1.039,26.04,normal
408.9,181.6,129.35,40.1,89.92,25.275,20.145,90.46,2884.0,39.27,30.76,0.000225,1.243,0.978,27.73,normal
415.65,180.15,130.02,39.78,90.36,24.352,21.841,90.02,2648.5,37.43,34.96,0.000193,1.082,1.002,28.97,normal
407.59,183.51,130.18,39.56,90.03,24.903,19.147,92.04,2982.4,40.35,29.14,0.00023,1.274,0.984,30.44,normal
416.4,179.43,129.77,40.21,90.26,25.268,19.14,89.37,2746.7,40.29,27.19,0.000175,1.24,0.985,30.34,normal
407.95,180.49,129.49,39.49,89.24,23.557,20.497,90.62,2606.0,35.14,30.9,0.000198,1.073,1.047,32.46,normal
413.86,178.8,129.58,39.85,89.36,24.679,19.984,89.58,2619.5,40.16,29.53,0.000206,1.219,0.943,29.53,normal
407.82,179.47,133.01,39.21,90.02,25.258,20.396,91.61,2557.7,41.09,30.92,0.00025,1.101,0.998,29.07,normal
412.47,180.37,129.08,40.11,87.44,25.136,19.451,90.94,2844.7,41.09,29.21,0.000225,1.169,1.01,32.49,normal
412.4,181.27,129.33,40.58,91.94,24.687,20.027,89.04,2813.2,38.32,29.72,0.000206,1.234,1.038,31.96,normal
407.18,180.48,133.95,39.79,92.81,24.337,20.229,90.88,2501.6,37.83,30.3,0.000219,1.193,0.995,29.57,normal
406.08,181.89,130.51,37.99,90.22,25.377,19.728,92.09,2890.2,41.08,29.56,0.000233,1.263,1.039,30.58,normal
411.55,179.86,128.34,40.59,90.87,24.807,20.116,88.37,2806.8,39.67,29.56,0.000211,1.203,0.998,29.05,normal
418.08,179.5,131.01,40.12,91.41,25.327,19.319,89.49,2698.1,43.23,28.69,0.000169,1.198,1.005,27.68,normal
406.28,184.06,128.91,39.01,88.28,25.228,20.197,92.81,3107.8,40.74,30.23,0.000219,1.255,1.003,34.39,normal
406.26,180.59,131.09,40.77,91.21,24.732,20.723,89.85,2715.4,40.31,31.26,0.000199,1.183,1.026,28.92,normal
412.43,178.92,129.75,38.6,89.45,25.644,19.381,90.31,2785.7,44.16,26.88,0.000189,1.199,1.022,30.59,normal
415.79,178.96,129.47,41.05,92.98,24.643,19.351,87.2,2672.6,40.7,27.39,0.000176,1.205,0.955,26.97,normal
411.14,178.59,131.93,39.94,89.76,25.714,20.595,90.4,2659.6,42.24,31.46,0.000217,1.197,1.009,31.47,normal
408.6,181.4,130.68,37.73,91.18,25.793,19.342,91.58,2888.9,43.46,28.17,0.000215,1.258,1.022,27.59,normal
416.78,179.45,131.17,40.18,89.77,25.63,20.42,90.34,2732.1,41.96,30.92,0.000171,1.167,1.058,33.36,normal
419.02,180.19,130.52,39.59,92.86,24.892,20.028,89.12,2741.5,39.65,28.89,0.000167,1.158,0.96,33.59,normal
409.66,179.9,129.47,39.44,89.33,26.528,19.791,90.3,2953.5,45.35,29.27,0.000257,1.147,1.022,31.13,normal
407.82,181.1,130.73,39.26,91.51,25.091,20.733,90.52,2734.5,41.15,30.77,0.000226,1.093,0.986,30.23,normal
406.21,178.73,131.45,39.87,90.81,25.145,20.464,89.73,2617.0,40.92,30.25,0.000203,1.274,1.008,29.63,normal
407.03,178.39,130.16,39.51,90.53,24.987,20.14,89.25,2617.5,39.79,31.25,0.000218,1.155,0.957,29.9,normal
422.48,180.34,132.16,38.14,90.3,24.322,18.924,92.01,2596.8,37.59,27.05,0.000186,1.188,0.999,30.82,normal
419.46,180.9,131.02,41.27,89.13,25.777,20.356,90.75,2781.7,41.06,31.31,0.000195,1.278,1.013,30.18,normal
416.49,180.5,130.25,39.76,86.64,24.657,19.465,92.17,2724.5,39.18,29.69,0.000201,1.193,0.961,31.96,normal
410.78,178.79,130.3,39.27,91.4,25.552,19.889,89.2,2727.2,41.84,29.63,0.000229,1.226,1.058,28.16,normal
423.05,181.02,130.16,38.87,89.36,25.696,20.004,91.47,2840.3,42.86,30.75,0.000158,1.129,0.938,33.06,normal
417.17,178.88,128.5,40.77,91.52,25.362,20.949,87.55,2808.9,39.59,32.89,0.000169,1.27,1.022,29.15,normal
422.67,179.22,129.89,38.7,90.46,24.585,19.873,89.97,2690.9,38.92,29.06,0.000163,1.194,0.903,28.51,normal
412.15,178.58,130.27,40.13,91.56,24.795,19.289,88.57,2619.1,39.21,27.97,0.000226,1.149,0.99,30.73,normal
416.74,181.95,129.5,39.42,91.04,23.394,20.735,90.5,2708.1,35.44,31.39,0.000197,1.149,1.019,30.85,normal
415.19,180.95,130.41,39.47,86.8,24.93,20.363,92.53,2787.4,41.04,31.45,0.000173,1.284,1.029,26.53,normal
412.68,180.91,130.03,38.9,90.8,25.482,20.381,90.62,2820.4,42.68,31.81,0.000193,1.171,0.996,29.04,normal
413.53,181.87,130.93,39.38,89.55,24.857,20.744,91.93,2787.1,40.61,30.92,0.000181,1.15,0.99,25.66,normal
424.3,184.22,130.8,40.01,91.51,24.646,20.862,91.74,2890.3,39.08,31.64,0.000157,1.178,1.023,28.65,normal
407.71,177.44,130.2,40.24,90.77,24.821,19.554,88.31,2578.9,39.3,28.49,0.000238,1.202,1.038,28.73,normal
415.18,178.89,128.36,39.21,90.78,25.729,19.305,88.63,2812.3,43.33,27.47,0.000196,1.208,1.055,30.59,normal
408.69,179.08,132.15,39.91,89.65,24.967,20.421,90.83,2535.4,41.62,30.93,0.000239,1.222,0.948,28.42,normal
414.74,178.72,129.83,40.89,88.81,26.115,19.869,89.42,2845.7,44.87,29.91,0.000157,1.212,0.992,28.9,normal
413.81,178.38,129.9,38.34,89.44,24.658,19.914,90.25,2652.6,39.51,30.77,0.000215,1.232,0.912,32.61,normal
418.19,179.55,129.59,39.99,87.66,25.13,19.439,90.74,2768.8,40.42,28.07,0.000157,1.186,0.945,34.13,normal
398.91,178.18,129.41,39.05,89.23,24.74,20.292,89.65,2681.0,39.95,30.32,0.000273,1.304,0.972,28.16,normal
418.54,180.5,131.85,38.95,88.1,26.245,20.201,92.66,2769.2,44.41,30.82,0.000148,1.176,1.035,32.04,normal
404.18,180.08,131.66,40.26,88.13,25.108,19.922,91.67,2667.5,39.91,29.72,0.000254,1.268,0.981,30.78,normal
412.68,180.72,130.53,39.45,90.15,26.277,19.306,90.82,2891.7,43.56,26.88,0.000199,1.17,0.988,26.52,normal
408.22,180.76,129.87,38.78,90.69,24.748,20.605,90.58,2747.7,42.32,30.93,0.000195,1.129,1.012,28.42,normal
402.7,180.9,130.74,41.32,89.96,25.917,20.128,90.18,2826.0,42.28,30.04,0.000218,1.117,0.973,23.94,normal
416.89,179.44,130.09,40.92,89.35,25.071,20.559,89.63,2761.5,41.06,32.12,0.000172,1.215,0.92,30.65,normal
412.12,183.18,129.77,38.07,88.77,25.502,18.948,93.05,2977.7,40.94,28.08,0.000224,1.258,0.97,27.85,normal
411.37,180.35,130.41,38.53,89.59,24.268,20.028,91.32,2680.1,37.79,29.2,0.000226,1.142,0.995,30.27,normal
416.79,177.21,129.47,40.59,88.93,25.209,19.642,88.58,2657.4,39.68,28.39,0.0002,1.156,1.019,35.14,normal
410.78,178.5,130.3,39.72,89.92,24.359,20.018,89.58,2614.0,37.25,30.71,0.000208,1.219,0.992,33.19,normal
401.79,177.39,130.25,41.5,88.02,25.154,20.472,89.06,2631.0,41.06,30.89,0.000258,1.2,1.018,28.47,normal
409.1,180.03,130.72,40.62,90.91,24.089,20.185,89.61,2603.6,37.91,30.76,0.00022,1.171,1.037,27.98,normal
420.1,179.82,129.26,40.3,89.26,24.944,20.009,89.75,2736.6,41.68,29.84,0.000177,1.136,1.045,32.59,normal
415.49,179.3,130.85,38.98,90.49,25.657,20.006,90.33,2761.3,41.94,30.01,0.000223,1.215,1.007,27.99,normal
413.77,183.02,128.91,40.49,91.15,25.329,19.22,90.13,3051.5,41.11,27.56,0.000184,1.233,0.955,31.98,normal
415.56,180.82,129.31,38.72,90.43,24.26,19.547,90.49,2823.1,37.85,29.65,0.000178,1.225,0.95,35.47,normal
410.36,181.09,129.37,41.31,91.04,23.861,20.561,89.05,2744.5,35.81,30.26,0.000215,1.201,0.954,31.35,normal
417.01,178.6,128.71,40.42,87.31,25.298,19.747,89.78,2757.5,41.45,28.97,0.00017,1.147,0.957,32.37,normal
410.28,178.5,131.22,39.18,89.36,25.949,20.57,90.59,2684.0,42.6,32.34,0.000201,1.216,1.004,32.14,normal
408.92,180.06,128.84,40.8,91.43,24.422,20.413,88.33,2689.5,36.91,30.92,0.00022,1.212,1.075,28.89,normal
400.14,180.26,129.16,42.24,90.66,26.258,20.44,88.25,2927.5,44.8,31.07,0.000257,1.134,1.008,30.58,normal
412.51,177.22,131.51,39.78,92.4,24.996,20.166,88.22,2475.5,39.41,31.18,0.000219,1.185,0.997,28.09,normal
426.4,179.73,129.32,40.55,92.22,23.825,19.782,88.14,2660.1,37.01,29.75,0.000156,1.218,1.038,32.58,normal
418.54,180.02,129.77,39.57,90.39,24.063,19.924,89.92,2688.8,37.71,30.43,0.000161,1.196,0.967,27.83,normal
410.85,179.68,128.79,40.09,89.67,25.462,20.32,89.35,2918.5,41.55,31.79,0.000252,1.102,1.042,31.4,normal
415.68,178.78,131.0,38.49,88.75,25.078,18.937,91.26,2728.7,39.22,26.0,0.000181,1.168,1.039,32.26,normal
417.96,179.19,131.02,40.0,89.38,25.889,20.622,90.41,2751.3,43.99,31.29,0.000155,1.165,1.002,29.02,normal
420.79,179.73,130.89,40.04,89.47,24.281,19.75,90.55,2591.9,37.22,28.63,0.00017,1.228,1.084,28.56,normal
405.13,180.14,130.65,41.8,89.23,25.071,19.957,89.87,2718.0,37.75,30.1,0.000224,1.33,1.045,29.66,normal
414.76,180.91,130.09,38.2,88.81,25.004,19.961,91.99,2774.7,40.86,30.68,0.000203,1.207,1.002,28.22,normal
410.58,181.62,129.37,39.72,90.52,24.914,19.98,90.37,2934.2,40.57,27.9,0.000219,1.14,0.994,30.31,normal
411.4,179.56,129.02,41.29,92.21,24.77,19.343,87.54,2670.9,38.15,26.94,0.000199,1.192,0.983,28.17,normal
416.52,179.32,131.55,39.76,91.21,24.782,20.076,89.93,2653.0,39.37,28.5,0.000167,1.201,0.995,28.31,normal
418.7,180.66,130.92,39.83,89.58,25.105,20.297,91.08,2719.1,41.38,30.07,0.000146,1.238,0.996,31.09,normal
421.28,180.92,129.17,39.17,91.32,25.182,18.978,89.8,2855.1,41.94,27.27,0.000175,1.262,0.987,31.24,normal
411.33,179.35,130.05,39.07,90.45,25.152,19.35,89.94,2650.6,41.05,29.5,0.000204,1.27,0.991,29.41,normal
420.23,181.19,129.64,38.17,89.95,25.724,20.448,91.35,2948.7,42.93,30.11,0.000164,1.227,0.952,26.71,normal
407.83,181.47,128.65,39.37,89.87,24.279,20.355,90.43,2845.3,38.67,32.81,0.000229,1.2,0.977,32.34,normal
417.17,181.94,130.21,39.01,89.74,23.913,20.149,91.7,2688.3,36.79,30.75,0.00017,1.274,0.936,29.1,normal
422.77,182.67,129.5,40.12,90.85,25.61,19.659,90.6,3028.7,40.69,29.46,0.00015,1.183,1.017,34.12,normal
414.89,178.7,128.86,39.21,90.18,24.434,20.358,89.08,2706.8,38.12,31.47,0.0002,1.203,1.003,29.74,normal
409.54,180.02,128.23,39.52,89.05,24.772,19.399,89.83,2806.9,40.47,27.19,0.000223,1.188,0.995,30.27,normal
404.6,180.02,128.12,39.55,88.99,24.633,19.931,89.8,2750.6,40.06,29.27,0.000245,1.093,1.035,29.14,normal
416.91,179.85,129.55,39.95,90.4,24.62,19.347,89.53,2717.8,39.12,27.37,0.000152,1.264,0.965,30.49,normal
403.28,179.03,129.9,39.47,90.56,24.125,19.919,89.44,2638.7,37.18,30.22,0.000243,1.234,0.972,36.95,normal
410.67,177.77,128.95,38.94,89.59,24.658,19.485,89.09,2621.1,40.76,27.82,0.000206,1.081,0.941,29.3,normal
416.11,180.14,130.78,40.09,88.53,25.39,20.378,91.15,2789.4,41.25,30.78,0.000181,1.25,1.041,32.55,normal
402.44,178.85,129.92,41.07,91.63,24.998,20.217,88.04,2664.9,40.63,29.98,0.00022,1.185,1.024,30.18,normal
408.51,180.13,130.69,40.13,91.35,25.303,19.715,89.67,2749.2,39.67,30.3,0.000241,1.249,1.053,32.35,normal
422.9,178.81,129.78,39.39,87.42,24.702,20.545,90.89,2642.4,39.09,30.92,0.00015,1.204,1.063,26.14,normal
412.73,178.35,129.06,39.88,91.74,25.542,19.522,87.89,2774.7,42.66,27.76,0.000187,1.132,0.983,33.89,normal
411.98,180.35,130.14,37.95,89.73,24.695,19.982,91.4,2752.7,37.76,30.26,0.000184,1.201,0.972,30.68,normal
406.92,180.23,128.48,39.86,90.25,23.735,19.693,89.3,2750.7,36.39,29.04,0.000219,1.155,0.928,29.46,normal
400.22,180.87,130.65,39.6,91.48,25.19,20.371,90.22,2789.4,40.96,32.05,0.000244,1.139,0.956,31.81,normal
411.11,183.28,128.88,39.07,92.15,25.46,20.322,90.47,3000.5,42.76,31.04,0.000202,1.243,0.987,30.29,normal
413.63,180.42,131.1,39.25,91.3,24.664,20.651,90.48,2694.8,40.01,31.92,0.000191,1.22,0.918,27.7,normal
414.25,180.73,129.59,39.59,90.31,25.72,20.041,90.21,2884.4,43.79,30.73,0.000213,1.275,0.957,25.15,normal
415.94,178.38,131.28,40.99,88.21,24.49,18.52,90.23,2528.5,39.37,26.41,0.000193,1.18,0.997,33.65,normal
429.23,178.07,128.65,41.09,87.37,25.402,19.785,89.12,2764.8,42.06,29.97,0.000135,1.152,1.036,29.55,normal
410.67,182.37,129.19,39.07,91.14,26.047,20.783,90.67,3064.6,42.11,32.63,0.000216,1.232,0.971,28.77,normal
404.22,178.61,130.46,39.48,91.74,25.022,19.838,88.91,2638.6,39.08,29.22,0.00023,1.158,1.005,28.93,normal
414.39,178.43,131.4,39.51,88.94,24.864,19.041,90.69,2590.0,41.29,26.42,0.000232,1.184,1.075,32.93,normal
417.57,179.94,132.0,40.81,89.65,24.937,20.225,90.74,2642.2,39.36,30.39,0.000165,1.226,0.928,29.02,normal
403.58,179.86,130.05,40.15,89.28,25.977,20.262,90.25,2864.3,42.32,29.03,0.000218,1.194,1.043,31.29,normal
406.03,178.65,132.21,40.09,89.24,25.242,19.636,90.75,2605.3,38.39,28.36,0.000246,1.176,1.015,29.33,normal
393.94,179.54,129.65,40.54,91.4,26.287,19.877,88.63,2819.0,44.84,29.27,0.000276,1.13,1.051,27.49,normal
410.07,181.84,131.32,39.4,90.28,25.168,19.576,91.74,2785.7,39.36,29.82,0.000214,1.247,1.039,31.8,normal
405.97,178.79,128.87,41.36,89.7,24.608,20.261,88.29,2698.0,38.06,30.51,0.00023,1.182,0.973,32.21,normal
420.08,177.91,130.5,40.0,93.45,24.65,20.028,87.45,2563.3,40.09,31.4,0.00017,1.231,1.0,28.64,normal
422.48,181.41,127.19,39.14,88.14,25.037,19.417,90.64,2960.7,37.9,28.74,0.000166,1.224,0.942,29.92,normal
406.56,180.74,128.65,39.77,90.71,23.775,19.995,89.45,2704.7,37.9,28.6,0.00023,1.255,0.979,30.19,normal
421.94,179.07,130.56,41.23,88.64,24.715,19.633,89.88,2653.2,38.35,29.86,0.000139,1.188,1.001,30.89,normal
415.08,177.63,128.43,39.57,89.8,24.728,20.731,88.34,2690.5,39.07,32.76,0.000205,1.183,1.012,33.94,normal
402.59,178.88,130.51,40.95,90.19,25.144,20.447,89.13,2676.7,39.64,29.8,0.000243,1.145,1.032,29.35,normal
409.49,179.92,131.09,39.37,91.1,26.165,19.939,90.26,2780.7,42.09,30.34,0.000221,1.173,1.063,29.34,normal
411.43,181.75,129.4,39.23,89.66,25.033,20.041,91.12,2908.8,39.34,31.19,0.000221,1.217,0.983,29.65,normal
409.93,178.45,128.84,40.66,89.52,23.846,20.507,88.55,2626.2,35.91,29.59,0.000199,1.159,1.046,28.12,normal
413.75,179.87,129.43,39.13,89.64,24.452,19.913,90.27,2746.8,37.2,28.83,0.000188,1.216,1.011,26.56,normal
402.52,181.01,128.84,40.82,88.6,25.157,20.379,90.2,2864.1,42.0,31.71,0.000265,1.273,0.948,30.27,normal
411.95,176.43,129.88,40.35,90.82,25.056,20.739,87.55,2674.7,39.19,31.81,0.000237,1.178,0.994,31.05,normal
403.72,181.55,130.12,39.13,90.37,25.975,19.755,91.09,2945.4,40.96,30.45,0.000225,1.134,1.005,30.0,normal
412.1,178.23,129.63,39.93,90.57,25.576,20.823,88.68,2711.5,39.61,32.94,0.000201,1.179,0.967,29.87,normal
421.27,180.5,132.01,39.45,89.91,25.558,20.678,91.57,2797.8,42.06,32.45,0.000182,1.129,0.958,28.2,normal
411.28,180.37,129.14,40.35,89.75,24.87,20.124,89.7,2825.6,37.89,31.2,0.000232,1.267,0.957,30.5,normal
413.32,181.63,131.67,41.89,91.53,25.659,19.778,89.94,2826.2,41.74,28.68,0.000191,1.204,0.978,30.34,normal
412.16,180.83,128.75,39.63,91.33,24.462,20.118,89.31,2812.3,40.43,30.01,0.000202,1.164,0.965,30.95,normal
411.56,176.43,130.09,40.53,91.84,25.581,19.878,87.05,2646.8,41.87,31.16,0.000218,1.172,1.049,30.65,normal
413.7,178.82,131.42,40.02,90.48,24.831,19.604,89.86,2597.1,39.84,28.59,0.000206,1.141,0.902,30.79,normal
410.58,180.21,131.36,40.02,91.76,24.131,20.266,89.88,2541.6,37.0,31.53,0.000246,1.251,1.004,32.64,normal
424.23,179.71,129.5,39.83,89.46,25.356,19.488,89.95,2800.4,41.02,28.41,0.00016,1.292,1.021,31.14,normal
406.97,180.72,130.67,39.14,89.74,25.839,19.831,91.25,2872.1,42.23,28.87,0.000202,1.125,0.961,30.96,normal
395.81,181.18,130.51,40.34,91.55,24.756,19.837,89.9,2758.7,39.61,28.71,0.000264,1.252,0.991,26.51,normal
406.13,180.91,129.35,39.71,91.1,25.938,19.317,89.73,2912.6,44.4,28.56,0.000227,1.188,0.986,32.11,normal
406.44,179.68,130.74,39.1,89.62,24.006,20.329,90.85,2583.6,36.76,31.87,0.000194,1.263,0.997,29.4,normal
414.05,177.23,132.23,41.01,88.64,24.282,19.886,89.9,2429.6,37.17,30.02,0.000224,1.108,1.027,30.16,normal
407.1,179.32,130.57,40.1,89.73,24.912,20.649,90.02,2710.1,39.67,31.91,0.000199,1.211,1.023,27.45,normal
404.28,180.62,130.68,39.77,89.11,24.778,19.878,91.21,2689.3,40.32,28.69,0.000244,1.18,0.976,34.18,normal
405.2,178.36,130.81,41.34,92.24,24.6,19.797,87.78,2538.5,38.52,29.39,0.000225,1.233,0.94,25.05,normal
410.97,180.95,128.25,38.16,90.99,25.08,19.548,90.02,2906.0,40.5,28.87,0.000174,1.203,1.007,32.98,normal
416.35,181.36,130.55,41.27,89.0,24.683,20.02,90.81,2738.3,39.6,29.28,0.000207,1.201,0.974,30.85,normal
408.41,180.19,128.78,39.12,88.64,24.785,20.022,90.6,2785.9,41.53,30.34,0.000213,1.195,0.979,26.19,normal
418.09,175.4,129.29,40.21,88.99,25.167,20.371,87.74,2545.1,41.4,30.39,0.000214,1.278,1.009,34.07,normal
416.84,178.08,132.59,39.41,89.27,24.599,20.034,90.98,2484.8,37.98,29.71,0.00021,1.191,0.983,31.03,normal
409.96,182.83,129.7,39.08,89.78,24.936,21.047,91.83,2889.6,37.63,33.44,0.000217,1.243,1.012,25.28,normal
402.33,179.18,129.11,41.31,91.45,24.613,20.228,87.76,2676.1,39.04,31.83,0.000213,1.231,1.101,29.16,normal
415.2,177.02,131.38,41.86,88.74,24.277,19.507,88.9,2415.4,37.24,29.83,0.000178,1.244,1.027,31.07,normal
424.33,181.85,128.86,39.78,92.98,25.458,19.464,88.98,2922.5,40.84,28.39,0.000186,1.149,1.054,33.43,normal
415.86,180.02,129.46,40.34,88.77,26.025,20.267,90.18,2896.2,42.0,31.1,0.000192,1.235,1.02,29.18,normal
411.69,181.66,131.5,40.06,88.17,25.639,19.491,92.46,2832.5,41.35,29.08,0.000203,1.217,1.003,24.71,normal
411.69,180.42,130.05,41.73,92.19,25.199,20.297,88.27,2822.4,40.05,31.25,0.000192,1.141,1.021,32.92,normal
410.83,180.69,128.13,37.89,91.72,24.615,20.448,89.6,2814.6,38.78,31.26,0.000233,1.189,1.019,31.0,normal
419.29,180.54,130.65,40.38,89.76,24.828,20.46,90.53,2728.8,38.83,32.23,0.000171,1.315,1.035,25.53,normal
423.04,181.05,129.52,39.27,90.5,25.634,19.565,90.4,2915.6,41.13,28.28,0.000148,1.18,1.002,30.69,normal
407.57,183.42,131.85,37.64,90.53,23.631,20.461,93.54,2634.5,36.67,30.28,0.000259,1.182,0.948,30.9,normal
421.4,181.46,129.27,39.64,90.18,24.782,20.161,90.45,2851.7,39.37,30.66,0.000175,1.223,0.941,29.35,normal
409.04,177.63,131.26,41.85,88.31,25.44,19.696,89.36,2602.9,41.28,28.87,0.000233,1.173,1.018,28.35,normal
403.41,180.67,132.13,39.34,86.77,24.317,19.92,93.34,2592.9,38.01,31.26,0.000218,1.207,0.955,28.78,normal
412.95,181.71,128.98,40.79,88.9,25.254,20.236,90.48,2891.4,39.84,30.21,0.000177,1.178,1.027,29.35,normal
411.06,181.8,129.77,41.2,92.36,25.226,19.664,89.01,2885.6,42.09,29.86,0.000196,1.22,1.054,30.71,normal
414.14,179.36,130.47,39.99,92.41,24.127,20.151,88.7,2536.6,39.55,30.73,0.000192,1.197,0.991,31.58,normal
417.03,181.75,128.97,40.12,89.66,25.052,20.723,90.46,2918.5,41.39,30.8,0.000211,1.298,1.048,25.7,normal
425.02,181.39,130.32,38.28,88.75,24.63,20.482,92.34,2789.3,37.18,31.73,0.000177,1.202,1.01,30.51,normal
415.32,183.86,129.73,39.28,90.36,25.25,20.041,91.96,3000.2,40.06,29.53,0.000195,1.189,1.001,30.98,normal
415.24,178.87,129.71,40.91,90.57,25.402,20.117,88.55,2786.2,41.87,32.18,0.000199,1.251,1.003,30.34,normal
401.24,179.24,130.06,40.06,90.78,25.239,19.731,89.23,2709.9,39.94,28.59,0.000233,1.13,0.967,29.19,normal
413.27,179.54,130.09,40.37,86.71,25.044,19.745,91.26,2702.9,39.42,28.52,0.000188,1.285,0.962,32.84,normal
415.68,179.26,130.2,40.13,94.11,25.173,19.231,87.59,2709.1,39.13,26.15,0.000171,1.151,0.934,32.69,normal
413.1,178.66,129.28,42.19,91.47,24.294,20.126,87.14,2707.3,37.63,29.67,0.000184,1.26,0.971,29.27,normal
413.29,175.86,129.33,39.57,89.74,24.982,20.341,87.93,2548.3,39.13,31.45,0.000211,1.273,1.086,29.83,normal
420.3,179.35,129.86,41.61,89.07,24.522,19.965,89.26,2734.2,36.24,29.02,0.000147,1.174,0.94,31.54,normal
399.23,180.55,129.95,40.13,91.28,25.619,19.561,89.54,2851.2,42.95,29.18,0.000236,1.179,0.953,32.57,normal
416.11,179.26,129.47,41.69,90.64,25.41,20.033,88.2,2759.0,41.61,30.24,0.000201,1.195,0.968,28.37,normal
415.45,182.9,130.39,38.78,90.12,25.408,20.671,92.2,2994.0,39.85,31.0,0.000213,1.231,0.97,27.91,normal
412.88,180.02,127.82,40.18,90.6,26.028,20.449,88.53,2994.5,43.88,31.07,0.000207,1.15,1.011,30.55,normal
415.61,181.94,129.12,39.61,89.85,24.802,19.985,90.79,2872.9,39.56,29.15,0.00018,1.195,0.976,27.75,normal
414.86,180.39,129.66,40.14,90.52,24.671,21.024,89.7,2779.1,40.22,33.45,0.000168,1.184,0.992,26.11,normal
413.11,181.24,128.97,41.22,90.94,24.788,21.349,89.02,2887.7,40.13,32.22,0.000179,1.142,0.966,28.36,normal
424.97,180.42,131.96,40.38,90.45,24.039,19.76,90.77,2545.6,36.5,29.89,0.000155,1.148,0.981,30.83,normal
408.08,182.05,130.02,41.22,90.38,24.086,19.877,90.23,2784.1,38.07,29.03,0.00021,1.206,0.998,33.11,normal
421.73,180.08,130.21,39.33,91.81,25.373,20.347,89.57,2777.0,41.79,30.98,0.000195,1.206,0.995,28.58,normal
424.64,180.74,129.42,39.18,87.92,24.163,19.544,91.53,2698.9,38.68,29.09,0.000154,1.162,1.079,29.75,normal
417.38,180.55,129.98,40.02,88.96,24.355,20.425,90.77,2688.3,39.16,31.21,0.000182,1.204,0.999,30.31,normal
420.39,179.57,128.54,39.96,90.03,24.939,20.051,89.06,2764.4,41.9,31.73,0.00022,1.168,0.992,28.7,normal
411.44,180.61,129.8,39.81,89.05,24.753,20.186,90.77,2769.6,40.24,30.11,0.000239,1.265,0.9,28.55,normal
417.79,183.35,128.88,39.04,89.49,25.531,19.712,91.84,3062.6,40.76,28.07,0.000161,1.195,1.01,30.67,normal
397.99,179.59,129.67,41.2,91.67,25.036,19.606,88.19,2784.3,40.28,30.62,0.000265,1.255,0.921,27.61,normal
416.11,180.63,126.93,39.64,89.81,24.521,19.007,89.05,2923.0,37.58,27.61,0.000171,1.115,1.022,28.47,normal
421.34,181.89,128.65,41.43,87.62,25.583,20.742,90.7,2984.4,42.9,32.1,0.000149,1.216,1.006,29.59,normal
401.02,181.71,131.76,40.01,89.45,25.437,20.471,92.0,2789.7,40.41,33.02,0.000253,1.23,1.032,30.64,normal
413.74,180.02,131.0,40.65,90.08,24.153,20.337,90.14,2585.4,39.83,29.81,0.000169,1.193,0.975,26.97,normal
406.14,176.42,131.58,40.56,90.05,25.151,20.174,88.68,2484.5,40.14,30.35,0.000246,1.173,1.001,29.74,normal
419.82,180.78,131.67,39.18,90.72,24.571,18.848,91.27,2648.1,38.73,26.04,0.00018,1.192,1.027,27.42,normal
421.78,176.67,130.81,40.37,90.62,24.555,19.624,88.23,2479.1,38.26,28.85,0.000191,1.237,0.963,28.63,normal
419.93,182.2,129.46,41.93,89.82,26.122,19.872,89.93,3075.2,42.57,28.46,0.000161,1.139,1.024,31.58,normal
408.82,180.25,128.76,40.25,88.45,25.075,19.459,90.14,2886.3,39.68,28.58,0.000238,1.235,1.023,29.85,normal
399.69,181.5,131.38,40.9,89.43,24.869,19.153,91.27,2723.7,39.86,27.72,0.000234,1.216,0.995,33.34,normal
419.68,178.65,130.08,40.69,89.19,25.051,19.511,89.42,2700.1,40.16,28.62,0.00018,1.187,1.063,29.86,normal
409.19,177.67,132.99,40.31,89.63,25.525,20.025,90.34,2528.5,41.1,28.2,0.000198,1.189,1.021,31.94,normal
410.71,180.39,129.56,40.19,90.9,24.579,20.025,89.43,2732.1,39.1,30.63,0.00022,1.203,0.933,31.59,normal
415.1,179.95,132.37,40.55,90.53,24.681,20.454,90.62,2626.0,38.54,31.0,0.000186,1.283,1.04,29.97,normal
405.02,179.26,129.81,40.76,91.07,25.394,21.032,88.62,2718.3,41.14,34.9,0.000241,1.217,0.974,27.37,normal
407.45,180.13,131.6,38.65,89.5,24.09,20.343,91.79,2603.9,39.18,30.51,0.000197,1.153,1.032,29.79,normal
412.49,184.15,132.04,40.25,91.96,25.594,19.912,91.99,2931.0,41.16,29.21,0.000184,1.178,1.012,28.93,normal
417.28,181.25,128.77,39.82,90.87,24.037,20.9,89.66,2743.0,36.97,32.56,0.000153,1.143,0.894,28.86,normal
417.19,181.57,129.42,39.61,90.15,24.853,19.209,90.62,2846.2,38.42,26.87,0.000161,1.106,1.024,30.31,normal
414.59,181.27,128.76,41.3,90.78,24.041,18.961,88.96,2833.3,36.94,28.19,0.000218,1.142,0.991,27.1,normal
410.23,182.22,128.52,39.27,89.12,24.366,19.557,91.16,2953.7,38.57,28.02,0.000207,1.206,0.982,28.25,normal
406.02,179.71,130.8,38.61,87.26,25.779,20.406,92.33,2750.7,41.74,30.4,0.000224,1.264,0.983,27.98,normal
418.34,176.92,129.76,40.8,89.21,25.627,20.084,88.34,2657.3,40.69,30.86,0.000183,1.25,1.032,29.49,normal
422.72,179.72,130.06,38.58,90.97,25.691,19.436,90.11,2800.9,42.37,28.66,0.000151,1.142,0.963,28.46,normal
423.53,181.22,130.67,38.07,90.1,24.131,19.636,91.85,2683.0,38.0,29.18,0.000185,1.16,1.045,28.6,normal
406.72,178.55,127.77,40.91,89.82,24.369,19.379,87.79,2770.9,38.82,27.26,0.000261,1.153,0.939,30.27,normal
409.88,179.74,131.54,40.16,88.9,25.204,19.379,91.11,2660.4,39.35,29.12,0.000171,1.071,1.012,29.11,normal
416.25,178.96,129.58,40.47,87.46,25.429,20.776,90.3,2739.1,42.62,31.3,0.000199,1.192,1.031,30.01,normal
428.31,182.25,130.64,39.56,91.85,24.52,19.928,90.74,2771.0,38.14,28.43,0.000128,1.24,1.03,27.77,normal
422.16,181.12,130.74,38.62,89.73,24.653,20.885,91.76,2726.7,38.0,32.73,0.000184,1.187,1.007,28.34,normal
414.18,180.98,131.64,38.81,89.44,24.321,19.555,92.18,2662.7,39.09,28.64,0.000188,1.137,0.992,34.08,normal
415.54,180.93,129.87,39.73,89.13,25.995,20.246,90.97,2923.7,44.25,30.47,0.00021,1.158,0.978,28.61,normal
413.06,179.94,127.45,38.73,91.63,24.715,20.114,88.52,2874.1,38.87,30.84,0.00019,1.184,0.951,25.79,normal
421.92,180.3,130.07,40.31,91.15,25.019,20.44,89.46,2796.4,39.22,30.94,0.000154,1.239,0.973,30.68,normal
412.05,178.22,130.24,39.54,88.74,25.05,20.127,90.09,2635.8,40.59,28.95,0.00018,1.191,0.962,28.58,normal
408.39,176.72,128.76,40.19,91.51,25.663,20.493,86.88,2705.8,40.6,31.07,0.000194,1.232,0.955,30.49,normal
421.48,180.23,130.18,40.16,89.81,24.429,20.277,90.22,2704.5,40.92,30.98,0.00017,1.196,1.072,29.82,normal
417.26,180.49,129.57,40.39,89.21,25.701,19.454,90.23,2860.6,41.01,28.69,0.000174,1.212,0.931,31.1,normal
402.64,181.81,128.39,40.5,89.62,24.233,20.366,90.03,2849.5,38.17,30.85,0.00023,1.153,1.045,29.8,normal
419.32,182.36,130.81,39.66,88.98,25.699,19.948,92.26,2946.4,41.88,31.79,0.000181,1.166,0.951,29.55,normal
399.66,182.35,129.32,40.18,88.28,23.971,19.612,91.58,2800.3,36.17,30.29,0.000213,1.137,0.959,32.3,normal
410.51,178.5,129.51,40.24,91.01,24.937,20.347,88.38,2726.0,38.88,29.98,0.000195,1.23,0.958,25.56,normal
412.59,179.47,129.44,37.57,89.71,25.975,20.461,90.81,2831.5,43.98,30.16,0.000163,1.185,0.956,27.35,normal
419.35,180.72,131.48,40.65,90.8,25.418,19.758,90.38,2763.5,41.58,30.41,0.00019,1.02,1.037,28.35,normal
409.63,183.8,129.95,40.15,90.37,25.253,19.825,91.6,3008.9,40.03,30.38,0.000209,1.224,1.024,26.61,normal
404.47,182.22,130.09,40.56,90.71,24.371,19.306,90.52,2804.3,37.65,29.34,0.000252,1.249,0.991,29.04,normal
418.05,181.68,129.47,38.71,87.34,24.559,19.098,92.54,2812.2,37.93,27.25,0.000177,1.159,1.108,28.84,normal
416.51,179.42,130.56,39.68,88.87,25.807,19.879,90.71,2730.4,43.23,29.55,0.000197,1.224,0.999,31.95,normal
411.03,178.68,131.62,38.91,90.74,25.283,20.396,90.3,2651.0,41.74,29.66,0.000227,1.19,1.002,29.82,normal
409.7,181.18,130.78,40.74,88.34,25.534,19.713,91.43,2789.2,42.08,29.35,0.000238,1.094,0.973,29.57,normal
415.13,178.35,130.82,38.59,90.48,25.044,20.714,90.03,2578.4,40.38,31.44,0.000181,1.298,0.968,29.24,normal
417.05,179.64,130.73,39.07,88.19,24.831,19.897,91.55,2689.6,40.14,29.1,0.000195,1.19,0.979,27.9,normal
404.61,179.83,128.34,40.53,90.02,25.46,19.899,88.8,2872.7,39.69,30.47,0.000233,1.21,1.034,31.78,normal
408.64,182.39,128.95,39.37,92.09,25.156,19.855,89.94,2961.8,40.72,29.49,0.000215,1.169,1.023,32.42,normal
401.48,179.47,129.75,39.07,91.01,24.898,20.491,89.57,2684.6,40.78,32.0,0.000231,1.185,1.052,27.58,normal
413.65,176.34,129.13,40.91,87.59,24.152,19.521,88.48,2517.3,37.82,28.63,0.000235,1.208,0.971,33.24,normal
406.06,180.76,128.72,40.95,91.1,25.572,19.936,88.71,2952.5,41.72,30.26,0.000217,1.148,1.024,28.66,normal
417.75,178.95,127.75,40.72,92.37,25.264,19.726,86.81,2798.8,40.13,28.22,0.000204,1.285,1.012,28.49,normal
418.45,180.06,128.38,40.85,93.64,24.636,19.719,86.98,2808.6,38.39,28.46,0.00018,1.242,1.017,30.95,normal
414.89,179.87,129.69,39.77,90.62,25.708,20.018,89.59,2865.0,41.54,30.41,0.000193,1.226,0.965,31.12,normal
415.22,179.59,129.92,39.8,88.23,25.146,19.943,90.74,2708.0,40.65,31.2,0.000195,1.193,0.958,29.86,normal
402.54,181.19,129.05,39.35,90.57,25.158,20.526,90.16,2890.0,39.97,31.81,0.000236,1.162,1.022,29.31,normal
418.37,177.7,130.09,40.17,92.07,25.53,19.995,87.76,2675.4,39.72,30.0,0.000205,1.252,1.035,32.34,normal
410.45,179.22,129.48,39.47,89.76,25.401,20.278,89.74,2790.6,41.96,31.96,0.000206,1.231,0.975,28.75,normal
422.04,181.03,131.31,39.57,91.36,25.176,20.086,90.7,2745.6,41.03,30.06,0.00017,1.18,1.024,29.86,normal
404.6,179.08,129.81,40.6,88.91,24.887,20.702,89.69,2654.0,40.03,31.28,0.000236,1.146,1.048,33.39,normal
411.08,177.59,130.84,41.18,90.48,26.19,19.849,88.37,2681.8,42.56,29.6,0.000177,1.121,0.986,27.33,normal
422.24,181.0,130.24,40.4,86.76,24.56,19.85,92.02,2725.9,38.25,29.89,0.000191,1.201,0.942,29.08,normal
403.84,181.68,128.32,41.79,88.76,25.448,20.373,89.68,2985.7,41.82,30.0,0.000239,1.188,0.947,32.05,normal
410.21,179.93,129.89,39.29,89.99,24.95,19.842,90.27,2782.9,39.88,29.68,0.000227,1.259,0.973,31.06,normal
405.12,177.06,128.52,38.16,89.53,25.273,20.249,88.94,2654.3,40.09,29.3,0.000175,1.25,0.982,31.79,normal
418.15,181.06,129.87,40.71,88.31,25.74,21.169,90.94,2927.5,43.46,32.99,0.000168,1.202,0.999,27.35,normal
416.3,177.51,129.11,39.23,89.35,24.813,19.511,89.02,2695.4,38.62,28.57,0.000194,1.196,0.999,30.64,normal
416.38,180.46,130.46,39.73,90.43,25.361,20.766,90.38,2841.2,38.06,32.07,0.000183,1.142,0.989,29.43,normal
420.09,178.67,128.39,38.23,89.89,25.159,19.754,89.47,2836.7,40.55,27.77,0.000156,1.253,1.027,34.54,normal
415.89,178.26,130.02,39.1,90.08,24.615,20.669,89.54,2618.3,39.03,31.91,0.000177,1.197,0.97,31.62,normal
430.87,179.34,130.69,38.5,90.95,25.755,20.343,90.27,2758.7,42.26,31.63,0.000118,1.23,1.051,29.96,normal
403.1,179.73,131.09,39.57,89.55,25.427,20.3,90.85,2666.4,41.64,31.94,0.000227,1.259,1.038,30.57,normal
407.64,179.03,129.08,39.61,91.77,24.739,19.925,88.37,2712.1,38.7,30.96,0.000225,1.172,1.035,30.11,normal
411.5,180.88,130.02,40.09,88.71,25.662,19.875,91.05,2905.5,42.95,29.68,0.000242,1.159,0.974,31.4,normal
405.11,179.33,130.22,41.24,92.51,24.501,19.639,87.9,2604.5,37.21,31.02,0.000211,1.323,0.995,28.29,normal
414.72,181.47,131.86,40.68,91.45,24.983,20.003,90.6,2701.1,39.93,29.4,0.000187,1.23,1.029,32.73,normal
403.26,180.42,128.22,38.38,89.54,24.742,19.908,90.36,2844.7,38.64,29.17,0.000231,1.186,0.992,27.35,normal
417.67,178.95,128.91,40.61,89.62,25.451,20.096,88.81,2752.6,42.31,30.27,0.000179,1.262,0.972,30.41,normal
419.87,178.7,133.37,40.11,90.27,24.712,19.295,90.82,2519.5,38.38,28.78,0.00016,1.185,0.97,28.35,normal
409.82,177.53,129.67,39.9,90.78,25.455,20.011,88.25,2697.5,41.39,30.55,0.000196,1.216,0.972,30.09,normal
410.85,180.44,127.73,39.98,91.42,25.357,20.631,88.38,2950.4,41.12,29.83,0.000212,1.172,0.954,31.98,normal
417.3,179.47,129.3,40.2,88.26,24.775,20.472,90.15,2758.6,39.55,30.52,0.000176,1.199,1.115,26.58,normal
415.83,176.44,126.68,39.31,90.57,26.098,20.012,86.62,2847.1,42.49,30.64,0.000169,1.186,0.922,29.66,normal
413.32,179.2,130.29,39.82,87.25,24.553,21.281,91.21,2650.2,39.09,32.84,0.000187,1.162,0.961,27.12,normal
408.16,178.65,130.97,41.18,89.77,24.155,19.711,89.33,2504.2,37.63,29.12,0.000212,1.212,1.024,29.44,normal
404.47,182.36,128.91,39.3,91.89,25.514,19.957,90.04,2931.1,41.83,30.17,0.000196,1.168,0.973,27.12,normal
403.5,177.45,129.44,38.97,88.16,23.71,19.275,89.88,2503.4,37.94,28.46,0.000279,1.229,0.986,30.32,normal
418.32,177.84,131.11,39.94,87.92,25.895,19.798,90.54,2709.6,42.73,30.15,0.000196,1.185,1.016,29.15,normal
402.04,181.66,127.9,38.87,90.29,25.061,20.894,90.2,3014.5,39.18,33.47,0.000223,1.114,1.041,31.49,normal
425.22,182.04,128.41,38.28,91.8,24.144,19.817,90.18,2842.5,39.53,30.01,0.000157,1.231,0.989,32.46,normal
411.47,178.88,129.73,39.66,90.42,24.431,19.236,89.26,2633.8,39.36,26.99,0.000218,1.232,1.037,30.02,normal
410.81,179.05,129.1,41.45,87.52,24.02,20.436,89.57,2593.1,37.87,31.66,0.000186,1.313,0.932,31.79,normal
412.05,180.92,129.65,39.96,87.81,25.23,20.195,91.39,2878.0,40.48,31.39,0.0002,1.201,0.976,32.76,normal
401.57,176.51,128.48,40.18,90.13,24.204,20.415,87.34,2570.0,38.48,31.49,0.000251,1.209,1.02,28.16,normal
418.45,177.21,130.26,37.87,88.47,25.301,19.851,90.55,2607.8,38.81,30.63,0.000189,1.224,1.079,32.87,normal
415.97,179.58,129.82,40.44,90.18,24.817,19.496,89.39,2657.5,41.02,28.84,0.000161,1.251,0.961,29.93,normal
427.31,182.32,130.66,40.09,90.25,24.715,19.908,91.32,2755.1,40.08,29.65,0.000165,1.248,0.954,28.04,normal
416.6,179.35,130.24,39.34,89.36,25.306,20.277,90.44,2737.7,40.71,30.08,0.000205,1.216,1.014,30.6,normal
407.34,180.15,130.25,40.18,92.36,25.374,19.964,88.93,2739.5,41.95,31.53,0.000204,1.198,1.002,29.86,normal
419.0,181.7,128.26,40.17,90.77,25.687,20.194,89.51,3036.0,42.62,29.69,0.000202,1.242,0.971,27.19,normal
422.44,183.16,130.59,38.94,91.58,24.62,19.732,91.62,2864.9,37.9,29.28,0.000161,1.196,0.951,27.8,normal
402.13,179.13,129.6,40.33,91.2,24.982,20.213,88.6,2682.9,40.13,30.29,0.000261,1.136,0.979,33.27,normal
408.19,179.97,129.8,41.2,89.8,24.619,19.998,89.38,2719.0,39.28,28.93,0.000244,1.125,1.021,30.56,normal
415.88,182.73,131.26,39.77,89.75,25.098,19.647,92.23,2814.0,40.15,29.76,0.000204,1.185,0.987,32.96,normal
417.74,177.72,129.14,39.13,89.61,24.533,20.07,89.05,2650.2,38.45,30.59,0.000154,1.206,1.047,29.17,normal
408.24,181.54,131.62,39.82,90.89,24.746,19.807,91.23,2816.4,40.17,29.68,0.000248,1.324,0.995,28.4,normal
405.38,178.47,131.73,40.85,89.15,24.749,20.309,90.1,2541.2,39.45,30.34,0.000234,1.194,1.024,26.63,normal
415.58,180.15,130.9,38.77,92.24,25.176,20.437,90.0,2772.2,42.39,31.64,0.000203,1.202,1.011,31.94,normal
406.26,179.64,128.82,40.58,89.03,25.002,20.251,89.42,2825.7,39.35,30.47,0.000236,1.18,0.984,30.82,normal
411.36,178.56,127.38,39.32,90.28,25.304,19.183,88.17,2847.1,41.29,28.21,0.000185,1.231,1.033,29.18,normal
420.33,178.53,131.29,40.24,89.7,24.936,19.518,89.93,2607.0,38.89,29.86,0.000171,1.214,0.951,28.41,normal
410.53,180.41,130.13,39.44,89.41,24.652,19.682,90.85,2689.0,39.68,27.19,0.000205,1.168,0.978,32.25,normal
421.56,181.49,129.11,39.43,92.82,25.115,19.602,89.17,2898.7,39.22,29.74,0.000153,1.149,0.983,29.65,normal
420.23,179.81,131.41,41.52,89.43,24.45,19.729,90.13,2594.2,38.72,31.17,0.000167,1.18,1.015,29.67,normal
415.96,180.11,128.97,38.59,89.6,25.341,20.463,90.44,2891.9,42.17,32.64,0.000216,1.158,1.025,28.8,normal
409.88,180.86,129.49,40.49,89.14,24.829,20.349,90.36,2787.0,39.56,31.57,0.000207,1.188,0.967,29.19,normal
416.64,178.54,130.63,41.73,90.05,25.123,19.788,88.69,2616.5,39.36,30.41,0.000159,1.207,0.962,31.1,normal
421.53,181.11,128.66,40.69,89.87,25.132,20.296,89.6,2869.3,41.33,30.12,0.000188,1.175,1.003,27.17,normal
419.81,181.23,129.87,38.67,88.54,25.961,20.164,91.94,2959.1,43.17,30.64,0.00016,1.273,0.938,30.16,normal
413.18,183.91,131.31,38.72,89.45,25.229,19.984,93.52,2913.9,40.58,29.84,0.000185,1.258,1.04,31.91,normal
417.37,179.44,130.25,39.25,90.79,25.044,20.574,89.82,2659.3,39.16,31.19,0.000182,1.189,0.991,29.83,normal
406.46,179.31,131.5,40.16,91.34,24.585,19.669,89.65,2616.6,37.2,29.9,0.00023,1.152,0.953,32.11,normal
412.58,181.15,131.36,40.23,90.03,25.481,20.026,91.13,2746.0,43.65,29.91,0.000195,1.199,0.952,32.68,normal
424.39,181.23,130.01,38.73,90.08,24.838,19.475,91.22,2782.3,38.96,27.11,0.000193,1.193,1.013,31.81,normal
410.91,179.2,127.2,39.13,89.53,24.085,19.499,88.87,2749.0,36.41,29.01,0.000188,1.197,1.011,28.93,normal
416.08,179.4,128.67,39.19,89.35,24.883,19.32,89.77,2743.8,39.98,28.17,0.000148,1.18,0.969,29.93,normal
418.25,180.81,130.92,39.82,88.8,25.115,19.507,91.55,2706.0,39.31,29.24,0.000197,1.148,0.995,30.69,normal
408.87,178.76,128.14,41.98,87.98,24.509,20.042,88.45,2753.8,39.09,29.78,0.000214,1.202,0.955,29.06,normal
412.94,179.38,129.61,39.07,89.09,24.929,19.849,90.42,2749.5,41.15,28.21,0.000207,1.182,0.99,28.99,normal
411.89,180.13,130.41,39.02,91.18,24.957,19.865,90.17,2732.0,38.82,28.86,0.000221,1.187,1.059,28.87,normal
402.09,181.49,131.76,38.87,89.45,24.966,19.85,92.47,2742.5,39.6,28.87,0.000222,1.205,1.085,35.09,normal
406.47,179.09,129.31,40.64,89.55,25.741,20.886,89.11,2768.2,42.59,31.61,0.000266,1.197,0.992,29.46,normal
416.45,177.24,129.23,39.96,89.52,24.213,19.431,88.49,2573.0,36.54,28.03,0.000166,1.204,1.017,32.14,normal
419.24,177.13,129.94,39.1,91.62,26.22,19.378,88.14,2734.4,42.67,28.92,0.000207,1.18,1.016,28.26,normal
407.89,178.11,130.42,39.64,88.79,24.98,19.577,90.05,2634.1,39.83,27.76,0.00021,1.218,0.931,33.4,normal
420.75,178.03,129.81,39.21,90.36,25.348,19.964,89.13,2701.9,42.97,30.61,0.00019,1.164,0.954,29.24,normal
423.09,179.77,131.26,40.3,89.91,25.077,20.257,90.41,2706.0,39.37,29.68,0.000181,1.146,0.907,30.11,normal
408.35,178.22,129.04,42.68,90.09,23.964,20.309,87.24,2589.1,36.78,30.54,0.000215,1.156,1.018,26.33,normal
410.03,178.95,130.14,40.55,90.32,24.366,20.472,89.11,2617.9,40.67,31.26,0.000212,1.166,1.078,32.23,normal
417.04,178.84,130.53,39.91,90.07,24.685,19.946,89.69,2583.3,39.89,29.61,0.000168,1.136,1.043,32.67,normal
428.32,179.34,129.52,39.34,91.03,25.596,19.802,89.24,2826.0,40.04,29.96,0.000146,1.115,1.002,27.63,normal
416.09,181.98,131.01,38.66,89.96,24.169,20.817,92.19,2690.5,37.41,32.15,0.000185,1.225,0.996,32.35,normal
418.45,180.99,130.18,40.73,92.27,24.487,18.608,89.08,2719.5,39.12,26.22,0.00018,1.264,0.986,27.33,normal
409.21,180.02,130.95,40.68,90.06,25.099,20.031,90.12,2697.7,41.73,28.18,0.000218,1.228,1.042,31.26,normal
419.51,179.31,130.23,39.53,87.79,25.284,20.215,91.11,2697.6,42.21,30.9,0.000172,1.176,1.009,29.42,normal
415.9,179.35,130.45,41.21,90.83,25.266,20.937,88.88,2714.8,41.33,34.08,0.000195,1.114,1.002,32.67,normal
419.37,180.49,129.24,40.02,90.51,24.41,19.17,89.6,2776.9,39.03,27.4,0.000149,1.21,0.956,30.5,normal
428.02,180.88,129.24,40.77,90.04,24.041,19.79,89.65,2697.6,35.98,29.96,0.000153,1.12,1.024,31.86,normal
416.0,178.64,131.47,40.3,89.66,25.323,19.321,90.07,2627.4,40.24,27.53,0.000177,1.196,0.994,32.48,normal
418.25,180.05,130.76,39.82,87.25,25.86,19.101,91.87,2824.3,41.21,28.4,0.000192,1.16,1.016,29.42,normal
412.03,176.95,128.77,39.05,87.47,24.793,19.898,89.61,2553.5,40.44,30.14,0.000175,1.086,1.04,29.94,normal
414.85,180.32,130.22,39.85,92.14,24.313,20.417,89.26,2735.5,38.42,30.84,0.000204,1.274,0.935,27.78,normal
425.99,181.14,127.15,40.84,89.24,24.742,20.603,89.08,2925.0,39.37,31.3,0.000149,1.137,0.988,29.4,normal
415.01,179.58,129.31,39.49,91.26,25.236,19.734,89.07,2762.9,42.23,29.8,0.000194,1.182,0.982,33.85,normal
418.19,182.72,131.15,40.44,87.92,24.86,20.333,92.75,2823.0,40.14,30.94,0.000194,1.194,0.979,31.51,normal
417.55,178.68,129.85,38.92,88.64,25.844,19.901,90.49,2756.0,43.6,28.75,0.000157,1.176,0.955,27.91,normal
413.57,180.33,130.14,40.78,90.88,25.555,20.278,89.4,2819.3,42.37,29.53,0.000207,1.223,0.971,33.26,normal
418.16,179.95,126.38,40.31,89.87,25.111,20.577,88.06,2936.7,41.17,32.05,0.000135,1.163,0.956,30.78,normal
416.97,179.85,129.53,38.8,90.7,23.827,19.903,89.94,2671.6,35.64,29.13,0.000179,1.219,1.033,31.66,normal
405.68,179.83,130.41,39.78,89.98,24.585,20.538,90.24,2753.6,39.79,31.5,0.000224,1.216,1.015,30.98,normal
424.27,180.16,130.56,40.93,89.73,24.671,19.393,90.03,2713.9,39.53,28.85,0.000133,1.131,1.012,30.84,normal
414.96,181.27,131.15,38.74,89.12,24.552,20.328,92.28,2713.0,38.31,29.93,0.00022,1.212,0.923,26.0,normal
425.84,182.07,129.75,38.93,88.45,25.114,20.517,92.21,2874.2,41.01,30.6,0.000165,1.147,1.078,32.21,normal
410.76,180.0,129.8,39.93,91.82,25.127,20.465,89.02,2806.6,41.65,32.57,0.000182,1.142,0.984,25.49,normal
410.76,181.22,128.4,42.13,92.04,23.996,19.407,87.72,2765.4,37.06,28.09,0.000242,1.215,1.07,32.03,normal
421.67,178.95,129.75,39.33,88.65,25.483,19.897,90.36,2767.4,40.65,30.54,0.000181,1.18,1.03,30.2,normal
406.05,181.15,128.49,40.5,88.56,25.01,20.151,90.27,2882.0,39.32,32.41,0.000248,1.219,0.991,31.67,normal
419.84,178.86,127.78,40.26,89.55,25.215,20.222,88.41,2795.5,39.22,30.79,0.000191,1.219,1.082,30.32,normal
411.62,181.64,128.7,39.41,90.44,25.447,20.058,90.24,2957.3,41.13,29.47,0.000197,1.129,1.023,32.09,normal
406.53,183.32,131.81,40.16,89.76,24.54,20.715,92.6,2751.1,39.27,32.06,0.000225,1.237,0.991,30.03,normal
408.04,179.82,129.68,39.55,90.65,25.755,19.352,89.64,2885.4,43.94,28.12,0.000216,1.214,0.984,30.56,normal
414.91,176.71,130.26,39.64,89.94,24.915,19.88,88.68,2523.3,38.95,29.73,0.000205,1.171,1.041,30.81,normal
414.84,179.18,129.38,38.34,89.85,25.908,19.156,90.18,2834.2,43.01,28.33,0.000186,1.193,0.979,33.76,normal
418.07,181.85,127.85,39.98,93.14,24.464,20.311,88.29,2886.6,38.49,31.51,0.000153,1.238,0.985,31.2,normal
418.0,180.83,131.12,40.9,89.32,25.863,20.277,90.87,2791.2,42.51,29.15,0.000155,1.184,0.976,27.37,normal
406.24,180.37,127.39,40.06,92.13,24.458,21.674,87.79,2871.2,36.92,35.62,0.000239,1.306,0.97,28.87,normal
400.94,181.51,129.33,41.09,91.88,26.529,20.513,88.94,3042.5,43.5,31.62,0.000251,1.275,0.972,31.2,normal
414.86,180.73,129.93,40.58,90.66,24.429,20.166,89.71,2800.1,40.18,29.99,0.000204,1.206,1.071,32.52,normal
426.9,181.83,130.28,39.94,87.5,25.634,20.127,92.32,2938.6,42.85,30.93,0.000147,1.189,1.04,28.56,normal
420.73,181.38,129.13,39.37,90.04,24.783,19.842,90.55,2850.9,39.66,28.73,0.000177,1.191,1.009,34.48,normal
428.73,182.28,127.79,39.51,89.33,25.429,20.065,90.6,3059.3,41.71,29.37,0.000175,1.17,0.978,30.35,normal
417.35,180.54,129.04,38.53,90.03,24.976,20.138,90.51,2827.0,40.67,31.22,0.000183,1.206,0.978,30.84,normal
424.2,181.36,129.1,39.73,88.62,24.345,19.018,91.04,2768.0,37.69,27.45,0.000173,1.234,0.985,27.49,normal
410.93,179.54,129.07,40.15,90.98,23.322,20.098,88.74,2546.3,34.89,31.52,0.000216,1.133,1.072,32.23,normal
410.47,179.1,131.16,41.72,91.28,26.505,20.051,88.63,2763.4,43.82,29.59,0.000207,1.232,1.012,29.11,normal
405.4,182.56,128.54,40.53,91.52,25.044,20.877,89.52,3016.2,40.3,32.64,0.000247,1.247,1.03,28.51,normal
415.51,180.32,130.36,39.14,89.5,23.234,19.934,91.02,2561.6,33.91,30.13,0.000188,1.229,1.008,29.37,normal
411.33,181.21,130.19,38.56,88.62,25.182,19.617,92.11,2842.4,39.86,29.3,0.000206,1.194,0.965,32.77,normal
404.76,180.19,131.15,39.79,90.46,25.414,20.134,90.54,2765.1,41.71,30.86,0.000222,1.227,1.004,30.93,normal
403.77,179.12,129.84,40.81,92.28,24.571,20.037,87.93,2657.9,38.42,30.47,0.000231,1.265,0.957,28.22,normal
423.79,180.02,130.95,39.78,90.09,24.575,19.935,90.55,2634.6,37.03,29.84,0.000163,1.197,1.048,28.94,normal
414.12,182.15,129.79,40.54,90.59,24.988,19.361,90.4,2939.1,39.59,26.74,0.000212,1.201,0.97,32.82,normal
419.21,180.83,130.52,39.82,89.69,25.722,19.922,90.92,2862.9,42.65,30.48,0.000204,1.307,0.977,29.53,normal
409.73,177.43,128.2,40.72,89.35,25.06,19.71,87.78,2664.6,40.29,27.32,0.000209,1.215,1.033,31.12,normal
410.6,179.68,126.83,38.4,90.86,25.878,19.892,88.63,2955.8,40.87,28.72,0.000202,1.15,0.972,31.61,normal
399.67,182.67,130.45,41.6,89.86,25.679,20.366,90.82,2972.6,43.01,30.43,0.000251,1.244,0.991,23.16,normal
421.67,179.68,130.52,38.89,90.52,24.863,19.663,90.39,2662.6,39.36,29.82,0.000173,1.22,0.894,32.53,normal
414.19,177.3,130.57,40.79,90.66,24.058,19.889,88.2,2469.3,37.67,29.52,0.000171,1.167,0.987,28.3,normal
416.96,182.84,129.37,39.73,90.45,24.864,20.271,91.01,2859.2,40.65,32.23,0.000175,1.145,1.024,29.28,normal
415.59,181.02,131.79,39.88,90.73,25.316,19.865,91.1,2728.3,40.79,28.53,0.000191,1.212,0.975,33.08,normal
405.1,179.89,129.45,39.76,88.89,25.036,21.305,90.34,2805.9,38.19,32.73,0.000209,1.197,1.022,32.89,normal
418.3,179.44,130.51,40.26,88.81,25.381,20.124,90.44,2716.5,42.86,28.54,0.000186,1.138,0.999,30.99,normal
411.8,181.62,130.71,40.46,89.94,25.518,19.379,90.97,2823.0,39.3,27.43,0.00023,1.196,1.044,31.46,normal
413.97,179.19,132.06,41.06,89.98,25.319,19.58,90.1,2617.5,40.59,28.37,0.0002,1.192,0.971,31.96,normal
412.99,181.72,129.62,41.41,89.32,24.835,19.53,90.29,2847.8,40.82,29.91,0.000197,1.197,0.99,32.86,normal
419.63,180.81,129.22,40.33,90.31,25.312,19.587,89.69,2862.7,40.21,29.73,0.00016,1.225,0.941,33.11,normal
409.34,180.37,128.2,41.71,91.18,26.341,20.268,87.83,2975.6,43.31,30.92,0.000255,1.112,0.996,30.22,normal
413.3,180.22,131.86,40.09,91.54,24.106,19.447,90.21,2576.3,37.25,28.27,0.000199,1.144,0.983,28.53,normal
404.56,179.74,130.51,41.08,91.84,25.292,19.834,88.66,2722.2,40.67,30.17,0.000249,1.176,1.038,29.49,normal
413.3,181.57,130.54,40.43,88.29,26.099,20.571,91.69,2935.0,42.36,32.58,0.000181,1.266,0.975,30.25,normal
397.44,178.7,133.74,39.45,88.49,24.295,19.74,92.24,2373.9,37.36,28.78,0.000225,1.318,0.983,29.89,normal
420.13,177.57,130.39,40.18,89.62,25.601,20.336,89.07,2694.5,42.82,30.47,0.000183,1.2,0.973,27.98,normal
403.74,180.92,128.44,40.5,90.1,25.681,19.159,89.37,2986.6,41.45,27.42,0.000255,1.202,1.001,30.87,normal
403.69,180.95,129.76,39.97,89.69,24.114,19.815,90.52,2704.4,37.99,28.11,0.000234,1.078,1.08,26.86,normal
416.99,180.72,128.83,40.41,89.28,25.427,19.557,89.92,2911.9,40.33,29.78,0.000225,1.245,0.86,30.17,normal
418.34,180.61,129.52,40.87,89.6,24.837,20.15,89.83,2840.5,40.92,29.94,0.000178,1.222,0.998,30.3,normal
402.5,179.52,129.52,39.98,90.63,24.964,19.483,89.22,2781.4,40.83,28.39,0.000257,1.214,1.047,30.23,normal
406.75,181.18,129.3,37.06,88.27,24.805,21.035,92.57,2876.7,39.35,34.02,0.000261,1.138,0.979,31.7,normal
416.27,179.93,128.33,41.68,93.05,25.788,19.18,86.77,2945.8,42.94,27.39,0.000189,1.299,1.021,31.44,normal
413.41,179.27,131.91,39.7,90.03,24.933,20.568,90.72,2581.4,41.33,32.56,0.000205,1.276,1.047,34.45,normal
405.72,179.53,130.36,39.18,91.37,24.722,20.439,89.67,2692.1,38.2,29.8,0.000228,1.215,0.989,28.96,normal
425.97,183.03,129.73,38.88,89.25,24.732,20.155,92.31,2951.2,38.18,30.87,0.000141,1.25,0.974,30.56,normal
410.83,177.4,130.91,39.66,90.75,24.795,20.027,88.93,2554.1,39.79,29.72,0.000234,1.203,1.037,30.43,normal
405.26,180.75,130.57,39.44,90.13,24.352,20.927,90.87,2663.8,36.86,31.29,0.000231,1.241,1.02,30.34,normal
408.16,177.48,130.33,39.26,91.11,24.717,21.235,88.7,2565.9,37.64,32.51,0.000183,1.135,0.998,27.47,normal
428.17,179.84,130.82,39.32,89.74,25.071,19.896,90.8,2726.3,38.6,29.83,0.000134,1.086,1.024,27.63,normal
413.66,179.35,130.16,40.53,92.02,25.243,20.079,88.48,2736.8,40.85,29.45,0.00021,1.137,1.038,30.01,normal
422.09,176.87,130.8,42.03,88.06,25.722,19.724,88.79,2629.9,40.07,29.56,0.000166,1.16,0.998,26.85,normal
421.31,180.58,130.9,40.82,91.23,25.145,19.415,89.72,2729.6,40.01,27.84,0.000152,1.168,1.012,29.33,normal
414.81,179.43,130.2,41.12,90.15,24.715,20.232,89.17,2670.6,35.75,29.33,0.000211,1.222,1.021,28.7,normal
403.6,176.85,129.74,39.62,88.68,24.393,20.125,89.14,2538.7,38.71,31.11,0.00024,1.187,0.982,29.4,normal
413.22,181.26,131.84,40.1,92.54,25.177,19.195,90.22,2749.1,41.02,28.1,0.000193,1.199,1.048,32.26,normal
402.68,182.15,129.43,40.43,92.4,24.93,20.228,89.37,2872.8,39.58,29.18,0.000236,1.141,0.959,27.84,normal
414.11,182.24,130.47,39.34,87.3,24.949,20.142,93.02,2767.9,41.04,30.91,0.00022,1.136,0.995,31.74,normal
419.8,180.54,130.5,39.57,90.23,25.158,19.699,90.62,2683.2,41.25,29.29,0.000159,1.202,1.031,28.86,normal
416.62,180.07,129.27,40.85,90.92,25.312,19.667,88.78,2827.5,40.11,28.76,0.000183,1.173,0.958,29.11,normal
409.13,181.99,129.03,41.09,90.57,25.162,20.212,89.67,2937.2,39.59,30.26,0.000232,1.2,1.035,30.93,normal
414.78,182.52,129.58,40.07,91.97,24.898,20.804,90.03,2894.0,40.59,33.28,0.000183,1.227,1.008,29.45,normal
411.99,181.7,129.41,38.8,91.7,24.519,20.199,90.3,2821.7,39.31,30.8,0.000225,1.282,1.053,28.22,normal
421.58,178.59,128.25,39.7,90.34,24.632,20.39,88.39,2775.9,38.68,32.17,0.000188,1.199,1.025,29.26,normal
413.11,180.3,129.22,38.56,92.96,25.509,19.584,88.99,2851.9,39.72,29.27,0.000222,1.291,0.993,26.45,normal
403.77,180.66,130.32,40.08,91.22,24.746,19.793,89.84,2751.5,40.2,29.63,0.000213,1.22,1.009,30.76,normal
414.56,177.29,131.52,40.26,89.54,24.192,20.304,89.49,2486.4,37.77,30.22,0.000193,1.234,1.011,23.8,normal
409.95,180.7,130.67,39.73,89.28,25.696,19.321,91.18,2797.6,41.97,28.32,0.000221,1.253,1.081,31.78,normal
429.16,183.41,126.88,40.24,91.62,24.435,20.104,89.19,3091.9,35.55,31.1,0.000135,1.236,1.003,31.23,normal
416.27,180.96,130.77,40.42,88.97,25.021,20.247,91.17,2791.9,40.59,30.73,0.000167,1.16,0.994,33.2,normal
411.07,182.21,129.33,40.26,89.47,25.295,19.981,90.9,2933.4,40.79,31.5,0.000186,1.254,0.992,34.36,normal
410.28,180.27,130.54,38.8,89.69,25.002,20.16,91.16,2659.3,39.47,31.25,0.000235,1.181,1.008,31.87,normal
420.3,179.89,129.98,39.75,90.46,23.513,20.029,89.83,2623.4,34.98,29.12,0.000157,1.215,0.955,28.75,normal
410.53,180.57,129.77,40.41,89.75,25.234,19.689,90.09,2873.5,40.79,28.78,0.000199,1.207,0.985,34.35,normal
410.19,178.78,129.88,41.58,88.29,25.796,19.411,89.39,2754.2,42.79,28.97,0.00021,1.257,0.96,27.61,normal
405.94,178.55,129.97,39.73,91.51,25.472,19.955,88.63,2777.4,40.99,28.66,0.000207,1.22,0.965,26.19,normal
414.03,181.9,131.61,40.55,89.47,23.726,20.652,91.74,2574.0,36.96,31.69,0.000197,1.131,1.032,33.7,normal
414.83,182.06,129.98,40.88,92.63,26.276,20.512,89.27,3019.5,42.6,30.65,0.000181,1.305,1.001,31.2,normal
416.24,178.51,131.3,39.8,90.4,24.204,19.827,89.8,2508.6,37.09,29.57,0.000193,1.242,0.97,26.25,normal
407.1,181.45,131.13,41.15,91.65,24.353,19.817,89.89,2656.1,38.84,28.77,0.000229,1.172,0.994,27.29,normal
416.54,179.87,130.8,41.2,90.82,25.469,19.78,89.32,2741.9,40.96,30.25,0.000179,1.143,0.99,31.1,normal
422.37,180.51,127.86,41.38,91.71,25.272,19.78,87.63,2926.5,42.5,29.0,0.000135,1.247,1.002,28.26,normal
409.46,180.69,131.34,40.46,90.74,25.048,20.144,90.41,2683.8,40.42,30.92,0.000214,1.149,0.94,28.55,normal
400.82,181.49,129.45,42.36,90.31,24.658,20.529,89.12,2843.4,37.85,30.25,0.000245,1.24,0.956,33.93,normal
422.42,180.12,130.86,39.38,91.42,25.799,21.131,90.08,2775.7,40.76,32.88,0.000168,1.253,0.942,34.3,normal
405.83,182.12,128.83,42.12,93.23,24.976,19.585,87.79,2917.0,40.72,27.87,0.000241,1.168,0.964,30.29,normal
402.24,180.46,128.58,40.77,89.65,24.061,20.326,89.3,2789.9,36.73,31.84,0.000216,1.163,0.971,29.7,normal
412.5,180.94,132.37,41.34,91.03,25.739,20.271,90.47,2730.4,43.07,30.12,0.000165,1.176,0.959,31.8,normal
420.62,178.75,128.85,39.68,89.99,25.132,19.835,88.96,2691.0,39.84,29.49,0.000179,1.151,1.031,28.88,normal
416.53,183.24,131.38,40.84,90.66,25.669,19.487,91.55,2921.2,42.19,28.91,0.000178,1.211,1.074,25.54,normal
411.9,180.7,130.14,41.43,90.05,25.344,20.138,89.68,2822.4,40.66,29.78,0.000205,1.219,1.033,24.48,normal
413.76,181.07,129.5,38.91,87.19,26.435,21.06,92.22,2992.1,44.48,31.96,0.000195,1.236,0.977,29.85,normal
409.22,177.59,129.95,39.84,89.74,24.814,20.135,88.97,2626.6,40.2,30.51,0.000233,1.158,1.008,31.76,normal
414.67,178.77,128.44,37.86,91.3,25.01,19.606,89.01,2781.1,40.05,27.4,0.000225,1.242,0.997,30.03,normal
422.68,181.86,129.98,39.82,89.01,25.432,19.921,91.5,2884.3,41.91,30.86,0.000154,1.151,0.976,31.62,normal
421.46,180.43,128.7,39.18,91.2,24.818,19.43,89.37,2845.3,37.78,28.37,0.000157,1.242,1.053,31.82,normal
407.44,177.13,129.53,39.78,90.24,25.482,20.009,88.31,2682.6,41.81,28.85,0.000218,1.126,1.08,32.77,normal
409.33,181.56,131.11,42.92,89.75,23.232,20.342,89.98,2591.3,35.07,30.72,0.000185,1.278,0.941,30.37,normal
415.64,179.18,130.31,41.72,91.18,24.956,19.654,88.3,2678.9,39.61,29.53,0.000195,1.174,1.058,30.55,normal
412.29,182.12,128.22,38.56,90.89,24.938,18.372,90.44,2965.5,37.43,25.1,0.000216,1.23,0.976,29.93,normal
412.9,179.87,131.02,40.56,90.55,24.916,20.138,89.89,2680.9,38.09,28.82,0.000226,1.234,0.99,29.48,normal
426.1,180.31,129.99,40.8,91.32,24.474,19.749,89.09,2700.1,38.72,29.23,0.000163,1.137,1.011,26.86,normal
419.89,181.77,129.35,39.66,90.26,25.544,19.625,90.59,2960.1,41.93,29.6,0.000133,1.242,1.062,32.34,normal
410.97,178.65,130.9,40.18,87.86,24.697,19.62,90.75,2611.6,39.54,29.17,0.000197,1.172,1.011,29.23,normal
419.93,178.51,129.8,40.28,89.51,25.12,20.2,89.26,2708.7,40.34,30.86,0.000174,1.185,1.016,29.12,normal
412.51,179.71,128.6,38.65,87.65,24.978,19.796,91.0,2826.7,38.74,30.22,0.000202,1.166,1.034,28.92,normal
419.07,181.24,132.22,38.97,90.85,25.3,20.465,91.81,2661.2,39.84,32.53,0.000197,1.281,1.04,27.32,normal
417.12,178.0,129.98,40.17,91.17,25.859,20.476,88.31,2759.2,40.4,29.14,0.000171,1.142,1.02,29.83,normal
410.45,177.5,129.9,40.1,91.22,25.117,19.865,88.03,2601.1,40.46,28.58,0.000263,1.222,1.041,31.03,normal
412.98,181.24,129.51,39.29,90.64,25.505,19.74,90.41,2935.7,43.37,29.43,0.000201,1.169,0.976,28.59,normal
422.31,179.1,131.42,39.21,91.26,25.087,20.064,90.01,2590.7,40.16,30.39,0.000183,1.255,0.931,32.08,normal
402.7,179.41,129.37,39.91,87.95,24.696,19.927,90.46,2766.3,38.37,28.56,0.000203,1.316,1.073,29.26,normal
412.1,177.21,128.15,40.89,89.86,24.915,19.124,87.31,2624.1,39.78,27.05,0.000216,1.168,0.958,26.93,normal
416.2,178.98,129.19,39.92,88.16,24.83,20.957,90.04,2729.8,39.38,34.01,0.000181,1.207,0.979,32.75,normal
392.94,179.99,131.59,41.62,89.53,25.341,20.357,90.21,2687.1,39.25,30.69,0.00027,1.181,0.987,30.4,normal
420.72,181.4,131.0,39.3,92.1,25.064,19.768,90.49,2792.8,40.44,29.55,0.000154,1.252,0.98,31.73,normal
415.46,178.84,129.69,40.19,91.42,24.523,19.042,88.46,2703.4,38.53,28.9,0.000156,1.188,0.971,31.77,normal
419.11,182.49,131.65,39.65,90.86,24.867,19.91,91.81,2788.3,39.45,29.83,0.000152,1.245,1.019,28.11,normal
414.04,178.97,130.9,40.59,89.76,24.084,19.706,89.76,2575.5,39.39,29.84,0.0002,1.18,1.019,28.96,normal
409.95,178.98,129.68,39.22,88.71,24.889,19.97,90.36,2745.3,39.58,30.38,0.000214,1.312,1.025,32.07,normal
415.97,182.31,129.8,41.93,90.24,25.001,18.918,89.95,2869.3,41.82,26.87,0.00019,1.09,1.022,33.67,normal
411.08,180.32,130.4,38.31,91.44,26.085,19.764,90.47,2875.7,42.35,29.05,0.000214,1.219,0.983,30.13,normal
419.94,179.17,129.0,41.72,90.53,25.809,19.794,87.96,2889.7,40.85,30.39,0.000214,1.199,0.983,28.75,normal
415.73,179.77,130.01,40.09,87.94,24.38,19.904,90.87,2679.6,37.42,29.73,0.000189,1.198,1.045,33.36,normal
411.12,182.03,130.37,40.55,90.14,25.121,19.882,90.85,2837.4,41.52,28.87,0.000213,1.214,0.979,28.75,normal
415.53,182.2,127.98,41.33,87.51,25.132,20.026,90.6,3013.5,39.62,30.94,0.000194,1.203,0.978,30.66,normal
414.84,178.77,129.77,40.86,91.05,24.862,20.761,88.32,2683.7,38.18,29.8,0.000188,1.211,1.037,29.14,normal
409.07,179.94,129.64,39.27,89.1,24.9,19.742,90.6,2770.7,40.05,30.57,0.000185,1.22,0.999,30.54,normal
414.42,180.14,131.23,40.6,88.41,24.788,19.544,91.18,2650.9,39.01,28.63,0.000207,1.287,0.98,28.11,normal
411.87,178.52,127.79,41.87,91.06,26.124,19.136,86.69,2923.1,43.87,27.71,0.000237,1.062,0.98,29.25,normal
425.32,179.92,129.54,39.11,90.73,24.75,19.744,89.81,2738.7,38.61,29.38,0.000164,1.292,1.045,28.75,normal
418.07,180.01,129.42,42.12,90.3,25.205,19.299,88.5,2790.2,39.67,29.2,0.000186,1.328,1.023,31.32,normal
410.94,181.71,131.15,40.39,92.85,23.483,20.48,89.81,2651.2,37.4,31.45,0.000205,1.112,1.009,30.33,normal
405.1,181.81,129.95,39.57,90.83,25.494,19.952,90.68,2893.5,40.6,29.85,0.000253,1.202,0.953,31.76,normal
417.79,179.51,132.16,39.11,89.16,25.711,20.47,91.69,2655.7,41.23,30.52,0.000213,1.269,1.01,28.35,normal
416.15,179.68,130.79,39.78,90.67,24.369,20.733,90.01,2585.2,38.66,31.44,0.000176,1.246,0.991,29.58,normal
412.85,181.0,129.51,38.04,89.63,24.693,19.567,91.42,2795.1,36.33,29.36,0.000172,1.284,0.964,31.25,normal
416.71,179.12,130.29,39.58,91.65,25.271,19.826,89.08,2710.4,41.52,29.71,0.00023,1.219,0.976,31.72,normal
410.38,180.88,129.58,39.74,90.37,25.012,20.666,90.18,2844.9,41.82,33.17,0.000191,1.098,1.028,27.11,normal
412.95,179.87,131.03,38.93,90.49,25.28,20.095,90.73,2679.2,41.67,29.6,0.000163,1.265,1.05,30.64,normal
409.0,178.55,128.4,40.75,88.12,24.828,20.261,89.03,2688.4,38.46,29.78,0.00023,1.232,0.958,28.37,normal
412.91,178.56,129.01,39.78,90.08,26.118,20.516,88.86,2791.7,42.55,31.65,0.000209,1.273,0.963,31.82,normal
420.87,182.17,130.55,39.36,89.93,24.598,20.448,91.71,2807.4,38.91,31.15,0.000164,1.123,1.028,33.72,normal
423.33,179.77,131.47,39.67,88.67,26.615,20.205,91.45,2858.8,45.14,29.6,0.00016,1.139,0.984,24.78,normal
423.59,182.46,127.36,40.36,89.71,25.745,20.698,89.84,3149.6,43.79,31.5,0.000135,1.201,1.022,28.69,normal
415.46,179.23,131.65,40.07,90.57,25.499,19.966,90.11,2654.1,43.02,30.47,0.000181,1.267,0.983,30.53,normal
409.0,180.44,129.83,39.3,89.99,24.376,20.26,90.49,2717.7,38.0,29.65,0.000209,1.281,1.023,29.99,normal
408.54,183.59,127.74,40.13,88.16,25.546,19.912,91.46,3071.4,41.05,28.85,0.000229,1.164,0.945,31.88,normal
412.85,178.41,126.4,39.95,89.64,25.362,20.51,87.6,2950.9,40.27,30.81,0.000213,1.18,1.022,30.16,normal
423.25,177.15,128.16,38.86,89.39,23.728,19.65,88.53,2592.0,37.06,28.49,0.000161,1.344,0.916,28.94,normal
410.71,181.93,129.98,39.71,90.25,24.157,19.159,90.97,2788.2,38.69,28.4,0.000191,1.172,1.037,27.96,normal
400.68,178.76,129.92,40.58,90.11,25.215,20.327,88.99,2682.3,40.69,30.45,0.000243,1.234,0.999,27.62,normal
419.02,179.97,130.76,40.57,89.46,24.92,19.49,90.35,2686.9,39.77,29.94,0.000185,1.177,1.018,28.51,normal
406.83,179.12,129.34,39.77,89.41,24.69,19.44,89.64,2698.3,41.23,27.67,0.000223,1.224,1.009,28.87,normal
405.63,180.4,128.67,40.68,90.09,25.647,20.632,89.15,2969.9,42.56,32.02,0.000219,1.157,0.932,30.77,normal
401.59,178.57,129.5,39.02,91.25,24.47,20.483,88.89,2671.6,36.43,31.28,0.000223,1.158,1.055,29.69,normal
416.28,179.73,130.04,39.05,90.36,24.727,19.829,90.18,2697.5,39.18,29.54,0.000213,1.181,1.013,28.7,normal
410.11,180.67,130.28,39.75,91.85,24.612,18.477,89.67,2746.4,39.09,24.05,0.000223,1.173,1.03,27.98,normal
422.74,178.49,129.05,41.5,91.47,25.306,20.267,87.28,2724.8,40.62,29.85,0.000156,1.185,0.968,28.59,normal
406.99,178.95,131.08,40.16,91.95,23.968,20.331,88.95,2482.6,38.34,30.77,0.000245,1.226,1.01,28.87,normal
423.14,179.48,129.25,39.72,91.78,24.701,20.258,88.61,2727.3,38.81,29.13,0.000146,1.295,0.948,28.5,normal
411.16,177.86,128.96,41.54,92.03,23.966,20.235,86.62,2544.2,36.09,28.3,0.000209,1.17,1.006,31.35,normal
412.81,179.37,129.35,39.71,88.5,24.812,19.909,90.25,2679.5,38.75,28.77,0.000199,1.151,0.962,32.74,normal
412.16,180.18,131.29,42.23,90.84,25.434,19.795,89.2,2736.5,41.93,29.72,0.000181,1.2,1.2,27.65,normal
410.83,179.4,129.84,39.49,91.58,25.445,19.447,89.08,2766.3,39.93,28.91,0.000171,1.157,1.024,32.24,normal
419.03,179.59,129.17,38.99,91.82,24.563,19.651,88.97,2694.8,38.26,28.09,0.000216,1.118,1.053,31.39,normal
408.94,179.97,131.11,39.83,89.0,25.32,20.161,91.12,2709.6,41.77,30.27,0.000224,1.253,0.99,30.36,normal
411.62,179.02,132.57,39.75,90.85,24.889,20.169,90.47,2554.5,38.32,30.8,0.000197,1.204,1.016,33.05,normal
411.12,181.04,130.25,39.19,90.1,25.817,20.395,91.0,2877.6,41.35,32.13,0.000191,1.209,1.036,29.66,normal
410.59,182.15,131.48,42.6,92.4,24.922,19.297,89.31,2782.5,38.08,29.16,0.000238,1.104,0.957,30.8,normal
415.59,179.3,131.24,40.32,88.2,23.216,19.17,91.02,2449.6,34.11,28.53,0.000187,1.171,0.973,30.25,normal
409.61,180.73,129.27,40.46,89.0,25.537,19.81,90.26,2942.7,41.04,29.06,0.000199,1.129,1.039,30.1,normal
412.67,179.64,130.03,39.54,87.65,24.725,19.49,91.24,2738.3,38.97,28.6,0.000194,1.199,0.991,30.92,normal
401.83,180.55,128.46,39.42,90.19,24.835,20.093,89.7,2849.4,38.61,30.31,0.000274,1.207,0.97,30.09,normal
415.64,182.35,129.75,41.03,92.94,25.202,19.345,89.07,2891.4,40.2,28.08,0.000175,1.207,0.975,30.93,normal
411.9,180.76,129.25,38.32,89.94,24.145,20.59,90.87,2719.6,38.55,30.51,0.000225,1.167,0.951,28.66,normal
430.22,177.34,129.52,38.86,90.13,25.045,19.589,88.92,2596.3,40.46,30.05,0.000149,1.157,0.922,28.72,normal
416.11,180.68,129.1,39.75,90.72,25.321,20.796,89.66,2849.4,43.06,32.53,0.000171,1.19,0.932,28.65,normal
413.29,181.85,129.66,41.35,89.85,25.218,20.262,90.14,2915.8,39.96,31.41,0.000191,1.218,1.002,29.27,normal
410.2,179.67,130.64,39.63,90.48,24.641,19.472,90.1,2640.0,38.52,29.12,0.000196,1.171,1.027,32.03,normal
413.64,181.49,129.86,40.42,90.51,25.595,21.047,90.21,2902.4,41.88,32.54,0.000192,1.153,1.101,29.08,normal
405.51,178.96,127.76,40.03,88.9,24.402,20.133,88.89,2784.1,37.78,29.16,0.000197,1.155,0.998,31.3,normal
420.79,177.77,129.1,41.3,89.88,24.625,20.083,87.85,2653.1,38.9,30.83,0.000179,1.167,0.949,30.53,normal
401.03,180.21,128.18,38.42,90.96,24.918,19.967,89.5,2854.6,37.85,30.46,0.000239,1.177,0.999,29.12,normal
414.8,177.37,130.29,40.74,91.21,25.177,20.233,87.85,2603.9,40.14,30.86,0.00017,1.145,1.028,32.62,normal
409.41,179.64,130.6,39.8,91.69,24.805,20.263,89.37,2670.1,40.32,32.43,0.000222,1.178,1.041,31.47,normal
414.92,181.93,130.31,40.92,90.44,25.737,19.568,90.43,2950.9,44.05,28.39,0.00022,1.262,1.037,30.0,normal
414.33,177.14,129.06,39.18,90.46,25.177,19.893,88.26,2672.1,41.96,29.46,0.000172,1.185,1.023,29.84,normal
413.98,178.08,130.3,40.02,90.98,25.045,20.058,88.68,2625.2,40.26,30.32,0.000189,1.138,1.004,30.19,normal
414.03,178.45,129.44,39.9,89.23,25.156,20.291,89.38,2674.5,40.93,30.39,0.0002,1.087,1.029,26.94,normal
401.77,179.91,128.63,39.0,89.17,25.44,20.3,90.18,2884.0,41.61,30.63,0.00025,1.292,0.953,28.35,normal
414.26,179.45,130.89,38.72,89.84,25.144,20.082,90.89,2696.6,39.86,31.05,0.000189,1.257,0.92,30.93,normal
388.75,182.1,130.98,39.42,88.34,23.914,19.725,92.65,2641.9,35.97,28.74,0.000309,1.214,1.084,26.83,normal
406.84,181.43,131.14,40.13,90.53,25.654,19.699,90.96,2833.8,42.15,28.73,0.000223,1.258,0.998,28.5,normal
416.02,180.74,129.27,39.24,91.36,25.072,19.404,89.7,2849.2,40.1,28.87,0.00021,1.226,1.021,29.21,normal
411.63,180.22,131.42,39.67,89.08,25.411,20.296,91.44,2720.5,42.03,29.75,0.000227,1.196,0.888,35.81,normal
420.05,180.59,129.41,38.11,90.57,24.756,19.692,90.66,2842.0,36.92,29.11,0.000148,1.138,1.062,31.35,normal
402.89,178.71,130.78,39.63,89.18,23.904,19.904,90.34,2566.0,36.73,29.63,0.000235,1.295,1.046,32.19,normal
418.87,181.29,129.39,41.02,88.68,23.633,20.119,90.47,2660.5,37.36,30.82,0.00016,1.178,0.937,28.39,normal
402.59,178.33,129.73,40.71,92.67,24.433,20.002,87.33,2605.0,38.96,30.65,0.000226,1.181,0.987,30.72,normal
415.11,181.25,127.09,39.91,88.7,25.31,19.997,89.84,3044.8,39.92,29.86,0.000182,1.202,1.011,26.48,normal
415.33,181.78,129.64,40.24,88.34,25.779,19.548,91.4,2954.6,40.96,28.72,0.000176,1.203,0.949,29.34,normal
402.19,180.32,130.11,39.17,90.28,25.181,20.134,90.49,2803.5,40.48,30.34,0.000253,1.229,1.02,31.01,normal
412.79,179.74,129.51,41.62,90.35,24.369,19.844,88.63,2673.3,38.99,29.33,0.000197,1.223,1.042,27.16,normal
422.97,180.6,132.11,42.07,90.87,24.53,19.957,89.89,2569.8,39.17,30.92,0.000154,1.171,1.013,30.79,normal
403.76,175.71,128.61,40.16,92.6,25.816,20.579,85.75,2696.1,42.5,31.98,0.000229,1.201,0.937,30.95,normal
423.01,180.45,129.32,42.59,88.99,24.214,20.253,89.08,2713.7,38.41,31.7,0.000163,1.227,0.959,28.79,normal
410.5,179.83,128.91,39.32,89.25,26.261,19.715,90.09,3019.0,43.96,28.53,0.000241,1.167,0.995,28.33,normal
421.73,179.92,129.32,38.75,92.09,26.126,19.926,89.2,2936.5,43.9,30.8,0.0002,1.272,0.99,28.57,normal
420.65,181.06,131.24,39.29,91.22,26.281,20.8,90.89,2848.8,44.7,32.29,0.000162,1.199,0.991,29.31,normal
414.58,179.89,131.77,39.78,91.04,25.228,19.846,90.41,2690.7,40.22,30.13,0.000225,1.28,0.989,29.37,normal
414.1,178.29,129.16,42.31,89.23,24.795,20.02,87.95,2677.9,38.53,28.53,0.000216,1.13,0.928,31.02,normal
424.76,179.79,129.13,39.72,91.46,25.214,20.332,88.87,2825.7,41.35,32.2,0.000136,1.233,1.032,28.93,normal
408.3,180.1,128.61,39.14,91.04,25.545,20.108,89.26,2872.0,41.07,30.64,0.000198,1.155,1.025,33.2,normal
414.9,180.17,131.57,39.1,90.25,24.61,19.814,91.19,2640.9,36.94,30.99,0.000209,1.168,1.021,33.19,normal
412.58,180.24,131.35,41.14,89.24,24.339,19.628,90.6,2650.1,39.54,29.89,0.000207,1.245,1.017,30.47,normal
420.94,181.56,129.87,41.0,90.14,24.83,19.995,90.14,2848.0,39.76,28.35,0.000194,1.189,0.989,29.31,normal
412.03,178.37,128.32,39.51,92.14,24.537,20.329,87.51,2734.4,38.88,32.11,0.000222,1.33,0.976,28.93,normal
414.18,180.26,128.43,38.12,88.58,25.745,20.66,91.0,3029.1,41.98,31.96,0.000217,1.226,0.959,30.63,normal
410.37,181.93,130.2,38.87,88.96,24.63,19.267,92.15,2789.1,39.78,28.56,0.000201,1.165,1.062,30.98,normal
415.03,177.4,130.66,41.72,89.18,25.057,20.881,88.58,2630.7,38.88,32.86,0.000193,1.226,0.999,29.6,normal
404.39,180.27,127.52,40.69,89.47,25.59,19.856,88.8,2978.5,41.72,29.53,0.000204,1.188,0.934,29.21,normal
418.17,179.12,129.61,40.07,89.98,25.768,20.462,89.35,2794.9,42.52,30.94,0.000182,1.242,0.999,30.71,normal
423.01,179.44,131.94,41.87,91.25,25.125,19.631,89.13,2625.5,40.91,29.58,0.000169,1.185,0.917,30.14,normal
424.24,178.64,129.74,41.96,90.6,25.231,19.195,87.91,2741.6,38.96,27.19,0.000166,1.22,1.01,28.86,normal
411.94,179.75,131.79,39.96,90.08,24.39,19.344,90.74,2562.3,38.85,28.27,0.000197,1.21,1.006,30.23,normal
410.02,182.76,130.78,39.98,90.36,25.614,19.835,91.6,2870.5,41.37,30.68,0.000174,1.204,0.978,28.79,normal
411.51,178.1,128.7,39.42,90.81,25.758,20.262,88.28,2824.8,41.56,29.74,0.000195,1.252,0.962,28.5,normal
405.84,178.25,129.65,39.72,87.81,23.878,20.016,90.18,2559.7,35.26,29.88,0.00024,1.11,1.022,29.99,normal
415.54,178.05,129.85,38.51,91.39,26.058,19.875,88.97,2747.7,45.33,30.6,0.000194,1.205,0.997,28.85,normal
404.02,182.59,128.86,38.51,88.93,24.58,20.559,92.0,2867.9,38.67,30.87,0.000204,1.165,0.922,28.53,normal
413.6,179.31,128.84,38.28,89.42,25.357,20.001,90.22,2827.7,41.28,28.48,0.000193,1.133,1.048,32.09,normal
402.12,179.96,131.81,41.08,90.44,25.047,20.14,90.12,2692.1,39.08,28.79,0.000239,1.158,0.962,29.22,normal
410.32,179.4,128.83,38.44,89.9,24.964,21.556,89.94,2750.3,38.37,33.95,0.00025,1.169,0.947,33.69,normal
405.92,178.58,131.29,41.95,90.63,24.876,19.996,88.65,2596.5,40.46,31.34,0.000186,1.188,1.054,31.25,normal
413.21,179.65,129.48,39.27,90.18,24.404,19.652,89.83,2760.1,36.95,28.46,0.000222,1.217,1.042,28.36,normal
401.78,183.69,129.97,41.74,89.62,25.314,20.24,91.12,3020.1,42.21,30.42,0.000263,1.227,0.983,32.32,normal
410.68,182.09,130.67,39.63,91.99,24.828,20.367,90.57,2808.5,41.31,31.04,0.000165,1.18,0.95,28.57,normal
414.6,178.72,129.28,38.43,90.92,24.214,20.15,89.32,2630.8,36.99,31.29,0.000229,1.279,0.964,33.95,normal
427.34,180.97,130.68,41.28,90.39,24.379,20.078,89.99,2683.2,37.77,30.9,0.000148,1.181,0.983,30.45,normal
417.69,178.75,127.54,41.4,90.9,24.225,20.741,86.99,2731.6,35.25,31.91,0.000201,1.103,1.049,31.09,normal
413.93,177.34,130.53,39.09,89.08,24.685,20.679,89.83,2529.9,37.36,32.34,0.000196,1.183,1.052,30.06,normal
419.07,181.53,127.04,39.67,92.83,25.291,19.941,88.03,3024.2,41.47,30.69,0.000149,1.202,1.007,30.53,normal
407.61,181.74,129.73,39.09,88.59,24.573,19.678,91.89,2808.7,40.03,27.82,0.000233,1.036,1.026,29.54,normal
414.27,181.57,131.03,39.88,90.15,25.585,20.215,91.28,2797.2,40.92,30.28,0.000204,1.26,0.992,28.15,normal
415.47,179.3,130.75,40.11,89.63,24.928,19.675,90.15,2658.7,39.16,28.17,0.000172,1.195,0.965,30.68,normal
407.74,179.75,128.44,39.65,89.58,24.826,20.443,89.48,2884.3,37.92,30.62,0.00021,1.142,0.94,32.05,normal
410.25,181.12,128.6,38.18,89.41,25.01,20.212,91.06,2849.7,38.9,31.09,0.000227,1.152,1.013,27.62,normal
422.87,180.59,129.17,39.42,89.0,25.837,21.335,90.67,2969.7,43.77,32.74,0.000147,1.238,1.036,33.08,normal
433.3,179.41,130.22,40.7,91.54,24.177,20.737,88.69,2649.1,37.97,33.87,0.000106,1.244,0.98,31.2,normal
419.15,177.57,127.56,39.79,88.43,25.994,19.461,88.45,2880.8,41.11,29.09,0.000199,1.168,1.048,29.13,normal
420.24,180.17,129.98,39.67,91.28,25.576,19.741,89.6,2809.6,42.24,28.84,0.000177,1.132,0.985,29.09,normal
401.5,181.62,130.37,39.07,90.84,24.987,19.043,91.04,2846.5,42.33,27.36,0.00024,1.207,1.003,33.73,normal
414.69,178.2,129.66,39.39,89.5,25.71,18.931,89.48,2802.8,41.67,26.15,0.000189,1.216,0.991,31.88,normal
412.82,180.96,130.63,41.41,90.69,24.807,20.057,89.74,2781.5,38.78,28.97,0.000209,1.228,1.049,32.28,normal
417.04,180.5,130.27,38.86,89.79,25.171,19.404,91.05,2791.6,41.08,28.1,0.000194,1.172,1.02,29.5,normal
424.34,181.13,129.35,40.72,88.57,24.675,20.821,90.58,2813.9,40.08,33.3,0.000154,1.194,0.998,31.11,normal
412.46,181.31,127.68,40.05,88.58,25.58,20.579,90.15,3001.7,42.51,30.46,0.000201,1.201,1.003,30.7,normal
417.78,178.96,130.16,40.24,90.85,24.576,19.864,89.01,2644.3,38.47,30.62,0.00016,1.248,0.952,29.65,normal
424.03,177.57,128.86,39.27,90.78,24.969,19.836,88.18,2695.4,39.49,29.41,0.000159,1.266,0.911,30.22,normal
420.04,179.2,129.31,39.65,90.31,25.407,20.743,89.27,2793.1,39.46,32.23,0.000167,1.28,0.979,32.22,normal
420.12,181.33,130.57,39.99,89.49,25.629,20.857,91.21,2862.6,40.6,32.41,0.000164,1.265,0.992,33.2,normal
411.1,179.19,131.7,39.48,89.75,24.507,19.534,90.82,2561.4,38.95,29.37,0.000194,1.291,1.021,29.5,normal
423.26,178.96,129.95,40.33,89.58,25.452,19.469,89.5,2802.1,40.78,29.46,0.000188,1.251,0.993,27.37,normal
412.39,177.27,130.66,40.46,87.73,24.411,19.849,89.87,2511.1,38.57,29.42,0.000209,1.171,0.981,33.29,normal
420.71,182.63,128.27,42.17,90.08,23.71,20.216,89.28,2845.1,36.12,30.99,0.000153,1.277,0.882,33.31,normal
415.13,181.24,130.29,40.28,90.68,24.551,19.743,90.29,2682.8,38.78,30.35,0.000192,1.131,1.021,30.8,normal
414.79,181.15,129.93,38.09,90.09,25.501,20.226,91.45,2906.0,41.47,31.26,0.000186,1.318,1.008,33.59,normal
406.66,181.45,131.48,41.16,92.3,24.993,20.975,89.73,2768.6,40.73,32.35,0.000206,1.151,1.033,30.66,normal
412.77,180.87,129.35,39.8,88.69,24.679,19.297,90.86,2816.2,39.93,27.97,0.000207,1.244,1.001,28.18,normal
406.24,179.63,129.71,42.01,89.14,25.033,19.777,89.09,2770.8,40.08,28.61,0.000205,1.272,1.046,27.38,normal
418.38,179.75,131.27,41.47,90.17,25.013,19.307,89.69,2642.7,39.83,29.61,0.00017,1.223,0.978,27.36,normal
406.35,179.36,129.89,39.49,90.32,25.373,19.582,89.72,2755.8,41.05,29.13,0.000201,1.097,0.998,30.01,normal
406.87,183.95,128.67,40.72,87.53,24.033,19.853,92.12,2978.9,36.47,28.48,0.000185,1.153,1.01,29.07,normal
408.68,180.83,133.06,39.41,90.78,24.939,19.636,91.84,2582.1,40.91,28.35,0.000239,1.218,1.026,28.84,normal
407.87,179.3,128.71,40.0,90.32,25.075,20.26,88.84,2754.1,39.65,30.58,0.000203,1.232,1.017,29.79,normal
414.18,180.7,129.92,40.68,87.24,24.181,20.075,91.33,2660.2,37.51,31.28,0.000202,1.191,1.019,31.72,normal
420.18,178.48,130.42,41.11,89.85,24.173,20.15,88.97,2553.8,37.82,30.25,0.000162,1.204,1.011,28.91,normal
416.47,182.26,130.32,40.9,88.95,24.781,19.847,91.35,2882.4,39.68,30.07,0.000182,1.127,0.992,28.57,normal
409.02,179.01,129.77,40.07,89.41,25.005,19.893,89.65,2720.0,40.28,29.14,0.000208,1.289,1.036,29.04,normal
412.72,180.75,129.78,42.48,88.26,25.007,19.825,89.87,2840.0,39.88,30.04,0.000198,1.181,0.933,31.84,normal
410.68,181.6,129.72,39.63,90.54,24.666,19.876,90.57,2758.5,40.69,30.71,0.000197,1.239,0.975,29.86,normal
425.79,180.58,128.66,38.39,92.29,24.642,20.21,89.27,2792.3,39.05,31.2,0.000147,1.27,1.064,30.56,normal
415.12,180.14,132.58,38.59,90.34,24.763,19.038,91.88,2573.7,39.07,25.49,0.000176,1.142,0.973,33.11,normal
413.26,180.02,129.74,41.47,87.19,25.179,20.144,90.52,2836.4,42.31,30.27,0.000192,1.206,0.997,35.69,normal
409.77,179.92,130.72,39.92,90.37,25.747,19.566,90.17,2794.2,41.4,27.99,0.000236,1.214,1.056,31.28,normal
420.26,179.13,129.6,40.16,89.75,23.668,19.831,89.41,2580.9,38.04,30.08,0.000143,1.187,0.995,31.08,normal
411.09,179.33,129.57,39.46,88.57,25.374,19.219,90.44,2786.2,39.09,27.98,0.000169,1.246,0.967,27.63,normal
418.54,182.22,129.45,39.55,90.46,24.933,19.821,90.83,2890.4,39.41,30.89,0.000143,1.167,1.048,30.74,normal
415.41,179.84,128.14,39.21,91.14,25.315,20.139,88.81,2942.0,39.24,30.11,0.00021,1.203,0.988,30.12,normal
407.2,178.82,129.81,40.47,89.13,25.711,20.229,89.51,2834.1,40.71,30.68,0.000236,1.181,0.991,31.78,normal
412.18,179.23,129.51,39.9,87.86,24.547,19.407,90.48,2721.4,39.16,28.32,0.000211,1.316,0.921,29.22,normal
411.1,181.65,131.41,40.44,87.38,25.567,20.204,92.61,2859.4,41.93,31.13,0.000217,1.167,0.995,30.4,normal
425.34,181.01,128.56,40.34,89.13,24.248,20.57,90.04,2785.7,37.25,30.78,0.000169,1.237,1.027,31.21,normal
402.66,180.84,129.31,39.57,89.8,25.077,19.753,90.39,2860.2,41.85,28.54,0.000211,1.29,0.983,33.8,normal
416.32,179.61,128.92,38.54,89.33,24.854,20.0,90.33,2714.8,40.72,29.55,0.000177,1.154,0.949,33.13,normal
412.66,180.86,131.73,38.45,89.11,25.028,18.966,92.51,2695.3,40.03,27.73,0.000202,1.205,0.981,32.53,normal
410.21,179.03,128.96,43.03,90.74,24.407,19.551,87.11,2645.4,36.5,29.63,0.000215,1.151,0.975,31.45,normal
417.54,179.61,130.67,41.48,90.6,25.262,20.135,89.1,2737.8,41.72,30.29,0.000191,1.099,0.99,29.14,normal
411.99,181.45,131.16,41.34,90.26,25.952,20.478,90.51,2871.4,42.3,31.78,0.000225,1.161,0.979,31.45,normal
412.82,181.31,129.82,39.33,91.06,24.417,19.7,90.37,2791.9,38.63,29.6,0.000195,1.171,1.067,28.46,normal
404.69,178.53,128.35,40.01,89.15,25.114,21.335,88.86,2795.2,41.13,33.65,0.000208,1.174,1.012,29.59,normal
413.43,178.72,128.36,39.18,88.58,25.514,20.157,89.66,2863.2,41.09,30.36,0.000257,1.185,0.93,33.56,normal
410.29,180.16,131.03,38.69,89.32,24.822,19.363,91.59,2663.1,40.77,28.91,0.000215,1.2,1.003,31.08,normal
417.06,182.59,128.49,39.41,89.23,25.816,20.644,91.2,3022.0,42.0,33.29,0.000178,1.14,0.998,30.45,normal
420.36,177.13,130.47,41.33,87.33,24.742,19.374,89.47,2601.0,39.8,29.12,0.000186,1.218,1.048,30.71,normal
406.85,180.42,130.14,40.84,89.29,24.93,20.164,90.21,2744.5,40.55,31.41,0.000226,1.261,0.994,29.81,normal
412.75,177.94,130.45,39.03,91.44,24.404,19.535,88.94,2551.1,39.21,30.39,0.000231,1.267,0.993,25.69,normal
411.8,179.05,130.57,39.69,91.04,25.076,19.321,89.44,2709.9,41.96,27.63,0.000199,1.187,1.075,27.47,normal
428.12,179.45,128.88,40.75,90.68,25.002,20.481,88.45,2776.1,39.18,31.87,0.000154,1.245,0.957,31.23,normal
419.58,179.37,128.83,39.43,90.17,25.382,19.87,89.3,2790.9,39.97,30.82,0.000171,1.166,1.032,28.16,normal
409.22,179.2,130.86,40.08,91.88,24.618,20.863,89.04,2684.8,38.59,33.12,0.000205,1.183,1.003,29.78,normal
418.62,180.01,129.24,40.4,88.62,24.591,19.491,90.11,2733.1,41.87,28.16,0.000217,1.22,0.98,27.55,normal
410.18,179.2,126.7,40.39,88.75,25.277,19.22,88.36,2978.0,42.15,27.29,0.00023,1.183,0.974,28.56,normal
421.07,177.81,130.78,40.25,91.46,25.838,19.76,88.42,2687.5,41.9,30.66,0.000139,1.137,1.054,29.99,normal
402.81,181.17,128.76,39.35,90.04,25.377,21.445,90.27,2959.7,40.75,34.35,0.000226,1.242,1.019,31.85,normal
408.46,181.13,130.56,39.45,89.13,26.108,20.417,91.56,2937.5,43.23,31.38,0.000243,1.159,1.024,32.25,normal
430.99,181.26,131.67,38.87,90.72,25.333,20.277,91.67,2755.0,41.24,30.77,0.000128,1.174,1.036,28.53,normal
414.42,177.69,130.02,38.44,89.43,25.312,20.293,89.91,2675.8,41.54,32.01,0.0002,1.253,1.014,30.61,normal
410.33,180.45,131.19,39.89,88.91,25.408,19.758,91.42,2815.7,41.86,30.13,0.000223,1.227,0.958,27.15,normal
426.42,181.01,130.18,40.82,88.88,25.893,21.365,90.75,2938.5,43.8,33.64,0.000158,1.209,0.937,30.11,normal
417.81,178.45,131.9,38.62,90.42,25.743,20.229,90.63,2674.3,44.17,31.35,0.000185,1.127,1.062,31.91,normal
407.37,180.01,128.73,40.27,90.27,24.349,20.182,89.1,2771.5,38.01,30.64,0.000217,1.142,1.008,29.87,normal
413.07,179.83,129.99,40.78,91.97,25.48,20.492,88.53,2794.1,41.18,32.04,0.000184,1.22,1.003,32.63,normal
416.93,182.76,130.81,38.16,89.62,25.159,19.363,92.89,2853.6,40.1,29.39,0.000189,1.232,1.072,31.67,normal
413.73,182.89,129.77,39.73,89.6,24.884,19.56,91.65,2959.1,39.39,29.81,0.000207,1.213,0.957,30.48,normal
423.27,177.5,131.38,41.65,91.87,23.936,19.877,87.67,2415.2,37.36,28.29,0.000165,1.176,0.899,29.5,normal
419.85,183.74,129.48,40.55,91.28,24.076,20.496,90.68,2862.9,38.01,31.76,0.000168,1.175,0.928,28.93,normal
413.18,178.63,132.48,38.13,90.19,24.781,19.351,91.36,2519.8,41.1,29.45,0.000214,1.211,0.979,27.08,normal
409.44,181.47,132.55,40.66,87.97,24.121,19.966,92.69,2555.9,36.8,29.33,0.000228,1.137,1.005,27.41,normal
414.67,181.46,130.34,39.25,88.94,24.794,19.896,91.8,2780.6,39.77,31.31,0.000212,1.205,1.056,31.99,normal
408.98,178.51,130.66,40.69,88.63,25.429,19.213,89.92,2657.4,40.4,28.4,0.000241,1.131,1.034,33.03,normal
409.68,180.74,131.43,39.31,90.05,24.651,19.746,91.4,2634.7,39.41,30.08,0.000213,1.147,0.898,27.84,normal
402.86,179.84,128.58,39.95,89.34,25.05,20.271,89.56,2791.0,42.82,31.5,0.000255,1.209,1.112,30.14,normal
413.8,180.83,128.43,39.46,92.08,24.358,19.258,88.86,2810.8,38.03,26.95,0.000202,1.229,0.984,26.85,normal
412.0,180.35,131.51,40.0,87.96,25.179,20.706,91.95,2739.4,42.97,32.73,0.000208,1.217,1.049,28.05,normal
416.05,181.79,130.33,39.43,88.49,25.305,20.234,92.09,2865.7,40.05,31.03,0.000212,1.144,1.022,30.52,normal
416.93,180.11,129.73,39.78,90.32,24.146,20.173,89.87,2647.0,37.11,30.11,0.000181,1.106,1.0,28.96,normal
411.16,179.75,130.01,38.82,90.68,24.549,20.004,90.13,2669.5,38.37,31.31,0.000177,1.2,0.991,26.17,normal
412.77,181.64,127.14,40.49,86.64,24.24,19.454,90.76,2920.3,38.01,27.03,0.000173,1.105,0.956,33.44,normal
414.75,180.87,129.77,40.18,87.74,25.306,19.675,91.35,2882.5,40.73,28.64,0.000183,1.247,0.948,29.9,normal
405.41,181.1,129.1,38.38,89.66,25.098,20.181,91.08,2903.4,41.05,31.65,0.000262,1.146,0.993,27.79,normal
400.83,179.0,131.1,40.99,91.76,24.97,19.674,88.67,2641.9,37.17,29.93,0.000255,1.312,0.944,30.26,normal
417.13,178.43,131.19,39.82,92.45,24.923,20.094,88.65,2638.8,38.8,29.83,0.00019,1.152,1.066,29.84,normal
411.94,179.15,130.69,40.16,89.46,25.194,19.551,90.11,2673.1,42.45,28.23,0.000187,1.223,1.004,30.84,normal
424.76,179.07,130.47,40.76,89.78,25.206,20.226,89.5,2662.7,39.19,30.48,0.000136,1.163,1.084,29.32,normal
419.65,181.18,128.2,40.33,88.91,24.703,20.263,90.05,2873.7,38.79,31.03,0.00017,1.192,0.983,30.63,normal
412.45,181.46,130.71,41.17,90.82,24.619,19.186,90.09,2790.1,39.52,27.56,0.000176,1.209,0.976,31.89,normal
416.69,179.77,130.76,39.71,91.99,24.965,20.034,89.4,2716.1,39.85,30.1,0.000187,1.243,1.024,27.36,normal
422.24,182.15,131.49,41.03,91.63,24.886,19.239,90.49,2809.2,38.82,28.13,0.000183,1.251,0.99,28.61,normal
410.96,182.05,132.54,40.12,89.96,26.236,19.069,92.25,2858.4,44.08,27.36,0.000206,1.236,1.039,31.68,normal
409.23,180.37,127.97,40.51,88.91,24.77,19.703,89.44,2862.9,40.17,28.94,0.000223,1.252,1.058,28.9,normal
417.61,178.77,129.53,40.4,90.01,25.174,21.398,88.94,2723.7,39.9,33.04,0.000178,1.169,1.044,29.84,normal
405.99,182.36,129.11,41.24,91.8,25.28,20.388,89.21,2939.3,41.22,31.14,0.000243,1.232,1.055,29.06,normal
411.18,179.91,130.21,40.72,89.48,25.84,20.696,89.96,2830.0,43.31,31.97,0.00021,1.183,1.033,29.18,normal
408.14,180.19,130.02,39.56,87.64,24.513,20.304,91.5,2702.6,39.69,30.18,0.000227,1.249,0.978,29.01,normal
408.83,179.49,129.72,39.36,89.53,25.804,20.103,90.16,2814.5,42.71,30.61,0.000187,1.206,1.046,27.48,normal
411.88,178.67,131.23,39.95,89.64,24.912,20.448,90.15,2621.3,41.46,32.26,0.000216,1.231,1.028,30.92,normal
406.24,177.8,128.68,39.24,87.63,26.501,19.68,89.8,2871.1,44.47,29.29,0.000214,1.215,0.975,32.12,normal
406.98,180.95,128.75,38.95,90.3,25.218,20.235,90.22,2940.0,39.65,31.08,0.000244,1.238,0.98,29.65,normal
412.34,178.82,128.77,37.87,90.66,24.263,20.589,89.53,2649.3,37.68,32.5,0.00022,1.16,0.996,31.9,normal
410.15,184.59,129.57,38.45,92.42,24.882,20.35,91.64,3003.2,40.87,31.02,0.000226,1.121,1.044,29.02,normal
412.03,178.37,128.53,41.99,88.27,25.802,20.621,88.31,2779.9,41.45,32.51,0.000184,1.249,1.005,28.9,normal
408.08,178.11,129.94,39.34,90.95,25.049,20.091,88.87,2628.5,37.9,28.51,0.000236,1.267,1.0,30.82,normal
418.62,180.77,129.8,41.9,91.26,24.964,20.846,88.7,2821.4,40.36,31.86,0.000162,1.194,0.994,30.85,normal
413.44,182.29,129.06,40.4,90.68,25.431,19.896,90.13,3006.6,40.81,28.94,0.000183,1.241,0.986,29.77,normal
419.67,180.1,131.05,39.95,88.69,24.793,21.059,91.25,2699.7,41.65,34.15,0.000208,1.119,0.953,31.35,normal
415.23,180.86,129.93,38.5,88.62,24.874,20.287,91.84,2829.5,39.9,31.38,0.000165,1.169,1.032,27.43,normal
419.6,177.23,131.28,40.0,90.13,24.433,19.808,89.17,2490.4,39.62,28.62,0.000172,1.204,0.959,29.39,normal
423.72,178.98,129.77,41.89,90.12,26.037,19.41,88.37,2824.8,42.55,27.75,0.000172,1.113,1.003,31.93,normal
412.45,178.39,129.97,41.56,89.27,24.266,19.596,88.76,2608.6,38.51,27.92,0.000211,1.124,0.984,31.92,normal
411.2,177.16,129.32,40.27,91.68,25.102,19.52,87.25,2622.5,40.66,29.08,0.000195,1.208,1.031,31.67,normal
405.77,180.18,129.99,38.85,89.48,25.288,19.956,90.92,2746.4,42.21,30.14,0.000229,1.17,0.986,32.04,normal
397.86,176.64,130.85,39.04,87.54,24.992,19.363,90.45,2509.1,40.17,28.06,0.000256,1.183,0.96,29.25,normal
411.84,178.02,129.51,39.15,89.71,24.248,20.646,89.33,2583.4,37.34,31.17,0.000208,1.18,1.04,26.59,normal
416.0,179.19,130.62,41.28,90.62,24.401,20.055,88.96,2614.6,39.33,30.22,0.000185,1.136,0.967,29.48,normal
409.97,178.75,129.02,41.63,90.44,25.314,20.035,87.85,2749.3,40.19,32.26,0.000211,1.189,1.006,31.27,normal
423.17,180.59,130.91,40.2,90.43,24.532,19.417,90.44,2667.3,37.85,28.24,0.000173,1.199,1.051,31.6,normal
413.02,180.46,129.3,39.7,91.94,23.757,19.615,89.06,2701.1,36.45,29.98,0.000198,1.171,0.971,28.95,normal
394.43,181.34,131.02,41.55,88.55,25.232,18.89,91.12,2760.6,40.35,26.93,0.000274,1.175,0.996,28.06,normal
419.95,181.13,130.07,39.02,89.45,24.477,20.809,91.37,2750.3,38.52,33.09,0.000194,1.19,0.983,28.26,normal
406.71,181.71,131.83,40.05,92.01,25.379,19.291,90.73,2770.7,40.43,28.69,0.000209,1.241,1.005,28.91,normal
415.86,180.0,128.62,40.46,87.44,24.879,19.329,90.34,2765.7,40.77,28.28,0.000195,1.195,0.997,26.21,normal
417.66,180.46,128.23,39.14,89.93,24.85,20.707,89.81,2847.0,40.67,32.54,0.000188,1.104,1.037,28.95,normal
410.25,180.77,129.26,39.36,91.6,25.031,20.194,89.53,2813.6,40.92,31.58,0.000214,1.14,0.975,30.1,normal
423.35,180.21,128.34,39.29,91.58,24.317,20.06,88.84,2766.6,38.79,30.32,0.000162,1.247,1.051,29.8,normal
414.17,179.4,128.34,41.42,90.86,24.505,20.17,87.73,2759.3,36.74,30.41,0.000195,1.166,1.064,29.34,normal
418.63,179.5,130.75,41.91,90.89,24.844,20.477,88.72,2603.6,39.67,31.93,0.000159,1.196,1.01,28.62,normal
396.93,178.77,129.99,40.11,88.65,24.313,20.05,90.0,2644.2,38.9,31.54,0.000246,1.296,0.968,28.85,normal
401.1,180.63,129.42,39.73,91.79,25.428,19.228,89.27,2958.9,42.58,26.93,0.00023,1.232,0.998,28.89,normal
428.0,179.86,129.54,39.4,88.44,24.816,20.367,90.78,2723.1,39.27,30.08,0.000177,1.093,0.995,31.41,normal
425.67,179.01,129.28,40.0,88.52,24.13,20.211,89.88,2626.0,38.83,31.8,0.000144,1.272,1.071,30.0,normal
415.55,179.01,131.98,39.45,90.5,24.665,20.586,90.5,2531.2,39.35,31.26,0.000215,1.207,0.996,36.33,normal
423.3,178.18,129.12,39.9,89.36,25.061,19.375,89.02,2676.8,37.59,29.43,0.000199,1.218,1.055,29.34,normal
400.42,181.47,128.41,40.41,90.27,24.732,19.635,89.59,2950.6,39.13,28.58,0.000267,1.215,1.004,30.88,normal
405.43,180.12,130.96,39.59,90.56,25.24,20.196,90.46,2724.6,39.85,30.25,0.000242,1.246,1.002,29.38,normal
403.22,178.71,129.74,39.81,92.31,25.344,19.528,88.15,2755.1,40.39,29.67,0.000219,1.196,0.986,29.33,normal
414.6,181.21,132.45,39.81,90.56,26.441,18.824,91.64,2876.1,45.3,27.58,0.000184,1.126,0.99,33.12,normal
413.12,179.16,129.37,39.68,89.2,25.69,20.099,89.82,2849.5,42.31,29.46,0.000192,1.216,1.036,32.0,normal
409.94,177.89,131.02,39.56,90.88,24.018,20.448,89.22,2514.6,36.7,31.79,0.000209,1.131,0.971,26.49,normal
415.44,181.53,131.3,40.76,88.92,24.784,19.936,91.57,2703.5,38.7,29.39,0.000211,1.291,1.038,27.95,normal
419.55,179.19,129.37,38.23,91.19,24.84,20.274,89.57,2754.0,39.98,31.19,0.000179,1.182,1.058,29.73,normal
423.82,179.39,129.11,41.57,90.08,25.345,20.202,88.42,2795.9,40.81,30.69,0.000159,1.197,0.976,28.97,normal
398.53,180.06,130.89,40.14,90.52,24.44,20.005,90.15,2697.2,39.1,29.98,0.000258,1.166,1.048,26.98,normal
412.98,181.71,130.69,40.61,87.69,24.681,20.068,92.04,2748.1,38.26,29.79,0.000201,1.217,1.042,30.23,normal
412.26,180.03,128.31,40.73,87.07,24.253,20.675,90.24,2728.0,37.49,30.61,0.000213,1.223,1.035,26.24,normal
424.94,178.2,128.65,39.29,88.05,24.639,19.518,89.75,2688.6,37.85,28.3,0.000174,1.166,0.975,30.25,normal
406.64,180.82,126.96,39.09,92.27,24.661,20.387,88.21,2943.8,38.48,31.71,0.000241,1.223,0.995,31.46,normal
407.13,179.27,130.71,38.97,88.51,24.812,19.41,91.26,2599.2,41.64,28.89,0.000231,1.203,0.995,31.75,normal
417.08,182.83,129.69,39.75,90.95,24.288,19.603,90.9,2829.9,37.24,28.37,0.000202,1.195,1.084,29.71,normal
410.93,180.0,129.81,40.7,89.17,25.589,20.598,89.97,2795.0,41.24,32.62,0.000206,1.162,1.0,33.02,normal
413.47,176.65,127.97,39.42,89.69,25.283,19.395,87.75,2737.6,40.0,28.78,0.000209,1.316,0.993,30.66,normal
414.3,180.54,128.68,40.61,89.94,24.131,19.879,89.33,2738.1,37.35,30.27,0.000203,1.259,0.954,31.69,normal
408.13,182.92,129.43,37.63,92.14,25.016,21.181,91.29,2979.9,39.97,32.54,0.000217,1.236,0.961,28.53,normal
408.36,182.36,129.19,39.61,90.76,24.061,20.513,90.59,2795.3,38.55,32.95,0.000211,1.256,0.973,33.04,normal
413.62,182.75,130.14,41.17,90.5,25.805,19.631,90.6,2997.8,41.94,29.51,0.000195,1.215,1.014,29.99,normal
417.18,178.47,130.7,39.83,91.69,25.968,19.717,88.81,2690.0,42.95,30.58,0.000165,1.183,0.943,33.15,normal
406.98,181.37,132.72,39.17,89.18,24.967,19.915,92.87,2670.9,38.03,29.38,0.000199,1.068,0.973,32.72,normal
411.93,178.92,129.98,39.34,91.39,24.488,20.656,89.07,2606.1,37.67,30.45,0.000223,1.139,0.926,30.52,normal
411.72,180.34,131.34,36.97,91.17,24.601,19.499,91.74,2700.0,39.95,28.02,0.00022,1.308,1.056,30.81,normal
403.27,178.09,129.0,38.99,91.16,24.728,19.469,88.47,2704.8,38.36,29.53,0.000239,1.258,1.004,29.64,normal
402.36,179.03,127.99,41.06,89.8,24.936,20.357,88.08,2808.9,40.58,30.18,0.000243,1.21,1.012,28.36,normal
411.24,178.99,129.58,39.42,89.43,25.822,19.159,89.86,2839.8,41.47,29.08,0.000221,1.121,0.956,31.19,normal
418.9,181.35,128.08,39.54,88.87,25.573,19.544,90.5,2984.0,41.49,28.32,0.000206,1.232,1.046,31.09,normal
415.18,181.2,130.02,37.67,88.95,25.583,19.957,92.3,2901.3,43.41,30.31,0.00021,1.186,1.06,26.76,normal
420.6,180.42,129.06,38.37,88.81,25.102,19.983,91.15,2835.8,41.04,30.26,0.000183,1.235,1.003,29.83,normal
407.58,177.97,127.65,41.19,90.48,24.308,19.318,86.98,2708.6,36.08,28.05,0.000224,1.144,0.981,31.74,normal
407.85,179.53,132.08,40.62,89.7,24.538,20.177,90.65,2567.4,41.9,30.35,0.00024,1.176,1.022,32.93,normal
407.06,178.88,129.35,38.7,90.56,25.036,20.277,89.48,2728.5,39.07,30.08,0.000231,1.244,1.029,31.45,normal
407.11,181.3,128.03,39.37,90.63,24.279,19.669,89.66,2793.3,39.81,30.8,0.000217,1.296,1.035,26.97,normal
414.86,181.77,131.08,39.97,88.62,25.182,20.83,92.12,2791.1,40.08,32.81,0.000193,1.167,1.027,27.89,normal
411.2,181.58,129.13,38.8,88.58,25.483,20.17,91.66,2997.7,40.17,29.28,0.000189,1.15,1.039,29.31,normal
410.68,178.87,131.31,38.0,89.7,25.327,19.498,91.22,2648.8,40.5,27.69,0.000195,1.251,0.972,32.8,normal
414.83,175.89,129.12,39.84,88.99,25.303,20.81,88.08,2584.4,40.22,32.76,0.000178,1.137,1.036,28.79,normal
410.09,177.35,129.35,40.57,88.86,23.88,19.738,88.64,2525.4,36.28,29.4,0.000208,1.141,0.982,32.12,normal
427.54,182.13,130.41,40.59,92.2,25.8,20.089,89.87,2892.2,42.39,28.91,0.000116,1.213,0.9,28.75,normal
407.35,179.4,130.71,40.88,88.01,24.06,19.757,90.61,2565.1,37.81,31.49,0.000184,1.304,0.981,31.07,normal
408.77,178.87,130.92,38.45,92.63,24.908,20.312,89.32,2635.6,41.16,28.73,0.000202,1.158,0.978,28.12,normal
406.72,182.46,129.89,40.06,90.38,25.371,19.759,90.96,2951.5,41.29,29.1,0.000275,1.182,1.01,29.61,normal
412.79,181.9,130.63,39.73,91.28,25.215,19.79,90.76,2856.5,40.7,29.56,0.0002,1.206,1.034,27.74,normal
414.88,180.04,130.89,39.91,91.13,24.233,19.92,89.94,2667.7,37.1,29.35,0.000201,1.176,1.008,32.89,normal
418.82,179.56,130.24,39.79,90.8,24.341,19.749,89.6,2623.2,37.84,30.12,0.000175,1.112,1.08,28.61,normal
403.8,179.8,129.83,39.34,92.16,25.172,20.536,89.06,2724.7,39.99,31.99,0.000252,1.24,0.979,26.91,normal
413.51,180.34,128.27,36.98,88.59,25.307,19.371,91.52,2890.8,39.51,28.55,0.000176,1.209,0.92,26.75,normal
400.51,182.4,130.72,41.16,89.8,24.336,19.981,91.07,2752.3,40.66,30.01,0.000261,1.218,1.011,29.83,normal
424.5,180.63,130.05,40.33,88.89,25.236,20.045,90.73,2816.2,40.92,30.67,0.000178,1.193,0.978,29.08,normal
405.95,181.09,129.5,38.52,87.8,24.091,19.938,92.14,2727.7,37.67,29.78,0.000228,1.276,0.957,31.3,normal
420.02,181.75,131.53,40.47,89.14,25.375,20.484,91.83,2810.1,42.3,30.23,0.000198,1.175,0.988,29.53,normal
414.08,178.25,128.29,39.55,92.43,24.47,19.248,87.26,2694.9,35.9,28.89,0.000183,1.146,0.969,32.33,normal
406.47,181.13,131.97,39.58,89.77,25.048,20.284,91.87,2737.9,42.38,32.29,0.00023,1.283,0.973,29.23,normal
406.47,179.56,129.97,39.23,92.58,24.948,19.378,88.85,2723.3,38.99,28.52,0.00024,1.09,1.061,32.05,normal
413.09,176.23,130.38,40.54,92.71,25.696,19.746,86.64,2600.1,41.14,29.52,0.000194,1.192,1.005,28.09,normal
409.21,176.81,129.53,39.2,93.89,25.145,19.326,86.57,2671.3,39.88,28.29,0.000199,1.196,0.989,26.99,normal
414.91,178.47,128.0,38.9,92.48,24.641,19.834,87.54,2689.3,39.96,28.61,0.000188,1.194,1.064,28.35,normal
405.81,180.8,129.83,41.13,93.07,25.216,19.711,88.22,2835.0,42.77,28.9,0.000207,1.122,0.988,27.74,normal
419.98,180.17,130.4,39.82,90.42,26.285,20.819,90.16,2876.8,45.42,33.0,0.000167,1.141,0.951,27.52,normal
427.99,180.28,130.81,39.85,90.3,25.444,20.121,90.47,2772.6,40.81,30.65,0.000119,1.248,0.947,30.83,normal
425.55,182.93,129.76,40.69,90.38,24.964,20.22,90.8,2939.5,38.1,32.09,0.000144,1.269,0.997,29.47,normal
411.99,178.1,127.37,39.33,90.0,24.5,19.446,88.07,2711.4,38.16,29.24,0.000193,1.179,0.934,30.28,normal
421.34,179.96,128.15,39.53,90.19,24.63,20.37,89.19,2792.5,38.3,30.8,0.000168,1.153,0.953,31.06,normal
415.17,180.46,132.46,40.31,90.98,25.408,20.819,90.81,2707.0,39.54,32.9,0.000196,1.111,0.985,26.63,normal
415.99,178.9,128.69,38.46,89.39,24.469,20.435,89.87,2700.2,39.07,31.15,0.000185,1.247,1.045,31.14,normal
424.4,180.04,131.71,40.22,88.21,25.002,19.344,91.66,2631.8,40.01,27.05,0.000179,1.25,1.052,27.59,normal
418.07,177.6,128.88,39.24,90.47,25.863,19.768,88.38,2797.9,43.02,30.33,0.000181,1.059,1.026,28.85,normal
406.1,182.11,129.78,40.86,89.1,25.09,20.054,90.96,2910.0,40.99,30.67,0.000229,1.079,1.0,26.22,normal
417.79,178.98,130.75,40.55,89.23,24.353,19.711,89.97,2590.7,38.84,31.7,0.000207,1.207,0.977,31.31,normal
407.04,183.05,129.02,40.41,89.81,26.307,21.266,90.9,3141.5,43.78,33.2,0.000247,1.213,1.016,26.62,normal
419.43,179.95,131.91,38.39,89.52,26.057,19.759,91.97,2773.0,44.74,30.06,0.000203,1.176,1.071,27.6,normal
415.43,181.54,130.09,39.9,91.44,25.301,19.978,90.15,2863.2,40.38,29.47,0.000143,1.198,1.006,27.74,normal
417.05,179.92,130.55,38.82,89.78,25.765,19.7,90.93,2809.6,41.59,28.62,0.000169,1.188,0.982,29.74,normal
411.06,179.95,129.68,39.96,91.51,24.84,20.116,89.08,2713.7,39.31,32.3,0.000203,1.201,0.994,29.68,normal
404.06,179.12,130.79,37.68,90.27,25.435,20.691,90.96,2700.4,41.8,30.36,0.000207,1.155,0.989,31.62,normal
416.53,180.18,131.89,38.46,89.88,24.746,20.057,91.86,2659.6,39.95,30.24,0.000182,1.199,1.022,29.79,normal
415.47,180.48,129.84,41.19,90.21,24.187,19.89,89.46,2762.2,37.35,31.22,0.000176,1.166,0.969,31.93,normal
407.98,178.82,132.08,40.37,88.32,26.555,19.463,91.1,2736.8,44.27,27.45,0.000182,1.162,1.016,30.76,normal
410.52,179.81,129.27,39.65,90.44,24.156,20.604,89.5,2661.1,38.91,31.36,0.000196,1.107,1.023,28.11,normal
418.64,179.08,130.92,39.09,91.1,25.179,19.928,89.89,2659.5,39.21,30.65,0.000199,1.191,1.014,28.67,normal
422.17,183.45,130.59,38.92,91.29,25.172,19.907,91.92,2885.8,43.24,28.9,0.000167,1.24,0.957,33.02,normal
408.74,179.87,128.72,40.2,88.24,25.31,18.831,90.06,2870.1,40.6,27.29,0.000207,1.184,0.994,32.45,normal
408.67,182.32,130.26,39.66,88.03,24.946,19.936,92.43,2860.6,39.64,29.31,0.000207,1.182,0.979,31.65,normal
416.85,179.71,130.01,41.55,89.3,24.952,19.799,89.43,2701.5,40.23,30.65,0.000197,1.263,0.997,31.91,normal
408.55,180.39,128.98,39.82,91.8,25.083,19.087,88.87,2833.4,40.77,28.74,0.000179,1.251,0.973,30.93,normal
411.81,178.02,130.43,40.06,90.29,25.288,20.495,89.04,2670.7,40.18,31.08,0.00022,1.287,1.05,30.67,normal
398.86,179.33,130.18,38.61,88.99,24.999,19.732,90.95,2706.9,40.34,27.1,0.00024,1.313,1.007,30.1,normal
421.72,180.32,129.91,39.64,88.11,24.959,20.948,91.24,2749.0,38.95,33.13,0.000187,1.203,0.935,33.4,normal
418.72,182.38,129.92,40.18,89.11,24.207,20.707,91.49,2826.6,37.15,32.87,0.000181,1.142,0.947,29.07,normal
403.1,180.33,129.89,39.63,89.02,26.208,19.64,90.79,2920.6,41.94,29.57,0.000214,1.174,1.048,30.48,normal
417.4,182.08,129.56,39.51,91.22,25.321,20.685,90.45,2904.6,41.07,32.31,0.000165,1.229,0.993,26.58,normal
420.75,180.96,130.17,40.33,91.32,25.125,20.805,89.74,2810.4,40.19,32.53,0.000162,1.272,0.984,27.14,normal
408.24,182.44,129.23,41.51,88.64,24.625,19.72,90.73,2821.5,36.91,29.09,0.000181,1.148,1.045,33.63,normal
411.09,179.91,133.19,40.14,90.98,24.398,19.484,90.97,2517.7,37.6,28.12,0.000209,1.213,0.994,31.23,normal
419.32,183.59,128.31,41.14,90.85,25.516,18.922,89.92,3188.8,41.47,27.29,0.000174,1.16,0.952,29.57,normal
404.67,179.27,129.3,40.62,88.47,24.904,20.19,89.74,2772.7,40.58,30.43,0.000199,1.193,0.955,30.16,normal
426.36,178.85,129.39,41.08,89.89,25.373,19.513,88.63,2757.5,39.8,29.35,0.00014,1.192,1.025,27.28,normal
409.22,178.18,132.45,39.39,90.44,24.189,20.205,90.37,2443.2,37.39,29.97,0.000219,1.219,1.081,29.14,normal
409.28,183.5,128.42,39.79,90.21,25.928,19.716,90.93,3160.1,41.61,28.99,0.000243,1.302,1.034,27.08,normal
416.61,181.23,130.51,39.8,87.78,25.541,19.61,92.08,2870.0,42.3,29.11,0.000173,1.224,0.985,29.41,normal
406.36,179.5,130.3,40.55,90.17,24.951,19.719,89.54,2699.1,39.19,28.73,0.000213,1.179,0.991,31.36,normal
409.29,181.87,130.4,40.79,90.83,25.281,19.35,90.33,2799.3,41.33,27.24,0.000194,1.17,1.002,30.91,normal
411.05,181.03,131.48,40.13,92.05,25.445,19.719,90.16,2764.9,40.93,29.85,0.000203,1.19,0.919,33.18,normal
413.35,182.95,131.46,40.88,89.13,24.198,19.632,92.19,2725.0,36.02,28.05,0.000193,1.156,1.001,30.59,normal
418.66,177.68,129.46,39.44,89.29,26.007,19.993,89.2,2757.7,42.88,30.21,0.000191,1.207,1.023,25.04,normal
416.03,179.6,130.23,40.89,89.73,25.29,20.052,89.61,2726.1,39.65,30.65,0.000175,1.079,1.071,33.9,normal
412.27,179.31,127.76,41.02,90.38,24.578,19.464,87.83,2807.0,39.91,29.79,0.000167,1.189,1.044,28.32,normal
405.47,177.04,130.12,40.68,90.13,24.342,20.55,88.17,2575.3,39.94,33.43,0.000233,1.193,1.077,30.32,normal
415.51,181.59,129.05,40.13,90.79,25.592,19.92,89.86,2989.4,42.36,30.92,0.00015,1.142,1.067,30.2,normal
414.34,179.59,129.78,40.71,88.54,25.127,20.751,90.06,2753.6,39.73,31.57,0.000199,1.181,1.056,30.48,normal
415.49,181.11,127.98,39.11,90.52,25.29,20.121,89.73,3003.3,40.86,30.17,0.000198,1.256,1.001,30.1,normal
416.09,183.54,130.49,40.2,89.04,25.016,20.035,92.38,2949.9,40.34,30.42,0.000199,1.26,1.014,30.13,normal
408.26,179.47,127.96,40.3,89.81,24.398,19.755,88.66,2788.3,39.37,29.37,0.00022,1.173,0.933,27.36,normal
411.95,179.37,130.18,38.67,92.22,25.305,20.307,89.31,2723.1,40.69,31.04,0.000189,1.226,1.005,35.17,normal
407.49,180.18,128.53,40.47,88.18,24.881,20.017,90.01,2824.7,40.07,31.12,0.00022,1.125,1.023,31.3,normal
402.57,181.48,128.98,38.75,89.64,24.987,20.429,91.03,2905.3,38.28,31.35,0.00026,1.185,0.989,30.1,normal
411.59,179.15,131.39,39.57,88.34,26.426,20.802,91.31,2843.3,44.44,33.01,0.000195,1.212,0.938,33.68,normal
429.94,179.05,130.71,40.04,90.2,25.521,19.637,89.76,2759.5,40.65,28.2,0.000139,1.276,1.063,27.86,normal
412.11,181.59,131.38,39.27,91.36,25.556,20.307,91.16,2842.3,41.66,31.3,0.000196,1.26,1.016,31.74,normal
413.67,180.57,131.87,40.08,90.22,26.632,20.293,91.07,2859.7,43.79,29.53,0.000193,1.21,1.069,28.89,normal
407.79,176.93,129.07,40.07,89.85,25.231,20.229,88.04,2681.2,41.08,31.59,0.000212,1.154,1.03,30.8,normal
420.38,178.16,131.8,39.18,91.73,25.072,19.783,89.49,2575.1,40.85,29.34,0.00014,1.268,1.055,30.85,normal
406.1,182.25,128.24,40.57,90.43,24.592,19.794,89.73,2969.8,38.6,28.41,0.00021,1.183,1.047,25.33,normal
410.9,180.6,130.9,39.24,91.07,24.728,19.708,90.59,2673.1,38.36,29.07,0.000187,1.222,0.973,27.14,normal
416.27,178.86,129.41,42.29,90.93,23.772,19.698,87.52,2588.8,37.11,29.64,0.000224,1.194,0.98,33.17,normal
417.69,179.74,128.88,39.89,86.26,25.474,19.58,91.22,2874.9,42.93,27.96,0.000184,1.3,0.983,29.5,normal
407.1,180.02,130.74,38.83,89.9,24.24,19.948,91.01,2672.6,39.76,29.23,0.000226,1.169,0.961,34.0,normal
418.09,181.1,131.13,39.02,88.6,25.542,19.621,92.31,2868.2,41.97,28.74,0.000155,1.246,1.071,32.62,normal
417.69,177.96,131.1,41.15,88.92,24.974,20.218,89.49,2532.9,40.2,31.33,0.000201,1.196,1.002,29.56,normal
414.53,178.74,130.26,39.59,91.92,25.077,20.028,88.73,2654.9,38.91,28.54,0.000171,1.228,1.018,29.38,normal
408.54,180.41,130.16,38.64,89.51,24.975,20.085,91.21,2760.7,41.24,30.67,0.000185,1.281,0.947,33.3,normal
401.29,179.85,130.63,40.85,92.46,25.832,19.863,88.58,2761.7,40.1,29.5,0.000282,1.1,1.033,34.21,normal
414.05,180.86,130.36,39.58,88.17,25.726,20.034,91.73,2909.5,43.31,31.02,0.000172,1.197,0.984,29.43,normal
409.62,178.16,130.65,40.65,88.59,24.983,19.876,89.78,2616.6,39.98,30.06,0.000189,1.155,1.05,33.08,normal
414.41,180.54,130.24,40.94,90.99,24.461,20.39,89.43,2743.4,36.03,32.22,0.000166,1.222,0.973,32.06,normal
416.08,181.64,131.01,40.27,89.56,25.554,19.779,91.41,2842.7,41.95,29.81,0.000191,1.235,1.053,32.41,normal
413.2,180.73,128.05,42.4,90.4,24.415,20.188,87.97,2843.9,38.18,29.61,0.000196,1.176,1.038,30.2,normal
412.7,180.21,129.84,38.28,89.85,24.067,19.347,90.96,2627.7,36.9,28.67,0.000178,1.174,0.981,28.66,normal
406.82,179.86,128.34,39.18,89.81,25.299,20.356,89.6,2837.4,40.6,31.43,0.000247,1.21,1.057,27.89,normal
403.71,178.75,130.33,39.74,89.6,25.731,19.72,89.86,2711.4,42.11,28.76,0.000235,1.136,1.046,27.39,normal
411.2,179.89,131.97,42.26,90.23,24.757,19.544,89.68,2560.5,39.28,28.41,0.000172,1.217,1.02,33.82,normal
403.48,181.89,129.43,41.8,90.83,25.243,19.431,89.33,2945.9,39.23,26.62,0.000225,1.159,0.96,30.02,normal
415.4,179.82,130.15,41.29,92.1,24.751,19.391,88.29,2705.9,39.69,29.03,0.000186,1.237,1.032,27.71,normal
416.09,178.67,130.91,39.21,89.74,25.433,19.759,90.31,2705.7,40.88,29.3,0.000163,1.134,1.003,32.0,normal
416.97,179.26,127.52,39.32,89.49,25.657,20.749,88.98,2919.0,43.5,31.65,0.000178,1.172,1.002,29.04,normal
423.82,180.3,129.37,39.17,89.32,24.842,19.678,90.59,2819.0,40.41,28.39,0.000162,1.162,1.003,28.7,normal
405.57,179.44,130.44,39.22,91.91,24.383,18.895,89.36,2659.1,39.21,26.74,0.000228,1.185,0.999,34.14,normal
428.04,180.73,126.52,41.49,90.9,24.126,20.183,87.41,2875.2,39.38,30.9,0.000174,1.269,0.965,27.34,normal
407.47,180.78,128.83,39.76,87.53,25.555,19.443,91.15,2928.9,42.35,28.71,0.000239,1.242,0.939,30.47,normal
411.42,181.33,131.32,39.89,87.47,24.318,20.407,92.64,2688.1,37.91,30.89,0.000204,1.176,0.931,28.82,normal
409.58,182.14,131.2,40.77,88.92,25.223,19.789,91.81,2861.6,38.09,28.51,0.000188,1.176,1.012,28.5,normal
414.03,181.49,130.45,38.34,90.3,25.466,19.863,91.65,2860.7,41.59,29.41,0.000185,1.244,0.903,27.07,normal
403.08,178.6,131.06,40.05,89.96,24.699,20.599,89.82,2595.8,40.87,31.02,0.000253,1.142,1.029,30.12,normal
415.83,178.64,130.26,38.9,90.67,24.9,20.309,89.65,2608.2,40.61,30.71,0.0002,1.201,1.02,28.25,normal
413.06,179.89,130.67,39.71,89.77,25.599,19.377,90.54,2747.4,41.24,28.88,0.000185,1.17,0.988,31.18,normal
410.26,179.32,129.62,39.41,91.82,24.515,19.45,88.85,2660.4,38.67,28.14,0.000226,1.191,1.041,29.91,normal
410.04,178.29,130.14,39.36,91.0,24.454,19.108,89.02,2607.9,37.89,29.01,0.000218,1.24,0.99,29.37,normal
421.86,179.34,129.24,40.23,90.1,24.859,21.302,89.13,2720.5,39.9,33.19,0.00017,1.167,1.017,28.26,normal
417.03,179.29,131.52,40.22,91.49,25.767,19.569,89.54,2713.3,41.72,27.51,0.0002,1.249,0.922,32.86,normal
423.64,178.99,131.83,39.78,87.86,25.966,20.585,91.59,2691.3,44.27,31.46,0.000146,1.31,0.91,31.47,normal
416.08,179.53,131.66,40.37,89.89,24.941,19.734,90.46,2628.5,39.95,28.84,0.000199,1.23,0.991,28.64,normal
415.74,181.77,129.51,39.13,90.18,24.573,19.46,90.98,2852.9,39.04,31.32,0.000209,1.196,1.017,27.28,normal
412.72,180.3,128.86,40.68,90.78,25.638,20.011,88.84,2908.4,41.03,29.69,0.000213,1.258,1.038,26.22,normal
419.13,183.71,131.53,39.79,87.77,23.998,19.837,93.82,2749.0,36.74,28.37,0.00017,1.145,0.993,32.27,normal
418.29,180.26,130.65,39.52,89.66,25.149,20.401,90.87,2758.3,39.27,31.12,0.000178,1.276,1.01,31.82,normal
418.03,179.56,130.39,39.21,90.52,24.974,20.407,90.11,2751.8,41.34,30.98,0.000207,1.162,1.031,32.09,normal
407.0,180.01,129.24,39.76,90.62,25.776,19.705,89.43,2882.2,41.75,28.28,0.000238,1.308,0.995,29.76,normal
415.29,180.38,130.51,41.87,91.54,25.837,19.28,88.74,2798.2,42.6,28.37,0.000203,1.164,1.023,31.61,normal
413.01,180.65,128.7,39.94,90.99,24.434,19.401,89.21,2753.4,36.84,28.86,0.000183,1.233,0.955,32.05,normal
413.95,183.12,130.76,38.86,89.92,25.101,18.859,92.55,2882.7,39.06,27.05,0.000229,1.122,0.934,29.86,normal
413.98,178.73,131.65,40.92,90.88,24.658,19.863,89.29,2519.6,38.77,29.42,0.000204,1.189,0.979,29.28,normal
410.55,181.29,131.96,39.53,89.74,24.824,19.994,91.99,2622.4,39.18,29.69,0.000205,1.146,1.031,28.05,normal
408.52,180.31,130.85,40.28,90.19,25.37,19.429,90.34,2751.9,41.32,27.98,0.000224,1.128,0.972,30.85,normal
412.46,177.64,128.34,39.39,91.03,24.799,19.368,87.77,2701.2,41.43,27.29,0.000197,1.26,1.026,31.12,normal
417.69,181.16,130.24,41.28,89.94,25.116,19.992,90.08,2855.1,38.32,31.17,0.000172,1.139,0.959,29.19,normal
414.48,181.9,132.57,39.41,90.47,25.574,19.684,92.29,2775.2,42.65,31.1,0.000195,1.163,0.977,29.42,normal
406.45,178.71,128.96,41.4,91.25,25.909,19.894,87.51,2845.4,43.15,28.89,0.000233,1.157,1.01,29.57,normal
397.04,179.99,129.93,38.95,90.93,25.173,19.816,90.02,2787.7,39.88,29.02,0.000257,1.257,0.973,31.58,normal
426.27,177.41,131.7,39.71,91.6,25.071,20.124,88.86,2524.0,39.77,29.47,0.000163,1.251,0.98,27.25,normal
405.7,178.11,130.74,41.4,93.03,24.336,19.717,87.2,2516.2,39.23,29.95,0.000249,1.264,0.896,27.79,normal
415.81,181.57,132.98,40.17,90.91,25.951,19.756,91.73,2839.6,42.72,28.53,0.000189,1.161,1.034,27.83,normal
412.55,179.3,129.12,42.27,89.4,25.297,19.059,88.37,2763.1,40.54,28.07,0.000201,1.267,0.995,29.7,normal
407.96,178.34,128.81,39.73,90.67,25.082,19.975,88.37,2745.2,39.19,30.27,0.000251,1.16,0.962,30.63,normal
415.14,180.34,131.47,40.26,90.61,25.051,20.044,90.47,2670.2,39.31,30.0,0.000188,1.162,1.073,27.86,normal
413.01,179.22,128.56,41.91,90.8,25.216,19.911,87.54,2813.3,39.41,30.85,0.000192,1.165,0.968,31.82,normal
415.17,179.29,129.76,38.49,91.94,25.463,20.956,89.3,2786.9,42.23,32.35,0.000181,1.167,0.979,32.93,normal
417.66,181.11,129.92,38.36,87.81,25.537,20.081,92.43,2869.8,40.78,30.22,0.000201,1.195,0.962,30.83,normal
412.07,178.26,131.24,39.2,91.97,25.966,19.922,89.13,2649.3,41.63,28.82,0.000209,1.158,1.044,32.25,normal
416.25,178.64,130.74,40.81,92.41,25.146,20.25,88.07,2639.7,40.6,28.72,0.000179,1.212,1.057,28.17,normal
403.82,180.23,130.55,38.39,90.74,26.053,21.056,90.82,2881.3,42.27,33.76,0.000244,1.07,1.053,28.22,normal
415.42,181.45,129.52,40.6,90.77,25.635,20.126,89.8,2884.0,43.39,29.85,0.000178,1.211,1.053,31.03,normal
414.63,181.86,131.46,40.53,89.69,24.964,18.888,91.55,2816.9,39.94,27.99,0.000215,1.146,0.976,29.92,normal
409.04,179.0,134.83,42.01,90.01,24.0,20.216,90.89,2335.1,37.37,30.3,0.000201,1.167,1.067,28.21,normal
409.26,181.41,130.83,41.05,90.91,25.051,19.56,90.14,2808.9,40.36,28.74,0.000237,1.168,0.992,32.85,normal
419.82,178.82,130.12,40.36,90.82,25.935,19.039,88.87,2747.3,43.3,27.62,0.000176,1.247,0.938,30.6,normal
410.8,182.74,128.44,41.36,90.94,24.535,20.849,89.42,2926.3,39.38,31.9,0.000217,1.225,0.983,31.4,normal
400.07,178.3,129.24,40.54,90.81,25.049,20.741,88.09,2683.9,40.17,30.74,0.000273,1.192,1.013,28.65,normal
414.42,181.99,129.74,39.54,91.17,25.099,19.547,90.51,2894.0,39.27,28.09,0.000157,1.164,0.974,33.36,normal
420.16,179.02,129.36,38.86,91.02,25.565,19.551,89.24,2760.1,41.49,28.04,0.000173,1.239,1.006,29.69,normal
396.08,183.02,129.98,39.43,88.67,24.767,20.08,92.44,2871.4,39.39,30.19,0.000263,1.29,1.021,32.04,normal
414.2,180.89,132.13,39.96,91.08,24.478,19.557,90.98,2687.5,36.88,29.71,0.000196,1.199,1.016,28.83,normal
412.47,178.48,131.5,40.18,92.42,25.342,19.932,88.66,2638.6,38.89,29.24,0.000203,1.12,1.026,30.34,normal
417.62,179.22,129.81,37.86,89.97,24.554,19.643,90.59,2680.3,37.51,28.96,0.00019,1.165,0.993,31.12,normal
400.97,181.17,128.55,39.78,91.95,23.899,19.8,89.0,2777.6,34.93,29.65,0.00025,1.228,0.971,33.99,normal
417.48,181.58,131.6,40.03,88.81,26.104,19.298,92.17,2913.7,42.75,27.5,0.000152,1.178,0.941,29.12,normal
408.75,179.89,129.94,40.55,89.96,25.556,20.413,89.66,2804.7,40.84,31.43,0.000237,1.157,0.996,30.41,normal
419.86,180.07,127.93,41.63,89.17,26.13,20.602,88.58,3025.3,43.4,32.53,0.000156,1.155,0.979,31.18,normal
412.95,181.14,130.85,40.19,91.79,25.524,19.95,90.01,2752.8,42.23,30.18,0.000153,1.205,0.995,27.17,normal
418.45,180.2,131.23,39.09,92.13,25.408,19.982,90.09,2733.6,41.47,29.91,0.000167,1.123,0.917,25.65,normal
420.73,178.06,127.09,38.18,89.87,25.222,20.315,88.55,2819.0,41.08,30.18,0.000196,1.198,0.939,28.01,normal
418.72,178.78,129.01,40.69,91.52,24.888,20.001,87.79,2709.4,40.63,29.91,0.000179,1.204,1.02,31.93,normal
412.1,180.35,129.87,39.13,92.15,25.307,20.865,89.47,2833.0,40.56,31.77,0.000177,1.178,0.935,33.43,normal
419.52,181.82,130.88,40.87,89.96,24.668,19.342,90.94,2760.6,36.44,27.78,0.000172,1.148,0.992,28.15,normal
421.48,182.42,129.38,41.4,90.17,24.358,20.43,90.1,2837.7,36.43,31.07,0.000173,1.251,0.967,27.57,normal
410.77,181.17,129.0,38.46,90.95,24.801,19.943,90.38,2822.8,39.93,29.68,0.000172,1.133,0.964,33.07,normal
410.5,180.43,130.87,40.55,88.9,25.775,19.439,90.92,2798.4,42.46,29.33,0.000207,1.209,1.003,28.87,normal
421.32,181.12,129.44,41.29,90.14,24.261,21.124,89.56,2698.4,38.59,32.63,0.000181,1.236,1.001,29.26,normal
420.84,179.0,130.65,41.02,92.79,24.27,21.193,87.91,2572.1,40.76,33.61,0.00012,1.208,1.022,32.92,normal
411.92,179.77,128.67,37.9,89.35,25.355,19.896,90.59,2808.2,41.25,29.35,0.000199,1.262,0.956,32.59,normal
408.19,178.76,128.38,39.15,91.11,24.751,20.222,88.44,2790.0,39.19,29.87,0.000222,1.143,0.965,31.87,normal
412.61,178.13,130.91,38.72,90.68,25.291,19.764,89.8,2649.4,41.19,29.85,0.000192,1.16,1.045,26.58,normal
424.9,180.5,130.3,40.52,89.79,25.594,19.845,90.25,2853.8,40.54,29.92,0.000162,1.177,0.991,27.48,normal
413.96,180.28,131.11,40.41,90.29,25.277,19.434,90.34,2694.8,41.56,28.01,0.000222,1.365,1.015,32.24,normal
418.77,181.03,129.36,37.3,92.28,24.621,19.36,90.4,2823.9,38.74,25.79,0.000159,1.225,0.98,30.64,normal
410.42,180.82,129.05,39.7,90.72,25.77,20.922,89.72,2915.2,43.93,33.43,0.00019,1.235,1.018,28.44,normal
418.05,180.36,131.63,40.8,90.92,25.445,19.981,90.13,2736.3,39.69,30.57,0.000199,1.233,0.9,29.31,normal
410.5,180.83,128.17,40.15,92.08,25.016,20.025,88.39,2892.7,40.05,30.99,0.000232,1.204,1.046,32.22,normal
409.84,179.94,131.5,40.15,89.62,24.987,19.595,90.83,2621.1,39.34,29.88,0.000217,1.252,0.982,33.06,normal
414.25,180.62,131.58,39.64,88.64,25.224,20.095,91.96,2690.0,39.58,30.27,0.000207,1.106,0.95,29.99,normal
410.73,178.91,131.03,38.94,92.3,24.813,19.248,89.32,2633.4,40.09,27.67,0.000228,1.214,0.958,28.63,normal
415.35,180.55,129.17,39.98,90.18,24.021,19.613,89.78,2734.1,36.91,27.53,0.000165,1.221,0.989,29.45,normal
402.54,181.0,129.02,40.05,91.16,25.45,19.4,89.4,2869.3,42.64,28.51,0.000247,1.251,0.996,32.69,normal
429.16,179.0,129.75,40.62,89.01,25.414,20.646,89.56,2787.6,40.67,31.41,0.000108,1.142,1.006,32.65,normal
397.94,180.08,128.45,40.7,90.51,23.619,19.174,88.66,2671.5,35.72,27.18,0.000243,1.146,0.952,30.39,normal
415.82,179.06,128.85,40.09,88.57,25.306,19.41,89.62,2757.4,42.9,27.34,0.000175,1.149,1.035,28.94,normal
407.74,179.21,130.77,41.09,90.08,26.054,18.976,89.4,2759.8,41.74,26.47,0.000211,1.226,0.979,32.17,normal
406.25,178.31,130.78,39.63,89.16,24.323,19.555,90.15,2502.9,37.29,27.73,0.000243,1.227,0.977,33.25,normal
405.49,181.9,128.74,38.56,88.86,24.956,19.77,91.6,2896.8,36.78,30.18,0.000217,1.153,0.991,27.09,normal
412.67,181.6,130.81,40.48,89.61,24.891,20.489,91.16,2766.7,39.24,32.23,0.000211,1.296,1.027,29.54,normal
409.35,180.81,130.55,40.13,87.02,25.996,19.889,92.09,2890.0,43.61,29.11,0.000226,1.214,0.999,32.31,normal
420.15,182.96,131.81,40.5,88.49,25.673,19.795,92.88,2913.1,42.37,30.43,0.000156,1.206,0.978,30.15,normal
421.63,179.72,130.68,38.74,91.02,24.473,20.15,90.31,2671.9,38.64,30.49,0.00016,1.19,0.987,29.02,normal
413.83,184.55,131.27,41.79,90.45,25.205,19.779,91.77,2977.9,39.72,30.58,0.000208,1.247,1.049,30.37,normal
412.91,179.66,130.57,40.71,88.6,26.382,21.205,90.46,2791.8,43.88,33.81,0.000194,1.219,1.042,30.74,normal
414.59,180.38,131.18,39.71,90.71,24.625,19.704,90.56,2622.5,38.53,29.71,0.000191,1.294,1.015,27.75,normal
403.89,179.4,128.46,39.06,88.86,24.993,20.207,89.97,2834.3,39.98,30.76,0.000237,1.139,1.006,30.18,normal
404.28,180.56,129.85,41.08,90.94,25.308,20.413,89.2,2809.1,41.07,30.55,0.000235,1.123,1.093,30.73,normal
423.93,181.25,129.95,38.9,89.85,24.634,19.69,91.23,2776.0,38.6,28.11,0.000172,1.163,1.019,29.02,normal
409.79,179.83,129.71,42.26,89.58,26.058,20.083,88.84,2892.3,43.12,30.39,0.000213,1.228,1.007,28.44,normal
420.95,182.67,130.53,39.39,89.88,24.716,19.75,91.96,2873.5,39.09,29.25,0.000153,1.179,0.992,28.92,normal
420.82,180.36,130.76,41.72,93.33,24.167,20.137,88.03,2651.0,36.96,32.45,0.000152,1.264,1.014,28.06,normal
418.95,180.41,130.47,39.82,89.01,24.685,20.05,91.02,2686.0,39.18,30.73,0.000173,1.18,0.878,31.7,normal
410.94,178.64,129.79,41.58,90.29,25.392,19.93,88.27,2692.2,39.86,29.14,0.000198,1.254,1.041,28.03,normal
414.42,180.63,129.12,39.27,91.02,24.521,19.422,89.73,2746.7,38.81,28.39,0.00018,1.158,0.949,30.38,normal
414.3,179.8,131.32,40.02,88.75,25.181,20.932,91.17,2722.6,39.41,32.27,0.000214,1.259,0.971,29.25,normal
406.97,179.09,130.42,40.8,87.93,25.338,20.293,90.39,2738.7,40.95,30.76,0.0002,1.268,0.944,28.59,normal
407.97,178.84,128.78,40.66,89.22,24.275,19.206,88.86,2674.7,38.4,26.84,0.000233,1.172,0.971,32.74,normal
406.79,184.01,129.77,41.1,90.99,24.662,19.79,90.83,2900.1,38.11,30.16,0.000216,1.224,0.986,29.74,normal
410.19,179.6,127.91,39.51,89.56,25.209,19.215,89.22,2893.9,41.64,27.6,0.000169,1.213,1.036,28.66,normal
407.97,177.81,130.04,40.08,89.7,25.421,20.381,89.03,2677.4,43.01,31.56,0.000227,1.226,1.052,28.47,normal
412.68,178.95,129.76,41.25,91.18,24.677,19.989,88.14,2647.5,38.42,29.49,0.000174,1.264,1.078,30.68,normal
405.42,179.92,129.31,39.29,88.95,25.091,20.002,90.49,2792.2,40.12,29.69,0.000212,1.249,1.004,31.65,normal
425.76,180.82,131.9,40.57,89.88,24.83,19.579,91.13,2687.4,40.72,29.35,0.000185,1.226,0.991,32.54,normal
408.35,180.83,128.61,39.78,88.03,25.437,19.842,90.8,2908.9,39.47,27.92,0.00024,1.233,1.031,29.66,normal
411.41,181.01,130.85,40.21,90.42,25.312,20.394,90.62,2762.5,40.94,31.86,0.000222,1.137,0.966,29.54,normal
416.2,179.03,132.62,40.08,90.3,24.776,20.528,90.62,2535.3,39.05,32.62,0.000179,1.198,0.961,30.26,normal
410.05,180.51,131.29,39.21,91.03,25.287,20.423,90.77,2745.6,41.73,32.31,0.000188,1.145,0.985,30.33,normal
396.12,178.69,129.96,39.74,88.51,24.752,19.224,90.2,2596.5,39.04,27.38,0.000298,1.199,0.999,28.46,normal
417.97,179.07,128.64,40.14,89.75,25.274,19.907,88.91,2802.0,41.25,29.99,0.000162,1.256,0.917,32.92,normal
408.86,178.62,128.37,39.9,88.34,25.283,20.127,89.37,2770.2,39.99,29.99,0.000178,1.2,1.043,30.04,normal
423.47,178.22,129.51,41.57,89.68,26.423,19.633,88.24,2845.9,45.14,27.83,0.00018,1.075,1.01,31.07,normal
418.5,181.6,129.18,41.01,91.93,24.798,19.17,88.92,2808.8,38.3,27.87,0.000165,1.148,1.032,30.85,normal
414.97,181.03,129.14,40.29,89.58,24.915,19.357,90.14,2806.4,40.63,27.12,0.000168,1.229,0.937,30.81,normal
413.89,181.46,129.61,39.24,88.22,24.612,20.75,91.8,2737.5,38.96,32.53,0.000197,1.173,0.973,27.99,normal
404.91,180.06,129.88,39.18,89.12,24.38,19.404,90.82,2704.0,35.88,29.07,0.000214,1.239,0.971,29.99,normal
417.4,181.17,130.58,41.97,87.91,24.726,20.024,90.91,2706.6,39.28,31.1,0.000152,1.14,0.992,34.56,normal
421.57,177.36,128.51,38.99,88.32,25.399,19.922,89.28,2689.5,41.76,30.2,0.000185,1.219,0.999,33.17,normal
414.92,181.29,129.18,40.11,90.87,25.442,19.923,89.74,2914.2,40.05,29.46,0.000176,1.222,1.035,30.31,normal
418.84,180.27,129.81,40.36,88.12,25.177,19.84,90.79,2790.1,39.67,29.42,0.000165,1.239,1.004,29.27,normal
408.23,180.94,129.77,39.69,90.41,24.823,20.395,90.31,2813.8,39.58,31.17,0.00023,1.167,0.97,25.56,normal
416.1,180.57,132.2,39.0,90.03,24.704,20.018,91.86,2650.8,38.64,31.22,0.000177,1.239,1.088,29.01,normal
417.81,178.52,130.28,39.22,89.31,24.45,19.687,90.13,2628.8,38.76,30.34,0.000159,1.275,0.989,29.84,normal
417.47,177.75,128.06,39.45,90.3,24.666,20.026,88.03,2744.8,38.83,30.0,0.000226,1.086,0.964,29.37,normal
403.58,178.93,130.5,39.29,88.78,24.223,19.361,90.68,2612.1,36.47,29.08,0.000238,1.203,0.925,29.5,normal
408.06,180.85,130.65,41.33,91.09,25.815,20.238,89.54,2860.5,44.71,30.23,0.000207,1.11,1.004,31.24,normal
419.67,181.04,129.85,39.99,89.09,26.102,19.66,90.9,2945.8,42.89,29.44,0.000172,1.157,1.028,28.0,normal
409.13,177.95,128.54,39.48,89.5,23.838,19.688,88.76,2609.5,36.84,28.88,0.000192,1.161,0.954,30.55,normal
420.31,178.53,132.11,40.11,89.34,25.174,20.257,90.59,2510.1,42.27,30.89,0.00018,1.197,1.025,29.78,normal
412.29,178.92,128.72,40.67,90.9,25.164,19.796,88.03,2774.4,41.34,28.79,0.000199,1.219,1.003,28.24,normal
409.73,179.46,130.79,39.66,90.71,25.125,19.824,89.94,2635.5,40.91,28.39,0.000221,1.245,0.929,33.35,normal
414.16,177.96,130.24,40.9,86.59,24.644,20.584,90.35,2565.0,40.04,30.6,0.000199,1.213,1.025,31.5,normal
411.5,177.87,130.72,38.73,90.33,25.614,19.513,89.75,2612.4,42.34,29.17,0.0002,1.234,0.989,28.43,normal
419.15,178.77,132.05,41.17,87.73,25.246,20.249,90.96,2606.5,41.26,29.78,0.000185,1.146,0.955,31.03,normal
412.07,180.13,130.67,39.99,89.56,25.62,20.475,90.63,2805.6,42.37,31.02,0.00022,1.253,1.038,27.22,normal
413.04,178.23,129.33,39.95,89.86,24.557,20.583,88.87,2678.4,38.57,32.31,0.000211,1.035,1.038,28.67,normal
416.4,179.83,131.33,39.31,89.54,24.17,21.088,91.15,2549.9,38.72,33.9,0.000145,1.276,0.954,32.66,normal
420.76,181.59,129.24,38.77,90.65,25.261,19.679,90.7,2889.3,41.43,28.36,0.000147,1.267,1.012,30.7,normal
414.1,178.05,130.2,38.33,90.94,24.422,19.566,89.47,2603.5,36.05,26.92,0.00019,1.238,1.008,30.54,normal
414.89,179.69,128.45,39.24,88.99,25.633,20.409,89.95,2874.3,42.69,30.47,0.000229,1.311,0.997,31.97,normal
401.31,181.54,128.76,40.59,88.95,23.724,20.47,90.36,2733.0,35.61,31.44,0.000235,1.11,0.979,31.22,normal
406.43,179.37,130.06,39.04,89.95,24.719,19.605,90.22,2703.0,39.44,29.48,0.000223,1.239,0.994,29.47,normal
417.94,179.14,130.44,38.45,87.99,24.63,20.242,91.57,2654.3,37.27,29.71,0.000195,1.207,1.038,31.87,normal
401.73,181.75,127.96,39.09,89.38,24.801,21.362,90.6,2963.5,38.84,32.36,0.000244,1.212,1.016,26.62,normal
413.94,179.54,130.6,39.62,91.75,25.157,20.052,89.38,2723.3,40.09,29.42,0.000178,1.142,0.923,28.67,normal
421.29,181.66,129.02,39.65,88.04,25.238,20.462,91.47,2910.9,41.22,30.84,0.00019,1.22,0.914,29.81,normal
421.7,180.64,131.54,39.87,89.56,25.384,20.788,91.37,2783.6,40.52,33.83,0.000157,1.217,0.926,31.1,normal
418.05,179.49,129.58,41.03,89.23,25.453,21.252,89.4,2821.2,39.15,33.55,0.00019,1.166,0.946,29.35,normal
420.19,180.72,128.65,41.25,92.61,24.897,20.123,87.76,2851.4,39.21,30.85,0.000174,1.197,0.97,26.43,normal
405.6,180.48,130.09,42.01,89.3,26.265,20.627,89.62,2938.3,43.34,32.59,0.000246,1.134,0.982,26.15,normal
406.47,181.53,128.9,38.38,89.38,25.832,19.606,91.34,2990.7,43.06,28.58,0.00024,1.18,0.997,29.86,normal
416.07,179.18,131.52,39.14,88.66,24.813,20.012,91.44,2573.6,39.61,30.11,0.000202,1.248,0.999,29.04,normal
407.08,180.06,130.0,40.7,90.01,24.918,19.777,89.68,2747.6,39.0,29.6,0.000214,1.249,0.998,28.18,normal
422.89,179.91,129.82,39.55,90.35,24.8,19.057,89.91,2790.7,39.7,27.99,0.000182,1.238,1.046,27.85,normal
424.1,181.06,130.71,40.86,88.85,25.218,19.198,91.02,2824.4,42.46,27.77,0.000124,1.248,0.933,30.27,normal
420.87,178.46,128.79,40.21,91.29,24.417,20.215,87.88,2680.5,39.51,31.42,0.000177,1.249,1.013,32.6,normal
411.08,181.53,128.45,41.58,90.35,24.526,20.225,89.01,2836.8,36.74,31.49,0.000222,1.168,1.013,30.27,normal
408.43,180.7,130.49,41.04,91.11,23.7,19.479,89.52,2582.4,38.81,28.38,0.000213,1.217,0.949,32.63,normal
416.79,178.02,128.68,41.06,89.57,24.761,20.779,88.03,2680.6,40.5,32.74,0.000188,1.254,1.021,29.25,normal
409.61,181.81,128.68,39.59,90.32,25.639,19.445,90.29,2978.7,43.44,28.83,0.000222,1.131,1.015,30.89,normal
408.2,183.35,131.0,39.9,89.72,24.909,20.129,92.36,2869.1,38.22,32.48,0.000186,1.131,0.998,32.7,normal
418.42,181.5,130.63,39.69,91.89,24.942,19.792,90.27,2796.1,39.42,30.16,0.000166,1.128,0.903,29.68,normal
404.1,182.14,128.5,38.49,90.15,25.167,20.053,90.99,2927.5,41.07,30.45,0.000222,1.111,1.039,30.05,normal
418.03,180.13,129.26,41.47,90.01,24.399,20.449,88.95,2705.5,37.16,30.77,0.000182,1.147,1.009,29.25,normal
407.09,177.51,128.92,40.75,89.4,25.015,20.379,88.14,2663.6,40.57,30.2,0.000231,1.174,1.016,31.19,normal
426.83,177.23,132.13,39.65,89.33,25.534,20.354,90.17,2546.7,43.18,31.38,0.00014,1.276,0.864,31.8,normal
412.99,180.38,131.09,41.3,90.31,25.184,20.29,89.93,2745.4,40.2,29.42,0.000183,1.178,0.979,30.7,normal
404.63,179.11,129.49,39.37,91.07,25.587,19.364,89.08,2762.0,43.41,29.6,0.000218,1.124,0.943,29.54,normal
406.03,178.63,130.69,38.16,89.11,25.758,20.567,91.02,2679.8,42.91,29.9,0.000215,1.208,1.052,27.0,normal
422.06,179.91,128.37,41.01,90.16,25.398,19.47,88.55,2851.0,39.29,27.76,0.000193,1.191,0.956,29.9,normal
423.5,180.92,129.19,38.72,90.24,24.572,19.947,90.58,2820.4,37.91,30.66,0.000209,1.161,1.059,29.62,normal
420.13,177.82,130.13,39.8,90.47,24.794,19.824,88.83,2587.3,40.52,29.5,0.000204,1.171,1.038,30.47,normal
414.44,179.33,130.54,40.21,87.78,26.159,20.175,90.94,2810.7,42.37,30.62,0.000155,1.253,1.009,30.23,normal
409.2,182.26,129.88,40.39,88.8,25.189,19.758,91.47,2915.2,41.62,28.8,0.000189,1.13,1.045,33.14,normal
407.42,178.39,130.3,40.85,88.22,25.109,19.921,89.81,2693.2,40.92,29.68,0.000207,1.117,0.962,28.61,normal
413.37,181.3,130.09,40.58,90.04,24.484,20.809,90.38,2721.8,38.84,32.77,0.000215,1.223,0.969,26.85,normal
421.61,179.27,129.8,40.55,88.83,24.945,19.352,89.85,2751.2,39.26,27.61,0.000198,1.169,1.037,27.71,normal
419.3,180.82,129.64,39.21,89.35,25.43,19.999,90.95,2880.3,41.55,29.79,0.000183,1.278,0.962,28.73,normal
420.54,181.65,129.49,40.29,88.45,25.009,19.443,91.18,2919.7,41.71,28.52,0.00016,1.192,0.947,32.16,normal
405.33,181.11,130.28,38.49,89.48,24.688,20.337,91.71,2803.2,38.72,30.7,0.000223,1.195,0.987,27.41,normal
408.44,181.36,130.49,41.56,88.54,24.828,19.637,90.86,2781.9,40.11,29.63,0.000219,1.239,0.965,27.67,normal
408.21,178.27,130.24,38.6,90.99,25.715,20.019,89.45,2695.0,44.09,30.42,0.00023,1.116,1.075,30.83,normal
421.96,181.67,128.59,39.65,90.62,25.401,19.338,89.99,2986.3,41.42,28.15,0.000168,1.217,1.031,31.7,normal
410.22,178.72,128.8,38.68,90.2,25.32,20.646,89.32,2747.2,40.44,30.4,0.000204,1.182,0.977,26.9,normal
418.02,180.39,130.48,39.27,89.61,25.265,20.036,91.0,2780.6,40.26,31.04,0.000179,1.251,0.96,26.46,normal
413.71,180.39,131.77,40.01,87.35,24.29,20.069,92.39,2575.9,35.9,29.45,0.000201,1.168,1.014,28.43,normal
398.9,180.73,130.18,39.47,89.4,25.163,20.415,91.02,2790.9,39.26,32.55,0.000287,1.209,1.048,31.31,normal
406.69,180.51,129.51,41.14,89.01,25.641,19.374,89.92,2811.4,42.2,27.66,0.000227,1.182,1.012,30.29,normal
417.23,178.73,130.27,40.23,90.32,24.843,19.692,89.23,2646.4,40.52,29.38,0.000177,1.221,0.962,28.5,normal
413.76,177.98,128.64,39.54,90.81,25.586,20.085,88.13,2780.9,41.28,30.74,0.000192,1.187,0.943,31.48,normal
411.58,181.31,131.57,39.87,90.42,25.327,19.119,91.29,2755.4,41.9,27.51,0.000189,1.213,0.985,30.25,normal
415.75,180.28,130.22,41.22,91.64,25.497,19.173,88.82,2805.2,42.34,28.05,0.000204,1.288,1.013,29.78,normal
427.08,181.72,129.2,40.91,89.26,25.031,19.589,90.36,2860.0,39.32,28.67,0.000154,1.186,0.981,26.77,normal
411.88,179.93,129.8,38.86,89.21,25.532,19.43,90.83,2839.4,40.95,29.99,0.00021,1.22,1.04,28.46,normal
423.78,177.89,129.37,39.32,91.35,24.121,19.828,88.28,2575.8,36.16,29.7,0.000136,1.314,1.021,33.91,normal
424.61,181.45,131.57,40.47,90.22,25.02,20.261,91.17,2812.5,40.8,30.62,0.00015,1.219,1.009,29.33,normal
403.6,179.44,129.76,40.35,89.68,25.428,20.375,89.58,2788.3,41.24,31.22,0.00026,1.078,1.02,28.09,normal
419.26,180.51,130.19,38.95,92.4,25.178,20.905,89.67,2799.1,41.4,33.39,0.000189,1.167,0.944,29.24,normal
406.1,179.03,130.69,40.75,90.75,25.657,19.989,89.11,2714.5,41.85,30.28,0.000243,1.14,0.98,30.24,normal
419.37,182.47,129.11,39.11,89.75,24.906,20.077,91.35,2959.2,38.79,30.36,0.000176,1.246,0.958,31.77,normal
430.81,178.69,130.23,41.3,89.11,24.672,19.988,89.25,2617.0,39.84,28.82,0.000137,1.195,1.015,31.24,normal
423.36,179.49,130.33,40.53,91.72,24.017,20.16,88.78,2649.5,35.23,31.36,0.000168,1.253,0.959,28.65,normal
398.92,180.16,128.14,38.87,90.27,24.836,20.199,89.58,2893.7,39.19,30.82,0.000281,1.231,1.003,32.54,normal
424.51,178.36,130.3,39.47,90.03,25.31,20.461,89.58,2660.6,40.12,30.9,0.000158,1.23,0.993,31.63,normal
399.68,180.5,129.95,39.45,90.88,25.457,20.459,90.05,2822.8,42.85,31.51,0.000253,1.139,1.024,29.11,normal
410.28,182.42,130.16,40.16,91.14,24.16,20.26,90.63,2756.1,39.36,31.82,0.00021,1.225,0.952,29.74,normal
415.57,179.26,130.04,39.8,90.71,25.705,20.755,89.4,2743.4,42.48,32.64,0.000204,1.268,1.018,31.2,normal
422.83,180.59,130.31,38.85,91.15,24.415,20.013,90.45,2709.6,37.75,31.61,0.000178,1.128,0.957,32.15,normal
414.5,175.88,131.6,38.61,90.59,24.927,19.694,89.09,2428.0,41.51,29.88,0.000173,1.184,0.961,26.96,normal
409.87,179.94,128.58,40.55,90.72,24.659,19.776,88.63,2805.9,38.32,27.85,0.000217,1.218,0.994,30.14,normal
406.22,179.53,129.59,40.29,89.05,25.25,19.947,89.89,2772.8,39.34,30.87,0.00024,1.205,1.048,29.94,normal
411.47,178.77,130.8,40.11,92.35,25.056,19.458,88.54,2670.6,38.18,27.16,0.000206,1.272,0.966,28.86,normal
404.23,181.62,130.58,40.27,88.4,25.407,19.693,91.76,2851.7,41.28,30.26,0.000222,1.236,0.929,28.85,normal
417.03,179.51,130.55,39.38,90.4,26.106,19.43,90.14,2806.1,41.53,29.19,0.000187,1.22,0.962,32.11,normal
396.92,179.73,133.3,40.18,88.26,25.239,20.172,92.29,2580.6,42.11,31.81,0.000265,1.241,0.985,31.07,normal
416.18,179.43,130.74,42.54,89.87,24.654,20.177,88.88,2664.1,38.43,30.83,0.000207,1.238,1.075,34.21,normal
408.1,177.12,131.36,41.17,89.26,25.277,19.116,89.02,2534.0,39.51,27.88,0.000261,1.202,1.016,28.86,normal
415.29,178.3,129.63,39.71,90.18,26.167,19.673,89.02,2829.1,44.54,30.11,0.000171,1.182,0.97,30.27,normal
408.0,181.44,128.81,39.48,90.44,25.394,20.913,90.16,2918.3,42.02,31.57,0.000199,1.25,0.994,30.62,normal
407.31,176.84,129.62,37.14,88.76,25.567,20.315,90.26,2646.2,43.31,30.89,0.000232,1.163,1.063,31.79,normal
410.04,178.85,130.85,41.07,89.96,24.044,20.227,89.34,2482.9,35.59,30.43,0.000204,1.196,0.99,32.72,normal
409.37,179.4,130.49,40.79,91.81,25.232,19.668,88.64,2704.9,38.76,28.77,0.000216,1.142,0.991,30.19,normal
418.27,182.62,130.48,39.46,88.29,24.839,20.144,92.66,2815.1,41.1,29.93,0.000171,1.237,0.984,27.81,normal
411.21,181.15,129.74,38.57,88.89,24.592,19.993,91.72,2798.0,36.03,30.11,0.000188,1.262,1.028,28.58,normal
424.01,179.16,129.55,38.84,91.12,24.987,19.602,89.37,2742.5,38.75,29.51,0.000174,1.153,0.979,30.29,normal
410.72,181.96,129.78,40.44,90.1,25.065,19.753,90.59,2913.5,40.24,30.53,0.000197,1.192,1.035,32.25,normal
417.55,178.89,130.87,39.91,90.2,24.625,19.764,89.82,2651.4,37.6,29.14,0.000194,1.176,1.043,27.11,normal
412.01,181.51,131.01,40.69,91.33,25.113,19.256,90.25,2785.4,40.54,27.73,0.000184,1.254,1.025,27.66,normal
409.88,177.96,128.79,40.09,88.97,24.896,19.338,88.85,2670.9,38.55,25.98,0.000219,1.271,0.991,31.51,normal
420.16,181.61,130.91,40.97,89.32,25.421,19.9,91.11,2849.3,42.51,30.9,0.000168,1.176,0.944,27.41,normal
424.68,179.39,129.22,40.37,89.16,25.137,19.576,89.54,2762.9,41.11,27.78,0.000136,1.045,0.991,27.75,normal
414.77,178.46,130.56,40.83,89.55,25.226,19.85,89.32,2639.8,40.93,29.98,0.000183,1.258,0.973,32.27,normal
400.15,179.67,129.77,37.91,91.74,25.588,19.197,89.88,2808.8,41.35,28.1,0.000265,1.202,0.969,29.56,normal
408.63,180.42,131.88,38.77,87.79,25.333,20.401,92.87,2687.4,39.93,31.88,0.000215,1.202,0.99,29.4,normal
414.52,179.26,129.5,39.64,88.45,24.996,21.04,90.34,2798.2,39.85,32.16,0.000175,1.248,1.019,32.74,normal
411.91,180.83,130.21,41.08,88.22,23.748,20.514,90.86,2636.6,35.23,31.86,0.000213,1.182,0.975,27.87,normal
420.86,179.13,130.73,41.88,91.82,25.308,20.565,88.07,2693.8,42.81,32.85,0.000196,1.168,0.945,27.47,normal
412.31,180.93,128.95,39.84,89.2,24.453,20.313,90.42,2820.6,38.76,31.04,0.000212,1.182,0.962,33.26,normal
410.77,180.66,129.91,39.39,89.58,24.948,20.133,90.81,2851.2,38.98,29.66,0.000226,1.224,1.068,30.47,normal
416.19,179.91,129.68,38.05,87.9,25.223,20.043,91.82,2780.4,42.21,28.94,0.000206,1.244,1.022,31.36,normal
410.42,179.34,129.38,40.86,89.66,25.8,19.543,89.1,2779.2,42.29,29.97,0.000204,1.282,0.962,29.38,normal
398.16,180.23,129.47,39.45,91.13,26.105,20.345,89.56,2912.7,44.64,30.59,0.000245,1.22,1.052,29.79,normal
410.11,180.83,131.33,42.96,90.33,24.447,20.315,89.43,2610.6,39.79,30.66,0.000216,1.193,0.99,28.59,normal
415.27,183.09,129.28,39.26,89.86,24.21,19.768,91.62,2850.6,38.19,31.4,0.000206,1.244,1.091,30.64,normal
420.67,181.41,130.68,42.11,87.97,25.195,20.263,90.99,2856.9,39.3,31.45,0.000201,1.151,1.01,31.66,normal
411.84,181.46,130.38,40.75,89.57,25.145,19.653,90.76,2802.1,39.84,29.99,0.000183,1.271,1.023,30.39,normal
423.71,184.63,128.32,38.97,90.19,24.279,19.685,91.87,2976.3,41.54,30.47,0.000163,1.211,1.033,32.12,normal
410.49,180.77,130.62,40.23,88.71,24.99,20.388,91.22,2782.9,39.42,29.81,0.00022,1.189,1.059,31.32,normal
404.86,180.73,128.3,40.77,90.85,25.359,20.215,88.7,2918.1,40.78,31.81,0.000238,1.152,0.982,27.9,normal
406.48,181.06,130.75,39.77,91.15,24.262,19.884,90.44,2721.2,37.43,31.02,0.000213,1.231,1.056,29.71,normal
407.63,178.49,129.39,40.84,89.31,24.403,19.826,88.86,2627.4,37.36,29.18,0.000217,1.186,0.975,29.1,normal
419.72,179.33,130.01,40.82,90.94,24.614,20.087,88.79,2690.2,39.6,30.84,0.000173,1.195,0.986,31.51,normal
420.81,179.24,128.45,40.6,89.86,24.873,19.082,88.61,2733.2,38.3,28.34,0.000182,1.116,1.0,30.92,normal
408.61,180.97,130.15,39.98,91.49,25.416,19.621,89.82,2813.9,40.38,28.42,0.000162,1.178,1.037,30.25,normal
416.17,179.74,131.11,38.83,92.64,24.804,19.367,89.67,2648.0,39.75,29.05,0.000193,1.172,0.987,32.03,normal
405.58,180.21,129.03,39.92,88.58,25.033,20.006,90.36,2806.3,39.85,29.51,0.000229,1.221,1.066,26.27,normal
414.52,181.63,129.27,40.18,91.0,26.348,20.544,89.86,3110.0,44.13,33.56,0.000179,1.187,1.053,28.79,normal
414.89,181.29,130.55,38.12,91.7,24.426,20.239,91.0,2757.6,38.33,30.78,0.000198,1.068,1.002,28.96,normal
416.97,179.76,130.58,40.17,88.74,24.608,19.744,90.71,2692.3,37.71,29.77,0.000221,1.179,0.961,30.5,normal
403.89,179.0,127.08,39.9,89.25,25.407,19.647,88.45,2896.7,42.64,27.75,0.000236,1.127,1.04,31.11,normal
421.06,181.7,132.42,38.7,89.24,25.593,19.623,93.09,2733.1,42.87,29.31,0.000151,1.148,0.916,30.0,normal
408.99,181.16,130.63,39.67,89.83,25.249,21.0,91.15,2856.8,39.76,33.73,0.000186,1.25,1.03,27.37,normal
418.41,177.59,130.84,39.69,89.54,26.085,20.034,89.59,2634.5,43.66,29.38,0.000178,1.116,0.967,30.81,normal
414.62,179.53,129.83,41.93,89.74,25.19,20.1,88.84,2738.0,40.06,29.85,0.000174,1.215,1.05,30.26,normal
421.12,180.25,127.77,40.22,91.09,23.814,18.944,88.35,2766.4,37.73,26.64,0.000189,1.175,0.945,27.06,normal
424.49,181.17,130.81,41.04,87.54,25.058,19.41,91.69,2854.4,41.03,27.5,0.000142,1.165,0.974,29.41,normal
413.6,181.37,129.32,39.88,88.73,24.657,19.978,91.03,2875.4,40.27,28.9,0.000189,1.151,1.018,30.75,normal
411.56,180.43,130.65,38.13,90.87,25.83,19.751,91.03,2847.1,41.48,30.15,0.000201,1.216,1.024,33.31,normal
419.71,180.88,129.74,40.67,90.72,25.579,20.067,89.61,2942.3,40.33,29.17,0.000169,1.222,0.975,27.82,normal
418.09,180.1,130.29,39.34,88.62,24.046,20.06,91.21,2620.2,35.44,28.74,0.000186,1.114,0.987,31.58,normal
408.07,178.99,129.07,39.66,90.73,25.81,20.3,88.83,2848.1,45.04,30.39,0.000201,1.258,1.038,27.85,normal
411.64,179.61,131.04,38.95,91.72,25.564,19.065,89.97,2775.4,42.54,27.56,0.000204,1.141,1.04,27.46,normal
421.36,180.03,128.57,40.07,89.94,24.805,19.447,89.29,2765.9,40.69,28.99,0.000151,1.219,0.986,27.58,normal
410.14,179.95,132.69,41.07,88.69,24.953,19.95,91.44,2605.3,38.43,29.16,0.000221,1.141,0.976,31.21,normal
414.4,177.17,132.69,40.93,91.14,25.835,19.676,88.86,2541.8,43.07,28.66,0.000222,1.177,0.945,30.26,normal
410.97,179.4,131.96,41.59,92.24,23.817,19.845,88.76,2498.3,34.94,30.02,0.000178,1.136,1.01,29.37,normal
408.26,180.08,131.53,41.73,88.85,25.267,20.055,90.52,2667.7,41.23,30.87,0.00025,1.174,1.033,30.92,normal
411.98,179.58,129.9,37.95,90.05,25.656,19.628,90.73,2817.2,41.93,30.0,0.000214,1.19,1.006,30.08,normal
409.27,179.63,131.4,38.81,91.42,24.947,20.096,90.39,2655.8,39.55,30.64,0.000209,1.143,0.963,30.22,normal
412.61,180.73,129.88,38.19,90.15,25.389,20.272,91.14,2823.6,40.58,29.41,0.00022,1.216,1.071,29.39,normal
416.66,178.38,128.14,40.63,87.73,25.062,20.033,89.07,2793.8,41.35,29.39,0.000169,1.222,0.916,27.94,normal
407.41,177.56,131.8,39.31,90.58,24.53,20.36,89.71,2509.6,38.13,31.98,0.000189,1.335,1.035,33.38,normal
395.97,179.48,131.35,39.51,88.73,24.515,18.914,91.3,2574.3,39.97,28.55,0.000219,1.246,1.009,32.8,normal
412.1,181.15,129.96,39.78,88.35,25.427,19.707,91.48,2878.1,41.19,29.14,0.000176,1.259,1.019,33.18,normal
412.48,182.53,128.53,40.38,87.75,24.619,20.446,91.42,2966.2,39.28,31.07,0.000189,1.112,0.969,28.92,normal
410.48,181.17,129.3,38.51,91.55,24.085,19.568,90.2,2790.8,37.95,28.04,0.000218,1.102,0.994,28.64,normal
413.65,177.8,127.81,38.74,88.91,25.073,19.5,88.98,2752.5,40.67,29.8,0.000209,1.185,1.012,29.17,normal
411.7,179.65,131.13,40.0,90.43,24.692,19.937,90.17,2667.8,39.35,28.98,0.000201,1.289,0.997,32.15,normal
406.88,180.38,128.08,41.2,90.75,24.281,19.991,88.25,2786.9,40.1,31.55,0.000202,1.324,0.928,30.0,normal
412.22,180.27,130.34,39.97,90.21,25.043,19.733,90.21,2775.0,41.25,29.22,0.000195,1.166,1.069,28.91,normal
407.66,180.81,128.99,39.21,90.39,25.46,20.922,90.1,2880.5,38.78,31.85,0.000226,1.171,1.026,30.73,normal
409.38,178.62,128.29,37.85,90.5,25.012,20.143,89.28,2724.2,39.83,28.96,0.000263,1.227,1.001,28.53,normal
413.58,180.1,130.29,40.95,90.18,24.36,19.549,89.63,2685.5,39.66,28.58,0.000209,1.19,1.004,27.29,normal
399.77,180.63,129.6,39.26,89.01,25.289,19.28,90.98,2865.6,40.02,27.98,0.000238,1.191,1.067,30.26,normal
413.83,181.24,131.01,38.85,88.9,25.621,20.203,92.25,2852.6,41.81,30.29,0.000187,1.232,0.97,28.97,normal
419.14,178.79,128.48,38.28,89.86,26.328,19.537,89.56,2889.6,43.98,28.76,0.00018,1.336,0.961,29.97,normal
417.0,179.48,129.09,38.56,89.84,25.865,21.076,90.09,2793.2,44.12,34.08,0.000176,1.265,1.034,24.63,normal
411.1,175.94,127.13,39.04,90.56,24.397,20.214,86.73,2646.0,37.23,31.08,0.000172,1.293,1.019,28.22,normal
417.62,179.07,127.38,39.76,91.43,25.515,20.28,87.63,2945.2,40.59,30.92,0.000191,1.108,0.96,29.91,normal
409.82,179.21,132.16,38.79,90.45,25.154,20.124,91.05,2547.1,40.95,31.25,0.000227,1.254,1.044,26.97,normal
407.15,178.47,132.5,40.19,88.95,24.309,20.561,90.91,2449.3,38.38,30.8,0.00023,1.153,1.012,27.04,normal
412.24,180.25,130.11,39.75,87.16,25.17,18.802,91.71,2748.2,41.01,27.41,0.000185,1.284,0.964,30.08,normal
418.56,179.92,129.01,42.22,89.0,26.151,19.398,88.84,2936.1,43.7,28.95,0.00019,1.268,1.02,31.4,normal
405.6,176.61,129.64,38.3,88.25,25.718,20.517,89.84,2697.6,41.97,32.61,0.0002,1.23,1.014,28.22,normal
405.43,180.32,131.05,40.16,89.05,24.392,20.75,91.08,2637.2,38.83,30.96,0.000207,1.163,0.996,29.48,normal
406.93,178.61,129.38,40.17,90.31,25.008,19.382,88.75,2693.1,40.23,27.66,0.000218,1.176,1.015,29.52,normal
416.1,180.73,130.29,38.97,90.11,25.295,19.091,90.97,2818.9,40.6,26.94,0.000188,1.18,1.025,26.88,normal
408.42,178.08,129.98,40.1,92.42,23.962,20.084,87.76,2471.6,37.0,30.61,0.000194,1.238,1.037,32.37,normal
403.85,180.05,129.32,40.77,90.63,23.983,20.243,88.98,2701.6,36.58,30.84,0.000241,1.22,1.004,29.63,normal
412.91,179.58,129.37,40.1,92.48,25.093,20.074,88.18,2803.3,39.56,30.65,0.000192,1.271,0.989,29.66,normal
417.18,180.45,130.35,41.38,90.93,25.101,19.97,89.25,2766.9,40.85,28.23,0.000183,1.281,1.01,30.75,normal
412.17,180.19,128.83,37.82,91.41,23.897,19.074,89.89,2686.9,35.57,28.72,0.000197,1.158,1.048,26.88,normal
411.35,179.62,130.54,39.16,89.53,25.233,19.812,90.73,2715.8,41.36,29.68,0.000202,1.224,1.025,31.84,normal
418.05,177.7,129.43,41.48,88.6,25.652,19.887,88.52,2715.3,41.63,30.14,0.000154,1.223,0.987,32.1,normal
419.48,177.78,130.15,40.91,89.42,24.869,19.726,88.8,2604.3,39.52,29.56,0.000187,1.195,1.002,30.28,normal
413.35,179.12,131.66,40.54,89.98,25.036,19.041,90.13,2567.4,39.93,26.96,0.000213,1.247,1.067,30.92,normal
405.34,179.99,129.8,41.23,89.18,25.343,20.292,89.68,2810.7,41.5,31.21,0.00026,1.225,1.03,29.35,normal
412.45,179.09,131.1,38.08,88.7,25.263,20.433,91.7,2655.9,42.24,31.24,0.000184,1.171,1.006,31.73,normal
406.92,180.94,127.85,40.8,90.54,23.999,19.603,88.71,2803.5,38.97,28.99,0.000223,1.193,1.046,28.35,normal
413.84,179.58,129.44,41.06,88.69,24.457,19.907,89.62,2680.8,39.5,30.14,0.000205,1.183,0.978,29.94,normal
404.65,178.55,130.03,39.34,88.01,24.762,19.752,90.62,2654.6,39.4,29.25,0.000235,1.164,1.013,30.05,normal
412.33,179.58,132.31,42.63,88.54,24.484,19.756,90.36,2586.3,39.32,28.26,0.000181,1.196,1.075,29.92,normal
408.43,180.34,127.65,40.2,89.7,25.88,20.247,89.04,3006.3,40.55,30.52,0.000233,1.135,1.026,32.14,normal
400.57,180.49,129.88,37.81,88.71,25.381,20.259,91.93,2776.4,41.71,32.0,0.000242,1.224,1.065,34.38,normal
404.75,182.82,131.75,40.38,89.7,24.334,20.537,92.24,2734.1,38.49,31.02,0.000243,1.27,0.997,29.78,normal
409.24,179.0,129.06,39.28,90.78,24.871,20.527,88.99,2738.8,38.09,31.51,0.000243,1.203,0.981,30.94,normal
412.45,179.89,129.74,41.16,90.75,25.678,19.914,88.86,2831.2,41.39,30.44,0.000206,1.247,1.046,28.4,normal
405.69,180.64,130.4,40.55,89.14,24.612,21.421,90.67,2697.4,39.17,35.64,0.000218,1.208,0.927,32.06,normal
416.89,179.96,130.22,39.4,88.3,25.511,20.775,91.24,2790.4,41.87,31.92,0.000187,1.149,1.007,28.97,normal
422.13,179.25,131.88,41.5,89.25,25.83,19.671,90.19,2717.1,43.38,28.14,0.000133,1.3,1.041,36.29,normal
414.92,177.68,130.54,40.94,90.85,25.73,20.063,88.2,2659.4,43.8,30.71,0.000208,1.079,1.023,26.66,normal
415.71,179.23,131.59,39.17,91.16,25.108,19.007,90.23,2673.0,40.16,26.72,0.000195,1.201,0.916,34.29,normal
406.59,178.39,129.57,39.85,90.46,25.751,20.014,88.82,2746.3,41.05,30.27,0.000229,1.162,0.946,31.98,normal
405.48,177.41,129.11,40.52,91.56,24.687,20.837,87.21,2592.2,39.92,32.78,0.000226,1.279,0.995,27.76,normal
414.95,178.81,129.73,39.64,92.25,26.492,21.391,88.31,2853.3,45.69,33.48,0.000168,1.211,1.019,34.64,normal
411.58,178.43,128.61,39.67,89.37,25.145,19.939,89.0,2695.0,41.68,29.62,0.00027,1.328,1.021,28.14,normal
401.7,180.88,130.58,40.04,91.93,25.688,20.167,89.74,2842.1,42.47,31.11,0.000212,1.202,1.0,29.37,normal
412.48,180.9,129.54,38.93,89.66,24.783,20.303,90.92,2790.6,41.38,31.7,0.000161,1.162,1.029,27.41,normal
423.19,178.64,129.19,37.77,91.33,25.3,20.99,89.36,2773.0,40.59,32.76,0.000166,1.114,1.017,29.71,normal
427.83,179.61,130.6,40.24,90.92,25.326,19.509,89.52,2679.5,42.54,28.82,0.000135,1.255,0.995,29.89,normal
410.42,177.21,128.63,38.01,87.43,24.443,21.328,90.2,2635.6,37.25,32.78,0.000223,1.158,1.022,31.66,normal
407.59,179.26,130.92,39.01,88.74,24.425,19.841,91.21,2601.8,36.09,29.67,0.000184,1.179,0.974,34.88,normal
419.34,180.6,129.43,38.23,88.41,24.877,19.415,91.69,2848.2,38.47,28.13,0.000175,1.261,1.025,28.97,normal
412.24,181.24,131.39,38.35,87.68,25.663,19.842,93.3,2809.2,41.36,29.64,0.000181,1.253,0.966,24.49,normal
413.99,178.93,129.53,40.43,91.14,23.901,19.595,88.44,2607.9,36.89,30.05,0.000191,1.17,1.019,31.3,normal
411.55,181.58,130.76,39.78,92.69,24.782,20.21,89.93,2789.8,38.44,29.67,0.000217,1.177,1.019,28.9,normal
423.45,177.73,130.22,39.74,89.67,25.786,19.174,89.26,2634.2,42.42,28.75,0.000151,1.112,0.988,33.64,normal
415.78,178.13,130.89,38.68,91.11,24.261,20.071,89.59,2554.5,38.54,30.35,0.000168,1.097,1.025,29.93,normal
415.62,181.06,130.13,39.34,91.93,25.752,20.332,89.96,2881.7,42.55,30.88,0.000214,1.238,1.062,28.48,normal
419.16,182.51,128.0,40.38,90.27,24.323,20.741,89.91,2878.4,37.93,31.34,0.000182,1.244,0.959,27.97,normal
406.05,180.74,131.21,39.95,89.97,24.45,20.34,91.02,2661.9,39.63,31.15,0.000217,1.218,1.038,31.25,normal
413.48,179.94,129.89,40.82,89.68,24.912,20.711,89.66,2777.9,38.95,33.68,0.000185,1.209,1.043,29.45,normal
401.91,176.71,130.95,40.97,90.7,26.124,19.697,87.98,2619.7,43.05,27.15,0.000247,1.165,0.992,32.94,normal
411.53,176.97,130.83,39.75,91.14,24.616,20.197,88.43,2501.7,38.35,28.97,0.000206,1.273,1.032,29.58,normal
409.18,180.19,129.07,38.15,90.6,23.96,18.885,90.26,2634.7,37.71,26.92,0.000237,1.111,0.99,32.83,normal
402.81,179.46,128.9,39.24,90.56,24.159,19.943,89.28,2661.6,37.18,30.11,0.000216,1.177,1.05,27.24,normal
401.97,178.34,130.79,39.9,89.93,25.559,20.193,89.64,2695.2,42.02,31.28,0.000217,1.208,0.89,26.52,normal
413.4,180.1,129.64,39.22,87.93,24.187,20.239,91.29,2716.9,38.51,31.01,0.000177,1.2,1.058,31.66,normal
412.37,180.17,131.12,38.95,91.17,25.713,19.213,90.58,2780.9,41.57,26.6,0.000235,1.2,0.956,29.07,normal
412.69,181.42,129.79,40.07,88.33,25.042,19.805,91.39,2861.9,38.52,29.97,0.000206,1.174,1.004,29.47,normal
424.09,180.2,131.23,42.43,90.81,24.981,19.875,89.1,2679.6,39.72,29.52,0.000171,1.227,0.967,27.98,normal
423.3,181.84,130.51,39.51,90.98,25.178,19.785,90.93,2844.2,39.72,30.13,0.000137,1.139,1.06,27.83,normal
408.76,180.01,130.35,40.0,88.52,24.519,20.363,90.92,2647.3,37.98,30.41,0.000204,1.193,0.991,31.27,normal
398.57,179.83,129.55,38.69,89.21,25.083,19.892,90.74,2759.6,37.77,28.48,0.000245,1.222,0.978,29.96,normal
414.22,181.6,130.28,41.24,92.76,24.284,20.05,88.94,2740.8,36.34,29.77,0.000173,1.183,1.045,27.88,normal
415.23,178.53,131.43,40.87,89.9,25.809,19.755,89.59,2627.5,43.16,29.74,0.000172,1.2,1.029,31.58,normal
404.77,184.22,129.93,40.81,88.41,24.384,20.532,92.43,2984.0,37.3,31.76,0.000191,1.211,0.987,32.35,normal
403.92,180.56,130.64,41.36,91.04,25.263,20.57,89.4,2753.7,41.92,31.57,0.000233,1.112,0.96,29.78,normal
419.06,180.57,130.06,39.57,89.0,24.379,19.846,91.03,2715.7,37.51,29.1,0.000145,1.117,0.955,32.01,normal
416.28,180.79,130.15,39.7,87.5,24.68,21.425,91.86,2711.9,39.57,33.85,0.00018,1.207,1.051,28.0,normal
417.88,182.82,132.07,41.71,90.68,24.776,19.617,91.25,2675.4,39.1,30.16,0.00017,1.17,1.017,31.15,normal
411.27,181.19,131.44,40.63,88.81,26.789,20.504,91.59,2983.2,45.95,33.42,0.000217,1.173,1.007,30.32,normal
407.08,177.59,130.1,37.78,90.42,24.991,19.524,89.72,2613.1,39.72,29.07,0.000196,1.228,1.02,28.42,normal
410.08,182.11,130.26,40.45,88.94,24.507,20.387,91.47,2730.2,38.8,31.87,0.00019,1.151,0.922,34.11,normal
417.47,179.49,129.16,39.42,90.92,24.733,20.348,89.15,2707.9,40.47,30.36,0.000195,1.079,0.987,30.47,normal
407.83,180.16,129.79,40.9,90.24,24.097,19.494,89.41,2732.3,37.91,29.73,0.000224,1.283,0.988,28.82,normal
410.58,178.08,130.37,40.41,86.63,24.902,19.935,90.7,2628.3,39.03,29.54,0.000234,1.26,1.039,30.04,normal
407.11,180.79,131.02,38.26,90.5,26.111,20.934,91.52,2781.5,41.38,31.55,0.000231,1.26,0.941,28.26,normal
410.67,179.02,130.9,40.27,89.62,25.202,19.593,90.01,2652.8,40.47,29.83,0.000217,1.144,1.042,27.69,normal
408.0,180.15,128.67,40.21,91.84,25.542,20.201,88.38,2887.4,42.0,30.62,0.000242,1.196,1.072,29.1,normal
415.44,179.57,131.17,40.36,90.51,24.454,20.168,89.93,2619.7,38.6,31.57,0.000172,1.137,0.931,29.24,normal
408.2,182.89,129.89,40.58,90.98,24.878,19.979,90.61,2900.2,38.77,30.6,0.000212,1.197,1.001,28.39,normal
398.45,182.97,128.82,41.5,89.08,25.122,19.134,90.57,2941.2,40.5,26.67,0.00027,1.183,1.02,32.5,normal
422.14,180.07,131.6,40.41,88.97,24.565,20.414,91.14,2600.2,39.42,31.28,0.000145,1.146,1.035,28.47,normal
417.89,180.1,131.76,40.02,89.97,25.24,20.006,90.93,2657.0,42.09,29.3,0.000184,1.225,0.913,28.14,normal
416.58,179.44,130.32,41.15,89.53,25.369,20.552,89.54,2764.1,40.84,32.52,0.000169,1.187,1.014,27.63,normal
415.99,181.66,130.85,42.24,91.74,25.326,20.116,89.26,2814.6,43.4,30.38,0.000209,1.286,0.991,27.44,normal
412.62,179.51,130.92,40.92,89.8,24.909,20.032,89.86,2645.9,41.19,29.56,0.000243,1.204,0.989,32.05,normal
406.6,179.37,131.67,40.21,88.41,25.655,20.186,91.21,2684.0,42.07,28.88,0.000216,1.073,1.083,30.52,normal
418.71,181.47,130.87,40.43,88.92,24.845,19.506,91.49,2739.6,39.82,29.61,0.000193,1.109,0.991,31.38,normal
410.0,179.19,128.41,40.26,91.25,24.791,20.779,88.04,2815.1,40.79,31.86,0.000216,1.305,1.018,32.04,normal
415.85,179.94,132.41,40.02,89.78,25.865,19.812,91.27,2738.4,41.56,29.29,0.000191,1.182,0.995,29.33,normal
411.32,177.63,131.28,42.17,89.71,24.336,19.819,88.51,2516.6,37.31,29.9,0.000206,1.212,1.01,32.94,normal
414.58,181.06,129.39,39.25,91.38,23.978,20.646,89.91,2688.6,35.82,31.06,0.000219,1.2,1.022,28.75,normal
405.46,182.91,128.76,41.15,88.81,24.479,20.124,90.82,2926.6,38.26,29.12,0.000253,1.271,1.036,27.81,normal
409.17,181.08,130.61,39.87,87.09,25.232,19.882,92.35,2825.6,39.81,29.84,0.000213,1.105,0.969,30.75,normal
410.06,182.19,129.67,38.52,88.89,25.77,20.207,92.22,2947.2,41.89,29.82,0.000207,1.266,1.006,30.29,normal
397.89,178.73,130.4,39.81,90.31,24.604,20.313,89.5,2581.1,38.83,30.79,0.000261,1.263,1.008,30.29,normal
420.81,180.35,130.89,39.45,89.68,26.089,19.941,91.06,2809.2,41.81,29.15,0.000141,1.2,0.934,32.03,normal
418.2,178.59,129.32,40.58,87.97,25.016,20.461,89.68,2667.5,41.41,30.17,0.000197,1.221,0.962,30.21,normal
421.0,179.66,128.66,40.09,91.32,24.931,19.365,88.45,2828.5,40.99,26.99,0.000178,1.181,1.036,30.63,normal
411.51,181.16,130.46,38.98,90.21,24.49,20.131,91.22,2760.0,38.08,30.44,0.000193,1.116,0.982,32.72,normal
405.39,180.15,129.36,41.47,90.51,26.171,20.4,88.77,2914.7,44.92,31.97,0.000218,1.229,1.104,30.53,normal
411.7,177.88,130.18,41.09,90.55,24.91,20.311,88.21,2612.4,40.13,31.63,0.000229,1.212,1.039,30.99,normal
417.24,178.03,128.39,41.59,88.31,24.201,18.879,88.25,2622.5,38.83,27.06,0.000184,1.213,1.018,27.16,normal
401.55,177.93,129.7,40.24,90.39,26.475,19.937,88.49,2878.6,42.99,30.97,0.00022,1.224,1.06,37.44,normal
429.0,180.74,130.86,39.96,91.18,25.236,19.393,90.22,2756.2,40.35,27.95,0.000173,1.17,1.031,26.82,normal
419.54,183.1,130.73,40.7,91.48,25.479,20.643,90.82,2919.6,42.02,32.41,0.000162,1.275,1.007,28.92,normal
419.29,182.04,129.05,39.42,90.94,26.009,19.805,90.37,3028.2,42.79,29.08,0.000202,1.2,0.943,28.86,normal
414.66,177.16,128.6,40.13,90.67,25.369,20.587,87.47,2670.6,40.89,31.02,0.000193,1.227,1.027,34.22,normal
401.2,182.13,130.02,39.82,87.74,25.585,19.391,92.28,2941.3,41.59,29.02,0.000245,1.186,1.056,28.8,normal
403.02,181.4,130.67,38.54,89.98,25.033,20.195,91.78,2836.6,40.47,30.88,0.000264,1.253,0.976,30.88,normal
410.11,177.68,130.49,40.13,88.76,25.44,20.004,89.64,2636.3,41.39,30.51,0.000182,1.205,0.927,28.87,normal
421.82,179.55,129.39,39.56,91.67,24.98,21.382,88.85,2780.6,41.5,32.64,0.000146,1.196,0.957,27.92,normal
415.6,181.64,130.36,39.76,91.47,24.988,20.589,90.39,2760.5,38.98,32.43,0.000159,1.26,1.07,31.14,normal
416.34,180.83,131.8,40.36,88.76,25.072,20.557,91.75,2675.4,40.3,32.06,0.000175,1.114,1.003,28.56,normal
412.78,178.04,130.25,41.27,89.94,24.762,21.014,88.53,2606.3,40.02,32.47,0.000206,1.186,1.058,30.42,normal
415.37,180.92,128.04,39.15,90.32,25.303,20.142,89.74,2887.9,39.63,30.85,0.000192,1.169,1.001,31.25,normal
413.54,176.79,130.24,39.66,91.17,25.301,19.95,88.08,2600.9,40.53,30.74,0.000162,1.219,0.98,33.81,normal
401.33,179.67,132.45,39.23,87.82,25.491,19.893,92.53,2638.5,41.6,29.12,0.000254,1.216,1.085,27.48,normal
401.58,181.71,128.46,39.17,87.13,25.384,20.164,91.91,2982.7,42.61,29.86,0.00022,1.199,0.985,29.69,normal
406.53,180.03,130.04,39.41,90.05,26.2,18.615,90.3,2874.6,43.66,26.13,0.000253,1.164,0.99,29.78,normal
423.07,179.25,129.73,39.8,86.71,25.632,20.001,91.23,2787.7,42.6,28.23,0.000146,1.199,1.018,30.0,normal
401.74,181.33,130.12,40.59,90.21,24.876,20.113,90.33,2724.9,40.47,30.57,0.000238,1.216,0.988,35.14,normal
419.23,181.46,130.23,40.32,90.77,25.272,19.922,90.3,2815.5,38.03,30.52,0.000196,1.191,1.031,29.65,normal
416.72,181.97,131.37,38.94,91.61,25.848,19.235,91.39,2892.4,42.55,28.42,0.000188,1.255,1.018,24.96,normal
412.3,181.31,130.1,41.29,89.19,24.43,19.925,90.45,2709.8,37.94,30.18,0.000201,1.231,1.019,29.6,normal
414.56,181.62,131.53,40.94,90.21,26.209,19.233,91.0,2858.7,45.05,28.78,0.000179,1.201,0.975,29.76,normal
411.03,181.1,129.86,39.1,90.85,24.535,20.887,90.51,2752.7,39.37,32.36,0.000196,1.083,0.934,29.52,normal
404.9,180.4,129.58,41.22,88.47,25.54,19.871,90.13,2845.1,42.44,28.4,0.000228,1.189,0.967,28.56,normal
427.83,180.13,129.2,40.33,91.19,25.004,18.969,88.91,2823.5,40.53,27.38,0.000141,1.232,0.97,27.36,normal
406.43,179.64,127.82,39.84,90.36,24.969,19.897,88.63,2853.8,40.02,30.76,0.000245,1.186,1.012,34.32,normal
406.65,178.18,130.33,40.36,89.21,24.218,20.448,89.47,2529.6,38.61,31.51,0.000212,1.215,0.967,30.64,normal
418.6,178.57,132.46,39.97,90.18,25.545,20.088,90.42,2539.4,41.56,29.94,0.000197,1.189,0.941,29.62,normal
407.75,179.58,130.55,40.55,89.82,24.227,19.543,89.88,2704.8,39.09,29.4,0.000228,1.212,0.954,34.26,normal
407.32,180.36,130.82,40.19,91.01,24.134,19.661,89.99,2631.4,36.47,29.4,0.000211,1.27,1.016,28.26,normal
423.21,182.16,129.5,39.66,89.53,25.696,19.857,91.23,3004.1,43.06,29.44,0.000186,1.239,1.027,31.2,normal
412.45,179.94,129.71,37.97,90.3,26.074,19.78,90.68,2809.8,42.78,29.5,0.000177,1.135,0.98,27.5,normal
402.02,181.51,131.18,40.53,89.19,24.6,19.37,91.48,2712.3,39.53,28.07,0.000245,1.117,0.984,31.5,normal
420.55,181.62,132.41,39.63,88.78,25.602,19.966,92.81,2759.3,40.18,30.4,0.000156,1.222,1.025,27.73,normal
415.14,179.65,131.79,40.78,90.22,25.478,19.333,90.22,2669.1,41.66,27.5,0.000194,1.258,1.007,30.94,normal
417.17,180.89,130.97,40.48,88.83,24.945,20.475,91.27,2763.2,39.69,31.56,0.000158,1.117,1.047,33.91,normal
401.52,179.63,130.04,39.65,91.04,25.801,20.536,89.49,2807.1,42.29,32.16,0.000215,1.19,0.994,30.19,normal
413.47,181.98,130.25,41.02,90.77,24.902,19.498,90.22,2821.2,37.95,28.85,0.000197,1.319,0.967,25.61,normal
415.15,180.95,129.1,40.2,89.01,25.311,19.642,90.41,2887.2,40.93,29.24,0.000163,1.187,1.043,30.07,normal
415.9,178.21,128.26,40.16,90.28,24.248,19.788,88.02,2665.5,37.99,29.49,0.000174,1.326,0.988,30.96,normal
409.38,180.24,128.65,39.86,89.0,24.273,19.984,90.01,2718.9,36.15,30.39,0.000201,1.159,0.968,31.8,normal
407.06,182.47,130.06,41.68,87.91,25.701,20.128,91.43,2993.3,40.89,30.06,0.000209,1.168,1.036,32.95,normal
421.93,179.73,129.65,39.29,89.22,25.331,20.232,90.43,2773.4,41.12,30.52,0.000142,1.165,1.058,33.05,normal
413.95,180.67,128.24,39.68,89.93,24.915,20.22,89.64,2871.0,40.16,29.88,0.000179,1.136,1.007,29.74,normal
408.67,180.82,129.96,38.76,90.68,26.145,20.777,90.67,2970.5,43.31,31.91,0.000205,1.115,0.96,28.68,normal
410.61,178.45,129.62,40.73,90.19,26.138,20.03,88.57,2895.0,43.38,28.48,0.000236,1.189,1.061,27.76,normal
404.62,180.77,128.59,39.42,91.18,25.264,19.349,89.38,2913.8,40.79,28.29,0.000225,1.207,1.015,28.92,normal
414.17,177.91,129.56,39.53,88.72,24.127,19.195,89.6,2514.3,36.98,28.36,0.000186,1.164,1.009,30.95,normal
407.65,179.06,129.61,39.48,89.51,24.933,20.818,89.84,2703.7,39.63,32.19,0.00023,1.176,0.984,27.3,normal
407.7,181.61,129.26,40.06,92.14,24.5,20.255,89.34,2873.4,37.17,31.43,0.000191,1.272,1.045,28.15,normal
424.98,180.54,131.11,38.75,87.49,25.054,20.103,92.7,2717.2,39.57,31.35,0.000106,1.249,0.956,31.12,normal
405.45,179.54,127.72,37.76,89.41,24.438,20.225,90.05,2811.4,38.35,30.6,0.000243,1.187,0.952,28.71,normal
410.21,180.67,127.62,40.46,88.61,24.282,20.08,89.59,2858.7,39.19,29.42,0.000214,1.221,1.076,30.74,normal
408.73,179.91,130.0,37.89,89.75,23.642,20.217,91.14,2574.7,36.05,31.46,0.000206,1.118,0.966,28.37,normal
412.7,180.02,130.12,40.85,89.44,25.1,19.814,89.92,2812.5,42.35,30.21,0.0002,1.213,1.038,30.58,normal
412.37,180.99,130.49,41.56,90.78,23.621,20.528,89.56,2637.1,38.05,31.8,0.000209,1.197,1.055,28.46,normal
415.15,178.91,129.35,39.84,90.33,24.808,19.738,89.05,2703.8,39.52,28.88,0.0002,1.181,1.008,26.2,normal
416.99,180.06,128.9,41.3,88.3,25.417,19.548,89.66,2855.9,40.79,29.09,0.000191,1.202,0.965,31.91,normal
421.05,179.53,129.99,39.98,89.24,24.567,19.155,90.16,2642.3,41.03,27.51,0.00018,1.194,1.025,28.61,normal
412.88,177.62,129.47,41.6,90.0,24.349,19.881,87.75,2555.7,38.89,29.09,0.000202,1.134,1.056,29.5,normal
411.84,178.62,131.86,39.54,90.96,24.959,20.634,89.97,2536.8,40.32,32.02,0.000174,1.284,1.014,28.62,normal
417.59,182.35,129.61,37.64,93.16,24.503,19.771,90.58,2911.3,37.86,28.61,0.000166,1.248,0.97,31.09,normal
406.39,180.58,129.94,39.92,90.91,25.111,19.311,89.84,2828.8,39.89,28.77,0.000208,1.181,1.012,30.67,normal
411.27,178.01,132.97,41.71,88.68,24.38,20.142,90.29,2385.7,37.23,30.61,0.000229,1.112,0.945,31.08,normal
422.45,177.69,129.77,40.53,89.88,24.937,19.674,88.52,2684.5,41.31,29.04,0.000176,1.077,0.961,28.9,normal
416.03,179.83,130.67,39.48,90.24,24.792,20.774,90.39,2722.5,39.9,32.09,0.000181,1.3,0.99,29.9,normal
426.35,182.34,130.78,40.33,89.32,24.993,20.537,91.73,2816.1,39.67,30.61,0.000149,1.191,1.002,30.83,normal
424.06,179.72,130.88,40.97,90.61,25.981,19.365,89.51,2807.7,42.4,27.5,0.000161,1.238,0.952,33.09,normal
420.7,181.96,130.35,39.91,87.05,25.12,19.913,92.66,2831.9,39.35,31.15,0.000162,1.153,1.01,30.61,normal
410.03,180.53,130.23,42.63,90.72,25.303,19.622,88.7,2830.5,40.81,28.87,0.000229,1.185,1.021,27.99,normal
425.71,180.71,130.12,39.48,89.38,24.625,19.42,90.98,2755.3,39.1,27.31,0.000148,1.187,0.991,30.54,normal
404.93,178.0,129.31,41.0,89.86,25.134,19.972,88.22,2679.5,38.11,30.66,0.000214,1.212,0.914,29.67,normal
415.2,181.41,130.39,40.76,91.91,24.835,20.409,89.56,2750.2,38.56,30.29,0.000192,1.204,1.004,26.0,normal
411.99,179.5,132.43,39.3,88.36,25.018,19.959,92.13,2588.4,39.37,30.35,0.000218,1.154,1.073,26.31,normal
401.23,181.29,131.45,39.58,90.35,25.389,19.742,91.41,2798.7,42.21,30.49,0.000235,1.153,1.018,29.87,normal
420.65,178.78,130.36,41.02,91.03,24.7,18.897,88.54,2669.8,38.59,26.91,0.000199,1.196,1.001,30.04,normal
411.5,180.27,131.03,40.14,90.22,24.761,19.667,90.46,2701.1,37.52,30.03,0.000234,1.112,0.985,29.41,normal
409.47,180.53,128.96,40.34,87.9,24.708,20.276,90.61,2831.1,38.06,31.34,0.000246,1.159,1.023,31.77,normal
407.71,179.77,129.69,38.36,91.76,24.697,19.329,89.66,2698.5,40.85,29.47,0.00024,1.192,1.008,28.13,normal
412.52,180.61,131.14,40.66,89.73,25.104,20.641,90.68,2672.8,39.93,32.22,0.00018,1.22,1.028,27.23,normal
418.09,179.6,131.78,40.29,89.31,24.782,19.708,90.89,2556.1,38.33,28.79,0.000141,1.275,0.956,28.35,normal
413.09,179.03,129.07,39.94,89.6,25.899,20.097,89.28,2837.4,40.95,28.6,0.000196,1.176,1.005,28.78,normal
414.72,182.41,129.42,40.36,89.5,26.607,19.8,90.97,3078.6,44.77,28.83,0.000205,1.202,0.982,29.88,normal
425.25,181.57,132.62,39.59,88.45,24.659,19.412,93.07,2652.2,39.15,28.03,0.000141,1.107,1.015,28.4,normal
419.37,178.86,130.12,39.41,90.21,25.176,20.22,89.67,2721.8,40.95,31.39,0.000202,1.217,0.922,25.72,normal
425.19,180.85,132.19,39.76,89.22,25.623,19.701,92.03,2762.1,44.54,30.17,0.000123,1.155,0.984,24.86,normal
403.65,178.89,130.25,39.54,90.87,24.841,19.583,89.36,2587.7,38.31,28.01,0.000246,1.185,1.022,30.25,normal
410.45,178.22,130.3,42.18,90.67,24.403,18.812,87.83,2650.5,37.93,27.85,0.000214,1.224,1.028,27.74,normal
412.44,181.55,129.63,40.91,92.11,26.043,20.651,89.08,2986.3,43.35,31.16,0.000175,1.226,0.999,25.99,normal
418.2,177.44,131.13,39.03,89.72,25.412,20.003,89.89,2597.8,40.76,29.34,0.000204,1.127,0.914,31.25,normal
410.57,181.39,131.63,42.04,88.96,25.191,20.553,91.01,2753.3,38.49,30.4,0.000208,1.24,1.026,33.09,normal
411.4,179.62,128.76,39.57,88.09,25.87,20.31,90.36,2886.5,43.05,31.11,0.000214,1.198,1.063,29.81,normal
415.75,179.68,129.58,40.03,92.85,25.462,20.553,88.18,2839.8,40.71,31.04,0.000202,1.263,0.966,30.54,normal
405.06,180.61,131.1,40.9,90.86,24.971,19.718,89.98,2691.1,38.85,30.29,0.000228,1.273,0.983,30.55,normal
420.54,180.87,129.84,38.03,89.1,24.414,19.314,91.79,2749.9,37.43,27.45,0.000162,1.28,1.032,25.37,normal
413.47,178.76,129.41,39.76,92.2,24.704,20.381,88.09,2727.7,40.7,31.62,0.000196,1.129,1.033,31.78,normal
407.81,181.08,131.21,39.43,91.76,25.723,20.065,90.54,2827.6,43.4,29.21,0.000254,1.22,1.044,32.48,normal
414.68,180.17,131.32,40.21,88.24,25.409,19.767,91.52,2745.9,40.1,30.2,0.000189,1.121,1.041,33.67,normal
400.19,178.12,129.46,40.37,89.02,24.888,20.371,89.09,2621.9,37.95,31.1,0.000207,1.265,0.939,29.12,normal
414.26,179.75,130.25,39.92,89.83,26.06,20.154,90.12,2862.2,44.0,30.65,0.00017,1.272,0.981,27.73,normal
396.1,182.07,128.55,39.88,88.61,24.906,20.319,91.05,2943.7,41.79,30.58,0.000265,1.249,1.025,32.72,normal
419.1,182.51,128.93,41.07,89.87,25.593,19.489,90.23,3014.3,44.06,28.3,0.000209,1.179,0.997,31.0,normal
425.04,181.08,130.15,40.3,90.93,25.132,20.489,90.0,2837.4,38.97,31.73,0.000162,1.227,1.015,31.75,normal
398.74,178.21,130.04,40.04,88.21,26.16,19.998,90.0,2738.3,44.76,31.44,0.000233,1.172,0.995,28.71,normal
414.36,180.74,128.84,40.15,90.38,25.452,20.542,89.52,2959.9,41.31,30.64,0.000168,1.201,0.983,30.54,normal
403.84,181.28,129.14,41.84,91.52,25.028,20.484,88.53,2957.4,38.15,31.05,0.000221,1.195,0.99,27.89,normal
408.51,181.09,128.72,40.17,90.52,24.893,20.343,89.55,2849.8,38.83,30.44,0.000231,1.1,0.955,29.99,normal
398.91,181.18,130.55,39.49,89.9,24.991,19.944,91.17,2819.0,39.19,28.64,0.000261,1.16,0.971,29.3,normal
410.64,180.54,127.64,38.09,89.13,24.565,20.355,90.48,2854.9,39.23,29.75,0.000207,1.314,0.997,34.69,normal
407.09,179.89,128.79,38.57,91.08,24.18,20.555,89.51,2681.7,36.3,30.93,0.000201,1.196,0.998,31.1,normal
425.2,179.09,127.76,39.53,88.47,25.185,20.303,89.42,2882.6,41.48,30.51,0.000139,1.208,1.023,25.7,normal
408.48,177.15,130.5,39.89,90.32,24.68,20.101,88.71,2524.4,39.56,31.41,0.000186,1.2,0.989,30.0,normal
426.54,180.51,127.84,39.44,90.03,24.678,20.356,89.43,2878.1,40.1,31.76,0.000179,1.179,1.067,30.74,normal
419.79,180.28,130.04,40.35,91.46,24.947,19.737,89.25,2814.7,39.19,28.64,0.000195,1.202,1.049,29.05,normal
425.45,180.84,131.97,39.43,89.24,25.031,20.757,92.06,2707.0,40.49,32.69,0.000184,1.18,0.98,27.79,normal
411.29,177.99,132.01,39.09,89.35,25.004,19.159,90.76,2535.9,38.98,27.13,0.000224,1.086,1.008,31.32,normal
421.95,180.97,127.83,40.61,88.39,26.043,20.017,89.87,3015.5,43.73,29.98,0.000183,1.239,1.049,28.08,normal
414.0,183.08,130.36,41.37,90.57,25.397,19.797,90.74,2917.2,40.91,29.71,0.000214,1.281,0.974,31.15,normal
409.42,180.12,128.81,38.89,89.45,26.265,19.68,90.29,2960.4,43.58,30.83,0.000197,1.142,0.97,27.91,normal
414.56,179.91,128.57,40.24,88.88,24.737,20.153,89.67,2782.5,39.21,30.63,0.000181,1.179,1.052,28.93,normal
418.22,180.46,129.86,38.09,89.0,25.47,19.437,91.61,2855.7,39.62,27.32,0.000179,1.275,1.028,31.91,normal
416.27,183.05,131.47,38.53,90.7,24.77,21.076,92.65,2777.8,40.53,33.56,0.000207,1.161,1.043,30.98,normal
405.93,178.46,130.72,39.41,88.57,24.663,19.324,90.6,2567.3,39.12,29.11,0.000241,1.219,1.013,30.06,normal
418.83,180.3,129.14,41.13,88.68,26.287,19.524,89.8,2954.3,44.98,29.44,0.000178,1.416,0.99,29.94,normal
411.27,178.8,130.85,39.22,91.17,24.539,19.477,89.62,2591.8,39.8,27.81,0.000201,1.232,0.946,30.18,normal
408.74,179.18,127.31,39.18,89.78,23.661,20.099,88.76,2701.9,35.41,30.37,0.000215,1.203,1.005,28.42,normal
407.06,179.93,129.1,40.04,91.24,24.575,20.507,88.87,2742.2,38.52,31.37,0.000199,1.244,1.049,26.97,normal
423.82,182.02,129.01,40.04,89.53,23.795,20.263,90.72,2751.5,35.05,32.13,0.000147,1.239,1.05,31.14,normal
408.44,182.7,130.09,39.21,90.0,24.429,20.736,91.79,2844.7,39.6,32.51,0.000214,1.167,1.043,33.06,normal
415.55,180.67,129.76,41.99,90.2,24.485,19.586,89.11,2778.1,38.85,30.27,0.000155,1.113,1.031,31.21,normal
418.25,179.44,129.83,39.73,91.8,25.021,20.329,88.86,2739.9,40.26,30.33,0.000155,1.23,1.088,30.51,normal
420.77,183.74,129.79,40.11,91.7,23.77,19.848,90.85,2803.8,36.25,29.42,0.000161,1.237,0.938,27.58,normal
416.35,179.36,130.03,39.6,91.5,25.718,20.114,89.14,2733.7,41.12,29.88,0.000195,1.185,1.009,31.75,normal
417.09,179.14,130.65,40.44,89.18,23.875,20.554,90.08,2597.0,38.1,32.3,0.000171,1.282,0.963,30.96,normal
424.59,177.34,130.18,41.23,88.72,24.923,19.154,88.78,2580.5,41.78,28.67,0.000157,1.272,1.062,31.52,normal
416.87,182.09,129.66,41.66,90.99,24.806,20.996,89.54,2901.2,40.76,33.05,0.000211,1.239,0.978,32.07,normal
411.83,181.45,130.48,39.24,91.79,25.495,19.927,90.45,2908.2,41.27,29.88,0.000199,1.186,1.04,33.17,normal
412.9,183.63,130.99,41.1,91.51,25.211,19.197,91.0,2943.5,41.0,28.2,0.000223,1.095,0.982,27.77,normal
413.94,177.92,129.33,40.55,90.02,25.712,19.654,88.34,2776.8,43.14,27.97,0.000178,1.191,1.017,27.42,normal
407.97,182.19,129.93,40.97,90.95,24.783,20.051,90.09,2875.5,39.47,29.81,0.000198,1.108,0.996,30.3,normal
405.01,180.11,131.39,39.91,90.97,24.721,19.653,90.31,2642.6,41.15,28.81,0.000224,1.082,0.999,28.15,normal
416.21,181.21,128.68,39.81,90.19,25.248,18.976,89.94,2883.5,41.96,27.28,0.000161,1.232,1.013,27.81,normal
414.5,177.53,132.17,40.94,90.25,25.618,20.048,89.24,2580.5,44.58,29.61,0.00018,1.259,1.037,32.44,normal
415.76,182.2,128.39,40.95,90.13,25.495,19.639,89.74,2972.2,41.63,28.35,0.00023,1.102,0.996,27.98,normal
410.65,181.18,129.59,41.57,88.98,25.193,20.326,90.1,2847.8,38.14,29.61,0.000201,1.187,1.036,29.98,normal
412.11,179.94,128.86,40.2,89.11,25.14,19.466,89.74,2806.0,40.47,28.92,0.000195,1.199,1.042,26.74,normal
413.66,180.97,132.63,39.89,89.09,24.978,21.131,92.31,2673.7,39.56,32.02,0.000199,1.185,0.983,30.13,normal
401.4,178.85,129.4,37.54,87.92,25.246,20.257,91.39,2753.8,40.88,31.5,0.000237,1.131,1.075,32.37,normal
413.55,179.13,129.4,38.39,90.19,26.221,20.098,89.97,2849.6,45.37,30.53,0.000199,1.267,1.03,32.43,normal
415.24,179.3,129.56,39.61,89.95,24.854,20.312,89.65,2707.7,39.04,31.56,0.000201,1.132,0.983,32.09,normal
418.86,177.22,130.11,38.9,90.99,24.781,19.089,88.7,2626.9,38.54,26.87,0.000199,1.103,1.025,29.84,normal
426.53,181.29,129.61,40.81,91.64,24.735,19.752,89.22,2789.1,38.59,30.82,0.000152,1.131,1.042,32.22,normal
411.74,181.79,129.84,38.69,91.72,25.234,20.892,90.61,2878.3,42.83,34.23,0.000215,1.224,1.024,30.86,normal
416.19,178.95,125.76,39.5,91.84,23.727,19.84,86.68,2793.5,35.95,29.59,0.000175,1.187,1.008,29.12,normal
418.74,180.52,130.07,39.54,89.02,24.919,19.969,91.02,2768.1,40.03,30.23,0.000162,1.161,0.862,30.76,normal
423.6,179.6,130.02,41.2,88.14,25.528,19.767,90.13,2802.8,43.38,29.36,0.000148,1.226,0.961,31.77,normal
420.68,180.49,131.25,39.39,91.21,24.684,20.732,90.56,2707.3,39.76,32.81,0.000154,1.217,1.027,27.34,normal
424.42,179.06,131.57,40.45,91.8,25.112,19.878,89.18,2666.7,38.07,30.3,0.000132,1.085,0.961,27.88,normal
414.41,178.67,129.77,40.2,92.02,26.266,19.374,88.11,2827.0,43.24,26.91,0.000169,1.226,1.021,29.71,normal
417.76,181.58,130.98,40.9,90.63,25.199,21.289,90.51,2817.2,39.92,32.91,0.000187,1.259,1.035,27.56,normal
408.68,179.9,128.68,40.85,87.4,23.656,19.312,90.14,2672.3,34.47,28.48,0.000232,1.194,0.995,27.53,normal
409.51,183.03,130.92,39.97,90.48,24.154,19.951,91.75,2742.3,37.12,30.49,0.000202,1.188,0.929,29.16,normal
417.51,180.07,129.31,38.3,90.72,24.849,19.579,90.18,2780.6,36.85,28.99,0.000208,1.295,0.971,31.98,normal
407.24,178.61,128.58,39.77,91.63,24.518,19.649,87.89,2649.3,38.95,27.7,0.000238,1.165,1.027,31.95,normal
422.26,181.84,129.78,39.98,91.86,25.062,19.47,89.89,2881.8,40.19,29.03,0.000114,1.192,1.05,30.64,normal
414.63,180.95,131.68,40.29,91.18,24.823,19.73,90.58,2626.5,38.78,30.73,0.000212,1.217,0.917,30.36,normal
408.55,181.09,130.22,39.26,89.24,25.7,20.492,91.4,2846.6,40.23,29.5,0.000209,1.202,1.003,34.17,normal
407.04,181.79,131.8,41.14,88.66,24.345,19.049,91.88,2703.1,39.53,28.23,0.000225,1.186,0.941,28.92,normal
421.49,179.02,129.1,40.01,90.69,24.876,20.63,88.71,2745.8,39.07,33.19,0.000146,1.204,1.004,30.48,normal
419.25,179.81,131.26,39.08,88.97,25.13,20.544,91.51,2683.8,41.47,32.24,0.000183,1.278,0.994,28.82,normal
417.43,179.74,129.22,39.54,91.92,25.205,20.255,88.75,2788.1,40.47,30.63,0.000172,1.24,1.094,27.43,normal
422.01,178.06,130.27,41.93,87.78,25.088,20.063,89.31,2612.0,41.71,30.89,0.000161,1.196,0.978,32.37,normal
395.05,179.6,130.26,40.66,90.74,23.553,20.138,89.23,2539.8,36.51,30.31,0.000269,1.157,1.042,29.39,normal
411.35,182.0,130.79,41.05,90.42,25.05,20.712,90.66,2842.8,40.26,32.38,0.000183,1.163,1.04,31.39,normal
408.28,180.36,130.3,38.96,89.73,24.91,19.127,90.98,2735.5,38.9,27.75,0.000228,1.248,0.992,29.51,normal
406.37,177.98,129.11,39.31,88.8,25.518,20.364,89.49,2680.9,42.8,31.08,0.000221,1.12,1.005,32.49,normal
419.52,177.67,131.06,39.32,87.32,25.434,19.627,91.04,2571.1,41.05,28.39,0.000157,1.32,1.0,28.01,normal
418.53,182.5,132.08,40.18,89.31,25.145,20.413,92.54,2764.7,39.6,30.75,0.000184,1.198,0.97,32.33,normal
409.32,179.86,129.3,39.83,89.33,25.188,19.693,90.0,2794.1,40.39,30.48,0.000202,1.131,0.967,31.79,normal
407.89,179.03,127.8,39.51,91.45,25.811,20.353,87.93,2900.4,42.32,30.47,0.000212,1.209,0.984,26.41,normal
411.6,179.59,130.6,39.64,88.98,25.69,19.226,90.78,2737.1,42.88,26.38,0.00021,1.16,0.954,28.97,normal
395.57,177.78,129.6,39.21,90.59,25.165,19.154,88.79,2685.9,38.59,30.57,0.000253,1.179,0.98,32.04,normal
412.27,182.13,129.84,39.82,88.32,26.287,19.943,91.91,2964.8,46.17,29.5,0.000227,1.124,0.992,33.27,normal
410.03,179.41,130.67,41.11,90.62,24.623,20.718,89.17,2618.1,39.38,31.75,0.00022,1.188,1.006,31.43,normal
408.32,182.05,129.45,38.49,87.09,24.289,20.268,92.95,2834.2,37.96,30.41,0.000229,1.094,1.018,29.21,normal
403.88,180.08,129.68,40.35,92.72,24.993,20.265,88.34,2787.5,40.43,30.73,0.000241,1.17,0.992,28.06,normal
418.81,182.14,129.88,41.38,89.82,24.776,20.43,90.4,2840.7,37.82,30.56,0.000181,1.159,0.969,31.13,normal
420.44,180.39,131.76,39.82,86.37,23.521,19.802,92.98,2544.1,35.97,30.66,0.000153,1.175,1.017,29.15,normal
420.87,181.28,130.04,39.47,89.07,24.609,20.305,91.39,2782.1,39.53,30.67,0.000182,1.162,1.032,29.23,normal
413.15,181.08,128.52,40.92,88.86,25.206,19.71,89.89,2916.8,40.3,28.39,0.000159,1.202,0.981,29.55,normal
418.19,180.93,128.56,39.02,89.15,24.965,19.843,90.66,2894.4,40.42,27.28,0.000171,1.244,0.961,31.76,normal
412.5,180.52,130.17,39.98,89.53,24.534,19.905,90.59,2730.1,39.46,30.62,0.000203,1.218,0.982,33.61,normal
416.94,179.65,128.64,38.96,89.14,25.025,19.727,90.1,2848.1,39.34,28.92,0.000183,1.265,0.993,32.05,normal
415.17,182.87,128.13,38.13,88.94,25.074,19.967,91.95,3011.8,41.46,30.21,0.000219,1.175,1.046,30.02,normal
405.84,178.64,130.76,39.85,88.49,25.429,19.873,90.53,2671.1,41.18,28.91,0.000209,1.216,1.028,28.2,normal
405.41,180.01,130.82,38.74,91.07,24.615,19.646,90.5,2669.4,40.8,29.13,0.000211,1.218,1.0,31.34,normal
418.0,180.02,129.56,39.99,91.56,25.524,19.93,89.01,2834.4,42.83,29.79,0.000162,1.258,1.076,33.33,normal
409.81,180.6,130.35,41.12,89.67,24.346,20.078,90.08,2747.2,38.54,30.95,0.000174,1.163,0.999,32.01,normal
432.07,179.36,130.23,41.85,89.98,24.698,19.45,88.87,2685.2,38.32,28.66,0.000143,1.239,1.057,30.42,normal
413.69,180.47,130.72,40.09,88.54,26.019,20.209,91.28,2826.1,42.87,29.67,0.000217,1.157,1.049,29.02,normal
405.31,179.75,130.73,41.02,90.09,24.386,19.753,89.68,2585.2,39.26,31.26,0.000258,1.172,1.046,30.69,normal
415.06,177.63,126.87,40.4,90.3,24.605,20.099,86.9,2794.5,38.31,30.62,0.000205,1.182,1.013,32.31,normal
416.56,180.01,129.71,39.62,89.71,24.248,19.667,90.2,2672.2,38.29,28.35,0.000208,1.223,1.005,30.46,normal
413.12,178.35,130.62,38.08,90.51,24.504,20.525,90.17,2582.8,39.13,31.58,0.000184,1.146,1.0,29.79,normal
412.51,177.4,129.51,41.63,90.4,25.083,20.478,87.44,2642.2,40.13,31.62,0.000194,1.153,1.034,28.63,normal
407.8,180.21,130.04,38.95,88.63,25.424,19.475,91.33,2829.9,40.41,28.99,0.000238,1.168,0.968,35.18,normal
410.36,180.73,130.9,41.38,91.55,24.989,20.262,89.35,2722.9,41.57,31.0,0.000203,1.202,0.989,28.22,normal
405.89,180.79,130.1,40.54,89.73,24.805,20.723,90.31,2770.0,39.92,32.18,0.000219,1.153,1.067,28.03,normal
404.18,180.85,131.81,39.02,92.18,24.254,19.526,90.71,2600.5,37.58,29.47,0.000239,1.213,1.025,30.33,normal
408.82,177.1,131.35,40.31,90.55,24.564,19.566,88.78,2555.7,37.96,29.42,0.000233,1.182,1.038,29.6,normal
416.32,177.96,129.86,42.13,92.56,24.072,20.368,86.56,2524.8,38.27,31.6,0.000201,1.233,0.951,32.05,normal
407.22,182.96,129.76,41.54,91.53,25.442,19.346,89.82,2994.4,41.21,26.84,0.000203,1.203,0.983,32.11,normal
414.07,178.43,126.58,39.49,90.3,25.484,19.611,87.61,2992.3,42.38,27.57,0.000188,1.288,1.013,27.57,normal
410.09,180.92,129.61,39.29,89.06,24.976,19.493,91.09,2852.2,39.01,28.01,0.000215,1.206,0.998,28.49,normal
409.41,178.97,128.38,40.1,89.09,25.265,20.374,89.08,2811.5,41.07,30.82,0.000188,1.139,0.951,28.25,normal
412.86,180.12,130.27,39.83,90.69,25.526,19.654,89.93,2804.6,41.05,28.46,0.000211,1.189,1.03,31.57,normal
407.17,179.05,130.18,41.2,90.19,25.061,19.858,88.92,2669.8,41.92,28.8,0.000231,1.201,1.043,30.86,normal
417.9,180.84,130.84,40.74,89.23,25.836,19.626,90.85,2892.8,42.81,29.19,0.000149,1.155,0.989,29.26,normal
420.64,180.21,131.68,38.31,91.08,24.386,20.574,91.23,2596.7,37.25,30.87,0.000144,1.276,1.032,30.43,normal
415.21,179.33,129.97,40.46,90.05,24.791,19.57,89.39,2689.8,40.33,26.93,0.000199,1.185,1.081,27.75,normal
413.36,178.42,132.74,39.82,91.09,24.719,19.296,90.1,2458.3,40.43,27.04,0.00022,1.168,1.061,28.51,normal
412.74,180.4,130.28,40.04,88.73,25.388,19.277,90.95,2790.2,40.79,27.59,0.000209,1.209,0.99,27.4,normal
426.75,178.18,128.43,40.25,91.3,24.14,20.347,87.53,2644.2,36.75,30.74,0.000164,1.155,0.956,30.29,normal
412.76,180.64,129.33,41.2,90.65,25.869,20.383,89.06,2953.1,40.33,31.76,0.000227,1.248,1.009,30.28,normal
405.52,183.94,129.55,40.98,91.56,25.337,20.624,90.47,3039.6,42.08,32.05,0.000257,1.238,1.094,28.03,normal
414.52,182.03,130.71,39.25,91.27,26.05,19.37,91.11,2973.7,41.32,26.72,0.000174,1.207,1.054,30.84,normal
421.11,181.08,128.86,39.94,89.89,24.976,19.884,90.05,2800.4,39.88,30.85,0.000178,1.23,1.0,32.11,normal
409.64,179.87,129.64,39.55,89.79,24.67,21.214,90.09,2768.1,37.33,33.2,0.000201,1.175,1.062,27.94,normal
416.48,177.09,129.81,38.32,92.32,25.394,19.849,88.09,2601.5,42.94,29.65,0.000196,1.125,1.047,29.35,normal
397.01,178.02,129.46,39.89,89.62,25.618,19.718,88.98,2759.6,43.13,29.34,0.000236,1.184,0.924,31.03,normal
409.42,181.92,130.97,41.84,90.97,24.571,19.989,90.04,2661.0,39.07,29.29,0.000209,1.175,1.042,29.99,normal
408.75,178.82,130.77,38.29,89.5,23.801,20.265,90.89,2517.8,37.66,31.17,0.000191,1.098,1.005,27.26,normal
414.74,178.95,131.4,39.98,87.58,23.904,20.257,91.4,2529.1,36.77,29.14,0.000182,1.147,0.965,29.12,normal
414.65,179.75,129.6,39.94,88.4,25.157,19.693,90.5,2750.2,39.63,30.25,0.000154,1.138,1.004,29.05,normal
406.07,178.41,131.44,40.29,90.53,25.924,19.707,89.51,2679.6,41.02,29.36,0.000241,1.147,1.017,29.66,normal
411.53,178.16,128.36,39.04,90.91,24.219,19.852,88.28,2681.1,38.57,29.89,0.000219,1.267,0.968,29.74,normal
410.71,179.92,128.33,38.57,90.53,24.837,19.635,89.58,2841.0,38.52,29.44,0.000197,1.226,0.995,33.13,normal
411.01,178.66,128.54,38.62,91.49,24.791,19.383,88.54,2686.7,41.93,28.0,0.000203,1.248,0.987,29.58,normal
414.27,178.89,130.01,41.33,90.51,26.152,20.904,88.53,2842.1,42.27,33.5,0.000197,1.225,1.032,26.56,normal
421.89,178.83,131.44,39.02,88.99,26.355,19.797,91.12,2798.7,45.0,28.87,0.000147,1.254,0.988,30.18,normal
425.63,180.78,129.28,39.5,90.77,25.255,19.825,89.89,2898.1,42.01,28.73,0.000157,1.201,0.932,33.5,normal
411.15,179.65,129.43,42.1,90.22,25.539,19.84,88.37,2784.9,40.23,29.69,0.000194,1.276,0.982,29.67,normal
416.13,179.73,129.74,39.27,89.25,25.522,19.96,90.48,2774.4,41.07,28.79,0.000193,1.138,0.962,29.12,normal
413.95,180.9,130.69,40.34,90.61,24.232,20.217,90.31,2678.9,37.58,30.14,0.0002,1.197,0.948,29.39,normal
397.99,179.79,129.43,41.06,90.1,25.419,19.767,89.02,2833.8,44.7,29.58,0.000251,1.149,1.047,31.17,normal
414.66,179.58,129.36,41.02,89.21,24.388,20.57,89.35,2720.8,38.01,32.14,0.000191,1.262,1.032,29.38,normal
416.43,180.71,128.39,38.67,89.77,24.897,20.299,90.33,2842.0,38.57,30.78,0.000177,1.221,0.961,26.97,normal
410.6,181.0,129.31,39.29,91.84,25.684,19.905,89.6,2918.4,42.48,29.02,0.000202,1.259,0.949,28.66,normal
427.21,179.78,131.41,40.3,91.8,25.049,19.667,89.54,2640.8,39.09,28.84,0.000158,1.13,0.996,29.87,normal
417.19,180.12,130.11,41.93,90.24,25.661,20.542,89.03,2793.2,41.86,30.95,0.000205,1.17,0.947,31.07,normal
413.53,178.83,129.11,39.24,90.07,25.78,19.919,89.31,2831.8,41.82,29.7,0.000178,1.111,0.99,28.83,normal
414.24,178.71,131.48,39.51,88.14,23.946,19.379,91.27,2485.7,37.53,27.85,0.000207,1.218,1.003,29.41,normal
416.74,181.15,129.3,40.42,92.24,23.693,20.511,88.9,2716.7,35.75,30.61,0.000195,1.179,1.012,30.09,normal
414.15,180.67,131.7,40.62,91.35,25.697,19.637,90.2,2750.9,41.33,28.15,0.000196,1.238,1.014,28.45,normal
405.27,180.68,131.68,40.68,90.98,25.721,20.434,90.35,2792.8,43.18,29.71,0.000219,1.202,0.969,29.82,normal
405.31,180.42,130.07,39.15,87.04,25.154,18.743,92.14,2752.7,40.73,27.56,0.000222,1.093,1.003,30.93,normal
404.82,180.07,128.2,39.47,90.05,25.235,19.816,89.37,2865.9,40.71,30.08,0.000261,1.117,1.051,27.63,normal
411.35,181.04,132.75,40.22,89.83,25.536,20.58,91.87,2680.1,39.63,30.6,0.000221,1.204,0.916,30.61,normal
412.96,181.4,130.46,41.26,90.89,25.525,20.003,89.86,2868.9,42.15,30.53,0.000193,1.223,1.013,27.82,normal
421.37,181.37,129.61,39.76,89.41,24.817,20.299,90.9,2880.1,39.01,30.85,0.000181,1.089,0.953,27.86,normal
417.05,179.85,131.15,39.98,89.7,25.574,19.549,90.66,2751.1,41.95,27.76,0.00021,1.196,1.056,28.67,normal
411.43,182.08,130.84,38.97,90.81,24.792,20.174,91.57,2791.6,37.56,29.63,0.000244,1.149,1.033,32.73,normal
414.46,180.34,131.57,41.86,88.99,25.146,20.002,90.53,2692.1,40.7,29.89,0.000226,1.144,1.031,26.57,normal
416.46,180.95,129.21,40.15,89.25,25.12,20.122,90.37,2842.1,40.54,30.92,0.000179,1.167,0.966,29.07,normal
405.2,180.42,130.38,41.08,90.25,24.484,21.02,89.74,2728.6,38.3,33.28,0.000214,1.206,1.011,29.95,normal
410.42,180.37,128.58,40.03,91.74,24.554,20.652,88.59,2810.2,37.84,31.35,0.000207,1.165,1.015,32.33,normal
407.09,178.9,130.8,40.09,91.05,26.34,20.396,89.27,2737.0,45.11,31.45,0.000231,1.101,0.905,33.9,normal
408.79,181.05,129.97,38.5,91.4,24.465,20.402,90.56,2781.9,37.73,30.96,0.000209,1.206,1.006,29.16,normal
409.98,184.27,130.34,37.85,90.08,25.222,19.545,93.33,2966.4,41.55,28.2,0.000208,1.182,1.025,31.08,normal
414.35,179.44,129.82,41.25,91.94,25.348,19.764,88.03,2747.0,42.05,30.14,0.000165,1.153,0.943,29.81,normal
411.69,180.11,129.7,40.08,87.74,24.967,19.234,90.99,2780.9,39.07,28.09,0.000224,1.185,1.024,29.8,normal
426.59,179.33,128.96,40.21,92.63,25.403,19.365,87.72,2797.2,41.92,28.72,0.000158,1.183,1.004,30.55,normal
421.91,179.27,130.95,38.75,92.8,25.197,19.557,89.3,2745.8,40.14,27.94,0.000203,1.202,1.055,26.83,normal
416.67,182.32,131.79,39.1,90.59,24.478,19.985,92.21,2713.9,39.15,29.54,0.000183,1.188,0.983,29.9,normal
415.3,178.99,129.33,41.06,91.08,25.322,19.387,88.09,2785.4,40.0,29.02,0.000182,1.208,1.007,30.9,normal
409.74,179.29,130.66,41.74,89.95,24.673,19.98,89.13,2593.1,38.95,29.72,0.000217,1.198,1.014,28.28,normal
418.31,177.62,130.52,39.38,89.73,26.044,19.923,89.51,2680.2,43.14,29.61,0.0002,1.241,0.888,30.91,normal
430.83,178.86,130.01,40.67,89.21,25.257,19.433,89.5,2710.7,40.72,27.64,0.000128,1.279,0.986,26.54,normal
412.9,177.44,128.17,40.19,89.94,24.58,20.763,87.74,2694.2,39.18,32.25,0.000194,1.199,1.003,30.19,normal
419.65,180.95,128.44,39.88,90.72,25.205,19.338,89.39,2879.5,39.78,27.37,0.000188,1.169,0.906,32.68,normal
407.16,184.2,129.06,41.85,90.55,24.445,20.559,90.39,3001.2,37.86,31.82,0.000238,1.128,1.027,29.56,normal
416.35,179.45,127.43,39.55,92.58,25.155,18.873,87.38,2882.4,41.16,26.23,0.000163,1.232,1.003,28.04,normal
402.65,177.5,131.69,41.24,90.13,24.865,19.929,88.9,2515.7,39.2,29.64,0.000258,1.155,1.003,27.15,normal
415.32,181.35,130.44,40.38,88.06,24.504,19.401,91.66,2722.1,38.09,29.66,0.000226,1.317,1.029,30.78,normal
417.16,178.91,129.96,39.98,92.14,24.496,19.673,88.37,2608.8,37.72,29.41,0.000192,1.339,0.984,31.86,normal
412.97,181.95,127.37,41.37,88.41,26.461,20.905,89.72,3111.8,43.85,32.21,0.000187,1.189,1.002,29.89,normal
419.88,179.58,127.81,40.29,89.27,25.055,19.827,88.91,2862.3,39.13,30.22,0.000181,1.117,1.035,29.07,normal
414.07,179.05,130.0,39.9,90.35,24.741,19.448,89.39,2688.9,39.99,27.95,0.00021,1.233,1.002,26.14,normal
415.67,179.73,132.36,41.38,90.54,24.637,20.244,90.08,2556.6,38.51,29.87,0.000176,1.305,0.926,30.25,normal
410.46,181.14,129.16,41.25,88.12,25.283,19.822,90.44,2843.4,39.73,29.23,0.000196,1.134,1.002,28.62,normal
414.03,179.66,131.04,41.2,89.03,24.617,20.075,90.23,2616.6,38.7,31.08,0.000167,1.295,1.003,28.74,normal
402.65,179.25,129.42,36.11,88.07,24.343,19.543,92.24,2679.9,36.73,29.61,0.000221,1.108,1.036,33.23,normal
409.36,179.7,130.07,40.44,90.81,24.981,19.567,89.26,2733.3,39.09,28.44,0.000205,1.127,0.986,26.4,normal
414.54,178.09,131.46,40.21,91.54,24.976,19.606,88.88,2582.6,41.29,28.72,0.000186,1.215,0.961,26.66,normal
419.12,180.6,129.58,39.97,88.41,24.75,20.399,90.9,2729.0,38.19,31.42,0.000193,1.251,0.961,30.46,normal
419.71,177.32,129.17,40.61,91.29,24.465,19.887,87.29,2579.3,38.33,31.64,0.000179,1.197,1.058,29.23,normal
412.03,179.33,131.7,40.26,91.21,24.765,19.476,89.77,2592.2,41.53,28.41,0.000209,1.222,1.012,28.96,normal
411.87,181.14,130.05,40.68,89.14,24.718,20.081,90.68,2797.0,39.44,31.32,0.000162,1.255,1.056,30.55,normal
409.46,180.45,131.31,39.73,87.42,24.635,20.04,92.3,2645.4,38.44,30.31,0.000227,1.261,1.061,30.51,normal
405.38,180.89,129.18,41.5,88.61,25.166,20.287,89.96,2878.8,38.49,31.46,0.000205,1.169,0.97,28.05,normal
418.64,179.9,131.69,40.78,89.23,26.336,19.759,90.79,2765.0,44.1,30.16,0.000187,1.157,0.967,28.82,normal
413.47,181.75,130.33,40.54,92.0,25.799,19.961,89.77,2925.4,41.56,30.04,0.000218,1.253,0.995,30.1,normal
411.07,181.39,130.52,40.49,89.85,26.165,20.211,90.78,2919.2,43.98,30.55,0.000212,1.223,1.025,30.33,normal
421.53,180.67,130.16,41.16,88.69,24.659,19.495,90.48,2729.7,38.35,28.49,0.000169,1.229,0.944,30.97,normal
410.32,181.39,129.39,41.02,90.19,26.005,20.443,89.78,3047.2,43.22,31.49,0.000239,1.167,1.018,28.83,normal
426.46,181.13,130.0,39.89,88.32,25.136,20.008,91.45,2817.4,41.84,30.97,0.000125,1.232,1.016,30.69,normal
406.77,179.34,129.47,40.99,90.67,25.592,19.449,88.58,2795.2,42.39,29.59,0.000233,1.145,0.955,31.9,normal
408.36,177.98,131.15,40.17,88.73,25.275,19.446,90.11,2561.4,39.48,29.49,0.000195,1.212,0.956,30.09,normal
406.42,180.63,129.76,41.92,88.92,24.794,19.95,89.76,2804.7,39.5,29.49,0.00023,1.206,1.018,29.79,normal
401.62,180.82,128.2,41.1,90.49,25.432,19.725,88.71,2927.5,42.22,28.81,0.000243,1.206,1.083,29.53,normal
411.01,181.64,127.98,39.37,92.28,25.291,20.377,88.98,2984.2,39.32,30.36,0.000187,1.239,0.988,28.77,normal
411.87,178.6,127.93,42.33,92.86,23.939,19.857,85.67,2643.1,38.68,29.74,0.000189,1.149,1.013,28.12,normal
403.4,178.64,130.74,37.9,88.65,24.926,20.152,91.41,2639.1,39.93,31.16,0.000209,1.234,0.976,29.4,normal
422.64,180.69,128.62,40.64,89.22,25.523,19.576,89.71,2951.9,42.1,28.41,0.000166,1.201,1.009,30.9,normal
415.42,179.89,130.36,39.3,90.67,25.166,19.989,90.14,2781.7,40.14,29.82,0.00019,1.16,0.975,28.22,normal
419.63,177.17,130.16,41.88,91.52,25.282,20.658,86.96,2611.0,40.86,32.32,0.000188,1.134,0.99,29.85,normal
422.21,180.56,129.92,40.25,87.19,24.549,19.926,91.51,2717.2,37.82,29.54,0.000164,1.294,1.098,29.62,normal
417.25,177.22,130.53,39.21,90.11,25.154,19.724,89.2,2564.3,41.99,29.11,0.000186,1.197,1.004,33.56,normal
412.21,178.58,130.19,39.73,89.37,24.942,19.568,89.83,2655.9,41.63,29.74,0.000223,1.182,0.937,31.45,normal
409.99,182.03,126.75,39.29,87.5,24.878,19.991,90.95,3033.1,41.8,29.99,0.00022,1.143,1.026,31.41,normal
418.97,182.74,129.61,39.69,88.26,24.592,20.705,92.18,2890.6,37.07,31.35,0.000195,1.254,1.045,31.84,normal
410.49,178.18,130.51,39.67,89.26,25.549,19.318,89.87,2653.8,41.92,28.26,0.000202,1.251,1.027,28.91,normal
414.32,179.51,131.97,39.25,90.08,25.207,19.975,91.06,2640.3,41.03,30.28,0.000191,1.241,0.993,32.75,normal
420.93,180.06,132.02,40.27,91.31,25.147,19.143,90.25,2627.1,39.72,29.73,0.000147,1.197,0.963,30.32,normal
426.18,182.67,128.36,40.39,90.46,26.23,19.795,90.08,3130.0,43.99,30.66,0.000169,1.238,0.964,29.91,normal
405.47,179.26,129.58,39.0,91.23,25.284,20.131,89.3,2805.4,39.39,32.91,0.000229,1.159,0.992,27.57,normal
411.96,179.28,128.12,38.34,90.03,25.72,19.21,89.51,2888.3,43.57,27.05,0.000236,1.211,0.985,29.2,normal
411.83,182.32,131.82,40.31,89.08,25.164,19.778,92.37,2769.1,38.94,30.52,0.000174,1.197,0.978,26.47,normal
407.6,179.44,131.22,40.53,89.76,24.788,20.145,90.18,2640.3,39.64,31.64,0.000234,1.213,1.049,29.5,normal
418.35,181.08,130.42,40.73,90.9,24.365,20.066,89.93,2742.4,38.98,30.2,0.000164,1.109,1.037,28.85,normal
411.42,177.78,130.2,40.55,91.34,25.145,20.169,88.04,2609.3,39.82,30.15,0.000184,1.293,1.051,29.2,normal
410.79,179.74,131.66,41.57,89.81,23.402,19.513,90.01,2435.0,36.89,29.29,0.000196,1.281,0.968,27.23,normal
416.26,177.51,131.45,41.0,88.79,25.163,20.145,89.58,2525.3,38.65,30.13,0.000192,1.142,0.963,31.41,normal
415.07,178.42,131.39,42.68,90.44,25.189,19.7,88.34,2592.9,40.52,28.28,0.000179,1.229,1.003,31.19,normal
408.34,181.26,130.55,43.1,90.62,24.869,20.357,89.03,2820.1,37.94,29.84,0.000204,1.126,1.017,33.38,normal
412.5,179.93,129.58,38.24,91.6,24.945,18.845,89.82,2720.7,39.07,25.76,0.000223,1.204,1.003,33.32,normal
420.33,179.52,130.92,37.8,89.12,24.249,19.855,91.75,2542.0,37.37,29.8,0.000156,1.09,1.014,30.31,normal
413.52,178.88,130.98,39.99,89.13,25.831,20.049,90.36,2730.1,41.87,30.67,0.000204,1.185,1.063,32.05,normal
412.34,179.67,129.77,40.5,90.98,24.798,20.675,88.98,2700.8,40.69,31.07,0.000229,1.176,0.991,30.52,normal
421.15,180.45,129.58,39.92,89.47,24.417,20.043,90.32,2703.0,37.16,30.5,0.000188,1.258,1.032,29.15,normal
406.52,181.47,131.36,40.7,89.42,25.327,20.094,91.36,2811.8,39.39,30.64,0.000184,1.283,1.021,29.44,normal
416.81,176.06,132.0,39.73,91.63,25.066,20.188,88.29,2432.8,39.76,30.79,0.000174,1.285,1.004,31.28,normal
396.16,178.75,129.1,39.31,88.22,24.785,20.627,90.16,2737.5,39.5,32.26,0.00026,1.258,1.03,38.18,normal
416.25,180.24,129.68,39.46,92.67,24.722,19.809,88.89,2771.6,39.7,29.66,0.000245,1.204,0.969,32.33,normal
414.96,179.85,130.42,39.8,89.2,24.997,19.298,90.63,2682.1,41.14,29.2,0.000191,1.219,0.961,30.49,normal
410.79,180.61,130.58,40.84,91.13,25.807,19.203,89.61,2789.6,40.21,28.38,0.000235,1.219,1.017,30.97,normal
413.04,180.4,129.37,39.51,89.86,25.282,20.332,90.2,2871.7,42.5,29.9,0.000184,1.141,0.934,30.95,normal
412.22,179.54,132.26,39.71,90.35,24.979,20.112,90.86,2594.7,39.12,31.77,0.000195,1.257,1.02,29.82,normal
422.73,179.21,130.51,40.57,89.66,25.511,19.872,89.74,2823.9,41.21,28.89,0.000168,1.235,0.955,31.51,normal
424.55,179.63,130.64,39.8,91.11,25.017,19.707,89.67,2725.5,40.07,29.2,0.000145,1.237,1.061,29.69,normal
422.54,181.72,132.11,41.12,89.55,25.241,20.09,91.58,2796.1,38.53,32.29,0.000183,1.086,0.984,27.98,normal
411.69,178.9,129.46,39.08,89.26,25.091,20.105,90.01,2700.8,39.83,30.68,0.000187,1.223,1.058,30.96,normal
409.8,179.91,129.89,38.86,92.36,25.354,20.24,89.28,2787.1,42.02,29.99,0.000213,1.25,0.992,31.23,normal
411.57,180.28,128.5,40.3,90.04,24.734,19.446,89.21,2841.7,39.87,28.79,0.00022,1.199,0.99,29.71,normal
416.14,182.34,129.79,40.4,89.12,24.316,19.118,91.29,2808.6,37.55,28.08,0.000196,1.175,1.035,30.62,normal
419.65,179.55,128.21,39.14,88.06,25.544,19.543,90.28,2886.6,41.79,28.94,0.00017,1.132,1.012,31.92,normal
410.94,181.44,130.9,41.34,92.43,25.903,19.324,89.28,2887.4,43.1,27.8,0.00018,1.128,0.997,29.9,normal
401.1,181.85,130.5,41.92,89.28,24.345,19.299,90.56,2728.2,37.87,27.11,0.000248,1.208,0.984,29.11,normal
411.02,179.9,129.67,39.37,92.68,25.108,20.785,88.75,2748.4,40.8,31.22,0.000219,1.188,0.984,28.58,normal
399.52,179.68,129.88,41.49,90.52,24.731,18.866,88.78,2704.2,38.43,26.39,0.000243,1.188,1.094,29.49,normal
400.41,179.51,130.91,37.62,90.19,25.53,20.235,91.29,2716.8,40.59,31.67,0.000253,1.276,0.933,33.07,normal
416.38,179.62,128.64,41.08,90.22,25.148,20.453,88.48,2794.1,40.13,30.26,0.00018,1.137,0.952,29.6,normal
405.59,181.28,130.25,39.14,92.88,26.996,20.494,89.74,3027.4,43.52,31.47,0.000225,1.183,1.047,30.72,normal
418.43,180.35,130.84,40.98,87.15,24.819,20.139,91.52,2664.0,40.17,31.49,0.000173,1.285,1.044,29.35,normal
407.27,180.35,127.86,39.04,90.28,25.922,20.66,89.45,3016.4,42.78,32.33,0.000231,1.184,0.963,29.18,normal
405.5,178.31,130.82,39.93,89.66,25.981,20.892,89.77,2732.1,42.65,33.59,0.000225,1.203,0.93,28.24,normal
420.89,178.55,127.99,39.19,89.72,25.32,19.849,88.81,2836.8,41.72,29.12,0.000137,1.191,1.051,30.2,normal
415.91,183.22,129.86,39.79,90.19,25.022,20.224,91.54,2912.0,40.45,31.11,0.000212,1.235,0.958,28.97,normal
418.81,179.73,128.6,41.83,89.65,25.057,20.638,88.42,2789.6,41.23,32.66,0.000174,1.097,0.98,32.55,normal
415.58,178.84,131.72,39.89,90.24,25.006,19.569,90.2,2631.9,41.6,29.6,0.00019,1.19,1.004,29.78,normal
416.46,182.15,128.61,42.11,89.97,25.68,19.878,89.31,3018.7,42.31,30.38,0.00018,1.203,0.957,29.91,normal
404.62,180.42,128.02,39.61,88.29,24.476,19.687,90.26,2838.9,37.78,28.2,0.000227,1.15,1.037,29.64,normal
414.11,180.87,130.16,41.49,90.5,24.903,20.23,89.52,2743.5,40.45,31.16,0.000179,1.217,1.001,30.74,normal
409.89,179.79,129.5,38.37,90.93,24.831,19.051,89.99,2738.6,38.8,27.88,0.000162,1.239,0.965,32.98,normal
414.47,179.52,128.19,39.71,89.3,23.964,20.718,89.35,2741.8,36.3,31.85,0.000176,1.223,0.968,27.92,normal
411.47,179.75,130.63,39.46,92.43,25.515,20.267,89.23,2761.0,41.2,30.24,0.000194,1.289,1.052,30.56,normal
412.95,177.93,127.61,41.54,91.74,25.638,20.295,86.13,2830.5,43.01,31.16,0.000212,1.178,0.989,26.86,normal
404.41,179.87,128.76,40.19,91.1,24.619,18.818,88.67,2785.3,39.66,26.1,0.000236,1.225,1.025,32.45,normal
413.38,180.44,129.31,37.91,91.08,25.618,19.48,90.38,2891.4,42.68,28.27,0.000215,1.224,1.0,29.78,normal
408.84,182.78,130.96,38.69,90.04,24.05,20.745,92.5,2803.9,37.43,32.8,0.000218,1.188,0.93,27.01,normal
409.7,180.13,131.55,38.99,91.48,25.014,19.911,90.59,2674.4,40.61,30.59,0.000222,1.257,1.03,27.45,normal
408.58,176.5,131.32,40.93,92.04,24.924,19.138,87.39,2496.5,40.38,28.1,0.000225,1.214,1.043,31.63,normal
410.43,179.86,129.82,40.81,91.05,25.053,20.111,88.91,2754.1,39.46,29.93,0.000231,1.14,1.074,26.67,normal
405.25,184.11,127.09,39.7,89.26,25.05,20.34,91.07,3112.8,40.73,30.03,0.000275,1.238,0.924,30.56,normal
404.84,181.3,130.47,39.45,89.95,24.954,20.266,91.18,2803.2,39.86,30.1,0.000224,1.175,0.874,29.14,normal
418.42,178.78,131.76,40.72,90.75,24.767,19.925,89.53,2518.0,38.93,30.83,0.000209,1.184,1.026,29.61,normal
411.81,180.89,131.48,38.87,91.09,24.935,20.568,91.2,2739.8,39.46,31.71,0.000186,1.188,0.976,28.65,normal
410.53,178.89,130.56,40.46,89.9,25.818,19.649,89.54,2705.7,41.83,28.98,0.000209,1.237,0.943,28.09,normal
404.91,177.97,128.57,40.37,89.26,24.653,20.27,88.45,2652.5,38.72,30.86,0.000235,1.254,1.004,29.03,normal
425.2,179.48,129.37,39.73,92.06,26.353,20.068,88.53,2876.0,43.97,30.73,0.000163,1.192,0.982,31.14,normal
402.26,180.14,132.32,40.4,88.61,24.619,19.933,91.73,2608.5,39.57,29.0,0.000238,1.189,0.949,29.41,normal
417.91,177.19,128.3,40.1,88.78,25.144,19.811,88.31,2671.0,41.93,29.1,0.000187,1.098,0.997,30.84,normal
405.2,178.28,128.62,40.5,88.27,25.343,19.828,89.06,2783.7,41.56,30.05,0.000193,1.165,1.023,29.52,normal
413.45,180.02,131.13,38.67,88.77,24.825,20.016,91.85,2649.6,39.61,30.24,0.000216,1.153,1.007,31.22,normal
414.79,179.39,129.48,40.61,91.62,25.829,19.854,88.32,2832.3,40.42,30.49,0.000184,1.216,1.007,30.83,normal
409.01,180.59,128.58,41.03,91.67,25.327,20.367,88.24,2881.9,43.37,31.6,0.000214,1.195,1.018,28.92,normal
416.05,178.18,131.83,40.32,89.9,24.877,19.732,89.88,2606.2,38.94,28.66,0.000165,1.155,0.932,28.09,normal
408.15,181.07,130.55,40.6,90.65,25.823,20.784,90.19,2820.0,41.73,29.48,0.000226,1.208,0.998,31.91,normal
410.42,178.22,129.54,39.89,89.99,24.391,19.71,88.94,2627.0,39.53,29.38,0.000206,1.197,1.01,28.37,normal
406.9,182.46,128.63,40.89,88.45,24.661,20.46,90.84,2920.7,37.93,30.42,0.0002,1.073,0.985,31.0,normal
408.3,177.43,132.46,40.07,92.88,25.338,20.482,88.41,2483.3,41.35,31.72,0.000208,1.255,0.967,30.06,normal
416.14,178.36,129.97,38.85,91.79,25.481,20.083,88.83,2724.5,40.93,31.5,0.000199,1.251,0.97,29.07,normal
408.99,180.63,131.68,40.82,90.46,25.194,20.038,90.51,2684.2,40.31,29.28,0.000213,1.188,0.988,30.86,normal
410.74,182.5,131.07,38.37,88.89,24.924,19.636,93.16,2787.5,39.83,29.54,0.000194,1.218,1.037,32.74,normal
414.52,180.47,129.37,40.28,89.71,24.849,19.741,89.93,2759.0,38.37,30.0,0.000191,1.184,1.061,31.25,normal
424.04,180.84,129.38,39.62,89.1,25.679,20.11,90.75,2909.6,41.85,30.57,0.000147,1.12,1.053,30.26,normal
408.58,180.03,131.74,39.55,90.13,25.144,19.977,91.04,2653.3,41.44,30.2,0.000241,1.308,0.938,33.24,normal
420.23,178.46,131.76,40.17,90.4,24.477,20.592,89.81,2489.0,38.43,29.95,0.000165,1.237,0.962,26.65,normal
409.58,179.26,127.75,39.29,89.56,24.442,19.773,89.08,2780.5,41.91,29.44,0.000248,1.247,1.026,27.78,normal
414.28,178.18,130.66,40.51,88.11,25.908,19.803,90.11,2741.0,42.74,29.46,0.000193,1.186,1.052,29.07,normal
405.77,178.08,129.85,40.06,92.77,24.569,19.168,87.53,2564.2,37.57,28.63,0.000237,1.256,0.961,32.84,normal
411.08,180.6,128.76,39.38,90.31,25.164,20.322,89.83,2879.9,39.95,31.64,0.000231,1.131,1.007,31.89,normal
405.15,178.32,130.31,41.34,90.59,25.811,20.277,88.35,2741.4,40.43,30.34,0.000229,1.188,0.955,26.57,normal
410.99,180.48,128.38,40.2,89.45,25.325,20.489,89.59,2940.9,42.02,29.81,0.000201,1.237,1.011,29.13,normal
412.67,178.05,129.44,40.63,87.97,24.545,20.517,89.44,2616.1,40.31,30.13,0.000164,1.169,0.974,27.35,normal
421.03,180.44,129.04,41.42,89.89,24.391,20.394,89.08,2804.6,39.1,32.2,0.000195,1.246,1.007,29.92,normal
422.8,179.27,129.4,41.4,89.58,26.122,20.416,88.84,2883.3,42.45,31.07,0.000191,1.215,0.952,31.8,normal
412.67,182.11,129.91,40.58,90.92,24.375,20.305,90.26,2742.7,37.35,29.67,0.000197,1.21,0.935,31.95,normal
422.27,180.49,128.78,39.7,91.18,24.668,20.382,89.2,2815.0,39.79,29.98,0.000163,1.164,1.124,30.54,normal
417.11,181.85,131.89,38.57,90.99,25.224,19.079,92.08,2772.2,40.13,27.74,0.000191,1.22,1.003,29.15,normal
429.11,178.87,130.59,40.21,91.28,24.869,19.45,88.98,2670.7,38.76,28.63,0.000112,1.297,1.085,29.81,normal
419.25,180.08,132.15,41.09,92.34,25.344,19.368,89.39,2707.9,40.02,29.64,0.000191,1.209,1.06,31.37,normal
407.14,178.53,129.81,40.35,90.51,24.119,20.635,88.74,2556.1,39.37,31.67,0.000204,1.228,0.935,34.69,normal
416.14,179.38,129.34,36.56,91.43,24.874,19.609,90.35,2765.4,39.17,29.26,0.000177,1.235,1.014,27.63,normal
405.88,179.61,132.11,40.87,90.64,25.407,19.689,90.1,2650.9,42.01,29.13,0.000192,1.143,0.948,33.18,normal
407.97,178.91,129.31,40.93,87.53,25.409,20.003,89.87,2751.6,41.73,30.66,0.000205,1.193,0.988,30.49,normal
401.23,178.18,129.79,39.7,89.8,24.657,19.378,89.23,2668.4,38.17,29.75,0.00023,1.192,0.925,31.64,normal
400.17,177.88,130.86,40.99,88.87,24.387,20.19,89.44,2508.2,38.29,31.27,0.000232,1.094,0.937,30.37,normal
409.31,176.49,128.51,40.63,90.3,25.128,18.935,87.04,2653.2,39.37,28.76,0.000209,1.239,0.966,32.81,normal
414.45,178.42,130.85,39.31,88.97,24.213,19.411,90.49,2531.3,39.21,28.86,0.000199,1.153,0.978,30.66,normal
408.37,180.94,130.7,41.27,90.79,25.771,20.099,89.79,2863.9,41.34,29.0,0.000211,1.234,1.002,28.7,normal
401.66,177.6,131.52,38.73,91.28,25.094,19.379,89.52,2583.5,40.64,27.69,0.000254,1.162,0.959,30.9,normal
407.36,177.95,131.07,39.94,91.56,24.582,20.65,88.73,2583.6,38.31,32.43,0.000215,1.302,1.006,32.25,normal
412.08,182.69,131.56,39.84,92.11,24.367,20.023,91.15,2767.9,37.27,29.87,0.000208,1.186,1.045,30.0,normal
405.01,179.05,129.87,39.17,87.82,24.62,20.566,90.96,2613.0,39.99,31.55,0.000232,1.296,1.011,25.85,normal
408.57,180.48,128.96,40.3,88.44,24.063,20.179,90.34,2770.9,36.82,29.84,0.000201,1.191,0.997,29.77,normal
420.98,180.96,132.53,41.31,93.81,25.297,19.994,89.17,2713.4,39.03,31.14,0.000174,1.197,1.014,30.2,normal
407.02,180.99,128.17,41.25,91.31,24.518,19.502,88.29,2882.4,39.05,29.89,0.000214,1.278,0.943,29.91,normal
406.89,177.72,128.29,40.72,90.29,25.24,20.465,87.49,2735.6,39.99,31.08,0.000205,1.154,1.038,29.01,normal
416.92,179.65,130.68,38.3,90.04,25.323,20.221,90.99,2728.0,41.09,30.42,0.000193,1.202,0.952,32.65,normal
403.35,177.57,131.95,38.66,89.93,25.58,21.042,90.44,2595.9,42.54,33.89,0.000216,1.227,1.062,25.25,normal
427.24,183.67,130.23,40.17,87.49,25.151,20.414,93.09,3017.4,40.79,31.96,0.000146,1.22,1.031,30.19,normal
411.52,177.61,131.2,39.97,89.0,25.675,19.801,89.92,2627.2,42.85,28.16,0.000184,1.202,1.022,30.22,normal
417.71,178.43,127.61,39.5,89.85,25.832,20.145,88.34,2850.8,41.13,30.94,0.000174,1.195,1.024,34.19,normal
412.87,178.44,129.4,41.91,89.07,25.155,20.211,88.43,2731.7,41.65,30.97,0.000177,1.242,1.0,29.97,normal
413.68,177.76,127.75,40.11,89.24,25.191,20.581,88.08,2765.6,40.25,31.74,0.000195,1.209,0.969,30.89,normal
415.47,182.03,130.94,40.54,93.33,24.666,20.661,89.55,2740.8,37.62,31.11,0.000173,1.248,0.962,30.25,normal
400.51,183.63,128.14,40.99,89.67,24.407,19.919,90.52,2975.7,35.86,29.1,0.00025,1.22,1.07,30.19,normal
404.13,179.29,128.47,40.05,90.36,25.769,19.392,88.67,2895.4,41.93,25.9,0.000214,1.233,1.004,33.53,normal
414.78,178.02,130.62,42.59,90.32,25.363,19.073,87.86,2676.6,40.27,27.02,0.000176,1.257,0.955,27.78,normal
423.84,176.64,131.27,39.06,90.77,25.412,19.43,89.01,2522.0,40.42,26.9,0.000148,1.184,1.021,28.67,normal
418.55,179.63,129.81,39.39,89.38,24.646,19.704,90.33,2688.3,39.32,28.77,0.000182,1.255,1.014,31.51,normal
411.66,179.53,130.68,39.06,91.62,25.974,20.752,89.75,2787.9,44.57,32.38,0.00019,1.192,0.987,30.51,normal
413.25,179.02,130.65,41.56,90.58,24.863,20.76,88.76,2698.9,38.7,31.15,0.000181,1.13,0.964,29.43,normal
399.54,180.33,129.74,40.8,88.33,24.519,20.48,90.46,2769.2,38.72,32.37,0.000276,1.184,1.029,29.86,normal
421.48,180.59,128.69,39.46,89.86,24.656,20.615,89.98,2832.5,38.45,33.25,0.00015,1.164,1.038,31.83,normal
412.57,180.48,130.68,39.14,89.78,25.943,19.646,91.12,2858.5,41.77,29.24,0.000202,1.219,1.013,30.97,normal
411.77,179.53,130.74,41.38,89.72,24.333,19.242,89.58,2602.5,37.08,28.47,0.000196,1.186,1.003,28.57,normal
412.66,178.35,131.07,40.36,90.66,24.549,19.497,89.19,2576.4,40.35,27.36,0.000193,1.206,0.969,30.48,normal
421.86,181.0,130.37,41.41,90.83,26.739,18.983,89.57,2948.2,45.16,27.46,0.000142,1.251,1.019,29.9,normal
403.4,180.02,128.6,39.94,90.67,25.565,19.443,89.0,2906.4,41.45,27.39,0.000199,1.274,0.975,30.94,normal
410.3,181.33,130.83,40.51,90.44,24.56,19.747,90.6,2667.9,38.06,27.94,0.000205,1.215,0.949,29.36,normal
412.38,181.19,130.0,40.3,90.11,24.351,20.083,90.38,2693.0,38.22,29.21,0.000221,1.254,1.045,27.58,normal
415.96,177.87,129.42,39.38,87.2,23.996,20.068,90.35,2499.6,36.52,30.06,0.000214,1.191,0.959,31.34,normal
411.41,177.85,129.65,39.86,91.01,25.058,19.655,88.31,2713.8,42.1,29.04,0.000237,1.122,0.924,31.1,normal
423.94,178.87,129.17,38.82,90.63,25.437,20.284,89.29,2776.2,41.52,30.71,0.000139,1.141,1.052,32.83,normal
409.29,178.42,131.07,40.49,88.72,25.911,19.665,90.13,2658.5,42.8,28.17,0.000193,1.19,0.93,27.37,normal
398.23,181.13,128.3,40.76,90.36,23.864,20.005,89.14,2846.9,36.9,30.1,0.000275,1.24,0.984,29.86,normal
404.45,180.53,128.81,40.99,90.84,24.205,19.445,88.75,2730.8,39.05,27.96,0.000232,1.19,0.956,29.54,normal
414.78,181.65,129.61,40.67,91.52,24.928,20.544,89.53,2869.9,39.77,31.59,0.000156,1.259,0.971,29.21,normal
408.63,180.59,131.94,39.87,90.66,26.673,20.01,90.99,2831.8,44.47,29.84,0.000203,1.292,1.089,26.92,normal
415.35,180.31,131.27,41.55,90.42,25.532,20.339,89.8,2778.8,41.7,29.48,0.000169,1.156,0.996,27.87,normal
409.48,181.8,128.03,40.89,91.23,25.224,19.392,88.84,2983.3,41.44,27.83,0.000187,1.306,1.014,30.54,normal
406.6,180.7,131.62,41.39,89.6,24.265,20.087,90.67,2597.8,39.09,30.67,0.00026,1.118,1.032,29.0,normal
410.44,180.1,131.62,41.45,90.54,23.728,20.286,89.87,2490.8,36.63,31.45,0.000229,1.292,0.974,28.35,normal
420.57,182.22,128.59,39.87,89.19,25.023,18.978,90.86,2931.1,40.3,26.31,0.000154,1.198,1.043,32.86,normal
418.32,180.17,126.97,40.39,91.44,24.94,20.584,87.65,2888.8,40.82,30.98,0.000177,1.188,1.015,34.75,normal
414.06,179.54,129.91,40.77,87.91,24.839,19.375,90.38,2659.3,36.8,27.98,0.0002,1.2,1.03,29.89,normal
411.27,178.74,131.35,38.85,91.06,24.772,20.105,90.07,2605.0,39.43,31.22,0.000192,1.16,0.971,27.0,normal
418.44,181.05,131.91,38.87,90.02,24.551,20.894,92.03,2687.9,38.13,32.83,0.000209,1.275,1.018,30.79,normal
413.77,181.86,128.96,38.7,91.26,24.413,20.477,90.43,2820.8,38.38,30.28,0.000177,1.165,1.0,25.83,normal
408.05,179.92,132.1,39.89,88.99,25.834,19.255,91.57,2655.4,42.79,28.41,0.000189,1.172,1.045,27.3,normal
417.55,181.96,127.33,39.67,90.12,24.468,19.911,89.74,2951.9,39.73,30.78,0.000176,1.131,0.978,30.83,normal
416.99,177.04,129.56,38.56,90.08,24.834,20.617,88.96,2599.1,38.14,31.86,0.000189,1.163,1.081,27.23,normal
408.07,179.92,129.5,40.15,90.56,24.977,19.592,89.35,2740.3,39.21,28.29,0.000221,1.165,1.014,29.41,normal
416.31,179.94,131.38,39.9,88.64,25.424,19.82,91.39,2714.1,40.34,30.19,0.000209,1.162,0.995,27.03,normal
417.18,178.91,131.56,41.18,90.83,24.489,19.806,89.22,2468.4,37.93,29.63,0.000179,1.191,0.99,30.11,normal
403.85,183.58,131.15,42.01,87.6,25.587,20.285,92.51,2951.6,40.34,30.57,0.000234,1.144,1.0,32.25,normal
405.1,179.9,128.38,40.46,89.13,24.652,19.232,89.34,2789.7,41.14,28.67,0.000232,1.28,0.975,28.77,normal
413.44,179.39,131.04,39.3,87.97,24.903,20.313,91.58,2689.0,40.59,30.85,0.0002,1.192,1.027,29.96,normal
414.49,180.04,130.61,40.65,91.08,25.986,19.689,89.46,2833.4,42.11,29.23,0.000192,1.219,1.0,28.37,normal
408.88,177.0,127.99,40.01,90.52,24.418,19.994,87.23,2635.1,38.36,30.67,0.000253,1.243,1.078,28.51,normal
408.13,178.86,127.52,39.76,90.59,25.433,19.888,88.01,2931.5,40.82,29.3,0.000248,1.301,0.983,28.34,normal
414.47,181.47,131.25,39.14,91.92,25.603,20.3,90.83,2805.4,41.91,29.89,0.000155,1.245,0.995,31.57,normal
406.15,179.06,129.78,39.54,89.59,25.186,19.989,89.86,2685.3,39.77,30.23,0.000236,1.188,0.983,27.17,normal
399.24,178.76,128.46,39.82,90.79,24.929,20.72,88.3,2786.0,38.27,33.22,0.000252,1.146,1.075,29.34,normal
415.35,181.96,129.75,40.8,90.09,26.275,20.495,90.4,3049.6,43.18,29.53,0.00022,1.217,0.942,30.82,normal
411.35,182.01,130.44,40.51,89.89,24.992,19.602,91.02,2867.7,41.36,29.52,0.000186,1.253,1.004,31.82,normal
415.43,180.78,129.9,41.83,91.7,25.122,20.683,88.57,2804.8,38.87,31.9,0.00019,1.207,1.013,30.88,normal
401.49,179.32,128.14,40.67,92.71,24.798,20.16,87.04,2770.8,40.52,30.01,0.000251,1.203,0.955,29.85,normal
400.7,179.64,132.26,40.42,89.44,25.091,20.085,91.02,2578.0,40.82,29.71,0.000225,1.211,1.106,28.86,normal
405.04,178.79,131.21,39.69,91.08,25.578,20.424,89.6,2651.3,41.28,31.88,0.000216,1.107,0.963,31.85,normal
400.25,178.51,129.6,38.96,90.41,24.835,19.479,89.36,2627.1,40.28,29.15,0.00027,1.207,1.001,28.27,normal
420.34,178.43,129.65,39.43,90.43,23.735,19.31,89.1,2534.3,36.64,27.33,0.00017,1.237,1.067,28.3,normal
415.43,179.07,130.43,39.3,90.32,25.308,20.012,89.94,2758.0,38.75,30.28,0.000197,1.198,0.985,32.7,normal
406.55,178.45,128.64,37.44,89.57,24.353,19.697,90.04,2652.0,37.75,30.28,0.000206,1.256,1.006,30.72,normal
415.18,177.65,130.39,38.99,85.34,25.445,21.037,91.85,2649.8,40.92,33.42,0.000194,1.258,0.986,30.79,normal
426.27,180.33,128.4,41.6,92.0,24.999,19.618,87.57,2872.3,41.44,27.64,0.000145,1.175,0.998,31.2,normal
409.82,180.35,129.92,40.37,89.1,25.566,20.02,90.4,2826.0,41.24,30.57,0.00023,1.222,1.043,29.81,normal
415.27,182.55,128.6,39.62,89.69,24.431,20.096,90.91,2888.8,38.17,29.26,0.000177,1.202,0.983,27.12,normal
417.01,179.0,128.66,40.4,89.71,24.679,20.616,88.77,2771.7,37.92,31.86,0.000177,1.099,0.894,30.5,normal
415.3,180.44,131.97,38.05,88.98,24.796,19.503,92.69,2649.6,39.35,28.07,0.000189,1.191,0.999,29.96,normal
419.61,180.47,130.07,40.28,90.31,24.111,19.194,89.97,2707.2,36.29,28.18,0.000193,1.148,1.003,28.28,normal
420.27,179.62,130.25,41.28,89.94,25.667,20.697,89.32,2859.4,43.03,31.37,0.000196,1.207,1.008,27.82,normal
410.55,181.12,127.59,39.88,89.07,24.025,20.04,89.86,2803.2,36.81,29.27,0.000229,1.234,0.993,29.91,normal
407.17,181.16,129.28,38.23,90.19,25.658,20.405,91.01,2923.8,40.72,31.35,0.000235,1.189,0.965,27.28,normal
414.05,180.49,130.55,39.59,89.96,25.255,20.428,90.75,2769.5,41.96,31.26,0.000192,1.155,0.99,29.71,normal
416.22,179.62,130.23,41.28,91.21,24.881,20.515,88.68,2688.3,38.35,32.06,0.000182,1.212,1.071,29.47,normal
414.32,179.46,127.42,40.26,88.26,25.207,19.811,89.17,2873.4,40.85,29.07,0.000196,1.322,0.998,29.76,normal
415.4,177.95,130.25,38.58,88.95,25.191,19.676,90.32,2685.6,39.06,27.92,0.000173,1.091,1.026,30.81,normal
420.86,178.79,130.44,42.37,90.94,24.76,19.002,87.96,2636.7,39.6,27.9,0.000199,1.212,0.959,31.24,normal
414.57,179.07,131.54,38.75,89.17,25.179,19.503,91.34,2707.3,41.58,29.83,0.000172,1.173,0.988,28.58,normal
407.43,178.31,129.21,39.76,88.83,25.439,20.031,89.47,2735.7,40.62,29.62,0.000264,1.179,0.96,31.74,normal
403.4,180.66,127.31,38.96,89.23,24.433,19.649,89.88,2912.9,37.2,29.45,0.000204,1.195,1.052,29.56,normal
414.51,181.79,128.8,38.96,89.87,25.208,19.43,90.88,2991.5,39.45,28.23,0.000184,1.183,0.938,33.51,normal
407.91,178.64,128.68,39.55,89.87,23.424,20.025,88.95,2571.8,35.52,31.61,0.000221,1.23,1.015,28.83,normal
420.16,180.43,130.88,40.64,89.73,23.842,20.671,90.47,2612.0,38.66,31.42,0.000163,1.188,1.014,26.78,normal
415.06,178.45,126.74,41.29,88.66,25.339,19.972,87.6,2909.0,42.05,29.89,0.000179,1.092,1.011,31.67,normal
416.23,179.54,129.46,39.61,91.01,24.749,19.434,89.19,2710.1,40.45,26.87,0.000213,1.264,0.906,30.85,normal
411.18,178.96,131.71,38.99,91.72,24.488,20.636,89.95,2595.6,37.47,33.0,0.000204,1.256,0.919,32.4,normal
403.43,180.9,130.01,40.48,87.52,24.968,19.613,91.44,2771.3,41.01,28.54,0.000231,1.17,1.005,30.62,normal
423.43,178.98,131.08,40.51,87.98,24.762,20.74,90.78,2594.2,40.31,33.07,0.000118,1.202,0.963,34.68,normal
406.81,181.52,128.03,40.24,91.3,24.407,19.868,89.0,2856.7,38.61,29.11,0.000225,1.261,0.974,29.62,normal
418.54,179.63,128.08,40.28,92.04,24.017,20.052,87.7,2730.7,36.58,30.08,0.000184,1.252,0.983,32.09,normal
422.54,179.03,131.72,39.89,87.23,23.819,20.78,91.82,2488.5,37.64,31.51,0.000165,1.268,0.958,28.95,normal
417.04,178.12,130.12,40.1,91.06,25.443,19.324,88.53,2667.6,40.61,27.45,0.000148,1.219,0.951,30.98,normal
412.5,180.38,130.12,39.82,92.13,24.747,19.475,89.27,2732.7,39.93,28.36,0.000183,1.238,1.0,31.36,normal
400.61,181.34,128.66,41.07,88.88,25.582,19.837,90.0,2931.6,41.31,29.45,0.000248,1.27,0.924,31.67,normal
406.81,180.41,130.12,42.23,92.05,24.74,19.93,88.12,2772.1,38.27,29.52,0.000229,1.183,0.98,31.55,normal
408.5,183.36,128.62,40.18,89.77,25.213,21.321,90.99,3056.8,40.21,32.44,0.000249,1.222,0.973,23.53,normal
414.11,182.14,131.42,39.99,90.41,24.925,19.556,91.58,2770.8,41.75,29.04,0.000197,1.093,0.999,29.86,normal
414.5,179.54,133.27,40.26,89.06,25.027,19.348,91.74,2541.5,38.91,26.7,0.000203,1.121,1.095,28.85,normal
424.07,179.52,130.58,39.34,91.3,25.056,19.532,89.72,2677.9,41.15,28.48,0.000153,1.225,0.961,29.24,normal
418.73,180.7,129.24,40.76,91.08,24.733,20.116,89.05,2772.5,40.07,29.05,0.000153,1.233,1.016,29.43,normal
408.47,178.74,126.96,40.44,92.24,24.262,20.246,86.51,2731.6,37.72,31.39,0.000196,1.181,1.009,31.95,normal
417.65,181.75,127.98,39.58,91.87,25.46,19.646,89.14,2984.0,40.78,30.04,0.000159,1.17,1.022,30.41,normal
420.56,180.54,131.87,40.9,89.99,25.956,20.011,90.76,2808.4,41.55,30.5,0.000174,1.182,0.991,28.98,normal
415.03,180.38,128.76,40.02,94.04,25.996,20.973,87.54,2983.2,44.2,32.3,0.000201,1.21,1.058,27.06,normal
406.76,181.03,129.55,39.03,91.76,24.668,20.018,89.9,2752.5,37.86,29.45,0.000238,1.084,1.027,33.07,normal
416.59,182.58,130.79,40.35,90.7,24.56,20.16,91.16,2819.7,35.95,30.23,0.0002,1.223,1.028,28.71,normal
420.5,180.26,131.78,40.24,88.7,24.667,20.944,91.55,2594.2,39.36,32.55,0.000159,1.202,0.943,29.74,normal
421.05,179.83,129.76,40.96,88.01,24.894,19.651,90.3,2765.2,38.35,29.45,0.000145,1.212,1.004,34.28,normal
405.96,182.26,129.51,40.83,88.12,24.969,19.618,91.39,2900.0,39.8,29.3,0.000204,1.194,0.98,28.76,normal
421.17,181.45,130.09,39.89,88.79,24.401,19.765,91.42,2741.8,36.95,27.74,0.000181,1.131,0.966,29.45,normal
411.87,179.52,129.25,39.53,91.79,24.112,19.736,88.72,2680.1,36.9,29.82,0.000203,1.145,0.975,30.46,normal
412.09,180.01,129.31,40.0,90.63,25.03,19.089,89.34,2832.1,40.16,27.9,0.000194,1.276,0.998,26.79,normal
412.79,180.29,130.49,40.36,89.2,22.882,20.069,90.61,2450.6,34.38,29.56,0.000198,1.168,1.018,26.56,normal
412.79,180.54,130.22,40.48,89.82,24.94,20.108,90.23,2795.1,41.17,29.52,0.000236,1.24,1.039,29.04,normal
411.5,177.97,132.56,40.3,89.66,24.433,19.907,90.26,2416.9,38.38,29.8,0.000232,1.146,1.037,29.11,normal
409.53,177.69,130.53,39.91,91.04,25.468,20.124,88.62,2685.1,41.47,30.48,0.000211,1.199,1.012,30.27,normal
419.35,178.67,131.38,41.0,88.86,25.629,20.129,90.1,2692.2,41.59,29.47,0.000173,1.178,1.002,28.04,normal
420.59,178.55,128.71,39.33,90.45,25.643,19.342,88.74,2777.9,42.79,28.29,0.000183,1.186,0.987,30.87,normal
410.37,179.03,130.63,42.48,90.39,24.792,20.144,88.4,2622.6,38.27,30.54,0.000223,1.183,0.99,25.69,normal
406.78,180.95,129.13,40.76,88.9,24.319,20.279,90.2,2786.8,37.62,31.44,0.000239,1.272,0.969,29.86,normal
411.1,179.75,130.47,38.87,92.06,24.511,19.201,89.63,2685.4,38.6,27.79,0.000162,1.296,0.983,30.72,normal
410.16,180.29,130.83,40.19,89.62,25.173,20.732,90.66,2753.8,39.59,30.38,0.000246,1.212,1.014,30.66,normal
412.76,178.16,130.06,40.77,88.71,24.012,19.382,89.37,2552.9,38.6,28.55,0.000177,1.179,1.062,29.67,normal
401.97,179.31,132.89,39.65,91.11,25.836,19.431,90.7,2619.3,42.76,27.13,0.00022,1.134,0.994,28.68,normal
391.78,180.88,131.71,38.5,90.07,24.802,20.101,92.0,2683.8,38.2,29.59,0.000284,1.13,0.968,29.62,normal
417.72,180.89,131.41,38.96,90.53,25.3,20.267,91.4,2751.9,41.28,29.65,0.000152,1.272,1.039,32.47,normal
412.22,178.91,130.92,40.54,88.46,23.931,20.389,90.41,2481.9,38.28,31.45,0.000215,1.127,0.92,28.8,normal
419.1,180.24,132.12,38.25,91.06,24.444,20.28,91.51,2598.2,37.69,29.89,0.000191,1.178,1.042,31.96,normal
411.94,183.3,128.28,38.55,92.82,23.857,19.74,90.1,2876.8,38.13,30.1,0.000213,1.208,0.943,32.27,normal
422.98,179.97,131.64,40.54,88.36,25.613,20.054,91.36,2764.5,42.04,29.22,0.000181,1.07,1.026,26.53,normal
424.31,178.96,128.81,39.78,90.46,24.904,19.842,88.77,2782.7,39.93,27.96,0.000126,1.137,0.981,29.74,normal
415.81,179.74,129.32,39.3,88.98,25.343,20.087,90.39,2816.5,42.19,29.96,0.000177,1.133,1.013,28.04,normal
403.61,180.14,130.67,39.51,93.5,25.038,20.034,88.89,2757.8,40.31,29.03,0.00021,1.167,1.083,27.0,normal
403.76,179.77,131.48,38.53,91.61,25.281,19.748,90.54,2704.5,41.2,30.38,0.00024,1.213,0.966,31.58,normal
402.61,179.95,128.62,40.48,90.37,24.798,19.826,88.86,2800.0,39.51,28.99,0.000212,1.251,0.96,30.95,normal
400.08,177.83,129.38,39.19,88.4,24.878,19.074,89.81,2609.3,37.9,28.47,0.000244,1.167,1.003,30.53,normal
417.9,178.56,130.12,39.46,88.72,24.945,20.415,90.24,2653.5,40.25,30.89,0.000185,1.177,1.061,27.83,normal
409.06,179.78,129.78,40.35,90.97,25.243,20.149,89.12,2766.7,40.96,30.69,0.000183,1.194,1.007,30.42,normal
404.74,179.75,131.02,39.74,88.23,25.259,18.847,91.4,2704.5,40.37,26.53,0.00021,1.16,1.002,27.38,normal
407.74,179.15,134.12,39.3,88.27,26.687,20.397,92.84,2636.8,42.44,32.98,0.000189,1.221,1.007,30.15,normal
410.29,179.73,130.5,38.01,90.01,26.009,19.973,91.1,2850.1,43.57,29.01,0.000234,1.222,0.96,28.68,normal
426.71,180.09,129.12,40.37,90.17,23.933,19.532,89.33,2720.3,36.12,26.31,0.000158,1.064,1.007,32.1,normal
408.18,181.33,128.44,40.08,90.49,24.914,19.487,89.6,2884.3,38.63,28.84,0.000226,1.232,0.984,29.27,normal
410.53,179.85,129.61,39.48,89.43,24.756,19.656,90.27,2696.6,38.08,28.26,0.000236,1.206,1.053,30.46,normal
406.33,180.6,128.87,38.96,91.2,25.768,19.534,89.66,2903.3,40.28,28.92,0.000211,1.213,1.032,30.47,normal
413.15,179.19,130.56,40.01,88.88,24.811,19.601,90.43,2691.4,39.92,28.88,0.000227,1.259,0.947,29.85,normal
413.33,180.86,130.54,40.48,90.81,25.279,20.85,90.05,2826.9,43.16,31.91,0.000181,1.111,0.989,30.21,normal
419.81,180.56,129.44,40.1,90.28,23.598,20.186,89.82,2619.7,35.47,30.18,0.000175,1.137,1.021,30.61,normal
410.94,181.3,132.38,41.64,90.78,24.092,21.018,90.63,2548.7,38.24,33.13,0.000211,1.196,0.961,28.21,normal
408.9,181.07,129.12,40.7,91.54,26.255,20.113,88.97,2983.1,43.59,30.02,0.000178,1.084,0.957,30.81,normal
407.77,180.88,129.86,39.89,89.41,25.03,20.29,90.72,2863.7,40.36,30.66,0.000209,1.189,0.982,31.73,normal
411.99,179.85,130.77,40.74,89.14,24.401,19.56,90.37,2647.6,38.22,28.42,0.000209,1.242,1.014,30.79,normal
405.79,180.37,131.07,40.05,87.81,25.146,19.916,91.79,2720.0,41.2,31.08,0.000198,1.22,1.041,29.29,normal
412.59,181.6,131.53,40.05,87.38,24.368,19.959,92.85,2680.1,36.99,30.94,0.000208,1.204,1.009,30.35,normal
403.96,179.02,130.51,41.3,89.77,24.83,20.31,89.23,2593.3,39.61,29.66,0.000219,1.188,1.098,29.27,normal
415.52,179.06,131.26,39.1,89.86,24.128,19.975,90.67,2528.4,38.66,29.94,0.000197,1.179,0.973,29.76,normal
409.85,180.27,129.2,40.02,88.59,24.527,20.176,90.43,2792.9,39.35,29.82,0.000186,1.176,1.03,27.62,normal
410.45,180.62,131.1,41.19,88.87,24.75,20.158,90.83,2684.6,39.61,29.43,0.000225,1.211,0.956,32.76,normal
414.72,178.76,131.09,40.31,91.98,25.672,19.849,88.77,2685.5,42.05,27.03,0.000208,1.122,1.064,33.87,normal
409.88,179.89,131.82,39.63,91.14,25.278,19.797,90.46,2683.3,40.44,29.19,0.000214,1.273,1.054,28.59,normal
409.57,179.86,128.0,38.29,88.36,25.383,19.666,90.6,2862.4,40.76,28.9,0.000217,1.163,1.028,31.57,normal
418.03,176.68,128.91,37.73,89.42,24.985,20.541,89.2,2635.5,38.4,32.56,0.000204,1.228,0.931,32.92,normal
411.48,179.67,130.99,42.08,90.53,25.494,19.849,89.03,2705.6,41.94,30.43,0.00019,1.204,1.028,28.08,normal
413.89,179.76,126.82,40.31,89.19,24.476,20.164,88.53,2836.0,39.87,30.84,0.000181,1.142,0.967,25.68,normal
415.86,179.76,130.59,39.42,88.95,24.56,19.922,90.99,2645.4,39.04,30.38,0.000197,1.265,1.018,33.03,normal
412.08,182.12,131.27,40.35,89.56,25.245,20.531,91.74,2812.9,40.72,32.13,0.000214,1.254,0.942,29.98,normal
409.19,178.18,129.31,39.05,91.42,24.833,19.006,88.5,2672.8,40.12,27.76,0.000216,1.121,1.011,28.96,normal
407.25,178.76,129.48,39.67,91.54,24.992,20.151,88.51,2707.3,37.86,31.52,0.000204,1.196,0.986,30.09,normal
414.95,176.08,128.71,39.06,89.04,24.902,19.373,88.34,2589.7,39.21,27.31,0.000211,1.21,0.969,29.26,normal
413.62,179.28,129.37,38.59,90.6,25.752,20.195,89.73,2831.0,42.12,30.14,0.000167,1.096,1.024,35.92,normal
424.35,179.41,129.41,37.9,89.99,25.783,19.927,90.46,2808.8,40.58,29.3,0.000186,1.094,0.998,28.94,normal
404.66,179.24,129.18,38.4,88.69,24.624,19.261,90.66,2646.9,39.08,27.59,0.00022,1.158,0.992,30.65,normal
412.73,181.66,129.11,41.02,89.61,23.944,20.169,90.06,2767.7,35.16,30.34,0.000175,1.134,1.029,32.58,normal
413.49,181.29,129.67,39.01,88.36,24.573,20.112,91.79,2769.8,39.47,31.61,0.000204,1.148,1.076,32.57,normal
414.78,180.12,129.66,40.53,91.51,24.462,19.884,88.86,2729.0,38.69,30.4,0.000202,1.134,1.011,32.19,normal
409.53,179.44,132.25,40.96,92.02,25.499,19.948,89.35,2631.0,41.26,30.84,0.000197,1.194,0.928,29.15,normal
416.17,181.54,129.53,40.02,89.47,25.552,20.081,90.79,2866.9,42.37,30.16,0.00022,1.155,0.938,29.7,normal
413.0,179.97,130.41,39.7,89.16,24.381,20.589,90.76,2654.6,38.38,31.51,0.000207,1.256,1.003,25.65,normal
418.07,178.77,129.31,40.13,91.37,24.547,19.843,88.29,2702.8,39.18,30.04,0.000164,1.209,1.041,29.85,normal
411.77,177.43,129.29,39.58,91.58,24.113,20.507,87.76,2562.7,37.76,31.73,0.000215,1.24,1.005,30.07,normal
420.3,179.34,127.95,41.2,88.55,25.081,19.981,88.75,2792.6,39.37,30.29,0.000185,1.116,1.02,31.48,normal
426.37,181.13,128.11,41.88,89.81,24.973,20.648,88.76,2894.1,41.49,33.63,0.000159,1.169,0.998,33.59,normal
409.85,183.41,128.55,41.45,89.92,25.473,19.882,90.26,3059.7,42.62,30.15,0.000222,1.207,1.038,31.42,normal
413.9,180.09,130.22,37.85,89.0,25.298,19.667,91.73,2770.2,41.29,28.48,0.000164,1.223,1.025,32.14,normal
409.63,178.85,131.29,39.56,90.5,25.366,19.451,90.03,2636.5,41.21,27.97,0.000189,1.168,0.959,29.97,normal
405.69,178.22,127.86,40.0,89.09,24.075,19.983,88.49,2615.0,38.13,30.63,0.000209,1.175,1.018,32.57,normal
410.65,180.83,129.34,40.46,89.3,24.624,19.603,90.2,2785.1,40.18,29.55,0.000198,1.18,0.938,30.02,normal
416.21,177.35,128.36,38.27,89.87,25.569,20.702,88.78,2799.0,43.56,32.71,0.000181,1.185,1.018,32.28,normal
418.84,180.83,129.68,38.26,88.06,24.677,19.564,92.09,2756.9,38.53,29.25,0.00017,1.308,0.989,31.61,normal
421.27,181.23,131.29,41.31,87.33,24.023,19.655,91.93,2601.9,38.28,28.24,0.000177,1.216,1.006,30.79,normal
410.13,180.65,129.46,39.44,91.19,25.485,20.291,89.74,2912.8,41.32,32.02,0.000168,1.202,1.013,26.92,normal
413.45,179.67,129.94,38.51,89.04,24.654,20.593,91.03,2754.8,37.4,32.69,0.000196,1.137,1.011,32.19,normal
417.49,180.85,131.75,38.9,92.78,25.638,20.366,90.44,2757.2,42.69,30.69,0.000184,1.138,1.057,30.76,normal
408.78,180.26,130.55,40.39,92.56,24.989,20.529,88.92,2739.8,41.44,31.74,0.000159,1.189,1.001,31.41,normal
416.14,178.83,129.09,39.18,89.34,24.834,19.96,89.7,2724.4,40.5,30.04,0.000191,1.257,1.008,30.63,normal
427.08,182.78,130.19,40.24,93.04,25.818,19.967,89.84,3013.5,42.22,29.61,0.000181,1.19,1.053,30.97,normal
414.57,179.47,129.01,39.02,91.22,24.218,21.006,89.12,2655.3,38.16,31.84,0.000208,1.192,1.076,32.6,normal
412.23,181.16,130.5,38.26,89.16,25.861,20.845,92.13,2881.3,43.21,32.78,0.000211,1.163,0.999,29.05,normal
405.0,176.37,130.62,41.42,86.64,24.616,20.357,89.46,2445.1,39.47,29.78,0.00024,1.113,0.98,30.94,normal
410.49,181.91,128.36,40.4,90.89,25.097,20.553,89.48,2967.4,41.51,31.03,0.000219,1.222,0.981,28.45,normal
424.63,182.2,130.21,39.67,90.04,25.103,20.429,91.35,2916.8,41.24,32.54,0.000167,1.187,1.018,31.15,normal
422.88,180.04,129.86,39.48,90.56,24.744,19.397,89.93,2741.9,38.69,28.72,0.000135,1.222,0.992,30.5,normal
425.53,180.84,130.65,41.46,89.7,24.543,19.98,90.16,2684.2,38.72,30.25,0.000154,1.208,0.93,28.74,normal
417.29,180.84,131.0,40.59,88.51,24.778,20.748,91.36,2746.7,38.86,31.82,0.000185,1.152,1.045,30.19,normal
427.74,179.04,130.57,41.15,89.44,24.391,20.36,89.51,2582.2,38.43,29.73,0.000152,1.211,1.033,28.86,normal
420.37,180.82,129.64,39.42,90.92,26.177,19.968,90.06,2961.9,41.59,30.25,0.000182,1.135,1.046,29.24,normal
413.44,178.79,131.12,40.05,89.54,24.711,20.754,90.16,2568.1,41.1,32.47,0.000201,1.211,1.054,30.71,normal
416.24,179.09,128.95,40.4,89.53,25.695,20.185,89.05,2794.2,41.25,31.14,0.000183,1.197,1.008,30.54,normal
410.17,181.69,128.42,39.45,88.02,25.616,20.378,91.3,2979.6,41.28,30.71,0.000208,1.277,1.01,26.16,normal
419.89,181.46,126.17,39.9,90.12,25.218,20.187,88.78,2986.7,40.71,30.18,0.000182,1.157,1.04,30.74,normal
414.42,178.94,129.92,39.42,88.55,24.919,20.271,90.44,2655.1,38.39,31.19,0.000177,1.134,0.951,29.39,normal
404.75,178.9,129.01,40.4,91.19,25.116,20.306,88.16,2820.7,40.0,29.83,0.000251,1.179,0.986,29.17,normal
412.24,179.03,130.48,38.68,89.05,25.343,20.65,90.89,2622.6,41.16,32.43,0.000199,1.23,0.998,27.75,normal
406.91,181.1,127.63,40.57,89.62,25.06,20.715,89.25,2900.5,41.82,31.83,0.000203,1.06,1.037,29.91,normal
409.45,178.5,129.22,40.31,92.81,24.06,19.774,87.29,2660.6,37.48,29.63,0.000225,1.244,0.978,28.95,normal
402.31,180.54,130.56,39.8,89.6,23.909,20.178,90.85,2599.7,36.51,32.33,0.000226,1.19,0.972,32.55,normal
412.93,181.12,128.76,40.45,89.43,25.905,20.636,89.99,2971.8,41.52,31.52,0.000189,1.143,0.983,26.5,normal
410.23,179.87,130.49,39.64,90.76,23.419,19.934,89.98,2543.5,37.7,29.93,0.000231,1.182,1.019,28.07,normal
415.83,181.52,129.33,39.33,87.68,25.117,19.346,91.91,2834.1,40.42,28.28,0.000187,1.163,0.997,27.94,normal
408.32,179.54,129.96,40.54,91.63,24.859,19.546,88.67,2743.0,39.68,27.2,0.00023,1.139,0.942,30.52,normal
415.79,179.68,130.71,40.59,91.29,25.096,19.58,89.25,2699.9,38.91,29.37,0.000163,1.103,0.95,32.35,normal
418.61,178.53,131.14,39.49,90.68,24.316,19.771,89.74,2516.1,38.58,27.51,0.000191,1.237,1.005,31.01,normal
408.16,181.53,130.11,39.41,85.61,25.21,19.627,93.29,2879.9,40.02,29.61,0.000207,1.172,1.007,27.81,normal
413.83,178.85,129.02,39.82,89.66,25.124,20.515,89.2,2714.1,41.83,30.85,0.000211,1.18,1.001,29.14,normal
422.4,180.52,129.45,39.45,88.35,26.657,19.862,91.09,2996.4,45.36,29.04,0.000175,1.242,0.981,28.38,normal
415.33,179.89,130.76,41.53,91.46,25.078,20.631,88.83,2680.1,40.35,31.69,0.000151,1.203,1.032,31.02,normal
408.88,178.42,128.77,40.32,91.37,25.809,19.435,87.75,2781.2,41.04,27.43,0.000214,1.122,1.015,29.1,normal
411.91,179.09,129.79,40.01,90.5,24.101,19.823,89.18,2674.0,37.35,29.44,0.000194,1.234,1.013,27.17,normal
415.94,182.07,129.54,39.07,88.44,25.612,20.052,92.04,2964.1,41.57,29.26,0.000188,1.274,1.015,31.17,normal
400.78,180.3,129.88,40.74,91.94,25.136,20.405,88.75,2816.9,40.51,30.07,0.00025,1.225,1.064,32.53,normal
409.69,178.49,128.79,39.39,89.66,25.162,20.572,89.11,2735.5,38.5,31.39,0.000191,1.157,0.959,29.64,normal
415.29,180.46,127.78,39.35,92.35,25.17,19.731,88.27,2886.3,39.58,30.26,0.000184,1.126,0.983,30.24,normal
420.01,179.78,130.62,40.77,90.35,26.024,20.497,89.64,2720.8,42.5,31.93,0.000146,1.155,0.987,26.99,normal
417.87,185.18,131.16,40.39,90.66,25.153,19.159,92.63,2980.0,40.94,27.33,0.000168,1.205,1.05,25.88,normal
411.98,180.43,127.85,37.5,89.4,24.53,20.436,90.69,2787.6,36.72,31.06,0.000226,1.271,0.985,26.3,normal
410.12,179.43,130.44,39.84,91.83,24.63,19.329,89.09,2657.3,40.32,27.78,0.000178,1.162,0.968,29.91,normal
409.2,182.13,131.3,40.13,90.79,25.49,20.223,91.26,2811.7,42.67,29.65,0.000219,1.168,0.996,29.38,normal
417.2,177.24,130.72,39.66,91.88,25.268,20.565,88.18,2600.3,39.78,30.7,0.000161,1.251,1.004,31.09,normal
417.43,180.14,129.5,40.16,90.23,24.082,20.444,89.62,2744.7,39.86,31.42,0.000174,1.178,1.048,29.6,normal
415.12,182.99,128.87,38.19,89.94,25.309,19.18,91.86,3098.4,41.13,27.24,0.000173,1.286,0.985,31.98,normal
405.7,179.83,130.1,37.17,90.77,24.351,19.776,90.98,2673.6,38.04,29.35,0.000214,1.193,0.973,31.74,normal
415.5,177.4,130.3,39.02,91.88,25.263,20.358,88.37,2617.6,41.35,30.16,0.000194,1.258,0.964,29.36,normal
429.69,179.41,130.11,40.28,91.32,24.517,20.344,88.96,2637.6,39.04,31.57,0.000167,1.219,0.986,27.99,normal
408.82,182.18,129.78,36.78,90.18,24.831,20.138,92.5,2839.0,39.63,30.88,0.000221,1.235,1.103,26.17,normal
407.43,180.56,128.7,39.16,87.59,24.673,18.899,91.25,2787.6,37.98,28.34,0.000215,1.191,1.015,32.87,normal
408.19,178.74,130.51,38.08,91.05,25.911,20.599,90.04,2794.1,42.23,32.73,0.00021,1.194,1.024,28.11,normal
415.08,178.97,130.57,39.76,88.13,25.241,20.688,90.83,2676.3,41.05,31.15,0.000209,1.221,1.0,27.01,normal
413.75,179.16,130.24,41.96,90.05,25.757,20.082,88.7,2836.8,43.04,29.53,0.000174,1.24,1.005,30.26,normal
411.71,180.54,130.13,39.78,89.85,26.737,20.114,90.52,2937.3,46.58,30.59,0.000238,1.226,1.031,27.02,normal
406.81,182.01,132.02,39.89,88.16,25.028,20.252,92.98,2748.4,39.62,29.97,0.000197,1.112,1.023,30.26,normal
412.25,181.58,129.25,40.84,90.48,25.901,20.73,89.75,2943.7,42.71,32.19,0.000208,1.213,1.014,29.33,normal
413.55,180.68,131.54,40.02,92.8,24.58,20.125,89.69,2673.6,38.14,30.06,0.000211,1.167,1.001,31.85,normal
420.78,178.0,129.12,39.79,89.59,25.753,19.904,88.87,2763.5,43.29,30.48,0.000172,1.173,0.986,31.67,normal
406.14,178.01,131.33,40.93,91.0,24.515,20.191,88.7,2516.5,38.3,31.27,0.000257,1.223,1.017,32.21,normal
414.05,180.8,131.48,40.47,93.06,24.989,19.994,89.36,2702.1,39.38,29.74,0.000199,1.285,1.003,30.41,normal
417.29,177.98,129.65,40.29,91.12,25.322,20.0,88.1,2709.3,40.99,28.54,0.000201,1.188,1.085,28.28,normal
411.0,179.66,131.99,39.86,89.16,25.417,19.117,91.31,2685.6,39.53,28.47,0.000188,1.299,1.042,27.93,normal
404.47,180.46,130.56,39.65,90.31,24.236,20.261,90.53,2685.3,38.37,30.22,0.000234,1.145,0.973,28.94,normal
405.22,178.29,128.95,40.92,90.63,24.48,20.586,87.85,2629.4,38.2,31.58,0.000236,1.262,0.953,33.99,normal
417.97,178.46,129.55,39.66,91.86,25.367,20.51,88.23,2739.3,43.83,31.28,0.000205,1.222,0.984,29.5,normal
422.34,179.86,131.36,41.23,91.58,24.779,20.475,89.2,2629.0,38.75,31.6,0.000156,1.21,0.957,30.32,normal
416.41,180.76,131.11,38.95,86.4,24.162,19.973,93.25,2678.9,37.35,29.43,0.000195,1.269,0.982,33.04,normal
412.46,181.59,128.73,41.43,88.89,24.957,20.073,89.97,2909.9,40.89,29.3,0.000198,1.168,0.961,30.51,normal
418.43,180.91,129.83,40.47,89.91,24.929,20.596,90.18,2810.3,40.58,31.75,0.000186,1.264,0.987,28.5,normal
411.73,180.11,130.24,39.03,88.68,25.106,20.434,91.32,2746.0,41.34,31.84,0.000171,1.19,0.987,31.46,normal
419.31,178.88,129.39,40.51,85.19,25.318,20.743,91.27,2732.1,40.64,31.94,0.000153,1.168,1.006,29.14,normal
404.59,178.39,132.83,39.35,89.06,25.279,19.664,91.39,2536.2,39.66,29.0,0.000244,1.134,0.992,30.58,normal
407.19,179.23,130.28,40.03,90.0,24.539,19.661,89.74,2679.5,41.35,28.14,0.000222,1.279,0.964,31.02,normal
411.38,180.61,129.93,39.51,89.32,24.754,19.834,90.85,2737.3,39.81,29.96,0.000201,1.257,1.049,29.01,normal
418.38,180.5,131.43,39.87,88.7,25.557,19.528,91.68,2798.9,41.84,29.21,0.000181,1.176,1.016,30.37,normal
411.96,176.85,129.56,40.94,90.05,24.674,19.339,87.71,2584.0,39.87,28.15,0.000211,1.227,0.978,33.2,normal
416.58,178.82,131.21,40.52,90.45,24.763,20.234,89.53,2533.0,38.02,29.86,0.000206,1.206,0.965,28.75,normal
406.56,181.81,128.0,38.87,89.39,24.097,20.2,90.76,2825.1,36.98,30.61,0.000188,1.182,0.941,32.63,normal
416.81,180.12,129.46,38.93,91.78,24.983,20.123,89.43,2853.2,38.91,30.47,0.000212,1.248,0.938,28.82,normal
407.64,177.87,131.26,40.27,90.08,25.207,20.177,89.38,2581.5,40.77,30.45,0.000215,1.169,1.042,33.6,normal
414.62,183.53,131.88,40.34,88.87,23.815,19.268,93.1,2678.9,35.27,27.19,0.000221,1.09,1.038,28.29,normal
415.77,179.96,129.07,39.33,88.54,24.358,19.76,90.58,2700.6,38.84,29.56,0.000173,1.213,0.977,29.21,normal
412.13,180.58,128.93,41.59,89.72,24.147,19.853,89.09,2739.4,38.76,29.74,0.000213,1.203,1.055,33.02,normal
402.6,180.6,130.68,40.81,91.45,25.473,20.024,89.51,2825.0,42.52,30.4,0.000235,1.17,1.025,33.1,normal
406.47,179.45,129.25,39.37,88.93,23.853,19.27,90.2,2624.0,37.2,27.95,0.000209,1.155,1.008,31.64,normal
404.18,178.91,129.68,39.28,90.77,24.953,19.536,89.26,2679.3,40.06,29.79,0.000266,1.122,1.034,27.84,normal
403.11,183.18,131.05,39.77,90.12,25.431,19.782,92.17,2848.6,40.83,29.41,0.000195,1.182,1.025,30.16,normal
416.96,181.5,129.35,39.67,92.59,25.113,20.529,89.3,2854.3,40.77,32.56,0.000148,1.156,1.006,30.0,normal
420.3,181.23,127.64,41.26,90.51,24.736,20.131,88.54,2895.5,39.13,30.53,0.000175,1.248,0.99,28.29,normal
414.64,180.86,128.44,40.98,89.09,25.208,20.511,89.6,2917.0,38.73,30.47,0.00018,1.226,0.996,31.39,normal
406.48,178.5,130.01,40.04,90.96,25.622,19.939,88.75,2745.1,41.19,30.5,0.000217,1.176,0.936,28.45,normal
414.73,181.92,127.76,40.68,91.0,24.935,20.0,88.99,3013.9,40.61,29.71,0.000225,1.226,0.968,27.42,normal
419.65,178.74,129.64,40.82,89.48,23.657,20.25,89.04,2519.3,35.09,30.32,0.000204,1.195,1.072,26.76,normal
411.36,180.42,128.33,40.06,88.49,25.689,19.911,90.09,2948.2,40.86,30.59,0.000209,1.187,0.967,33.42,normal
408.37,177.54,131.97,40.4,90.7,25.24,19.688,89.18,2535.4,40.49,28.16,0.000257,1.197,0.926,28.98,normal
423.21,176.94,132.6,40.59,90.08,24.98,19.255,89.41,2406.8,37.77,26.62,0.000175,1.289,1.036,29.02,normal
413.15,180.48,128.73,40.49,88.03,23.812,19.701,90.33,2738.2,37.37,29.02,0.000198,1.232,1.01,27.94,normal
413.12,178.79,130.31,39.22,90.33,24.821,20.418,89.76,2698.3,40.13,31.38,0.000186,1.185,1.012,32.74,normal
419.29,177.02,128.85,39.32,89.17,24.475,20.63,88.68,2594.3,39.45,32.42,0.000165,1.245,0.994,27.24,normal
417.65,180.81,129.63,39.71,88.03,24.27,19.613,91.34,2718.5,38.14,29.08,0.000139,1.243,1.036,27.59,normal
408.59,183.18,132.16,39.29,89.54,24.918,19.133,93.25,2841.5,38.91,25.9,0.000239,1.213,1.061,29.36,normal
415.47,182.08,129.44,38.53,91.67,24.678,20.463,90.66,2871.3,37.85,30.49,0.000177,1.184,0.979,29.96,normal
414.35,179.61,129.66,40.68,91.57,24.718,20.035,88.51,2680.2,39.74,29.09,0.000192,1.18,1.025,31.32,normal
410.82,180.01,128.87,40.35,91.23,25.444,19.326,88.65,2857.1,42.0,26.7,0.000213,1.146,1.045,28.65,normal
415.63,181.33,131.38,38.66,90.35,25.153,18.445,91.85,2753.6,39.33,25.8,0.000164,1.209,0.977,33.09,normal
417.01,181.68,126.08,39.76,90.77,24.703,19.518,88.6,2996.2,37.9,29.12,0.000175,1.17,1.06,28.66,normal
407.52,179.48,129.47,39.82,90.13,24.627,19.769,89.5,2685.8,38.91,30.15,0.000199,1.178,1.045,27.98,normal
413.17,180.05,129.94,40.18,88.56,24.727,19.424,90.62,2705.7,39.35,28.86,0.000187,1.231,0.95,27.79,normal
415.02,180.45,129.21,38.92,88.82,24.852,20.346,90.96,2826.0,40.51,30.49,0.000162,1.284,1.064,28.45,normal
406.26,180.83,131.04,38.65,89.21,25.35,19.594,92.0,2768.3,41.68,29.78,0.000218,1.219,0.952,27.66,normal
406.2,179.8,131.44,40.52,91.82,24.374,20.006,89.44,2595.7,38.14,29.85,0.000186,1.195,0.973,31.5,normal
410.43,179.82,128.31,38.47,91.4,25.875,21.187,89.13,2961.5,43.59,33.33,0.000204,1.199,1.027,28.0,normal
414.5,182.07,132.51,39.77,88.6,25.351,20.059,93.11,2755.0,40.67,29.63,0.000202,1.257,1.042,29.73,normal
408.66,181.81,128.29,39.67,90.07,23.357,19.942,90.17,2714.2,35.09,29.65,0.000229,1.219,1.004,27.94,normal
415.38,180.72,131.55,39.88,89.48,25.051,19.954,91.45,2738.2,41.0,29.54,0.000211,1.21,0.975,27.65,normal
413.49,182.58,130.18,40.25,89.8,25.624,20.335,91.35,2942.5,42.77,29.8,0.000174,1.213,0.99,32.21,normal
405.07,179.42,129.4,41.6,89.3,25.233,20.273,88.95,2830.5,41.66,31.25,0.000235,1.129,0.985,33.21,normal
418.95,182.43,129.51,38.4,91.83,24.753,19.498,90.86,2912.4,39.11,28.79,0.000186,1.22,1.034,32.54,normal
416.7,180.81,129.96,40.88,89.98,24.963,19.794,89.96,2808.7,39.97,30.08,0.000176,1.156,0.984,27.06,normal
418.56,184.91,130.25,37.49,90.28,25.107,19.666,93.69,3025.8,39.44,28.54,0.000171,1.22,0.974,27.33,normal
433.64,178.21,128.9,41.39,90.29,25.462,19.859,87.71,2796.1,42.24,30.18,0.00013,1.163,0.941,33.96,normal
414.96,178.97,129.72,37.96,88.66,24.151,20.913,91.03,2624.1,37.0,31.26,0.000182,1.23,0.976,29.49,normal
408.89,180.63,129.08,42.44,90.14,24.637,20.309,88.55,2729.1,36.96,31.27,0.000212,1.192,0.995,27.25,normal
415.96,180.6,128.54,39.61,91.38,25.983,19.96,89.07,2972.5,42.43,30.43,0.000159,1.143,0.955,32.16,normal
403.13,182.93,129.02,41.29,91.91,25.02,20.622,89.36,2984.3,39.2,30.87,0.000251,1.185,0.93,30.13,normal
428.72,179.0,128.62,41.08,88.51,25.917,20.094,89.0,2842.2,39.97,31.15,0.000133,1.31,1.039,31.14,normal
419.18,181.36,129.5,39.56,88.03,26.791,19.181,91.62,3134.5,44.73,29.07,0.000177,1.086,0.96,25.52,normal
426.32,181.74,130.52,39.64,90.08,24.705,20.832,91.27,2779.7,39.94,31.82,0.000155,1.208,0.948,29.35,normal
409.65,181.06,130.14,39.16,91.44,24.282,19.922,90.3,2736.6,38.37,30.95,0.000228,1.149,1.063,31.9,normal
400.57,178.56,132.37,40.79,90.47,24.841,18.872,89.83,2559.4,39.95,25.66,0.00022,1.269,1.034,28.72,normal
416.73,182.11,127.35,39.58,90.88,25.659,19.2,89.49,3109.6,43.34,27.77,0.000192,1.241,1.041,32.47,normal
420.66,181.84,130.56,39.18,88.23,25.743,20.564,92.49,2901.1,41.59,29.45,0.000157,1.209,1.02,27.37,normal
419.07,180.9,130.01,40.54,89.26,26.363,19.208,90.55,2963.7,42.87,28.64,0.000164,1.246,1.052,29.77,normal
416.44,180.31,130.98,39.1,87.15,24.978,20.675,92.52,2704.8,40.43,30.62,0.000207,1.212,1.035,33.29,normal
415.23,180.34,130.86,39.67,89.81,25.293,20.041,90.86,2750.4,41.2,28.55,0.00018,1.2,0.986,27.7,normal
418.06,179.88,129.8,40.11,87.19,24.573,20.357,91.19,2672.9,37.51,31.18,0.000183,1.17,0.957,30.54,normal
408.91,180.96,130.21,39.36,91.73,23.496,19.872,90.04,2615.7,35.6,30.48,0.000198,1.182,0.949,31.17,normal
408.89,180.05,129.11,39.51,92.02,24.976,20.262,88.81,2762.9,40.47,30.39,0.000188,1.177,0.994,30.18,normal
419.59,178.73,130.74,41.53,90.18,24.308,20.158,88.87,2566.3,38.3,30.54,0.000148,1.201,0.956,29.5,normal
418.51,178.43,127.75,39.8,88.03,25.386,19.981,89.17,2818.3,41.85,31.36,0.00016,1.105,0.968,28.25,normal
421.83,178.87,130.93,39.64,90.49,23.871,19.467,89.83,2532.7,36.14,27.82,0.000161,1.251,0.994,30.39,normal
412.21,180.33,129.97,39.82,92.42,24.556,20.179,89.03,2675.8,37.31,29.7,0.000178,1.297,1.056,29.79,normal
418.41,179.96,129.42,40.45,90.62,25.161,19.091,89.15,2769.9,39.55,28.46,0.000203,1.178,0.94,27.13,normal
408.73,180.32,129.72,38.97,91.54,25.223,20.466,89.77,2780.4,41.51,31.45,0.000201,1.259,1.001,32.2,normal
406.51,180.75,129.81,40.43,89.37,24.972,20.098,90.38,2798.2,40.95,31.41,0.000236,1.193,0.95,28.18,normal
420.21,179.06,131.56,40.26,88.87,26.12,20.232,90.75,2722.4,43.12,29.59,0.000158,1.17,0.978,27.18,normal
412.48,182.2,133.88,38.21,89.91,25.942,18.692,93.97,2790.5,44.27,25.13,0.000209,1.181,1.037,28.81,normal
418.71,179.6,131.46,41.79,87.5,24.589,19.437,90.88,2605.2,38.66,27.35,0.000176,1.204,0.966,28.21,normal
412.03,179.35,129.32,41.46,92.94,25.966,19.747,87.13,2857.8,42.31,29.89,0.000259,1.164,0.989,29.48,normal
410.98,180.72,130.76,39.2,90.18,26.057,20.337,91.05,2832.8,41.69,31.88,0.000197,1.23,1.006,27.52,normal
416.99,177.25,130.81,38.88,91.13,24.926,19.529,88.99,2537.8,39.71,29.6,0.000183,1.174,1.028,30.9,normal
411.11,178.81,128.89,40.23,89.4,25.027,21.274,89.04,2708.8,41.14,33.97,0.000208,1.146,0.978,32.76,normal
415.77,181.47,128.49,38.57,87.99,24.97,19.868,91.68,2925.4,41.18,30.65,0.000206,1.199,1.05,30.21,normal
416.59,177.39,129.92,41.36,91.85,24.613,19.492,87.04,2595.3,39.96,28.16,0.000189,1.165,0.982,27.11,normal
410.71,181.68,130.97,39.53,88.54,24.673,19.907,92.29,2707.1,39.56,28.16,0.000218,1.184,1.019,28.17,normal
399.29,182.27,128.07,41.62,90.45,25.792,19.525,89.1,3076.8,43.91,27.43,0.000245,1.197,0.992,30.44,normal
406.39,179.45,129.13,39.18,90.58,25.262,19.408,89.41,2793.0,39.79,27.26,0.000228,1.133,1.03,26.07,normal
409.7,180.44,130.69,39.89,90.1,24.667,20.505,90.57,2736.0,40.23,29.83,0.000196,1.273,1.081,27.53,normal
402.17,181.68,130.05,41.27,88.98,24.444,20.257,90.73,2746.5,38.7,29.61,0.000253,1.241,0.989,26.7,normal
407.09,179.3,131.7,39.68,89.81,24.545,20.258,90.75,2547.6,38.91,29.96,0.000214,1.168,0.999,30.23,normal
416.46,181.3,128.31,40.27,88.76,24.902,20.638,90.27,2911.2,38.29,32.23,0.000167,1.199,0.983,34.32,normal
410.92,178.99,132.82,41.09,91.05,25.548,20.243,89.82,2580.4,41.93,30.9,0.000202,1.232,0.977,27.48,normal
412.38,179.28,128.15,39.44,90.74,24.484,19.466,88.63,2741.0,39.68,29.78,0.000193,1.21,0.972,31.63,normal
414.45,178.8,127.57,38.74,89.97,25.541,20.354,88.83,2865.3,39.44,29.97,0.000184,1.294,0.999,28.87,normal
407.53,180.51,129.93,38.54,89.26,25.118,19.437,91.32,2811.0,41.14,28.79,0.000209,1.188,0.969,27.36,normal
422.83,181.74,128.64,40.58,92.74,25.086,19.761,88.53,2964.5,37.96,30.41,0.000144,1.259,0.97,33.13,normal
401.2,179.72,129.95,40.39,88.31,25.615,19.977,90.49,2802.3,40.37,29.53,0.000248,1.133,0.873,34.32,normal
407.34,178.09,129.91,41.06,87.99,25.506,19.926,89.47,2695.5,41.37,29.45,0.000218,1.141,1.055,30.82,normal
422.28,178.38,129.77,39.73,89.89,24.157,19.104,89.26,2603.4,39.19,28.73,0.000145,1.284,1.066,30.73,normal
399.47,180.59,128.99,38.57,89.66,24.35,19.516,90.67,2770.5,38.02,28.42,0.000218,1.178,1.026,30.12,normal
420.56,182.77,130.52,37.65,91.43,24.862,19.989,92.1,2862.5,40.07,31.12,0.000213,1.142,0.965,29.7,normal
407.58,180.59,129.62,42.87,90.84,25.214,19.695,88.24,2861.4,39.71,28.0,0.000244,1.198,0.949,30.68,normal
405.49,179.42,131.32,40.53,90.04,25.819,20.563,90.09,2699.9,42.19,32.83,0.000252,1.263,0.937,31.35,normal
401.3,181.15,129.78,40.14,90.65,25.039,20.649,90.07,2821.6,40.06,32.78,0.000257,1.162,1.026,33.33,normal
414.65,179.64,128.84,40.28,90.63,26.022,19.44,88.79,2878.7,44.62,27.74,0.000192,1.198,1.051,28.95,normal
405.26,179.43,127.97,38.57,92.73,24.576,20.03,88.05,2766.1,38.04,29.83,0.000216,1.107,1.007,30.25,normal
417.28,178.56,129.79,39.21,90.33,24.677,20.791,89.41,2609.4,38.42,31.18,0.000186,1.177,1.034,29.82,normal
401.17,182.11,128.48,41.74,89.11,24.817,19.933,89.83,2917.0,40.55,29.42,0.000229,1.25,1.018,32.05,normal
419.12,176.19,128.38,40.66,90.26,24.51,19.797,86.82,2589.1,38.35,28.2,0.000135,1.161,0.969,34.8,normal
416.63,181.2,130.63,39.24,86.6,25.696,20.43,92.99,2779.5,42.14,29.75,0.000162,1.136,1.04,32.12,normal
421.11,179.3,127.87,38.77,89.96,23.338,19.863,89.22,2631.2,35.78,28.63,0.000187,1.161,1.038,31.6,normal
408.74,179.38,131.69,39.48,91.42,24.698,20.635,90.07,2588.5,38.5,32.57,0.000198,1.17,0.96,31.82,normal
413.34,182.54,130.19,39.68,90.78,25.689,19.703,91.13,2950.1,39.95,27.71,0.000205,1.238,1.032,32.53,normal
398.18,178.93,129.95,42.05,90.39,24.813,19.763,88.22,2623.5,40.54,30.46,0.000238,1.219,0.994,34.83,normal
416.29,178.98,128.76,39.81,90.84,25.644,20.395,88.54,2862.0,41.99,31.81,0.00018,1.229,0.99,26.63,normal
426.5,179.8,130.92,38.81,91.43,26.319,20.05,90.23,2858.9,42.6,31.19,0.000161,1.201,1.016,31.2,normal
416.84,180.62,130.0,39.94,91.85,25.048,20.054,89.41,2824.0,40.92,30.42,0.000188,1.169,1.014,24.84,normal
407.67,179.34,129.18,40.26,90.58,25.701,19.045,88.83,2819.5,44.05,28.79,0.000182,1.161,1.036,31.9,normal
410.21,177.64,130.24,38.72,89.59,26.451,19.823,89.77,2763.5,45.47,28.38,0.000217,1.222,0.966,31.1,normal
403.33,178.7,127.98,40.4,86.99,25.241,20.432,89.63,2794.7,42.78,32.27,0.000246,1.279,1.023,28.91,normal
410.54,181.92,128.04,41.21,91.27,24.971,19.608,88.73,2928.1,38.69,31.38,0.000243,1.153,0.954,24.66,normal
406.95,180.11,128.66,40.14,90.67,25.541,20.35,88.98,2857.7,41.82,30.74,0.000233,1.149,0.993,29.97,normal
410.02,180.68,130.42,39.2,90.2,25.711,20.134,90.85,2848.7,42.42,30.32,0.000183,1.143,0.996,30.45,normal
413.13,179.61,130.0,39.47,89.11,24.977,19.9,90.51,2751.2,39.82,28.99,0.000195,1.242,1.039,29.87,normal
407.9,179.01,131.26,38.34,91.25,24.71,20.679,90.31,2634.5,38.84,31.91,0.000213,1.198,1.0,28.76,normal
408.18,182.52,128.9,39.87,89.67,26.03,19.83,90.93,3069.2,40.06,29.69,0.000177,1.228,0.99,28.21,normal
415.64,179.72,130.69,40.31,89.96,24.838,19.865,90.07,2658.6,41.23,27.75,0.00018,1.175,1.057,29.9,normal
410.96,179.33,129.86,39.1,89.93,25.716,19.894,90.08,2796.0,40.47,30.21,0.000211,1.231,0.983,28.4,normal
421.47,181.64,128.87,41.94,90.58,25.158,20.04,88.98,2950.1,41.36,31.0,0.000159,1.186,0.981,31.62,normal
411.4,178.92,130.46,40.79,88.51,26.096,20.383,90.04,2830.5,43.22,30.34,0.000233,1.123,0.925,29.84,normal
413.78,179.11,129.92,38.21,90.73,24.491,19.264,90.03,2685.5,38.51,27.7,0.000188,1.246,0.991,26.55,normal
404.09,180.02,129.25,38.23,89.06,24.489,20.434,90.98,2767.7,38.34,31.86,0.000216,1.198,0.962,30.35,normal
408.44,180.0,130.05,39.02,89.11,25.513,20.034,90.96,2844.4,41.69,29.35,0.000206,1.184,0.99,30.83,normal
406.45,180.39,129.84,41.57,91.15,24.322,20.277,88.75,2706.8,38.71,31.35,0.000238,1.214,1.01,33.24,normal
428.88,183.14,129.82,40.89,88.71,25.07,21.196,91.65,2949.4,41.15,33.53,0.000136,1.128,0.957,31.86,normal
406.51,180.5,129.5,41.62,91.15,25.929,19.744,88.62,2941.0,42.59,31.18,0.000238,1.222,0.967,28.2,normal
406.08,176.43,128.43,40.01,90.13,23.929,19.388,87.36,2542.3,35.76,28.26,0.000237,1.17,0.936,32.85,normal
410.47,180.49,130.09,39.79,87.86,25.241,20.097,91.46,2824.8,39.46,29.84,0.000208,1.192,0.98,27.23,normal
410.16,180.06,129.04,38.75,91.77,25.727,20.176,89.28,2869.5,43.16,30.67,0.000216,1.257,0.962,30.06,normal
417.46,180.07,128.78,40.35,90.4,24.984,20.436,89.04,2861.1,39.68,31.28,0.000218,1.232,1.086,31.51,normal
417.17,180.37,129.71,39.8,90.51,24.444,19.731,89.88,2709.2,37.39,30.58,0.000173,1.191,1.06,32.92,normal
411.51,179.96,130.88,39.77,91.31,24.842,19.585,89.88,2715.5,38.81,30.15,0.000202,1.195,1.054,33.78,normal
408.5,179.92,130.22,41.62,91.95,24.497,19.234,88.29,2675.7,38.47,27.38,0.000227,1.072,0.948,32.55,normal
419.49,180.92,129.36,39.87,90.26,25.041,19.316,90.07,2824.3,38.84,28.03,0.000146,1.159,0.993,29.73,normal
404.2,179.19,129.31,41.33,90.8,24.834,19.792,88.18,2665.0,39.49,28.89,0.000214,1.208,0.952,31.16,normal
405.44,178.58,130.76,38.41,90.48,24.692,19.942,90.21,2590.9,40.37,29.15,0.000203,1.162,1.074,30.45,normal
406.75,184.54,127.12,42.69,89.55,25.28,21.033,89.61,3155.6,40.69,30.24,0.000219,1.134,1.033,28.58,normal
424.18,178.93,130.96,39.63,87.94,25.947,19.154,91.16,2710.6,41.0,29.1,0.000162,1.224,0.958,29.77,normal
421.35,180.15,127.75,40.71,90.28,25.197,20.168,88.45,2919.9,41.44,29.92,0.000178,1.265,1.015,33.6,normal
415.64,177.76,128.3,40.87,91.79,25.806,19.637,86.7,2762.2,43.46,28.67,0.000158,1.164,0.941,31.29,normal
419.53,180.17,129.38,39.5,90.76,25.947,20.111,89.65,2936.3,43.93,32.52,0.000158,1.244,0.995,34.12,normal
409.16,178.6,132.6,40.82,88.61,24.648,19.723,90.88,2569.8,39.05,28.75,0.000225,1.236,0.993,27.84,normal
412.98,179.34,132.01,40.87,91.43,25.165,20.518,89.52,2605.5,42.81,31.27,0.000182,1.151,1.03,29.24,normal
421.49,181.57,130.85,39.29,89.6,24.745,20.515,91.77,2797.3,40.0,31.62,0.00018,1.164,1.04,30.83,normal
410.39,180.71,130.43,39.3,87.28,24.111,19.943,92.27,2625.1,40.47,30.12,0.000233,1.29,1.001,31.48,normal
416.05,180.85,127.77,40.05,91.32,25.213,20.72,88.62,2956.7,41.97,31.48,0.00019,1.144,0.991,29.77,normal
408.25,177.34,130.19,39.88,88.77,24.369,20.38,89.44,2538.7,39.4,31.93,0.000229,1.17,0.871,31.6,normal
412.03,182.76,129.34,41.39,92.31,25.291,20.696,89.19,3064.2,40.22,32.03,0.000169,1.298,1.062,31.59,normal
420.05,178.21,129.02,40.7,91.49,24.066,19.978,87.52,2593.4,36.4,30.03,0.00019,1.172,0.974,27.22,normal
419.85,182.29,130.19,39.93,89.7,25.103,20.476,91.42,2891.5,40.41,30.76,0.000173,1.268,1.004,31.51,normal
411.7,181.53,129.43,40.61,90.6,24.058,19.616,89.88,2751.8,37.13,28.87,0.000216,1.149,1.09,32.15,normal
410.95,180.87,131.04,37.95,93.15,25.404,19.565,90.38,2773.4,40.63,29.62,0.000194,1.207,0.952,30.59,normal
406.53,178.72,127.68,39.38,91.3,24.764,21.09,87.85,2776.6,39.19,33.79,0.000222,1.254,1.001,26.32,normal
414.04,180.23,130.09,40.29,90.31,24.706,19.457,89.86,2719.5,38.96,28.21,0.000205,1.177,1.02,29.45,normal
427.45,179.29,128.95,41.12,93.76,25.676,19.782,86.68,2825.0,41.33,28.79,0.000142,1.205,1.044,30.88,normal
421.1,180.04,129.51,40.2,90.15,24.807,19.051,89.6,2766.0,40.1,28.19,0.000192,1.237,1.0,28.27,normal
417.91,179.63,130.37,41.46,90.76,25.067,19.577,88.89,2689.6,39.44,29.11,0.000154,1.155,1.047,31.84,normal
410.44,176.94,128.66,40.87,88.78,24.881,19.503,87.98,2630.9,39.61,29.37,0.00021,1.312,0.983,31.46,normal
401.65,181.68,130.2,39.51,87.82,25.304,19.665,92.26,2923.8,39.67,28.33,0.000217,1.252,1.022,30.27,normal
399.66,179.88,129.75,39.86,89.63,25.626,20.15,90.07,2822.9,41.92,30.39,0.00022,1.182,1.017,30.03,normal
415.57,179.27,129.21,40.41,90.05,25.501,20.271,89.01,2835.4,41.66,31.44,0.000196,1.188,0.996,30.39,normal
417.95,179.16,129.44,39.55,90.43,24.72,19.497,89.31,2701.9,38.24,28.08,0.000151,1.296,1.013,29.99,normal
403.88,180.54,129.81,41.53,88.15,25.725,19.605,90.32,2893.8,42.18,30.45,0.000206,1.182,0.965,27.43,normal
406.12,178.66,129.08,38.89,90.86,24.45,20.542,88.99,2661.7,38.33,32.78,0.000212,1.176,0.988,29.14,normal
415.15,176.62,130.01,40.32,88.92,24.555,20.853,88.69,2440.2,38.27,32.18,0.000195,1.257,0.949,30.14,normal
413.94,180.61,129.67,40.74,90.79,24.923,20.628,89.37,2792.4,39.33,31.56,0.000203,1.13,0.982,32.84,normal
416.18,180.78,129.27,39.69,91.22,25.628,19.177,89.57,2874.3,42.27,28.07,0.000143,1.196,1.046,31.38,normal
417.45,179.7,131.91,39.46,89.49,24.298,20.595,91.33,2545.8,38.03,31.76,0.000202,1.204,1.017,32.94,normal
410.62,178.28,130.5,39.92,88.75,25.535,20.927,90.05,2704.8,42.51,33.52,0.000197,1.165,1.012,27.19,normal
420.24,180.13,129.54,40.81,92.01,24.967,19.152,88.43,2833.4,38.87,27.04,0.000164,1.122,0.936,29.29,normal
410.31,177.8,130.18,39.5,91.13,24.74,20.541,88.66,2550.0,39.07,30.78,0.000216,1.203,1.013,34.15,normal
415.34,178.46,128.77,38.93,90.2,25.659,20.113,89.05,2797.9,41.3,30.52,0.000185,1.234,0.997,28.51,normal
407.93,178.87,129.48,41.15,91.91,24.518,19.836,87.64,2665.1,38.68,29.96,0.000207,1.166,1.021,28.47,normal
410.27,181.27,129.62,40.4,90.11,26.371,20.053,90.18,2998.0,44.31,30.11,0.000215,1.141,1.055,29.46,normal
412.25,179.46,128.5,41.01,89.19,24.894,20.222,88.87,2792.2,38.51,31.32,0.00021,1.263,0.984,34.04,normal
419.02,179.33,130.46,40.76,88.7,25.09,20.579,90.17,2714.0,40.85,32.67,0.00016,1.226,0.987,28.66,normal
415.22,182.93,129.39,42.18,89.86,25.926,20.553,90.11,3040.5,44.87,32.11,0.000188,1.182,1.037,31.11,normal
406.64,180.53,129.57,41.11,91.0,25.106,19.247,88.99,2808.4,40.48,28.29,0.000264,1.246,0.976,30.78,normal
403.94,180.51,129.32,39.28,91.81,25.713,19.676,89.37,2907.7,41.21,28.96,0.000242,1.212,1.003,26.14,normal
411.23,179.45,133.55,40.47,90.03,23.828,20.047,91.24,2384.9,36.4,30.19,0.000225,1.289,0.92,29.97,normal
410.6,179.11,129.2,39.44,91.58,24.734,20.786,88.64,2697.6,38.91,31.06,0.000208,1.233,0.988,28.89,normal
423.66,176.72,127.52,39.55,89.72,25.238,18.636,87.48,2729.9,40.02,25.47,0.00017,1.131,1.052,31.36,normal
408.05,181.45,128.08,38.59,88.98,25.649,19.695,90.97,2994.0,42.61,30.19,0.000195,1.167,1.013,33.48,normal
420.23,180.67,130.91,39.71,88.3,25.462,19.236,91.78,2758.1,39.52,29.37,0.000187,1.169,1.036,29.31,normal
411.15,179.73,131.6,40.55,89.34,25.406,19.315,90.72,2657.1,41.45,27.08,0.000197,1.215,1.038,29.31,normal
428.82,179.79,129.18,39.93,88.35,25.637,20.493,90.34,2853.3,43.14,31.78,0.000157,1.185,1.054,35.04,normal
409.76,181.1,131.53,38.9,92.61,25.285,19.734,90.55,2798.5,42.05,28.07,0.000229,1.144,0.986,28.58,normal
430.45,177.67,130.89,38.48,90.57,23.714,18.833,89.73,2452.2,37.4,28.24,0.000119,1.229,1.038,27.31,normal
407.86,179.12,129.77,42.11,89.88,25.865,19.921,88.45,2779.2,41.87,29.77,0.000226,1.25,1.09,32.76,normal
411.13,178.3,129.69,40.33,92.24,24.497,21.018,87.7,2666.1,40.02,34.82,0.000226,1.195,0.999,29.9,normal
404.0,182.66,130.22,39.18,88.31,25.188,19.097,92.69,2890.9,40.91,27.1,0.00027,1.21,0.947,30.57,normal
413.56,181.31,131.05,40.46,89.82,25.109,20.266,91.04,2824.0,41.74,30.32,0.000193,1.152,0.976,34.46,normal
418.58,176.7,130.48,42.19,92.6,25.028,20.784,86.17,2542.7,41.16,32.47,0.000184,1.174,1.019,27.19,normal
398.79,177.73,129.19,40.62,89.81,24.336,19.975,88.24,2606.9,38.42,30.66,0.000204,1.176,0.934,29.61,normal
407.42,179.8,129.79,37.21,93.18,23.837,20.964,89.57,2611.6,36.47,33.3,0.000217,1.228,0.97,27.53,normal
413.39,179.29,132.38,42.65,91.02,24.399,19.67,89.0,2509.2,40.65,29.89,0.000197,1.213,0.987,30.67,normal
420.99,178.01,130.3,38.15,91.7,25.496,20.723,89.2,2717.7,39.66,31.8,0.000165,1.184,1.004,28.89,normal
413.9,182.92,131.04,39.79,91.74,24.132,20.605,91.22,2748.6,37.36,32.44,0.000217,1.182,1.072,27.65,normal
411.84,180.47,130.65,38.87,90.0,24.472,19.984,91.12,2710.5,37.09,31.73,0.0002,1.102,1.028,31.46,normal
416.5,180.71,130.33,39.26,89.37,25.251,19.256,91.21,2800.4,40.84,28.66,0.00017,1.28,0.955,30.02,normal
424.81,178.96,130.13,40.28,89.85,24.384,19.499,89.48,2616.0,38.6,28.01,0.000151,1.096,1.155,27.5,normal
405.2,181.08,131.08,37.93,88.72,24.674,18.828,92.76,2733.2,38.42,27.25,0.000274,1.221,0.999,27.62,normal
411.59,179.43,130.86,39.91,89.91,25.049,20.297,90.23,2672.9,39.57,29.24,0.000225,1.202,0.933,30.42,normal
409.39,179.57,130.32,41.15,89.99,25.17,20.237,89.37,2704.0,39.17,31.21,0.000217,1.187,0.958,26.66,normal
423.63,180.92,129.17,39.16,92.2,24.372,20.04,89.36,2751.9,38.66,28.77,0.000197,1.2,0.959,30.45,normal
409.66,177.56,130.46,38.61,90.77,25.085,19.939,89.3,2616.3,39.78,30.41,0.000221,1.167,0.946,32.68,normal
419.16,182.4,129.92,39.86,93.07,25.239,20.679,89.69,2847.5,41.11,31.83,0.000168,1.233,1.021,31.33,normal
418.36,180.27,129.63,39.66,87.19,24.236,20.149,91.52,2711.6,37.3,31.21,0.000206,1.134,0.893,28.75,normal
417.72,181.92,133.21,39.4,88.42,25.129,19.723,93.66,2649.6,40.62,29.29,0.000207,1.216,1.039,30.55,normal
421.0,178.39,128.15,38.81,89.54,24.57,20.074,89.09,2720.6,39.51,31.33,0.000169,1.166,1.033,27.5,normal
409.77,178.62,131.15,40.52,91.94,25.074,21.024,88.64,2658.5,40.69,33.28,0.000197,1.179,0.982,30.27,normal
415.42,178.26,128.96,40.6,89.86,25.434,20.311,88.38,2731.6,41.47,31.73,0.000188,1.18,1.037,29.35,normal
418.86,180.38,130.16,38.93,88.09,24.894,19.805,91.75,2766.0,39.59,29.17,0.000177,1.192,0.956,27.92,normal
423.43,180.1,133.08,39.07,89.68,25.548,19.978,92.2,2676.3,42.07,29.59,0.000184,1.225,0.966,31.25,normal
433.56,179.3,128.85,40.14,88.44,25.474,20.232,89.78,2810.6,40.77,29.51,0.000149,1.198,1.022,26.05,normal
405.08,178.48,129.13,39.04,88.19,25.545,19.789,90.19,2753.8,41.39,28.52,0.000232,1.247,0.992,27.63,normal
408.42,178.1,129.98,40.18,92.6,25.242,19.745,87.63,2683.5,41.05,29.39,0.000247,1.252,0.975,27.87,normal
414.38,179.93,128.98,41.47,89.54,25.66,19.994,88.94,2913.4,43.46,30.04,0.000172,1.215,0.995,28.99,normal
406.75,179.3,131.06,39.94,90.23,25.231,20.76,90.09,2746.2,40.06,32.4,0.000233,1.234,1.053,32.6,normal
409.54,178.97,129.36,38.79,89.88,24.0,20.395,89.83,2597.3,36.28,30.53,0.000199,1.301,1.051,31.51,normal
419.57,182.32,130.78,40.39,89.67,24.525,19.795,91.52,2800.0,38.93,29.59,0.0002,1.129,1.017,30.21,normal
420.53,179.88,128.4,39.82,88.91,24.873,20.435,89.77,2802.2,40.84,32.26,0.000161,1.254,0.986,30.12,normal
416.89,181.91,127.83,39.85,89.6,24.948,20.004,90.13,2933.9,40.66,30.36,0.000183,1.277,1.021,29.98,normal
410.33,179.2,129.73,40.48,90.44,25.215,20.172,89.01,2737.5,40.64,30.5,0.000216,1.222,0.966,32.74,normal
419.4,180.37,128.12,40.69,91.84,24.516,20.127,87.97,2811.1,39.84,30.57,0.000171,1.295,1.047,26.37,normal
418.31,179.92,131.82,40.04,91.23,26.205,18.945,90.23,2775.3,41.73,28.21,0.000178,1.289,1.038,31.54,normal
412.72,177.45,128.16,39.94,88.42,24.939,18.476,88.63,2716.8,40.83,26.15,0.000185,1.183,1.077,28.98,normal
424.28,182.14,128.75,42.06,91.29,24.995,20.113,88.76,2942.8,39.67,29.89,9.8e-05,1.187,0.968,31.01,normal
405.86,179.8,130.5,41.2,90.62,24.598,19.574,89.24,2704.4,39.48,28.45,0.00021,1.227,0.963,31.02,normal
403.17,181.12,129.3,40.83,89.19,24.398,19.18,90.19,2838.0,39.29,27.39,0.000219,1.169,1.022,31.47,normal
411.77,178.87,128.18,40.13,90.24,24.924,19.589,88.34,2780.2,39.98,28.44,0.000211,1.336,0.989,33.17,normal
404.81,179.75,132.45,38.99,90.74,25.017,20.462,91.21,2588.7,40.12,31.89,0.000228,1.239,1.04,27.26,normal
419.05,178.7,128.8,41.13,90.06,24.948,20.179,88.15,2732.9,39.46,31.85,0.000187,1.202,1.053,32.01,normal
404.75,181.85,129.76,40.14,90.62,25.993,20.386,90.42,2971.8,44.6,30.72,0.000254,1.129,1.068,29.87,normal
409.87,180.47,129.75,39.42,88.88,24.924,20.227,90.96,2763.3,40.13,29.89,0.000175,1.213,1.002,29.08,normal
412.35,180.55,130.85,39.76,92.59,24.948,19.541,89.52,2682.8,40.07,27.75,0.000193,1.141,1.035,34.07,normal
406.01,182.04,130.55,39.03,87.49,25.489,20.388,93.02,2846.5,42.93,32.44,0.00019,1.238,0.979,31.4,normal
407.32,181.73,129.01,41.06,90.75,24.897,20.293,89.46,2908.6,39.2,31.57,0.000206,1.075,1.009,29.17,normal
412.11,181.15,129.61,40.68,90.48,25.324,19.941,89.8,2893.8,40.69,29.3,0.000193,1.269,0.998,31.91,normal
409.59,177.87,129.73,40.18,90.84,24.233,20.029,88.28,2576.2,38.75,30.19,0.000197,1.179,0.996,29.91,normal
423.88,178.96,130.9,39.96,89.08,24.237,20.396,90.41,2555.3,39.6,32.2,0.00018,1.115,1.073,29.13,normal
418.09,178.49,128.6,39.32,91.52,25.073,19.625,88.12,2737.2,40.26,28.94,0.000187,1.199,0.946,28.79,normal
423.28,181.09,132.42,37.87,89.86,24.861,20.544,92.88,2620.8,39.99,32.17,0.000133,1.201,1.0,30.61,normal
414.49,180.26,129.09,38.59,88.46,24.515,20.283,91.15,2740.0,37.02,30.64,0.000224,1.197,1.002,28.77,normal
414.24,177.91,129.99,39.26,88.58,25.073,20.001,90.03,2621.6,41.49,29.77,0.000169,1.269,1.026,30.31,normal
414.04,179.72,128.61,39.11,90.16,25.125,20.766,89.53,2782.7,39.28,29.98,0.000185,1.219,0.956,31.77,normal
421.75,177.76,128.44,40.29,87.92,24.574,19.353,88.99,2672.7,38.24,27.95,0.000168,1.24,0.988,30.22,normal
405.49,179.92,128.95,40.81,92.34,24.689,19.77,87.86,2746.3,39.3,28.95,0.000217,1.188,0.976,33.95,normal
418.38,177.52,128.84,39.87,91.36,25.13,19.659,87.55,2692.6,39.73,29.5,0.000184,1.221,0.91,30.03,normal
426.9,180.79,129.5,41.41,92.37,24.387,20.179,88.26,2707.5,36.31,30.68,0.000127,1.135,1.046,32.7,normal
413.77,180.57,128.83,39.22,92.24,24.638,20.591,88.97,2822.2,37.73,31.77,0.000208,1.213,0.941,31.95,normal
423.89,182.86,130.83,39.86,89.54,25.32,19.508,92.14,2911.0,41.03,29.45,0.000178,1.162,0.936,33.05,normal
414.79,181.27,129.06,39.95,88.87,24.986,21.653,90.75,2854.6,41.46,32.74,0.000199,1.266,1.038,33.94,normal
409.14,179.37,128.93,41.09,86.52,24.714,19.669,90.32,2783.5,40.59,29.07,0.000225,1.204,0.987,26.48,normal
411.97,181.23,129.53,40.11,89.47,24.458,20.18,90.58,2779.4,38.84,29.55,0.00017,1.233,0.988,30.53,normal
413.95,177.9,131.19,40.13,92.3,24.392,20.001,88.3,2510.8,38.42,29.0,0.000198,1.213,0.989,29.78,normal
414.91,178.56,130.26,38.35,88.92,24.921,20.023,90.77,2601.2,40.57,29.83,0.000177,1.29,1.043,30.22,normal
407.37,180.5,129.88,39.1,89.73,26.215,19.604,90.78,2895.9,44.89,28.96,0.00023,1.122,0.978,29.21,normal
410.55,176.76,128.28,41.1,89.28,25.339,20.534,87.33,2683.2,41.1,31.86,0.000202,1.194,1.024,28.91,normal
414.93,179.94,128.63,37.92,90.49,24.2,19.573,90.08,2755.5,37.88,29.21,0.000199,1.152,0.954,27.8,normal
415.33,178.47,128.47,41.34,91.67,25.424,19.116,86.96,2825.8,41.43,26.99,0.000163,1.098,1.013,30.19,normal
409.89,180.15,131.57,40.5,88.0,24.545,19.439,91.61,2606.3,39.71,28.34,0.000223,1.149,1.036,31.87,normal
404.24,178.38,130.64,39.25,88.25,24.997,20.723,90.76,2630.9,38.62,33.13,0.000226,1.259,1.056,29.01,normal
409.6,180.64,128.97,39.17,91.93,24.647,20.625,89.25,2827.4,39.0,33.0,0.000177,1.198,0.938,29.34,normal
410.69,180.03,129.32,41.9,90.95,26.214,18.996,88.25,2914.0,43.96,27.1,0.000205,1.189,0.988,28.6,normal
411.71,182.1,129.01,41.41,89.66,24.32,20.407,90.0,2796.7,36.17,31.18,0.000218,1.239,1.064,28.01,normal
398.7,180.01,128.94,39.88,92.22,25.188,19.009,88.42,2851.5,41.46,26.66,0.000267,1.206,1.037,29.53,normal
411.4,178.85,130.55,40.13,88.23,24.589,19.986,90.52,2625.3,39.9,30.79,0.000212,1.231,0.992,30.69,normal
411.39,179.63,129.65,39.35,91.21,25.443,19.396,89.36,2806.1,39.34,30.24,0.0002,1.216,1.0,32.51,normal
409.5,177.98,132.5,40.13,89.91,25.176,20.445,90.2,2548.2,40.1,30.79,0.000195,1.227,1.012,27.62,normal
415.57,180.61,131.5,39.33,90.79,25.753,20.277,90.99,2813.6,41.81,31.69,0.000197,1.178,0.985,29.94,normal
406.35,180.88,131.57,39.92,86.9,25.431,20.49,92.81,2777.6,40.36,31.92,0.000223,1.252,1.022,32.36,normal
418.9,183.7,130.81,41.81,89.66,24.584,19.852,91.5,2825.8,38.06,29.47,0.000174,1.139,1.02,27.64,normal
402.29,179.07,129.49,39.9,90.96,26.75,19.904,88.85,2872.0,44.66,29.19,0.000228,1.196,0.955,32.53,normal
421.43,179.6,130.72,38.95,89.92,25.333,19.25,90.72,2734.8,41.57,29.99,0.000154,1.255,0.98,29.12,normal
411.96,179.14,129.58,38.63,91.63,24.67,19.485,89.22,2691.5,40.3,29.24,0.00022,1.192,0.982,31.42,normal
409.48,180.32,131.96,40.13,91.59,25.123,20.474,90.27,2677.2,40.91,32.06,0.000228,1.178,0.99,29.56,normal
412.33,180.57,130.49,39.24,88.75,25.379,20.184,91.53,2847.2,40.18,30.33,0.000224,1.314,1.011,30.92,normal
414.05,179.92,130.31,40.25,91.07,25.356,20.052,89.46,2794.6,41.82,30.19,0.000208,1.271,1.007,33.22,normal
412.03,181.63,130.15,38.38,88.71,25.298,20.631,92.34,2859.4,41.47,30.75,0.000212,1.207,0.971,29.76,normal
418.28,179.07,132.09,40.69,90.07,25.58,19.35,90.2,2622.1,38.75,28.88,0.000188,1.151,1.054,31.99,normal
417.18,181.48,128.28,38.94,90.85,25.521,20.36,89.98,3006.3,42.75,30.68,0.000166,1.098,1.0,30.55,normal
413.66,180.81,132.21,40.05,88.91,24.491,19.41,92.03,2632.6,38.68,27.61,0.000207,1.235,1.059,28.43,normal
412.58,179.98,129.78,39.66,91.02,26.265,20.739,89.54,2894.5,43.89,31.34,0.000202,1.263,1.058,29.71,normal
415.58,179.53,128.31,41.72,89.34,26.181,20.272,88.38,2867.9,41.72,32.67,0.000228,1.22,0.958,29.58,normal
414.66,183.64,129.1,40.17,89.25,25.481,20.482,91.63,3028.8,43.01,31.08,0.000196,1.114,0.98,27.18,normal
406.89,178.77,128.02,41.95,90.92,25.023,19.649,86.96,2819.6,40.4,29.35,0.000205,1.208,0.983,30.92,normal
412.39,180.45,130.78,40.56,88.91,25.034,21.091,90.88,2696.3,40.87,32.05,0.000209,1.176,1.013,31.32,normal
406.13,178.87,128.75,41.43,88.85,24.806,20.999,88.67,2752.6,38.12,32.6,0.000217,1.208,1.029,31.62,normal
410.96,182.68,130.2,39.79,91.35,24.883,20.215,90.87,2886.0,40.18,29.49,0.000228,1.297,1.006,32.86,normal
420.76,181.33,131.36,40.35,90.14,23.688,20.588,91.1,2574.3,36.83,31.9,0.000171,1.239,0.978,31.91,normal
406.85,178.98,129.19,41.22,88.11,25.918,19.849,89.42,2866.0,42.53,28.87,0.000221,1.229,1.066,28.79,normal
409.62,180.77,129.68,40.9,91.11,25.706,19.366,89.21,2887.0,40.76,28.95,0.000195,1.198,0.982,29.22,normal
410.12,180.39,128.44,40.53,89.47,23.994,20.398,89.4,2737.9,37.09,29.65,0.000219,1.221,1.03,31.68,normal
401.8,179.23,129.53,39.67,88.18,25.534,19.54,90.45,2756.9,40.6,28.26,0.000244,1.164,0.999,30.78,normal
420.56,181.14,133.09,39.84,86.74,24.995,20.655,93.82,2681.1,39.29,32.73,0.000137,1.228,0.997,29.96,normal
404.7,180.58,130.93,41.14,91.17,24.881,20.524,89.6,2682.0,40.82,32.66,0.000236,1.19,1.027,28.25,normal
415.95,180.32,129.68,41.35,88.88,25.296,20.118,89.88,2782.1,40.94,30.32,0.000196,1.159,1.062,28.94,normal
411.33,179.94,129.27,39.41,88.38,23.954,20.09,90.7,2674.6,36.96,29.93,0.000174,1.241,1.012,31.17,normal
412.08,180.65,129.95,39.26,90.83,24.993,20.495,90.25,2758.2,38.81,31.44,0.000187,1.088,0.98,26.1,normal
427.78,180.34,130.16,39.1,91.05,25.048,20.137,90.18,2827.6,40.09,32.01,0.000169,1.173,1.059,25.32,normal
418.08,180.09,129.5,40.83,88.98,25.048,19.798,89.88,2758.3,39.99,29.24,0.000215,1.231,1.02,31.39,normal
423.04,179.04,130.64,39.07,91.19,24.18,19.243,89.7,2598.6,36.69,27.99,0.000169,1.261,1.007,28.93,normal
406.95,182.54,128.86,40.82,92.67,25.268,20.479,88.95,3033.6,41.86,30.46,0.000236,1.224,1.041,30.94,normal
412.34,178.42,128.85,40.55,91.75,25.636,20.183,87.49,2817.4,42.89,29.95,0.000221,1.166,1.013,33.15,normal
410.15,180.64,130.44,39.45,91.55,25.244,21.378,90.04,2765.2,39.93,34.17,0.000207,1.197,1.098,27.97,normal
412.71,179.52,128.6,41.56,90.41,24.862,19.952,88.07,2795.6,40.0,30.59,0.000139,1.215,1.0,26.66,normal
417.44,182.64,130.87,38.54,89.42,26.613,20.151,92.78,3071.4,42.91,30.65,0.00016,1.278,1.046,29.45,normal
411.36,178.64,129.98,41.66,89.93,24.445,20.163,88.52,2572.0,38.73,31.11,0.000198,1.246,1.018,28.63,normal
413.09,178.9,127.81,40.32,90.57,25.464,20.325,87.91,2895.1,42.13,30.08,0.000199,1.246,1.018,29.95,normal
410.03,178.55,130.13,37.93,88.37,25.146,19.517,91.19,2693.0,39.3,27.83,0.000228,1.203,0.986,31.08,normal
434.9,180.49,127.98,41.59,89.0,26.207,19.961,88.91,3084.1,43.56,30.53,0.000113,1.146,0.986,30.65,normal
416.89,177.94,130.83,40.97,88.14,25.232,20.414,89.83,2627.9,40.8,30.75,0.000177,1.13,1.02,30.09,normal
404.59,179.28,129.7,39.57,90.31,25.361,19.834,89.55,2770.8,43.93,28.61,0.000225,1.185,0.965,32.12,normal
413.79,176.77,132.22,39.04,90.11,25.303,20.395,89.89,2500.5,43.46,31.24,0.00019,1.235,0.977,31.34,normal
417.82,180.36,131.29,38.43,89.15,24.365,20.048,92.03,2593.4,38.51,30.2,0.000186,1.175,1.001,29.64,normal
420.81,179.25,128.73,42.42,91.07,24.479,20.201,87.24,2696.3,37.85,30.39,0.000152,1.229,1.05,31.27,normal
404.29,177.77,127.58,39.08,88.64,24.835,20.576,88.81,2744.4,39.77,32.84,0.000232,1.16,1.003,26.91,normal
417.44,181.63,129.09,38.74,89.1,25.574,19.886,91.44,2940.1,42.8,31.19,0.000185,1.168,1.003,32.13,normal
402.76,178.04,128.53,40.27,91.01,25.14,19.274,87.64,2719.6,38.73,28.84,0.000233,1.27,0.958,30.04,normal
401.97,181.2,132.19,38.36,91.21,24.876,19.867,91.89,2743.0,37.55,29.98,0.000244,1.238,1.068,27.6,normal
407.88,178.95,129.99,39.02,88.97,25.823,19.587,90.48,2835.3,41.26,30.0,0.00024,1.185,1.044,29.17,normal
409.87,182.4,131.12,40.99,90.3,23.811,18.937,91.11,2610.1,37.4,27.32,0.000199,1.158,1.049,32.08,normal
413.92,181.12,129.66,40.46,88.99,24.223,19.947,90.66,2743.8,38.61,29.7,0.000185,1.247,0.942,28.46,normal
415.75,178.49,129.78,39.61,89.74,23.502,20.1,89.46,2482.4,36.23,29.8,0.000183,1.244,1.014,30.82,normal
402.85,178.62,129.96,40.02,90.19,25.725,20.51,89.19,2788.6,43.22,30.77,0.000259,1.232,0.962,31.76,normal
410.06,180.91,131.33,39.56,90.73,24.942,19.43,90.97,2727.3,39.65,29.22,0.000194,1.191,1.031,30.05,normal
408.84,179.61,130.37,39.94,90.41,25.58,20.044,89.81,2814.5,41.41,28.92,0.000232,1.145,1.013,28.27,normal
406.72,179.75,128.73,39.24,90.36,24.934,20.564,89.44,2772.6,40.2,31.06,0.000214,1.199,1.021,29.87,normal
421.56,181.91,131.95,39.42,88.6,25.614,19.713,92.92,2786.8,43.5,28.95,0.000188,1.27,0.971,27.18,normal
412.54,178.88,129.65,39.39,90.5,24.924,20.268,89.31,2692.8,40.19,29.6,0.000192,1.155,0.958,29.02,normal
409.31,180.14,129.45,39.27,90.72,25.246,20.799,89.8,2797.1,40.62,31.88,0.000236,1.202,0.974,27.79,normal
415.62,181.43,126.6,41.04,90.9,25.158,19.069,88.03,3031.8,40.86,27.61,0.000201,1.282,1.012,29.91,normal
413.76,181.21,130.76,40.77,89.06,25.203,20.136,91.07,2833.0,42.01,31.19,0.000186,1.185,0.99,27.46,normal
413.14,179.76,130.12,39.07,91.19,26.011,20.581,89.81,2854.6,42.6,31.18,0.000176,1.194,1.01,30.17,normal
414.13,179.57,130.12,38.81,88.29,24.025,19.825,91.3,2604.6,36.79,29.61,0.00021,1.132,0.959,32.27,normal
409.81,177.39,129.52,39.84,89.44,24.959,20.693,88.81,2630.4,39.41,30.7,0.000185,1.231,1.0,32.39,normal
404.75,178.42,129.31,42.16,89.64,25.119,20.317,87.96,2666.2,41.16,29.89,0.000218,1.163,1.056,27.51,normal
402.66,180.48,129.56,38.97,88.36,25.029,20.885,91.35,2745.3,39.3,30.91,0.000276,1.122,1.013,28.67,normal
409.41,179.79,130.56,39.84,89.62,24.761,20.291,90.44,2718.5,39.96,31.57,0.000216,1.152,1.016,31.71,normal
400.99,180.11,130.77,40.09,90.29,24.679,20.926,90.25,2656.3,37.61,32.28,0.000254,1.21,1.016,31.41,normal
414.54,181.56,129.72,39.89,87.63,25.918,20.15,91.87,2998.7,42.42,30.58,0.000179,1.121,0.98,28.77,normal
406.19,178.22,131.14,39.54,89.49,24.958,19.316,90.16,2575.8,39.82,28.6,0.000221,1.131,1.065,29.03,normal
415.25,179.65,129.91,41.16,87.73,26.463,19.684,90.33,2899.8,46.1,29.8,0.000238,1.228,1.014,30.16,normal
409.98,180.28,129.39,40.45,92.65,25.317,20.509,88.28,2859.3,41.89,32.99,0.000241,1.196,1.007,26.33,normal
403.11,178.94,130.24,40.85,90.28,24.826,20.499,89.03,2688.6,39.14,31.33,0.000238,1.154,1.027,31.05,normal
411.51,182.15,128.37,40.59,90.16,25.332,19.845,89.87,2981.6,40.44,29.01,0.0002,1.184,1.038,32.17,normal
410.73,181.36,130.28,40.89,90.3,25.065,20.902,90.22,2819.1,39.51,33.04,0.000227,1.287,0.95,29.22,normal
414.21,180.44,128.15,41.58,90.79,25.805,19.823,88.1,2967.8,41.23,31.41,0.000169,1.264,1.002,27.16,normal
402.55,182.69,128.77,41.33,91.27,24.299,20.231,89.41,2894.1,39.62,30.2,0.000248,1.195,1.089,32.83,normal
416.58,177.75,127.58,42.32,87.97,23.919,20.217,87.5,2646.1,36.19,29.95,0.000171,1.241,1.066,30.44,normal
403.0,179.99,129.79,41.22,91.7,25.217,19.335,88.43,2762.9,42.35,26.18,0.000238,1.206,0.996,31.42,normal
411.96,180.55,131.93,39.33,91.62,25.501,19.945,90.75,2732.1,41.55,28.2,0.000231,1.111,1.029,27.36,normal
404.75,178.63,129.86,40.85,89.91,25.172,21.19,88.86,2656.8,40.41,34.43,0.000231,1.102,0.987,27.37,normal
402.08,180.45,130.77,40.71,89.85,25.403,19.539,90.33,2776.5,41.27,28.63,0.000262,1.155,1.014,30.83,normal
408.0,178.34,132.82,41.92,85.97,25.315,20.313,91.64,2538.6,42.12,29.94,0.000232,1.121,0.982,32.06,normal
426.09,181.04,130.48,39.03,88.38,24.112,19.423,92.05,2652.1,36.62,28.46,0.00016,1.214,0.981,27.74,normal
409.5,181.59,129.08,40.56,90.67,25.169,19.534,89.71,2898.8,41.0,30.83,0.000218,1.173,0.976,29.8,normal
431.28,180.41,129.25,39.32,91.56,25.79,19.293,89.39,2887.4,42.27,28.12,0.000143,1.221,1.067,26.83,normal
411.86,177.22,130.0,40.51,90.95,25.103,20.471,87.87,2593.0,40.7,32.81,0.000197,1.222,0.981,28.6,normal
414.13,178.55,129.24,39.79,89.9,24.214,19.564,89.05,2649.5,37.56,28.08,0.000187,1.235,1.046,29.49,normal
413.36,180.85,129.33,40.48,92.5,24.8,20.634,88.6,2824.6,39.06,32.9,0.000219,1.153,0.983,30.98,normal
424.78,180.03,131.18,38.59,91.31,25.334,19.734,90.65,2751.5,41.49,28.84,0.000175,1.226,0.978,25.79,normal
415.88,175.96,131.23,40.79,89.49,26.077,20.064,88.44,2628.4,41.78,29.56,0.000176,1.152,1.016,32.64,normal
415.24,181.86,128.02,40.21,92.84,23.826,20.206,88.42,2855.1,38.08,29.81,0.000215,1.236,0.948,29.66,normal
410.31,180.2,129.02,40.15,88.57,25.217,19.192,90.24,2793.6,40.73,27.59,0.000235,1.261,1.027,32.59,normal
409.79,178.77,129.44,41.95,88.09,24.441,20.102,89.08,2632.7,37.85,31.06,0.0002,1.236,0.995,31.4,normal
401.23,181.49,130.72,39.62,89.45,25.305,20.175,91.57,2866.8,41.25,30.09,0.00027,1.191,0.978,31.7,normal
414.44,178.98,131.37,40.34,89.01,25.353,20.57,90.5,2643.8,40.33,32.41,0.00019,1.228,0.969,34.04,normal
405.27,178.97,133.24,40.1,89.53,24.86,19.52,91.28,2487.0,39.68,28.14,0.00022,1.123,1.079,28.44,normal
411.76,180.54,129.44,40.2,91.04,25.379,19.591,89.37,2862.9,41.18,28.84,0.00021,1.112,0.999,30.27,normal
414.92,182.67,129.5,42.22,89.96,25.684,20.33,89.97,2995.8,43.25,30.47,0.00019,1.223,0.997,28.02,normal
407.74,182.44,130.71,40.06,89.99,24.901,20.706,91.54,2885.1,39.99,33.38,0.000239,1.265,1.035,29.8,normal
417.73,180.54,129.18,39.43,90.08,24.198,19.704,90.11,2729.2,36.6,29.62,0.000173,1.138,0.966,31.44,normal
421.07,180.69,129.83,41.87,86.99,25.855,19.382,90.8,2965.5,43.08,28.58,0.000138,1.201,1.045,32.25,normal
423.27,181.19,129.5,39.69,88.03,25.497,19.842,91.47,2882.4,42.16,29.35,0.000196,1.222,0.999,29.24,normal
415.03,178.11,126.85,38.39,89.5,25.338,19.493,88.54,2837.8,39.37,28.18,0.000192,1.169,0.945,27.59,normal
412.68,180.97,130.15,39.26,88.9,24.585,20.199,91.47,2723.6,37.63,29.73,0.000232,1.183,0.979,30.15,normal
421.09,178.9,129.78,38.75,89.7,25.591,19.46,90.11,2741.8,43.73,29.62,0.000163,1.231,0.956,28.3,normal
416.21,180.48,131.53,38.2,91.83,26.225,20.486,90.97,2846.1,43.27,30.03,0.000216,1.205,1.003,28.84,normal
407.69,179.66,130.01,39.64,89.9,24.927,20.106,90.06,2682.6,39.48,30.0,0.000212,1.206,0.968,31.34,normal
410.84,180.75,128.49,39.93,88.28,25.057,20.502,90.5,2850.6,40.13,32.08,0.00021,1.151,0.964,30.97,normal
405.78,180.18,129.69,41.18,88.97,24.361,18.788,89.85,2721.4,37.54,25.47,0.000231,1.198,1.012,31.67,normal
410.68,175.39,127.49,40.63,92.22,24.568,19.121,85.0,2523.9,36.99,27.81,0.000199,1.18,1.002,29.33,normal
413.65,180.27,128.55,40.58,91.99,24.355,20.646,88.12,2727.1,37.04,31.07,0.000202,1.183,1.048,32.02,normal
409.57,180.96,130.76,39.11,90.77,25.078,19.64,90.92,2768.1,39.59,29.06,0.000214,1.173,1.047,30.03,normal
407.66,180.67,129.7,40.88,87.97,24.796,19.267,90.75,2792.4,38.91,27.91,0.000197,1.199,1.002,29.43,normal
418.67,179.85,131.11,41.39,90.4,25.224,19.899,89.58,2694.5,39.88,27.92,0.000159,1.157,1.02,27.8,normal
413.41,182.46,127.64,40.39,90.5,24.465,20.121,89.58,2963.8,36.98,30.84,0.000188,1.201,0.944,25.82,normal
417.7,180.47,129.71,40.42,90.03,24.899,19.921,89.86,2754.6,39.16,29.0,0.000192,1.182,1.028,26.87,normal
409.95,180.66,129.43,38.74,89.26,24.428,20.234,91.05,2798.4,39.48,30.2,0.000183,1.153,1.016,30.43,normal
412.42,181.57,131.15,41.05,89.53,25.113,20.166,91.06,2812.9,39.65,30.49,0.000191,1.103,1.038,28.18,normal
408.93,180.54,130.81,41.78,89.17,24.021,20.14,90.2,2603.9,37.04,30.68,0.000205,1.247,0.988,26.71,normal
417.23,178.65,130.77,40.32,88.51,25.091,20.674,90.29,2637.5,41.71,32.2,0.000192,1.237,0.988,29.16,normal
406.34,176.34,131.85,39.41,91.78,24.833,19.993,88.45,2371.8,38.83,30.61,0.000226,1.16,0.988,30.56,normal
412.63,179.28,129.56,39.84,91.15,25.109,19.978,88.93,2774.7,43.37,27.97,0.000226,1.234,1.057,30.83,normal
425.19,181.14,131.6,39.58,89.63,24.009,20.401,91.77,2578.2,38.08,31.48,0.000129,1.149,1.011,29.94,normal
422.26,179.47,128.75,39.64,90.46,25.393,20.276,89.06,2817.5,41.22,30.76,0.000157,1.185,0.94,29.88,normal
429.94,181.2,128.7,40.65,90.51,24.821,19.549,89.37,2857.9,39.24,28.35,0.000128,1.173,1.026,28.92,normal
409.44,180.22,130.9,40.28,93.05,25.13,19.954,88.89,2685.4,41.72,30.09,0.000192,1.186,0.981,31.27,normal
413.58,181.93,128.19,41.0,91.13,23.878,20.219,88.98,2797.9,36.13,31.33,0.00019,1.232,1.043,29.65,normal
413.76,179.56,130.69,40.37,91.09,24.254,19.707,89.39,2618.8,37.45,28.51,0.000205,1.18,1.022,29.85,normal
409.37,180.7,130.12,39.14,90.05,24.766,19.73,90.82,2740.9,40.94,30.4,0.000225,1.183,1.05,32.08,normal
407.87,180.76,131.29,39.5,89.44,25.825,19.304,91.56,2837.0,42.03,29.06,0.000199,1.237,1.042,31.58,normal
418.74,182.25,129.93,39.44,91.8,25.316,18.559,90.47,2936.5,40.45,26.52,0.000182,1.203,1.037,29.63,normal
413.06,177.44,130.07,39.81,90.85,25.078,19.813,88.41,2588.2,39.56,28.52,0.0002,1.17,1.045,29.35,normal
415.9,179.31,130.61,41.79,88.92,24.445,20.064,89.6,2605.5,36.48,31.9,0.000185,1.212,1.033,29.33,normal
419.65,181.27,129.2,41.95,90.59,24.336,19.452,88.96,2774.1,39.12,28.76,0.000156,1.25,0.972,25.96,normal
395.28,182.32,129.15,40.84,91.09,25.166,20.689,89.77,2931.4,40.44,32.0,0.000229,1.253,0.954,32.19,normal
412.87,180.36,130.57,40.12,87.28,25.42,19.477,91.76,2828.8,42.29,28.69,0.000213,1.134,0.967,28.63,normal
407.92,179.56,129.96,38.64,88.8,25.125,20.456,91.04,2747.2,40.19,31.69,0.000243,1.136,1.029,31.71,normal
417.58,181.14,129.51,40.22,90.47,26.026,20.209,89.98,2906.1,42.58,31.31,0.000163,1.25,0.911,30.08,normal
415.33,181.3,129.9,39.21,87.5,24.591,21.088,92.24,2761.2,38.17,32.98,0.000152,1.186,0.999,32.78,normal
415.54,179.46,131.91,41.63,87.7,25.108,20.27,91.02,2612.5,40.99,29.74,0.000172,1.09,0.989,31.06,normal
414.79,180.5,129.47,38.39,89.65,23.984,19.277,90.96,2705.2,36.32,28.9,0.000212,1.164,1.049,31.82,normal
406.87,181.77,129.43,40.38,90.64,25.127,20.527,90.09,2947.2,40.75,30.79,0.000226,1.178,0.995,28.82,normal
411.48,182.84,127.95,39.13,90.7,25.882,20.849,90.47,3148.7,42.61,31.53,0.000209,1.184,0.985,27.43,normal
410.78,181.11,129.95,39.99,92.06,24.375,19.114,89.51,2740.7,37.18,27.6,0.000204,1.238,1.053,30.3,normal
409.78,180.07,130.79,40.67,90.11,25.505,20.32,90.04,2739.5,41.02,30.5,0.000226,1.154,0.996,26.17,normal
409.94,179.92,131.0,41.02,89.52,25.865,20.43,90.19,2826.0,42.53,31.48,0.000186,1.247,0.99,29.06,normal
406.7,180.84,130.13,39.94,88.3,24.586,19.894,91.36,2733.8,38.51,30.17,0.000232,1.214,0.98,27.62,normal
407.32,179.83,131.15,40.76,89.5,25.28,18.789,90.36,2664.8,42.71,26.43,0.00026,1.136,1.011,28.32,normal
414.68,180.28,130.88,39.34,90.92,25.948,19.852,90.45,2831.1,43.01,29.7,0.000168,1.184,0.987,31.19,normal
413.05,178.41,131.34,40.25,90.98,25.138,19.709,89.25,2566.5,40.2,28.83,0.000192,1.225,0.987,31.06,normal
424.29,181.95,131.18,41.0,90.34,25.472,20.765,90.89,2864.6,41.01,32.71,0.000158,1.202,1.058,29.68,normal
420.83,178.29,131.88,40.33,90.71,23.936,19.956,89.55,2431.8,36.76,30.27,0.000171,1.219,1.002,30.64,normal
412.66,179.35,129.8,39.47,91.66,25.358,19.794,89.0,2755.4,40.43,30.02,0.000212,1.171,0.982,28.92,normal
423.2,180.15,128.41,39.72,90.1,25.31,19.707,89.37,2798.6,40.08,28.99,0.000149,1.228,0.96,34.85,normal
418.36,182.99,130.8,41.02,91.78,24.204,20.163,90.49,2811.4,38.34,30.65,0.000177,1.18,1.008,30.6,normal
406.6,179.37,130.94,38.91,89.06,24.421,20.028,91.17,2566.6,39.89,30.48,0.000232,1.327,0.978,28.82,normal
416.11,179.0,131.88,39.06,89.9,25.362,19.605,90.95,2607.3,40.6,29.54,0.000207,1.134,0.985,31.75,normal
407.08,179.17,131.54,40.6,89.37,24.818,20.132,90.37,2606.7,39.91,30.89,0.000223,1.335,0.966,32.48,normal
415.59,182.49,132.33,39.56,91.03,25.667,19.721,92.11,2827.7,41.28,29.15,0.000161,1.152,1.008,28.45,normal
406.96,175.78,130.74,38.55,88.68,25.186,18.704,89.62,2564.4,40.64,25.67,0.000202,1.264,0.948,27.16,normal
400.95,178.5,130.27,41.35,89.58,25.034,20.334,88.92,2604.0,38.79,31.31,0.000257,1.241,1.016,27.56,normal
413.74,184.1,128.34,38.9,87.58,24.898,20.287,92.93,3042.7,38.85,31.14,0.00018,1.155,0.978,28.66,normal
412.51,180.89,130.37,39.8,90.77,25.176,20.1,90.34,2821.5,39.62,29.39,0.000185,1.23,1.029,29.89,normal
405.19,178.34,129.34,39.38,91.62,25.482,19.779,88.33,2733.9,41.25,30.08,0.000217,1.175,1.019,26.74,normal
418.99,179.94,130.25,39.7,91.18,25.32,19.964,89.65,2767.5,39.76,30.03,0.000173,1.214,1.004,29.16,normal
405.42,180.1,130.07,39.12,91.06,24.746,20.41,89.99,2801.6,37.03,31.01,0.000222,1.207,1.034,29.58,normal
424.43,181.27,130.57,40.71,91.09,25.744,19.684,90.01,2873.6,40.8,29.32,0.000146,1.183,1.062,30.65,normal
428.52,182.76,129.88,40.11,90.91,25.395,20.43,90.81,2996.1,40.97,31.92,0.000127,1.178,1.051,31.22,normal
421.53,180.58,131.12,40.98,90.8,25.231,19.263,89.96,2765.0,39.88,29.29,0.000209,1.217,0.948,30.8,normal
416.1,179.19,126.73,39.39,90.88,25.055,20.084,87.82,2913.7,39.58,30.18,0.000171,1.155,0.976,33.58,normal
415.12,181.18,130.23,42.13,89.15,25.3,20.013,90.05,2830.1,41.13,29.85,0.000183,1.157,0.981,32.19,normal
405.42,178.95,131.44,38.1,89.74,23.901,20.501,91.26,2449.3,36.07,31.85,0.000226,1.248,1.026,30.44,normal
404.99,178.45,132.24,38.41,90.09,25.145,19.541,91.07,2588.7,40.34,27.7,0.000219,1.221,0.979,28.06,normal
417.54,177.36,130.88,41.75,89.56,25.984,19.595,88.46,2673.8,45.02,29.61,0.000163,1.135,0.978,28.65,normal
407.1,177.65,132.02,40.47,87.96,25.132,19.303,90.61,2539.0,40.0,27.06,0.000216,1.15,0.971,27.14,normal
409.65,178.66,130.2,40.34,88.39,25.05,19.717,90.06,2665.7,39.94,28.14,0.000191,1.093,1.012,30.31,normal
411.67,178.23,130.0,40.43,90.3,24.642,20.128,88.75,2595.3,39.36,31.59,0.000213,1.245,1.025,30.66,normal
408.66,180.47,130.64,40.57,91.18,25.296,19.101,89.68,2813.0,40.04,25.95,0.000199,1.234,0.952,31.79,normal
422.94,178.2,130.0,40.3,90.01,24.883,19.779,88.94,2648.6,39.07,30.45,0.000155,1.146,0.979,30.53,normal
419.95,175.28,129.06,39.03,93.59,25.786,20.305,85.79,2567.3,42.2,32.08,0.000179,1.232,0.924,32.11,normal
422.1,178.43,129.38,40.82,88.8,24.482,19.949,89.1,2640.4,38.71,30.13,0.000128,1.299,0.904,32.15,normal
417.49,179.29,128.67,40.66,90.58,24.729,20.038,88.36,2745.1,38.29,30.59,0.000206,1.123,1.019,27.94,normal
412.43,179.09,130.63,41.43,91.68,24.639,19.247,88.31,2548.0,39.53,26.74,0.000212,1.169,1.013,28.96,normal
416.19,182.28,130.01,41.76,91.39,26.101,19.95,89.57,2978.7,44.77,29.47,0.000179,1.122,1.007,29.98,normal
406.32,179.08,129.57,40.33,90.85,24.886,20.014,88.73,2788.6,37.76,30.33,0.000197,1.247,1.063,28.59,normal
411.03,181.32,129.32,38.77,91.39,24.671,19.918,90.24,2751.7,39.45,30.04,0.000171,1.195,0.933,29.51,normal
412.81,179.97,130.61,41.77,90.07,23.746,20.076,89.37,2544.2,36.37,30.56,0.000238,1.18,0.917,30.6,normal
424.8,179.94,130.94,38.98,92.16,24.453,19.845,89.85,2563.1,38.14,29.85,0.000161,1.211,0.955,29.75,normal
420.84,178.75,128.64,40.34,91.67,25.317,19.772,87.69,2743.1,41.24,29.4,0.000191,1.172,0.915,30.0,normal
427.02,179.91,128.45,39.74,88.89,25.314,19.48,89.86,2810.6,42.29,27.63,0.000161,1.18,0.975,28.11,normal
417.15,178.85,131.15,39.57,90.42,24.609,20.487,90.0,2547.3,39.14,31.61,0.000207,1.214,1.023,31.01,normal
408.56,180.26,128.35,40.76,87.99,24.643,19.387,89.91,2865.5,39.94,27.45,0.000231,1.169,1.012,30.87,normal
425.98,179.65,130.66,40.24,91.98,26.116,20.079,89.03,2841.8,43.23,29.92,0.000138,1.177,1.041,28.47,normal
406.79,178.58,131.94,40.51,90.29,26.618,20.907,89.85,2723.6,45.14,33.61,0.00022,1.192,1.015,27.41,normal
405.62,181.49,131.94,39.18,91.75,25.69,20.551,91.24,2850.4,41.46,30.25,0.000249,1.205,0.984,32.46,normal
415.17,180.64,130.89,39.83,89.86,25.936,20.255,90.92,2824.6,42.77,30.59,0.000204,1.23,0.979,33.5,normal
419.38,179.33,130.85,39.23,87.59,26.063,20.125,91.68,2750.9,42.84,31.03,0.00018,1.229,1.017,30.47,normal
412.54,180.22,132.7,39.8,93.43,26.329,19.936,89.81,2739.3,44.01,30.34,0.000199,1.125,0.939,29.28,normal
407.53,179.87,127.2,39.88,90.17,24.819,19.549,88.51,2828.7,37.82,29.04,0.000184,1.27,0.873,32.09,normal
396.99,178.7,129.44,41.84,88.7,24.473,19.873,88.79,2595.4,37.38,29.12,0.000259,1.203,1.016,30.94,normal
410.52,180.11,131.02,39.74,91.49,26.1,20.287,89.94,2838.4,44.41,31.83,0.000225,1.183,1.009,29.58,normal
406.27,179.07,129.6,37.87,92.65,24.421,20.195,89.05,2668.0,39.74,29.55,0.000227,1.155,1.063,31.94,normal
404.77,178.58,131.49,41.4,89.74,24.383,20.394,89.47,2487.7,36.51,31.63,0.000265,1.299,1.028,28.38,normal
401.21,177.57,129.95,40.45,89.87,24.397,20.61,88.6,2569.5,37.71,31.79,0.00024,1.318,1.012,28.62,normal
418.91,179.46,130.16,39.87,90.31,24.921,19.921,89.72,2718.4,39.03,29.16,0.000196,1.293,0.988,30.73,normal
408.96,180.85,129.67,39.56,88.56,23.809,20.096,91.2,2662.7,36.89,29.95,0.000201,1.206,0.968,30.23,normal
407.03,178.96,129.37,39.05,89.1,24.14,19.05,90.09,2604.8,37.47,28.93,0.000271,1.217,0.989,31.27,normal
410.45,183.78,129.34,41.94,92.32,24.627,21.128,89.42,2973.1,39.61,32.18,0.000178,1.275,1.038,32.39,normal
416.14,181.33,130.33,40.05,89.83,24.282,19.793,90.89,2738.1,36.61,28.04,0.000195,1.188,1.019,26.9,normal
414.36,181.96,129.07,38.26,88.91,25.637,20.326,91.92,3035.1,42.2,30.38,0.00017,1.227,1.037,30.08,normal
422.32,181.19,131.14,40.33,89.41,25.004,19.793,91.3,2766.2,39.68,29.77,0.000145,1.211,1.004,33.8,normal
421.7,182.78,130.78,41.21,91.39,25.346,19.781,90.48,2846.2,40.27,30.55,0.000174,1.296,0.964,28.81,normal
420.9,178.82,131.32,40.16,87.43,25.281,19.881,91.28,2595.9,41.25,29.7,0.000174,1.272,1.046,28.57,normal
412.77,176.16,128.65,39.1,90.33,24.876,19.377,87.67,2593.7,39.4,27.04,0.000181,1.193,1.043,25.52,normal
407.29,179.33,127.96,39.01,93.2,25.593,18.76,87.53,2916.6,41.62,26.81,0.000218,1.276,1.007,30.2,normal
406.61,180.84,129.99,39.08,92.64,25.271,20.58,89.55,2836.3,42.12,32.27,0.0002,1.2,1.022,31.16,normal
400.57,180.23,133.48,41.52,90.75,24.809,20.273,90.71,2533.0,39.52,31.0,0.00023,1.173,1.02,31.16,normal
408.74,180.41,131.52,39.93,91.71,23.99,19.542,90.14,2530.0,39.08,29.17,0.000205,1.186,0.981,27.93,normal
408.51,181.98,129.33,38.32,91.7,25.312,20.226,90.65,2975.8,38.57,29.12,0.000205,1.207,0.99,29.98,normal
408.31,180.57,130.51,40.38,89.84,24.243,20.412,90.43,2712.8,37.84,30.05,0.000191,1.161,0.964,30.44,normal
402.3,181.2,130.87,40.14,91.2,25.228,19.653,90.36,2750.9,39.55,28.96,0.000258,1.174,0.989,30.1,normal
414.89,178.59,128.36,39.55,92.33,25.047,20.206,87.53,2788.0,39.21,31.47,0.000187,1.128,1.041,27.81,normal
408.16,178.36,131.64,38.98,88.36,24.184,20.503,91.33,2493.0,37.02,30.74,0.000228,1.159,1.034,30.15,normal
415.78,182.42,129.8,38.94,90.75,25.155,19.281,91.27,2932.7,41.37,28.25,0.000165,1.212,1.022,28.37,normal
411.78,180.15,129.89,41.09,90.47,25.115,20.267,89.24,2822.5,39.92,30.86,0.000193,1.252,1.038,26.26,normal
401.56,179.07,130.03,40.25,90.13,25.117,20.182,89.36,2752.4,39.2,29.66,0.00026,1.246,0.985,31.36,normal
412.64,179.07,131.37,40.48,90.02,25.088,20.94,89.97,2647.6,40.91,32.0,0.000221,1.221,0.953,30.28,normal
417.42,179.03,129.09,40.24,90.3,24.609,20.279,88.79,2696.0,37.7,30.74,0.000158,1.124,0.994,31.18,normal
411.47,178.94,127.95,40.33,90.41,25.355,19.795,88.07,2835.0,42.7,29.16,0.000169,1.157,0.997,28.93,normal
403.53,178.08,130.39,39.53,91.45,24.587,19.852,88.72,2573.0,37.53,30.26,0.000248,1.19,1.027,31.25,normal
410.65,177.75,127.55,39.79,90.62,24.355,21.012,87.44,2771.8,37.87,32.45,0.000203,1.248,1.02,32.04,normal
407.8,179.71,129.64,41.16,89.77,25.405,19.823,89.2,2799.7,43.1,30.23,0.000192,1.172,1.04,33.51,normal
415.27,179.11,131.42,41.41,88.91,25.562,20.293,90.11,2705.1,41.31,30.51,0.000177,1.139,0.919,31.63,normal
410.93,181.66,130.69,38.78,89.39,25.364,19.881,92.1,2856.4,41.48,29.7,0.00019,1.272,0.968,30.77,normal
405.43,180.44,131.25,39.79,90.34,24.876,20.541,90.78,2662.3,39.53,32.12,0.000242,1.163,0.996,27.24,normal
418.13,180.4,130.74,40.84,89.08,23.836,20.565,90.61,2618.2,36.71,31.46,0.000179,1.144,1.019,29.79,normal
413.8,178.89,132.89,41.88,91.23,25.889,19.989,89.32,2599.7,41.78,29.63,0.000182,1.211,1.084,27.15,normal
411.85,179.82,129.29,41.78,90.56,23.827,19.797,88.38,2620.1,37.14,29.4,0.000218,1.197,0.961,28.36,normal
417.01,180.54,130.48,39.2,91.49,25.352,19.785,90.16,2810.1,42.35,30.14,0.000169,1.175,0.972,33.91,normal
416.62,181.07,129.47,41.28,89.17,26.266,19.136,90.04,2943.8,41.78,27.97,0.000172,1.2,0.983,27.95,normal
411.58,179.86,131.15,40.06,88.92,25.09,20.05,91.01,2715.0,39.33,28.42,0.0002,1.154,0.97,25.31,normal
411.91,181.62,129.93,41.04,91.48,25.175,20.04,89.51,2880.1,39.95,29.53,0.000201,1.174,0.964,31.63,normal
411.52,180.01,132.06,40.79,90.17,25.228,19.592,90.56,2699.2,39.77,28.34,0.000176,1.198,1.002,28.65,normal
403.12,181.19,129.36,38.74,89.74,25.119,19.083,91.04,2878.4,40.99,28.04,0.000214,1.098,1.039,31.54,normal
416.2,179.27,131.69,40.55,90.91,26.41,20.103,89.74,2735.7,43.55,28.75,0.000207,1.248,1.005,27.66,normal
424.03,177.28,130.71,41.01,90.86,24.494,20.166,88.05,2542.9,38.64,30.67,0.000141,1.131,0.966,29.15,normal
406.72,180.4,129.96,39.98,88.37,24.419,20.197,91.0,2744.8,39.83,31.04,0.000223,1.153,0.992,32.39,normal
420.03,181.09,130.65,39.75,91.8,24.803,19.505,90.09,2779.0,37.64,29.19,0.000183,1.25,0.958,27.36,normal
420.22,180.86,130.31,38.43,89.47,26.044,20.198,91.64,2918.4,43.38,30.47,0.000224,1.228,1.039,29.66,normal
396.48,180.63,130.43,40.68,92.21,24.654,19.911,89.08,2678.8,38.89,28.47,0.000262,1.204,1.059,30.58,normal
413.03,179.48,129.75,40.21,88.27,25.258,20.432,90.37,2788.8,40.63,30.97,0.000198,1.115,0.936,28.56,normal
418.84,178.79,129.16,39.08,90.41,25.643,19.513,89.23,2762.4,40.96,29.88,0.000181,1.17,1.009,30.48,normal
399.39,180.83,129.6,39.67,89.76,25.467,20.575,90.5,2851.7,40.98,31.09,0.000241,1.189,0.969,30.03,normal
411.07,180.64,127.98,40.15,87.43,25.611,20.755,90.49,2942.1,41.77,33.81,0.000175,1.193,1.003,31.07,normal
407.2,179.16,131.01,39.44,90.86,25.851,20.058,89.93,2691.2,42.3,30.81,0.000257,1.257,0.997,33.68,normal
415.01,181.66,128.52,40.0,87.5,25.185,20.202,91.31,2950.0,41.23,30.43,0.000186,1.3,0.946,35.35,normal
413.3,178.68,129.74,38.25,89.62,24.726,20.392,90.27,2661.1,38.12,31.25,0.000181,1.231,1.048,30.93,normal
394.53,179.12,130.78,41.35,91.44,25.088,19.487,88.56,2708.3,38.86,28.93,0.000271,1.173,0.994,29.78,normal
412.3,182.45,131.01,40.02,89.31,24.797,19.757,92.06,2842.7,37.41,28.89,0.000211,1.261,0.981,30.88,normal
399.11,181.3,127.87,38.9,88.83,26.513,20.092,90.71,3121.9,44.6,29.92,0.000249,1.171,1.005,29.54,normal
408.9,179.46,129.89,37.54,91.04,24.68,21.013,90.37,2715.3,39.84,34.39,0.000199,1.069,0.965,26.83,normal
409.52,180.43,130.55,41.03,89.68,25.29,19.402,90.14,2772.0,39.67,29.6,0.000197,1.138,0.993,29.91,normal
427.01,180.23,130.06,40.56,89.47,24.099,20.819,90.13,2656.6,36.18,31.94,0.000112,1.081,0.927,32.16,normal
403.33,175.88,131.61,40.21,91.66,25.08,19.903,87.76,2446.3,42.12,29.12,0.00023,1.181,0.906,27.07,normal
407.08,178.64,129.01,40.86,88.48,24.828,19.983,89.15,2706.1,40.78,28.68,0.000212,1.191,0.961,28.03,normal
417.2,179.92,127.54,40.86,89.4,25.405,20.609,88.59,2934.1,42.51,33.39,0.000197,1.12,0.979,28.84,normal
410.51,179.47,130.97,40.19,91.13,25.421,21.011,89.55,2731.9,41.57,33.6,0.000218,1.157,0.93,30.74,normal
412.71,180.37,129.36,39.75,88.4,25.85,20.211,90.79,2864.7,43.19,31.57,0.000201,1.129,0.98,34.75,normal
419.47,181.69,127.89,39.58,92.31,25.803,20.582,88.85,3042.0,42.05,31.16,0.000172,1.194,0.979,28.38,normal
406.76,179.52,129.81,40.42,89.72,24.96,19.54,89.59,2752.9,38.46,28.28,0.000211,1.157,0.998,30.18,normal
415.28,178.41,131.48,41.4,91.14,24.433,19.735,88.67,2506.4,37.01,28.55,0.000194,1.25,1.025,30.01,normal
410.8,180.49,128.48,39.9,91.13,24.504,19.324,88.97,2787.4,38.59,25.67,0.000222,1.208,1.068,29.4,normal
410.19,179.51,132.8,41.48,89.8,25.182,19.742,90.51,2618.0,41.45,28.61,0.000192,1.28,1.017,29.9,normal
417.64,179.77,128.99,40.37,89.38,25.095,20.283,89.5,2780.8,40.11,31.02,0.000186,1.177,0.961,29.07,normal
416.59,179.56,130.1,40.38,89.94,25.155,20.106,89.67,2750.0,41.06,30.49,0.000184,1.307,1.027,35.49,normal
418.46,183.36,128.54,42.41,90.93,24.679,20.864,89.25,2981.2,38.99,31.88,0.000173,1.2,1.056,31.5,normal
422.2,176.64,130.05,41.65,88.72,25.862,21.027,88.16,2677.4,42.82,33.35,0.000184,1.174,0.955,29.09,normal
411.14,179.42,129.84,41.68,88.44,24.116,19.932,89.56,2628.4,38.26,29.28,0.000213,1.32,0.957,32.37,normal
413.02,179.99,128.21,39.2,91.93,24.646,19.66,88.54,2783.9,40.32,29.7,0.000178,1.109,0.943,30.51,normal
419.46,178.83,133.39,42.19,89.04,24.354,20.58,90.49,2414.9,38.44,32.19,0.000165,1.172,0.977,30.12,normal
408.9,181.35,129.41,39.92,90.46,24.875,20.632,90.19,2892.3,41.58,32.38,0.000224,1.117,1.015,29.64,normal
409.12,181.22,129.41,39.77,89.74,25.748,20.221,90.56,2919.0,41.95,30.66,0.000196,1.108,1.059,29.5,normal
400.86,179.93,131.16,37.84,89.79,24.827,20.353,91.72,2645.6,40.83,30.31,0.000223,1.097,1.036,27.56,normal
413.71,179.59,132.18,40.33,91.86,25.061,20.275,89.78,2600.4,40.76,29.79,0.000193,1.231,1.015,26.65,normal
419.56,179.83,131.35,38.92,89.89,25.399,19.506,91.18,2700.8,39.32,26.94,0.000183,1.134,1.002,30.74,normal
425.76,179.84,128.56,40.41,89.54,24.799,19.391,89.22,2785.7,40.84,28.98,0.000148,1.187,1.016,29.62,normal
419.83,179.88,130.26,38.84,89.65,25.23,19.975,90.82,2771.4,39.75,28.58,0.000166,1.245,1.018,31.75,normal
423.63,179.72,127.74,41.8,89.35,25.15,19.9,88.14,2878.9,40.19,29.62,0.000174,1.223,1.052,28.22,normal
412.11,180.38,131.08,40.55,89.13,24.322,20.138,90.89,2620.0,38.94,30.55,0.000208,1.221,0.999,27.8,normal
412.61,181.13,128.04,42.28,89.35,24.721,19.934,88.73,2909.2,38.46,28.97,0.000197,1.261,1.01,31.55,normal
418.97,178.15,129.04,38.98,92.16,25.213,19.148,88.01,2733.0,40.54,27.64,0.000169,1.28,0.984,29.41,normal
424.64,178.42,130.0,41.55,90.92,25.769,18.944,87.97,2785.3,42.9,27.46,0.000117,1.137,1.005,31.71,normal
405.42,177.38,130.53,38.2,89.55,25.769,20.369,90.06,2665.1,41.42,30.78,0.000214,1.224,0.99,30.07,normal
404.49,181.3,129.69,40.21,91.28,26.257,19.669,89.75,2977.6,43.46,29.48,0.000226,1.186,0.952,33.76,normal
406.05,180.38,131.82,39.37,87.94,25.291,19.884,92.45,2695.4,40.49,29.33,0.000229,1.193,1.035,31.51,normal
421.3,180.76,130.87,39.55,91.79,24.752,19.721,90.14,2721.1,40.25,29.03,0.000171,1.124,1.06,30.82,normal
401.87,177.86,130.77,39.48,91.68,24.962,19.543,88.71,2596.6,41.46,28.07,0.000231,1.173,0.999,31.6,normal
406.07,182.68,128.52,39.09,92.91,24.932,19.53,89.6,2970.2,38.7,28.63,0.000217,1.179,1.013,29.45,normal
413.22,179.09,132.04,38.74,91.32,24.755,20.51,90.51,2549.1,39.38,31.4,0.000217,1.272,1.034,26.71,normal
414.56,180.25,129.04,39.56,90.57,25.23,19.88,89.58,2861.6,40.14,28.94,0.000182,1.142,0.994,30.72,normal
412.73,181.28,132.09,40.12,91.68,25.258,20.317,90.78,2746.7,40.78,31.21,0.000196,1.081,1.008,33.88,normal
402.19,178.52,132.43,41.16,89.19,24.296,20.385,90.29,2464.3,39.76,29.07,0.000255,1.2,0.991,25.42,normal
412.17,179.18,130.62,40.3,89.49,25.653,20.158,90.01,2760.9,42.28,31.29,0.00025,1.137,0.978,30.94,normal
415.33,180.27,131.24,41.17,89.92,23.898,20.401,90.21,2575.5,36.32,29.96,0.000199,1.193,1.021,26.93,normal
412.87,184.29,126.3,38.52,91.78,24.867,20.007,90.12,3172.6,38.25,30.85,0.000206,1.233,1.021,29.95,normal
425.17,180.45,129.77,39.57,88.89,25.69,20.682,90.88,2883.6,43.01,32.36,0.000134,1.195,1.037,30.16,normal
408.42,182.41,131.32,40.71,88.75,25.364,20.412,92.13,2874.8,40.6,31.93,0.000236,1.178,1.0,31.49,normal
416.46,181.81,131.11,40.34,90.31,24.786,20.478,91.13,2784.2,38.61,30.4,0.000222,1.192,0.952,30.42,normal
409.59,180.55,128.54,39.14,90.93,26.181,19.531,89.51,2973.1,43.77,28.58,0.00021,1.242,1.044,32.75,normal
416.62,178.52,129.65,40.93,89.09,24.736,20.132,89.07,2670.7,39.82,30.59,0.000182,1.142,0.971,32.33,normal
412.62,181.59,126.96,39.47,90.87,23.799,19.082,89.09,2861.8,36.24,27.91,0.000202,1.236,0.97,29.61,normal
409.1,177.75,130.5,39.22,91.78,25.272,20.701,88.6,2639.1,39.84,32.59,0.000244,1.15,0.979,32.19,normal
417.82,182.4,127.74,40.49,91.56,23.933,19.688,89.03,2932.8,38.35,29.68,0.000211,1.23,0.93,29.37,normal
397.46,180.3,131.36,40.01,90.46,24.501,19.758,90.59,2631.9,39.26,29.73,0.000279,1.123,0.991,29.03,normal
410.55,176.02,131.42,39.48,89.88,25.374,19.316,89.01,2490.6,42.07,28.57,0.000224,1.227,1.025,27.59,normal
418.3,179.49,129.43,39.44,92.26,24.723,19.982,88.6,2705.9,38.85,30.5,0.000172,1.195,0.983,32.62,normal
409.38,180.98,130.63,38.93,90.02,25.348,19.866,91.33,2802.4,40.18,29.65,0.000188,1.205,1.054,29.4,normal
420.39,179.64,129.74,39.6,91.22,24.305,20.911,89.28,2648.2,37.49,33.42,0.000179,1.248,1.051,25.16,normal
414.76,181.07,130.29,41.1,92.55,25.515,20.43,88.86,2818.4,39.97,31.11,0.000226,1.159,1.036,31.08,normal
410.31,178.72,128.62,40.24,91.09,23.985,19.743,88.01,2585.1,36.79,27.96,0.000235,1.199,0.923,29.13,normal
401.72,178.04,130.75,40.96,88.7,25.791,19.167,89.56,2662.6,41.63,28.78,0.000251,1.215,1.057,29.4,normal
409.12,179.89,128.03,40.52,88.39,24.715,18.858,89.49,2801.1,39.1,27.36,0.00019,1.185,0.991,29.53,normal
413.03,180.05,127.8,39.39,89.61,25.919,19.487,89.42,2977.2,42.73,28.51,0.000214,1.236,1.067,29.33,normal
402.08,179.48,129.85,38.35,90.92,24.496,19.334,90.02,2658.1,38.65,28.32,0.000238,1.216,0.976,35.46,normal
401.15,181.84,129.75,39.07,90.58,26.155,20.174,90.97,3028.5,42.8,31.68,0.000246,1.171,0.994,33.33,normal
420.07,178.72,130.33,39.33,92.87,24.425,19.928,88.4,2607.5,37.17,29.88,0.000163,1.263,1.004,31.4,normal
412.64,180.47,129.22,39.25,90.57,23.924,20.009,89.94,2719.6,35.51,31.24,0.000219,1.228,0.963,30.48,normal
417.69,180.1,132.26,40.98,89.57,25.026,19.526,90.9,2663.4,40.27,29.11,0.000164,1.158,0.935,32.26,normal
415.12,177.66,130.19,40.97,88.53,25.74,20.076,89.18,2729.9,42.29,29.92,0.000182,1.157,0.904,30.49,normal
419.19,178.02,130.28,42.21,91.53,25.474,19.29,87.27,2704.8,39.98,27.06,0.000161,1.189,1.118,31.63,normal
412.38,180.02,130.24,39.24,89.99,25.698,19.956,90.51,2787.9,43.46,29.95,0.000181,1.222,0.933,31.12,normal
418.87,182.97,131.2,41.6,88.04,25.486,20.415,92.24,2928.4,42.25,32.18,0.000157,1.089,0.934,30.26,normal
412.51,180.87,130.69,41.59,90.03,24.508,19.817,89.97,2715.1,37.57,29.05,0.000165,1.16,1.023,31.88,normal
420.46,177.41,130.53,39.77,88.71,25.46,20.222,89.73,2666.3,41.6,30.89,0.000173,1.171,0.943,29.16,normal
422.45,175.33,130.88,40.47,89.45,25.056,19.012,88.13,2451.0,40.02,28.61,0.000209,1.128,0.936,30.12,normal
412.91,181.1,127.81,41.24,90.01,24.574,18.971,88.81,2915.3,39.05,25.86,0.000201,1.149,0.885,28.04,normal
426.19,179.86,127.86,39.94,88.82,25.108,20.164,89.46,2875.3,40.48,30.76,0.000151,1.207,1.012,28.27,normal
398.24,181.71,129.91,39.86,89.37,24.966,20.524,91.19,2849.5,40.57,31.87,0.000282,1.176,0.957,24.94,normal
409.97,178.68,129.76,39.37,89.03,25.85,19.881,90.02,2801.8,43.96,29.96,0.000185,1.179,1.026,30.91,normal
428.76,180.53,130.7,37.64,89.07,24.691,21.073,92.25,2697.3,39.41,31.59,0.00016,1.131,0.997,31.46,normal
406.5,181.27,130.02,40.07,88.69,24.663,19.278,91.26,2797.1,39.57,27.47,0.000217,1.189,1.003,32.17,normal
416.66,179.33,130.7,39.29,89.37,24.581,19.66,90.68,2584.3,40.27,27.42,0.0002,1.125,0.982,27.8,normal
417.91,179.36,128.51,38.92,88.84,26.138,20.07,90.05,2938.9,42.8,29.14,0.000176,1.273,0.989,30.88,normal
415.61,180.04,129.99,40.42,90.76,24.614,20.232,89.42,2672.2,37.96,31.3,0.000212,1.287,0.964,30.0,normal
416.04,180.81,128.39,38.55,90.26,25.778,19.708,90.2,2989.7,42.94,28.95,0.00018,1.176,0.968,31.48,normal
409.71,179.98,130.46,40.81,91.55,24.381,19.47,89.04,2562.3,37.01,29.24,0.000191,1.144,0.956,28.7,normal
402.82,181.46,127.75,40.48,92.45,25.304,20.31,88.13,2935.8,40.07,31.45,0.000244,1.243,1.061,29.33,normal
421.62,179.31,130.42,39.6,90.88,25.158,20.067,89.62,2707.4,41.96,29.28,0.000204,1.23,0.984,26.89,normal
411.01,178.01,128.24,39.94,90.58,25.74,19.828,87.86,2820.5,40.44,29.67,0.000218,1.294,0.909,28.57,normal
424.24,182.97,129.54,38.81,90.96,25.653,20.249,91.37,3007.6,42.2,29.41,0.000184,1.307,1.01,30.01,normal
410.59,179.09,131.07,40.75,90.61,25.049,19.932,89.4,2667.9,38.7,30.04,0.000205,1.099,0.968,30.35,normal
419.68,179.15,130.27,40.19,90.07,24.678,19.93,89.58,2681.4,39.49,30.15,0.000177,1.258,0.998,26.63,normal
411.92,179.9,128.03,40.26,89.96,25.975,19.912,88.85,3040.4,44.68,29.58,0.000176,1.189,0.989,28.98,normal
415.08,180.1,129.19,40.5,88.67,24.618,19.589,90.05,2758.4,37.89,27.56,0.000188,1.227,1.06,30.32,normal
425.32,179.42,128.2,39.36,91.09,23.639,19.539,88.58,2694.9,34.06,27.58,0.000179,1.239,0.985,32.82,normal
404.47,179.97,127.97,38.48,89.96,23.885,19.737,89.75,2708.0,37.2,31.33,0.000231,1.237,1.033,28.31,normal
407.14,179.94,130.14,40.96,91.88,24.031,20.016,88.62,2616.4,36.62,30.54,0.000217,1.25,1.028,30.98,normal
428.22,180.26,130.67,40.69,91.19,25.357,19.064,89.53,2741.8,40.85,27.3,0.000131,1.172,0.945,28.88,normal
404.67,176.46,130.53,39.46,89.19,26.329,20.472,89.16,2657.4,44.27,32.06,0.000252,1.152,1.008,29.11,normal
417.18,182.82,130.72,40.41,91.62,23.776,20.009,90.76,2731.8,37.11,31.2,0.000219,1.259,0.97,28.24,normal
406.11,179.78,129.99,41.26,86.67,24.53,19.467,90.9,2718.5,39.23,29.55,0.000234,1.156,0.952,27.91,normal
414.0,180.87,129.67,41.14,92.51,25.053,20.808,88.45,2832.3,40.13,32.06,0.000195,1.293,0.952,29.05,normal
421.89,177.93,128.71,39.44,88.26,25.927,20.021,89.47,2847.6,43.15,29.79,0.000155,1.162,1.033,32.1,normal
415.42,179.29,129.47,38.51,90.64,24.527,19.332,89.8,2729.0,38.46,28.86,0.00016,1.181,1.106,28.49,normal
399.1,178.99,128.41,38.68,90.56,25.354,20.786,89.08,2822.4,40.7,31.97,0.000251,1.19,0.968,28.18,normal
415.78,182.2,128.99,39.69,91.46,24.85,20.677,90.02,2906.3,39.55,32.81,0.000151,1.123,1.009,30.42,normal
407.14,179.12,130.11,41.46,89.57,26.564,19.546,89.1,2818.7,45.19,28.87,0.000157,1.123,1.012,30.01,normal
414.73,181.14,129.86,39.27,87.21,25.087,19.839,92.25,2813.8,39.6,30.2,0.000187,1.246,0.979,29.86,normal
414.85,179.02,133.68,39.4,89.57,25.213,19.771,91.84,2491.1,40.83,30.22,0.000158,1.114,1.056,30.51,normal
407.98,179.32,128.39,39.38,89.72,25.051,19.055,89.3,2784.2,39.69,26.46,0.000216,1.326,1.088,27.98,normal
413.82,179.63,129.85,39.47,87.34,24.751,20.162,91.34,2698.0,38.55,30.56,0.000218,1.195,0.976,28.2,normal
406.96,181.93,128.29,39.99,90.06,25.57,20.423,90.07,3032.9,42.71,32.07,0.000212,1.149,1.069,31.97,normal
418.77,177.17,129.53,38.72,88.6,24.305,20.328,89.68,2555.5,38.39,30.25,0.000182,1.221,0.978,29.71,normal
405.05,178.03,129.58,41.08,90.84,23.799,20.016,87.84,2566.0,36.99,29.61,0.000209,1.077,0.961,31.19,normal
401.18,177.08,131.01,39.86,89.68,24.91,20.471,89.27,2536.0,38.8,32.25,0.000254,1.183,0.994,32.45,normal
427.27,178.37,129.46,42.48,92.55,25.489,19.432,86.4,2724.9,41.17,29.71,0.000157,1.19,1.035,31.69,normal
405.5,178.78,129.77,38.83,89.67,24.652,20.909,90.03,2680.8,39.6,29.68,0.000234,1.137,0.996,27.26,normal
413.9,177.58,129.48,41.59,90.56,25.112,19.614,87.46,2615.9,40.7,29.92,0.000224,1.168,1.03,29.77,normal
422.8,178.9,128.32,41.39,89.72,24.268,19.669,88.05,2729.7,40.48,27.25,0.000197,1.276,1.009,32.08,normal
410.32,176.98,129.22,39.59,87.89,25.638,19.712,89.36,2670.8,42.07,29.18,0.000205,1.209,1.054,31.05,normal
408.37,178.47,129.54,39.6,89.73,25.391,19.676,89.34,2664.5,40.47,28.02,0.000211,1.22,1.021,30.37,normal
409.26,181.8,130.09,39.08,90.98,25.012,19.904,90.92,2861.8,39.6,29.3,0.000171,1.161,1.061,26.72,normal
422.53,180.61,130.67,39.09,90.78,25.101,19.884,90.7,2748.3,39.44,29.77,0.000151,1.134,0.966,28.77,normal
409.78,180.28,129.72,40.0,89.62,24.164,20.065,90.19,2723.2,36.98,30.6,0.000227,1.188,0.992,30.14,normal
422.39,178.5,129.7,40.02,88.11,24.191,19.591,90.03,2625.9,37.8,30.05,0.000163,1.077,1.0,27.15,normal
424.08,177.7,127.94,38.4,90.84,24.927,20.083,88.19,2699.2,39.33,29.15,0.000167,1.145,0.966,31.59,normal
411.39,178.29,130.65,42.29,90.55,25.308,19.455,88.05,2698.4,42.23,29.47,0.000185,1.137,0.96,29.76,normal
418.88,179.94,129.16,39.74,91.1,25.339,20.366,89.13,2773.7,41.86,30.77,0.000209,1.098,1.015,26.04,normal
414.29,181.3,130.9,40.07,89.64,24.782,20.36,91.24,2762.1,40.24,30.77,0.000185,1.232,1.027,28.87,normal
418.03,181.35,131.58,39.37,87.81,25.447,19.997,92.87,2829.3,41.05,31.35,0.000178,1.193,1.005,29.43,normal
407.76,180.95,129.77,39.73,90.69,25.852,19.675,90.15,2879.9,43.4,29.8,0.000229,1.169,1.042,29.74,normal
411.47,178.89,128.77,39.64,89.99,24.947,20.156,89.02,2814.2,40.87,29.08,0.00019,1.234,0.956,32.84,normal
412.17,180.04,129.98,40.0,91.81,25.186,19.556,89.1,2778.5,42.13,28.75,0.000176,1.118,0.984,31.16,normal
411.68,179.52,130.42,39.99,90.04,24.875,20.017,89.96,2698.2,39.1,29.45,0.000212,1.133,0.953,27.27,normal
408.69,179.7,129.62,40.8,89.94,24.924,19.924,89.29,2781.1,39.79,29.45,0.000202,1.256,1.006,27.02,normal
411.82,183.06,129.32,40.23,90.54,25.102,21.315,90.79,2979.9,39.54,33.54,0.000201,1.314,1.02,29.47,normal
408.94,177.36,130.68,40.7,89.22,26.022,19.386,89.05,2632.6,45.63,28.73,0.000213,1.234,1.054,30.25,normal
412.1,179.65,130.6,39.99,89.16,25.549,18.666,90.55,2660.6,41.39,25.49,0.000196,1.224,0.953,31.98,normal
401.37,181.82,129.58,40.23,89.87,25.495,19.681,90.64,2900.4,42.71,28.97,0.000225,1.171,1.015,33.46,normal
407.61,177.8,128.02,39.76,88.8,24.728,19.142,88.63,2681.8,39.38,27.41,0.000157,1.172,1.057,33.57,normal
409.95,179.03,130.55,41.0,89.7,24.461,19.637,89.44,2580.8,39.34,29.33,0.000237,1.211,0.96,29.12,normal
422.07,179.21,129.08,40.32,92.52,25.234,19.351,87.72,2763.8,40.66,28.23,0.000173,1.269,0.951,31.87,normal
411.14,179.67,130.26,39.84,91.36,25.746,19.548,89.36,2713.1,43.1,29.54,0.000151,1.221,0.941,30.85,normal
418.59,177.61,130.18,39.81,90.4,26.034,19.468,88.78,2680.5,43.3,28.78,0.000176,1.248,1.025,27.82,normal
415.51,180.89,127.73,39.89,92.02,23.528,20.481,88.36,2768.1,37.57,31.8,0.00019,1.154,0.971,26.22,normal
411.34,181.0,130.1,40.03,88.93,26.468,19.976,91.07,2995.3,44.63,30.12,0.000178,1.231,1.019,30.29,normal
421.43,180.76,130.62,39.94,93.24,25.25,20.538,89.09,2763.7,40.0,30.55,0.000171,1.166,0.991,27.01,normal
412.29,178.69,130.76,39.44,89.4,25.545,20.02,90.3,2714.4,42.1,29.75,0.00023,1.207,1.072,28.3,normal
421.58,180.13,130.14,40.76,92.6,23.956,20.464,88.45,2556.9,37.05,30.73,0.000174,1.231,1.032,28.63,normal
431.7,178.65,127.63,40.83,92.6,24.858,19.849,86.42,2798.4,38.6,30.2,0.000132,1.173,0.968,30.44,normal
418.64,179.5,131.53,41.78,87.72,25.494,20.797,90.76,2725.9,41.81,32.87,0.000189,1.149,0.988,32.56,normal
399.32,183.23,130.49,39.4,91.91,24.295,20.235,91.21,2834.2,37.38,30.57,0.000261,1.218,1.032,30.03,normal
418.43,180.14,128.56,40.67,89.63,23.267,19.61,89.19,2639.8,34.91,29.07,0.000168,1.193,0.957,28.92,normal
419.04,178.22,129.05,38.09,89.26,25.201,20.31,89.96,2649.3,40.62,29.58,0.000173,1.207,1.047,25.86,normal
420.99,180.27,130.28,40.83,90.68,24.97,20.014,89.52,2803.0,37.89,29.72,0.000188,1.233,0.99,30.92,normal
404.09,177.97,130.82,38.54,88.69,25.865,19.899,90.77,2741.6,42.09,27.73,0.000246,1.265,1.032,30.06,normal
412.16,178.2,129.41,39.02,90.65,24.904,20.048,88.97,2694.0,40.65,30.78,0.000189,1.233,0.992,28.9,normal
411.53,178.44,130.99,40.33,88.78,24.948,20.376,90.16,2644.1,39.66,32.8,0.000169,1.227,0.979,32.33,normal
414.49,179.33,127.85,39.38,90.23,25.419,18.941,88.79,2879.1,39.31,26.78,0.000211,1.175,0.973,27.62,normal
412.21,181.41,128.75,39.24,91.74,25.62,19.825,89.59,2990.8,41.72,29.71,0.000209,1.183,1.069,28.63,normal
406.9,180.87,127.52,39.52,90.5,24.575,20.341,89.18,2909.2,39.27,31.26,0.000215,1.223,0.988,29.51,normal
421.43,180.78,128.92,40.73,89.53,25.567,20.124,89.71,2915.1,41.35,29.43,0.000168,1.182,1.123,28.88,normal
414.39,178.35,131.81,39.07,90.7,24.687,19.437,90.17,2502.9,38.84,28.39,0.000183,1.223,1.006,31.1,normal
401.87,179.19,132.47,39.95,88.17,25.01,18.816,91.77,2596.8,39.58,27.25,0.000234,1.159,0.966,30.93,normal
416.09,180.41,130.28,39.62,88.91,25.402,20.85,91.08,2857.7,41.79,32.47,0.000212,1.296,0.937,32.1,normal
400.5,179.06,129.23,40.82,89.44,25.507,19.906,89.01,2833.1,40.65,29.8,0.000224,1.21,1.049,31.0,normal
413.7,179.58,129.73,40.85,91.02,25.191,20.757,88.72,2772.8,41.1,31.84,0.000198,1.206,0.992,29.77,normal
407.07,180.66,130.57,38.16,90.53,24.352,20.397,91.26,2691.6,37.88,30.43,0.000232,1.176,1.033,29.32,normal
404.8,179.48,128.12,41.05,90.7,23.878,19.603,87.93,2707.2,38.08,29.48,0.000209,1.296,1.093,30.91,normal
416.84,180.34,129.31,39.39,89.96,24.887,18.749,90.15,2725.2,39.19,28.12,0.000184,1.137,1.027,29.62,normal
406.29,182.39,131.72,40.24,88.98,25.583,19.769,92.45,2848.5,40.58,27.77,0.000222,1.165,1.013,30.09,normal
424.1,179.74,128.75,39.06,91.93,25.27,19.981,88.74,2828.6,41.4,28.23,0.000174,1.243,1.049,31.02,normal
409.12,181.77,129.1,40.37,89.09,25.145,20.225,90.69,2877.3,40.91,29.64,0.000246,1.212,1.032,30.28,normal
408.64,180.84,130.02,42.55,90.54,24.996,19.445,88.87,2826.4,40.4,28.16,0.00023,1.171,0.949,30.62,normal
404.38,177.8,130.34,40.13,89.85,25.185,20.089,89.07,2638.1,41.38,30.03,0.000191,1.173,1.053,28.42,normal
411.57,178.35,129.25,39.54,90.73,24.404,20.089,88.66,2557.4,37.3,30.34,0.000194,1.185,0.998,32.7,normal
409.64,178.75,130.09,39.77,89.21,25.468,20.493,89.93,2733.3,40.57,31.4,0.000204,1.205,1.062,27.79,normal
418.57,178.72,130.73,38.53,91.37,25.508,19.847,89.75,2731.3,42.79,29.48,0.000195,1.278,1.02,30.88,normal
406.92,179.86,132.35,41.45,91.79,24.787,20.221,89.48,2572.9,39.82,31.62,0.00024,1.23,1.048,29.03,normal
416.88,180.92,129.85,40.31,91.29,25.262,20.144,89.58,2807.8,40.3,29.65,0.000184,1.251,0.991,32.16,normal
424.74,181.88,129.95,38.95,90.2,23.97,20.438,91.34,2699.9,35.32,31.92,0.000155,1.178,0.939,31.77,normal
420.69,180.46,131.83,38.98,89.43,25.108,19.59,91.94,2689.2,39.07,30.49,0.000192,1.226,1.023,30.0,normal
414.87,179.33,129.34,40.02,93.67,24.92,18.465,87.48,2718.9,38.81,24.81,0.000223,1.122,1.039,33.11,normal
409.9,176.88,128.41,40.93,88.71,25.756,19.882,87.82,2702.1,41.64,28.12,0.00023,1.209,0.978,29.63,normal
411.18,180.11,130.3,38.85,91.15,24.881,19.885,90.2,2774.9,39.96,29.84,0.000203,1.206,0.992,31.76,normal
417.85,180.04,131.29,41.11,90.43,25.521,19.421,89.89,2743.1,40.15,28.97,0.000181,1.291,0.911,28.55,normal
412.94,180.27,130.43,39.91,89.92,24.765,19.246,90.44,2699.8,38.8,28.02,0.000199,1.278,0.994,30.81,normal
419.37,183.16,129.88,39.07,90.24,23.628,19.713,91.86,2819.6,34.87,27.53,0.00018,1.187,0.95,28.14,normal
422.71,181.86,128.26,39.53,89.34,24.865,19.943,90.61,2940.2,39.19,28.5,0.000131,1.159,1.021,30.04,normal
420.86,181.18,129.93,41.75,90.56,25.118,20.048,89.4,2827.9,42.73,29.72,0.000174,1.161,1.013,29.9,normal
410.44,178.56,131.48,38.61,90.41,25.091,18.857,90.49,2605.2,41.45,27.32,0.000215,1.185,1.001,31.76,normal
415.78,179.23,128.52,39.27,93.48,25.1,19.123,87.49,2784.4,40.86,27.39,0.000192,1.265,1.053,28.66,normal
409.64,179.86,129.71,40.95,91.39,24.696,20.565,88.61,2720.6,38.61,31.71,0.000191,1.221,1.01,36.15,normal
406.17,178.84,129.54,40.22,90.67,24.806,19.905,88.74,2708.1,38.37,29.89,0.000233,1.226,1.008,27.24,normal
419.62,180.75,129.16,39.21,90.75,24.324,19.999,89.98,2811.1,37.99,30.74,0.000171,1.241,1.013,30.47,normal
416.59,180.54,130.3,40.96,92.39,23.802,19.333,88.74,2614.2,35.06,27.3,0.000174,1.15,0.977,30.58,normal
401.77,178.37,130.53,41.01,88.74,24.936,19.998,89.57,2643.1,40.46,30.06,0.00021,1.165,1.04,31.08,normal
411.58,181.8,130.52,40.33,89.76,24.553,19.812,91.11,2725.5,38.52,30.65,0.000179,1.226,0.963,28.97,normal
417.91,180.15,128.83,39.39,87.52,25.648,19.691,91.03,2911.2,41.86,28.54,0.000178,1.161,1.017,30.48,normal
411.09,177.41,128.02,39.54,90.73,23.691,19.269,87.58,2627.9,34.64,27.55,0.000246,1.124,1.049,28.87,normal
417.47,179.92,130.31,40.28,91.1,25.175,19.566,89.42,2748.2,40.55,28.91,0.000168,1.146,0.959,33.75,normal
414.67,180.42,129.39,38.69,88.71,26.273,20.986,91.21,2932.2,43.5,31.87,0.000178,1.253,0.946,28.73,normal
414.82,181.46,132.21,41.33,91.87,24.89,19.825,90.23,2681.1,38.73,28.6,0.000213,1.181,0.958,29.7,normal
413.14,179.49,132.26,41.7,89.07,24.998,20.395,90.49,2612.1,40.22,30.8,0.000199,1.211,1.073,28.67,normal
422.96,181.24,132.39,39.76,89.55,25.256,19.902,92.16,2716.2,40.34,29.54,0.000159,1.148,0.976,28.4,normal
402.74,180.28,128.87,40.36,90.16,25.303,19.844,89.32,2849.6,41.17,30.18,0.000254,1.219,0.952,27.2,normal
415.32,178.03,130.68,41.19,92.07,24.755,19.682,87.71,2598.0,39.92,28.43,0.000176,1.187,1.015,31.34,normal
417.39,177.88,131.05,41.96,88.88,24.395,20.673,89.04,2487.1,37.19,31.87,0.000193,1.222,0.891,28.65,normal
413.31,181.68,130.91,41.56,90.38,25.392,20.187,90.33,2862.3,41.24,31.49,0.000213,1.176,0.962,28.41,normal
400.79,181.79,129.57,38.26,91.01,23.855,19.605,91.05,2731.1,36.85,29.88,0.000265,1.225,1.057,28.07,normal
410.45,180.48,131.53,39.68,90.74,25.499,19.803,90.79,2765.8,42.69,29.38,0.000188,1.174,0.962,30.61,normal
410.92,182.24,130.0,40.5,90.79,24.765,20.538,90.47,2871.5,40.17,31.62,0.000172,1.196,0.99,30.04,normal
404.16,181.58,130.15,39.51,90.99,25.002,18.581,90.62,2770.7,39.66,25.55,0.000215,1.186,1.012,30.05,normal
399.9,181.03,128.15,41.78,89.28,24.685,20.155,89.03,2869.1,38.67,30.65,0.000263,1.201,1.012,28.48,normal
413.42,178.63,130.77,41.63,92.19,25.859,20.269,87.78,2676.8,42.66,31.95,0.000204,1.214,0.979,30.87,normal
407.65,182.6,129.69,39.18,89.86,25.149,19.625,91.62,2875.5,39.31,30.03,0.000191,1.175,1.022,28.68,normal
404.45,180.8,130.56,39.84,89.68,24.807,20.077,90.92,2735.2,38.47,30.19,0.000212,1.194,1.058,30.14,normal
425.25,179.42,130.28,39.25,91.75,24.79,20.251,89.34,2689.2,38.93,30.96,0.000138,1.209,0.958,29.72,normal
422.29,179.0,130.22,39.8,89.18,24.911,19.384,90.11,2627.0,37.36,27.77,0.000182,1.225,0.981,26.62,normal
426.75,180.39,129.95,39.77,90.42,26.438,20.421,90.07,2941.9,43.25,30.4,0.000145,1.196,0.996,34.06,normal
407.33,177.49,130.94,40.95,89.06,24.21,20.149,89.21,2453.1,37.42,30.11,0.000189,1.156,1.028,31.15,normal
417.05,181.05,129.76,39.11,93.28,25.65,19.924,89.2,2896.2,44.65,30.01,0.000185,1.204,1.001,30.36,normal
430.61,178.57,128.25,37.38,93.0,25.341,20.052,88.19,2881.0,40.34,30.72,0.000121,1.234,0.995,30.68,normal
409.95,180.56,130.68,38.4,89.86,25.924,20.354,91.49,2834.9,43.36,30.9,0.000205,1.133,0.938,34.1,normal
408.76,179.22,129.03,38.97,90.68,25.377,21.158,89.3,2767.9,40.9,33.55,0.000219,1.134,0.955,32.27,normal
415.17,179.6,128.41,39.34,90.01,25.002,20.305,89.33,2815.3,40.45,28.79,0.000194,1.167,1.008,30.7,normal
422.76,178.86,128.77,40.19,89.55,25.612,20.405,88.95,2816.8,40.7,31.24,0.000154,1.19,0.979,28.58,normal
407.98,179.76,130.34,38.92,90.16,25.138,20.097,90.51,2722.6,38.85,29.77,0.000238,1.09,0.986,28.9,normal
406.26,182.83,129.88,38.79,89.95,25.453,20.951,91.99,2966.0,42.69,31.62,0.000257,1.229,0.998,26.39,normal
411.67,182.08,127.44,39.07,88.02,25.857,19.267,91.18,3102.5,41.17,28.41,0.000212,1.191,1.094,29.26,normal
412.16,180.53,129.54,38.88,90.34,25.056,19.131,90.42,2773.7,41.64,28.85,0.000189,1.082,0.98,31.32,normal
412.81,179.96,131.4,39.45,89.95,24.745,20.077,90.98,2668.3,38.9,30.2,0.00019,1.144,1.055,31.27,normal
407.52,181.27,129.46,39.4,90.41,24.614,20.33,90.46,2844.8,38.07,31.6,0.000213,1.185,1.053,31.23,normal
410.54,181.69,129.8,40.69,89.9,25.27,18.713,90.45,2873.8,40.27,26.28,0.000203,1.111,1.032,28.97,normal
412.88,178.76,131.25,39.01,89.53,24.473,19.998,90.72,2568.2,40.1,31.64,0.000213,1.249,0.966,31.1,normal
407.47,179.88,130.95,39.64,91.14,24.79,19.91,90.02,2607.1,38.7,28.5,0.000213,1.209,1.005,31.65,normal
420.93,177.27,131.23,39.45,90.69,24.419,20.372,89.15,2472.9,37.96,30.93,0.000178,1.234,0.984,25.55,normal
413.14,181.68,126.67,40.81,91.81,25.305,20.214,87.85,3120.3,41.86,31.18,0.000175,1.149,1.081,30.61,normal
415.1,183.1,132.08,39.85,90.64,24.549,19.096,92.34,2779.3,39.18,27.58,0.000192,1.221,1.016,34.16,normal
413.81,180.12,130.76,41.05,89.74,24.228,19.46,90.04,2635.4,39.88,29.66,0.000214,1.167,0.991,29.42,normal
422.77,176.81,132.95,38.85,90.8,24.334,19.597,90.0,2346.6,39.27,27.26,0.000153,1.19,1.071,24.96,normal
406.63,180.91,129.06,39.95,87.43,24.657,20.369,91.28,2803.8,38.32,30.92,0.000193,1.218,0.986,28.37,normal
413.56,178.64,127.88,39.42,92.73,24.712,20.187,87.18,2772.2,40.48,30.31,0.000199,1.196,1.022,26.37,normal
412.4,179.0,130.01,38.77,90.36,25.151,19.69,89.94,2741.9,38.51,29.08,0.000185,1.24,1.028,28.73,normal
400.51,180.94,129.67,39.93,92.84,24.903,20.072,88.92,2793.9,40.49,28.93,0.000242,1.207,1.014,27.55,normal
407.53,180.38,130.78,41.73,88.87,25.222,19.471,90.28,2774.6,39.99,28.35,0.000237,1.177,0.996,31.86,normal
405.73,179.27,131.29,39.15,88.55,25.27,21.025,91.43,2643.1,41.38,32.55,0.000212,1.242,1.034,31.56,normal
404.97,179.03,129.9,39.87,90.48,25.444,20.287,89.28,2737.1,43.25,30.97,0.000253,1.253,0.975,30.69,normal
414.23,180.19,129.71,38.69,90.47,23.855,20.393,90.37,2615.8,35.09,31.95,0.000226,1.204,1.045,32.45,normal
413.37,179.39,130.63,38.54,90.44,24.324,20.688,90.51,2614.0,39.0,31.97,0.000204,1.267,0.989,28.87,normal
414.37,178.34,129.69,39.21,90.24,25.333,20.508,89.28,2713.5,41.8,31.72,0.000186,1.188,1.054,30.15,normal
414.23,179.5,129.59,39.55,89.18,25.127,20.016,90.18,2770.8,41.03,31.05,0.000188,1.194,1.042,34.39,normal
414.56,180.51,131.24,39.59,88.07,25.586,19.908,92.04,2782.4,40.72,30.7,0.000211,1.2,1.022,31.17,normal
413.53,179.73,131.51,39.77,90.37,24.074,20.644,90.55,2575.6,37.28,29.85,0.000189,1.194,0.996,31.17,normal
418.89,177.88,131.3,38.35,88.33,24.715,20.013,91.24,2595.2,38.22,30.67,0.000154,1.184,1.044,28.46,normal
411.07,181.48,129.8,39.37,88.21,24.822,19.625,91.84,2844.5,39.92,29.63,0.000189,1.164,1.023,29.17,normal
404.08,175.89,127.43,40.5,89.51,25.1,20.983,86.66,2616.7,38.98,32.5,0.000231,1.15,0.871,27.99,normal
430.01,179.33,129.82,38.64,90.56,25.022,19.532,89.97,2717.9,39.62,28.38,0.000123,1.206,0.967,33.36,normal
403.85,179.07,129.09,39.64,92.58,25.281,19.133,87.96,2778.7,41.44,26.8,0.000242,1.26,1.007,26.88,normal
412.15,180.22,129.84,40.29,91.27,24.931,20.496,89.25,2715.6,39.07,29.8,0.000217,1.241,1.011,31.83,normal
416.59,180.84,129.19,39.22,91.86,25.823,19.634,89.48,2959.1,42.01,29.7,0.000193,1.219,1.028,31.16,normal
407.55,181.69,129.98,40.34,90.85,26.015,20.218,90.24,3013.4,42.06,31.2,0.000209,1.262,1.062,26.79,normal
404.81,178.93,128.75,38.48,90.48,24.329,20.909,89.36,2659.8,38.35,32.42,0.000229,1.201,1.023,32.28,normal
414.98,180.88,128.46,40.89,93.26,25.027,19.313,87.6,2923.9,39.94,28.74,0.000201,1.151,0.917,29.48,normal
408.61,180.29,131.47,40.37,88.28,25.479,19.98,91.56,2769.1,40.66,30.76,0.000228,1.183,1.008,27.36,normal
407.82,177.43,128.84,40.06,89.46,25.351,20.742,88.37,2718.6,40.39,30.6,0.000226,1.197,1.049,30.73,normal
413.8,182.85,130.0,41.12,89.56,24.755,20.341,91.06,2903.2,39.46,31.13,0.000205,1.174,1.004,28.36,normal
422.65,177.84,131.15,39.67,91.16,25.153,19.91,89.06,2561.1,39.38,29.56,0.000167,1.231,1.008,29.59,normal
413.19,180.63,131.1,39.38,88.73,24.05,21.195,91.81,2655.3,37.26,33.65,0.000197,1.247,0.98,28.99,normal
421.28,180.58,130.95,41.37,90.99,24.989,19.952,89.59,2766.4,40.0,30.02,0.000139,1.113,1.038,28.24,normal
411.05,180.41,130.36,41.84,90.75,24.124,20.198,89.09,2670.6,37.67,31.15,0.000213,1.193,0.986,27.62,normal
411.78,179.26,130.87,39.31,91.06,25.305,20.825,89.87,2703.0,40.35,31.0,0.000187,1.055,1.024,31.59,normal
416.59,181.24,131.65,39.89,91.03,24.33,20.49,90.98,2630.8,38.7,32.39,0.000182,1.195,1.017,30.65,normal
409.53,177.66,130.51,41.05,92.0,25.098,20.661,87.55,2631.8,41.24,31.39,0.00022,1.195,1.002,30.52,normal
416.18,179.9,127.8,39.92,89.94,25.192,19.55,88.92,2888.2,41.2,28.69,0.000162,1.289,1.019,29.27,normal
410.65,179.15,129.37,40.59,90.69,25.046,20.614,88.62,2739.3,40.34,30.27,0.000203,1.274,1.008,30.1,normal
413.29,178.98,130.84,40.78,89.04,24.621,20.085,90.0,2636.3,37.49,30.15,0.00019,1.247,1.051,28.53,normal
416.7,180.64,129.25,39.44,88.75,24.874,19.627,90.85,2803.8,41.31,28.99,0.000195,1.152,1.027,28.49,normal
407.9,181.62,131.94,40.42,92.29,25.709,20.111,90.42,2788.2,42.12,30.24,0.000209,1.149,1.042,33.42,normal
400.49,179.49,129.92,39.99,88.94,24.745,20.095,90.24,2730.7,39.58,29.67,0.000255,1.145,0.969,31.77,normal
409.32,181.17,130.1,38.78,90.83,25.013,20.934,90.83,2764.9,39.33,31.59,0.000212,1.276,0.967,28.88,normal
408.27,180.07,131.35,39.01,90.69,24.666,20.191,90.85,2665.9,38.83,31.03,0.000241,1.154,1.003,27.01,normal
408.74,178.66,129.78,39.35,91.53,25.612,19.61,88.77,2717.3,42.96,27.56,0.000242,1.181,1.03,26.6,normal
