TI831061A,TI831061B,TI831060A,TI831060B,XSI831090,XSI831091,XSI831092,LSI831010,LSI831011,LSI831012,PZI831003,PZI831004,PZI831005,TI831001,FI821002,PI821019,TSI821017,TSI821018,TSI821019,PZI831006,PZI831007,PZI831008,TI831002,TI831063A,TI831063B,TI831062A,TI831062B,VSI831091A,VSI831091B,VSI831090A,VSI831090B,SZI831090,TI831064A,TI831064B,VSI831092B,VSI831093A,VSI831093B,TI831065A,TI831065B,PX8310_1_NM1/NUM1.PV,PSI831047,PSI831048,PSI831049,TSI831042,TSI831043,TSI831044,OutsideTemperature,VSI831092A
62,65.3,63.7,61.2,-0.030425012,-0.02837503,-0.011650026,341.935,346.446747,346.895,17.3535938,17.4103127,17.4003124,306.134247,129.374054,49.4647026,419.056244,419.506256,419.328125,4.5644,4.606,4.571,185.879623,82.7000046,83.6,86.9,76.4,16.7825,20.715,26.9212513,20.1475,6178.3584,83.6,82.5,5.5925,8.645,9.0625,87,86.6,0,2.110575,2.0922,2.087175,46.65,46.4468765,46.6656227,28.70624924,5.8275
61.5,64.8,63.7,61,-0.02798748,-0.025512517,-0.009612501,441.43,453.558258,455.530029,17.3585949,17.39,17.385,304.832184,128.113525,49.5587425,417.228119,417.668762,417.493774,4.6002,4.637,4.64765,183.564819,82.7000046,83.5,87.3,76.1,17.0675,20.34875,26.51375,20.06625,6175.22,83.4,82.2000046,5.51125,8.645,8.81625,86.9,86.5,0,2.113825,2.093825,2.092075,46.2225,46.0393753,46.2368774,28.6875,5.95125
61.5,64.7000046,63.7,61,-0.02717501,-0.02429998,-0.008787513,426.45,437.580933,437.585022,17.3331261,17.359375,17.364687,305.2662,127.988739,49.65278,418.040619,418.4875,418.512482,4.6018,4.6419,4.6313,184.606476,82.7000046,83.5,87.3,76.1,16.5775,20.2675,26.51375,20.10625,6181.49658,83.4,82.2000046,5.67375,8.48125,8.89875,86.9,86.5,0,2.10895,2.093825,2.0929,46.2018776,45.9575,46.1756248,28.60312462,5.8275
61.4,64.6,63.7,61,-0.02717501,-0.023887515,-0.008387506,416.68,426.168549,426.495,17.328125,17.35422,17.3543758,304.398132,127.792747,49.76563,417.634369,418.078125,417.9,4.65885,4.69085,4.6851,184.490738,82.7000046,83.5,87.5,76.1,16.86375,20.105,26.51375,19.94375,6176.765,83.4,82.2000046,5.5925,8.685,8.89875,86.8,86.4,0,2.1171,2.097075,2.09045,46.14125,45.9575,46.1556244,28.55312538,5.91
61.3,64.4,63.7,61,-0.026362479,-0.023074985,-0.006749988,404.955017,411.984253,413.12,17.3179684,17.3390636,17.3390636,305.555542,128.114182,49.5023155,418.65,418.996857,418.918762,4.6409,4.67615,4.6688,185.300919,82.6,83.6,87.2000046,76,16.5374985,20.02375,26.392498,19.94375,6175.22,83.4,82.2000046,5.5925,8.44125,8.89875,86.9,86.4,0,2.1122,2.097075,2.087175,46.1206245,45.89625,46.1143761,28.52812386,5.91
61.3,64.4,63.8,61,-0.025137484,-0.022262514,-0.005937517,393.72,400.736664,400.885,17.34328,17.359375,17.364687,305.8449,128.806824,49.4647026,418.65,419.0969,419.125,4.63275,4.67285,4.66555,185.648148,82.5,83.6,87.1,76,16.86375,20.34875,26.6775017,20.27,6175.22,83.4,82.2000046,5.5925,8.645,8.89875,86.8,86.4,0,2.113825,2.093825,2.0888,46.1206245,45.9575,46.07375,29.03125,5.74624968
61.2,64.2000046,63.9,61,-0.023100019,-0.021037519,-0.004299998,379.715,385.573456,386.045,17.3382816,17.3798428,17.3748436,305.2662,127.866379,49.76563,417.8375,418.078125,418.103119,4.6295,4.668,4.65575,184.722214,82.6,83.6,87.4,76,17.0675,19.73875,26.4324989,19.9849987,6175.22,83.4,82.2000046,5.51125,8.5225,8.89875,86.8,86.4,0,2.113025,2.09545,2.092075,46.079998,45.9575,46.1143761,28.73125076,5.8275
61.2,64.2000046,64,61.1000023,-0.023100019,-0.021037519,-0.003899992,368.805,374.815369,374.95,17.3585949,17.369688,17.3798428,305.121521,128.269745,49.7280121,418.040619,418.384369,418.309357,4.6474,4.68755,4.6737,184.837967,82.6,83.6,87.4,76,16.49625,19.73875,26.35125,19.9037514,6175.22,83.4,82.2000046,5.51125,8.44125,8.65375,86.8,86.4,0,2.1122,2.093,2.0888,46.14125,45.9368744,46.135,28.25312614,5.7875
61.2,64.2000046,64,61.1000023,-0.022700012,-0.019812524,-0.003487527,359.52002,365.0312,365.98,17.3331261,17.36453,17.369688,304.6875,128.6614,49.6903954,417.431244,417.875,417.9,4.62625,4.67285,4.66065,184.490738,82.6,83.6,87.3,76,16.7825,20.34875,26.4324989,19.94375,6172.082,83.5,82.3,5.51125,8.645,8.65375,86.8,86.4,0,2.110575,2.093825,2.0888,46.1818771,45.998127,46.1143761,27.97187614,5.8275
61.1000023,64.1,64.1,61.1000023,-0.020662487,-0.017775,-0.001862526,348.449982,353.294159,354.4,17.36375,17.39,17.395155,306.134247,128.627,49.57755,419.259369,419.609375,419.53125,4.6572,4.6892,4.6851,185.879623,82.5,83.6,87.2000046,76,16.61875,19.9025,26.6775017,19.94375,6176.765,83.4,82.2000046,5.5925,8.44125,8.735001,86.8,86.4,0,2.1114,2.093,2.09045,46.14125,45.9368744,46.1556244,27.4375,5.8275
61.1000023,64,64.1,61.1000023,-0.020662487,-0.018175006,-0.001862526,337.050018,341.552155,338.74,17.34328,17.36453,17.364687,305.121521,128.181473,49.6339722,418.040619,418.28125,418.309357,4.636,4.67615,4.6623,185.069443,82.5,83.7000046,87.3,76,16.9037514,20.34875,26.51375,20.10625,6178.3584,83.4,82.1,5.5925,8.44125,8.65375,86.7000046,86.3,0,2.110575,2.0922,2.08555,46.1006241,45.9168777,46.1143761,27.84687614,5.74624968
61.1000023,64,64.2000046,61.1000023,-0.019850016,-0.017362475,-0.001049995,325,329.001038,328.955017,17.3331261,17.3492184,17.3543758,305.555542,128.9849,49.5023155,418.446869,418.893768,418.715637,4.65885,4.6745,4.69165,185.416656,82.4,83.7000046,87.1,76,17.0675,20.145,26.8400021,20.31,6178.3584,83.5,82.2000046,5.75499964,8.72625,8.81625,86.8,86.4,0,2.110575,2.0922,2.09045,46.14125,45.9168777,46.1143761,27.64999771,5.95125
61,63.8,64.3,61.2,-0.018225014,-0.01532501,0.001399994,315.555,318.5676,318.19,17.3382816,17.359375,17.364687,305.121521,128.531036,49.7280121,417.9375,418.28125,418.309357,4.64905,4.6843,4.6786,184.837967,82.4,83.7000046,87.3,75.9,17.0275,20.0637512,26.51375,20.025,6170.489,83.5,82.3,5.5925,8.36,8.695,86.8,86.3,0,2.1122,2.093825,2.0888,46.1006241,45.89625,46.1143761,27.26562691,5.91
61,63.8,64.3,61.1000023,-0.018225014,-0.01532501,0.001799941,303.18,304.872742,305.145,17.3535938,17.369688,17.3748436,305.4109,128.4048,49.5963554,418.446869,418.893768,418.715637,4.6295,4.67125,4.65415,185.069443,82.4,83.6,87.2000046,75.9,16.741251,19.86125,26.4324989,19.9037514,6168.89551,83.5,82.3,5.63375,8.318749,8.89875,86.7000046,86.3,0,2.110575,2.0922,2.0888,46.079998,45.9168777,46.1143761,27.52812576,5.95125
60.9,63.7,64.3,61.2,-0.017412484,-0.014512479,0.002624989,293.735016,293.460358,294.705017,17.3382816,17.36453,17.364687,305.4109,128.4413,49.67159,418.446869,418.790649,418.715637,4.64255,4.68595,4.6688,185.185181,82.4,83.6,87.3,75.9,16.7825,20.34875,26.51375,20.06625,6170.489,83.5,82.2000046,5.43,8.48125,8.81625,86.7000046,86.3,0,2.1122,2.09545,2.09045,46.079998,45.855,46.0531273,27.20000076,5.7875
60.9,63.7,64.5,61.2,-0.016600013,-0.013700008,0.002212524,282.335,280.254974,281.495,17.3382816,17.369688,17.364687,305.121521,127.8976,49.65278,418.040619,418.4875,418.512482,4.6295,4.6696,4.646,185.185181,82.5,83.7000046,87.4,75.9,17.19,20.18625,26.18875,20.10625,6175.22,83.4,82.2000046,5.47,8.5625,8.89875,86.6,86.2000046,0,2.1114,2.094625,2.087175,46.0593758,45.89625,46.1143761,26.82187653,5.8275
60.9,63.6000023,64.5,61.2,-0.015775025,-0.012875021,0.003849983,270.935,267.3742,266.81,17.34328,17.369688,17.3748436,305.8449,128.477325,49.74682,418.65,419.0969,419.125,4.60835,4.65005,4.63945,185.763885,82.4,83.7000046,87.3,75.8,16.98625,19.82,26.5549984,19.9037514,6172.082,83.5,82.2000046,5.43,8.48125,8.65375,86.7000046,86.3,0,2.1122,2.093825,2.0888,46.1006241,45.8756256,46.07375,26.30625153,5.91
60.9,63.6000023,64.5,61.3,-0.014962494,-0.012462497,0.004662514,263.77002,258.0795,258.005,17.3229675,17.3440628,17.34422,305.2662,128.084778,49.6339722,418.040619,418.384369,418.512482,4.6393,4.65005,4.6411,185.069443,82.4,83.7000046,87.3,75.9,16.7825,19.86125,26.4324989,19.9849987,6178.3584,83.5,82.2000046,5.55250025,8.19625,8.81625,86.7000046,86.3,0,2.1122,2.093,2.0888,46.14125,45.9575,46.135,26.046875,5.99125
60.9,63.6000023,64.6,61.3,-0.014150024,-0.011650026,0.005475044,253.025009,247.810867,247.075012,17.3585949,17.3798428,17.385,304.832184,127.504433,49.6339722,417.8375,418.181244,418.103119,4.65395,4.6941,4.68675,184.490738,82.5,83.7000046,87.4,75.9,16.9037514,20.02375,26.51375,19.94375,6178.3584,83.4,82.2000046,5.51125,8.88875,8.5725,86.6,86.2000046,0,2.1057,2.088925,2.084725,46.1818771,45.9575,46.135,26.16874886,5.86875
60.9,63.6000023,64.7000046,61.4,-0.013337493,-0.011250019,0.005475044,239.995,233.3019,233.209991,17.3229675,17.3492184,17.3543758,305.2662,127.888527,49.67159,417.8375,418.28125,418.309357,4.6295,4.6745,4.65415,185.185181,82.4,83.7000046,87.4,75.9,16.741251,20.34875,26.51375,19.9849987,6183.042,83.5,82.2000046,5.55250025,8.8075,8.6125,86.6,86.2000046,0,2.1057,2.088925,2.08555,46.1818771,45.9575,46.1756248,26.31562424,5.91
60.9,63.6000023,64.6,61.3,-0.014150024,-0.011650026,0.005475044,230.55,221.395081,221.959991,17.3331261,17.359375,17.3595314,305.555542,128.1017,49.48351,418.7531,419.2,419.125,4.6295,4.67285,4.65905,185.300919,82.4,83.6,87.2000046,75.9,16.61875,20.43,26.2699986,19.94375,6172.082,83.5,82.3,5.43,8.48125,8.735001,86.6,86.2000046,0,2.113825,2.09545,2.09045,46.1206245,45.9575,46.1556244,26.43125153,5.7875
61.1000023,63.8,64.8,61.5,-0.013337493,-0.011250019,0.005475044,217.525009,208.519318,208.095,17.3331261,17.359375,17.3543758,305.555542,128.9228,49.67159,418.143738,418.6906,418.512482,4.60345,4.61745,4.60525,185.879623,82.5,83.8,87.3,76.1,17.10875,20.5925,26.4324989,20.31,6172.082,83.6,82.4,5.47,8.5625,8.5725,86.7000046,86.3,0,2.1122,2.09545,2.0888,46.3649979,46.16125,46.31875,26.32187653,5.74624968
60.9,63.6000023,64.6,61.3,-0.014562488,-0.011650026,0.005475044,207.265,197.76123,195.86,17.3179684,17.3440628,17.34422,305.121521,127.451256,49.2578163,417.8375,418.181244,418.103119,4.61325,4.6435,4.63295,184.027771,82.4,83.7000046,87.1,76,16.7825,20.22625,26.5549984,20.025,6178.3584,83.4,82.2000046,5.5925,8.48125,8.8575,86.6,86.2000046,0,2.113025,2.093,2.087175,46.16125,45.998127,46.19625,26.21875191,5.86875
60.9,63.6000023,64.7000046,61.4,-0.012937486,-0.010837495,0.006700039,196.355,184.880478,185.26,17.3331261,17.35422,17.3595314,304.6875,128.044235,49.9537048,417.025,417.465637,417.493774,4.636,4.6745,4.6623,184.606476,82.4,83.7000046,87.6,75.9,16.741251,20.02375,26.18875,19.74,6178.3584,83.5,82.2000046,5.55250025,8.685,8.735001,86.6,86.2000046,0,2.1122,2.094625,2.09045,46.16125,45.9575,46.1756248,25.91249847,5.8275
60.9,63.6000023,64.7000046,61.4,-0.012937486,-0.010437489,0.006700039,226.640015,217.973877,218.534988,17.328125,17.359375,17.3595314,305.555542,128.707809,49.65278,418.853119,419.0969,419.021881,4.6344,4.67285,4.6639,185.648148,82.3,83.7000046,87.2000046,75.9,17.19,20.34875,26.51375,20.025,6176.765,83.6,82.3,5.55250025,9.1325,8.89875,86.6,86.2000046,0,2.110575,2.09545,2.09045,46.2018776,45.998127,46.1756248,26.13125229,5.95125
60.9,63.6000023,64.7000046,61.4,-0.014150024,-0.011650026,0.005887508,332.165,335.683655,335.97,17.3484383,17.3746872,17.3748436,304.832184,128.260681,49.57755,418.243744,418.4875,418.512482,4.6572,4.6794,4.6851,184.837967,82.3,83.6,87.3,75.9,16.945,20.02375,26.51375,20.06625,6176.765,83.5,82.3,5.5925,8.72625,8.940001,86.6,86.2000046,0,2.1114,2.09545,2.0888,46.1818771,45.998127,46.135,26.65312576,5.8275
60.8,63.5,64.8,61.4,-0.013750017,-0.011250019,0.006287456,445.664978,457.793579,458.79,17.34328,17.3798428,17.385,305.2662,128.147415,49.6903954,418.040619,418.384369,418.512482,4.6409,4.68105,4.6737,185.069443,82.3,83.7000046,87.3,75.9,16.945,20.02375,26.18875,19.82125,6172.082,83.6,82.3,5.51125,8.48125,8.53125,86.6,86.2000046,0,2.10895,2.0922,2.0888,46.2018776,45.998127,46.1556244,27.29062462,5.74624968
61,63.8,64.5,61.3,-0.016600013,-0.014100015,0.003025055,437.685,450.296875,450.960022,17.328125,17.3492184,17.3543758,303.674774,129.5601,49.6339722,414.990631,415.3219,415.25,4.62625,4.66475,4.65415,183.912033,82.3,83.7000046,87,76,16.415,19.69875,26.35125,19.9849987,6170.489,83.6,82.4,5.5925,8.645,8.735001,86.7000046,86.3,0,2.110575,2.0922,2.089625,46.2425,46.0393753,46.2368774,27.75937653,5.7875
61,63.7,64.6,61.4,-0.013337493,-0.011250019,0.005475044,424.17,433.665283,434.65,17.3739071,17.3848438,17.385,304.1088,128.3047,49.5963554,416.818726,417.262482,417.2875,4.6686,4.6435,4.62155,183.680557,82.4,83.7000046,87.3,75.9,16.5775,20.105,26.18875,19.94375,6172.082,83.6,82.4,5.5925,8.645,8.65375,86.7000046,86.3,0,2.10895,2.09055,2.0888,46.2631264,46.0393753,46.2368774,28.38124847,5.8275
61.3,64.4,64.2000046,61.2,-0.020662487,-0.017362475,-0.001462519,414.725,424.210754,421.275,17.3789063,17.400156,17.4003124,300.491882,129.687637,49.9160919,413.971863,413.9969,414.228119,4.6409,4.67775,4.6688,181.134262,82.5,83.7000046,87.3,76.1,16.70125,20.22625,26.06625,19.69875,6173.627,83.7000046,82.5,5.43,8.685,8.735001,86.8,86.4,0,2.10895,2.09055,2.0888,46.3649979,46.1206245,46.31875,29.69062614,5.8275
61.5,64.1,64.1,61.4,-0.017412484,-0.01613748,0.000587463,403.490021,411.33,411.16,17.36875,17.39,17.395155,305.555542,130.77124,49.5399323,418.853119,419.403137,419.225,4.6295,4.67125,4.6525,185.416656,82.3,83.8,86.7000046,76.3,16.415,20.02375,26.59625,19.9037514,6178.3584,83.6,82.4,5.43,8.60375,8.5725,86.8,86.4,0,2.1065,2.0881,2.0839,46.4462471,46.2431259,46.44125,30.63749886,5.7875
61.5,64.2000046,64.3,61.5,-0.01781249,-0.016962528,0.000587463,391.11,397.475281,397.625,17.3331261,17.369688,17.369688,304.832184,129.904968,49.5587425,417.8375,418.181244,418.103119,4.6393,4.6794,4.66555,184.490738,82.5,83.9,87,76.3,16.375,20.105,26.4324989,19.6575,6175.22,83.9,82.7000046,5.43,8.8075,8.89875,86.9,86.5,0,2.104075,2.0873,2.082275,46.58875,46.3656235,46.56375,31.40312386,5.74624968
61.6000023,64.4,64.3,61.5,-0.019850016,-0.017775,-0.001049995,381.18,387.3665,387.509979,17.3484383,17.3746872,17.3748436,304.542816,130.24527,49.5963554,417.228119,417.568756,417.59375,4.65065,4.68105,4.6721,184.259262,82.6,83.8,87.1,76.3,16.415,20.18625,26.4324989,19.9037514,6172.082,83.9,82.7000046,5.3475,8.5625,8.735001,86.9,86.5,0,2.1057,2.091375,2.08555,46.65,46.4268761,46.6656227,32.41874695,5.8275
61.7,64.5,64.2000046,61.5,-0.021887481,-0.019812524,-0.003899992,367.665,373.831451,374.465,17.3484383,17.359375,17.364687,304.6875,130.6497,49.65278,417.8375,418.181244,418.103119,4.63115,4.66635,4.65575,184.490738,82.6,83.8,87,76.4,16.70125,20.0637512,26.59625,19.8625,6172.082,84,82.8,5.47,8.72625,8.89875,87.1,86.7000046,0,2.104075,2.08565,2.087175,46.65,46.40625,46.625,32.58124924,5.91
61.8,64.8,64.1,61.5,-0.02391249,-0.02184999,-0.005937517,357.565,362.419067,362.885,17.3382816,17.35422,17.364687,304.542816,130.730408,49.74682,417.8375,418.181244,418.206238,4.61975,4.66145,4.64765,184.722214,82.7000046,83.8,87.1,76.4,16.33375,20.51125,26.6775017,19.8625,6179.90332,84,82.8,5.26625,8.88875,9.02125,87.1,86.6,0,2.1057,2.08565,2.082275,46.6906242,46.4881248,46.70625,32.74062729,5.74624968
61.9,64.9,64.1,61.5,-0.025550008,-0.02266252,-0.007574975,345.195,349.053864,349.995,17.3484383,17.369688,17.3748436,304.6875,130.669067,49.6903954,418.040619,418.384369,418.309357,4.58555,4.6468,4.6346,184.722214,82.7000046,83.8,87.1,76.5,16.415,20.18625,26.51375,19.7799988,6176.765,84,82.8,5.43,8.72625,9.0625,87.1,86.7000046,0,2.10245,2.0873,2.082275,46.73125,46.52875,46.7268753,33.11874771,5.8275
62,65,64,61.5,-0.025950015,-0.023487508,-0.007974982,333.139984,337.316833,337.930023,17.3484383,17.359375,17.364687,304.832184,130.589981,49.76563,418.243744,418.5875,418.612518,4.65885,4.70385,4.6786,184.722214,82.8,83.8,87.2000046,76.5,16.33375,20.105,26.4324989,19.74,6175.22,84.1,82.9,5.51125,8.7675,8.98,87.2000046,86.7000046,0,2.104075,2.088925,2.0831,46.7718735,46.59,46.7881279,33.83124924,5.95125
62.1000023,65.3,64,61.5,-0.027575016,-0.025512517,-0.009199977,322.395,325.250183,324.39,17.3331261,17.359375,17.364687,304.6875,130.5913,49.6339722,418.040619,418.384369,418.309357,4.6214,4.65495,4.6509,184.606476,82.8,83.8,87,76.6,16.741251,20.7550011,26.8400021,20.27,6178.3584,84.1,82.9,5.43,8.8075,8.98,87.2000046,86.8,0,2.104075,2.08485,2.081475,46.8737526,46.65125,46.89,34.18437576,5.95125
62.2,65.4,64,61.5,-0.02798748,-0.026337504,-0.010012507,308.88,311.390533,310.525,17.328125,17.36453,17.364687,305.2662,130.796219,49.48351,418.446869,418.790649,418.715637,4.65065,4.6843,4.67695,184.837967,82.8,83.7000046,86.8,76.7000046,16.25125,20.34875,26.4324989,19.6575,6175.22,84,82.9,5.3475,8.5625,8.89875,87.2000046,86.8,0,2.10325,2.086475,2.082275,46.955,46.7331276,46.95125,34.984375,5.91
62.2,65.5,64,61.6000023,-0.028400004,-0.027149975,-0.010424972,297.48,297.700653,298.62,17.3484383,17.3746872,17.369688,305.2662,130.592667,49.5963554,418.65,418.996857,419.125,4.6344,4.67285,4.67045,185.069443,82.9,83.8,86.9,76.7000046,16.5775,20.43,26.59625,19.82125,6175.22,84.1,83,5.43,8.5625,8.89875,87.3,86.8,0,2.1057,2.084025,2.082275,46.9756241,46.77375,46.9918747,35.35000229,5.8275
62.3,65.6,64.1,61.6000023,-0.02798748,-0.02592498,-0.009612501,284.615,283.0219,284.1,17.328125,17.3492184,17.3492184,305.2662,130.249344,49.6339722,418.243744,418.5875,418.512482,4.6051,4.6419,4.63785,184.722214,83,83.8,87.1,76.7000046,16.7825,20.4712486,26.4324989,19.7799988,6176.765,84.1,83,5.51125,8.645,9.0625,87.3,86.8,0,2.09755,2.080775,2.07575,47.0568733,46.8956261,47.0943756,35.98749924,5.91
62.2,65.6,63.9,61.5,-0.029212475,-0.027562499,-0.011650026,273.87,270.960266,272.195,17.3331261,17.35422,17.3595314,304.6875,130.38028,49.57755,417.634369,417.975,418.0031,4.61,4.64025,4.63785,184.490738,82.9,83.8,87,76.7000046,16.5374985,20.43,26.75875,19.94375,6175.22,84,82.9,5.43,8.72625,8.98,87.2000046,86.8,0,2.1008,2.08565,2.0831,46.9756241,46.7331276,47.0125,34.85312653,5.7875
62.3,65.7000046,63.9,61.5,-0.030425012,-0.02837503,-0.012462497,260.19,255.797028,256.21,17.3484383,17.369688,17.3748436,304.832184,130.65152,49.5963554,418.040619,418.4875,418.512482,4.623,4.66635,4.6525,184.606476,82.9,83.8,87,76.7000046,16.70125,20.18625,26.6775017,19.7799988,6176.765,84.1,83,5.43,8.72625,8.89875,87.3,86.8,0,2.1008,2.084025,2.079025,47.0568733,46.8143768,47.0531273,34.27812576,5.91
62.3,65.7000046,63.9,61.5,-0.030025005,-0.027962506,-0.012462497,248.465,241.612717,241.37001,17.3484383,17.3798428,17.3798428,304.6875,130.626938,49.74682,418.040619,418.384369,418.309357,4.6295,4.6696,4.65905,184.490738,83,83.8,87.1,76.7000046,17.10875,20.4712486,26.7174988,19.74,6179.90332,84,82.9,5.3475,8.60375,8.735001,87.3,86.8,0,2.1008,2.08565,2.08065,46.955,46.77375,46.9918747,32.48125076,5.8275
62.5,66,64.1,61.7,-0.030837476,-0.02837503,-0.013687491,235.435013,227.758057,227.50499,17.34328,17.369688,17.3748436,304.6875,130.326141,49.67159,418.040619,418.4875,418.512482,4.6295,4.6696,4.6639,184.606476,83.1,83.9,87.2000046,76.9,16.86375,20.633749,26.798748,20.025,6178.3584,84.1,83.1,5.43,8.5625,8.98,87.4,86.9,0,2.104075,2.08565,2.0839,47.1787529,46.998127,47.1756248,32.02187347,5.91
62.4,65.9,64,61.5,-0.031237483,-0.02837503,-0.012875021,222.245,211.780716,213.15,17.3484383,17.369688,17.3748436,305.121521,130.8344,49.5587425,418.040619,418.4875,418.309357,4.64255,4.68265,4.6623,185.185181,82.9,83.8,87,76.8,16.741251,20.145,26.7174988,19.94375,6179.90332,84,82.9,5.3475,8.685,9.0625,87.3,86.8,0,2.1008,2.08565,2.082275,46.9756241,46.835,46.9718742,31.83749962,5.7875
62.2,65.7000046,63.8,61.4,-0.031237483,-0.0291875,-0.013687491,208.245,197.5964,198.305,17.3331261,17.369688,17.364687,305.121521,131.241852,49.57755,418.243744,418.4875,418.512482,4.6409,4.67615,4.6639,185.069443,82.7000046,83.7000046,86.8,76.6,16.741251,20.4712486,27.0025024,20.025,6179.90332,83.9,82.8,5.51125,8.5625,8.89875,87.2000046,86.8,0,2.104875,2.086475,2.082275,46.8737526,46.65125,46.89,31.44375038,5.99125
62.1000023,65.5,63.7,61.4,-0.030837476,-0.02837503,-0.012462497,194.89,184.880478,184.61,17.3840637,17.4103127,17.41047,305.121521,131.062759,49.6339722,418.243744,418.6906,418.715637,4.62625,4.66475,4.65415,184.837967,82.8,83.8,86.9,76.6,16.66,20.105,26.6775017,19.9849987,6173.627,83.8,82.6,5.3475,8.5625,8.65375,87.2000046,86.8,0,2.1065,2.088925,2.0839,46.7925,46.6306229,46.82875,30.89687538,5.705
62.1000023,65.4,63.8,61.4,-0.028400004,-0.026737511,-0.011237502,240.650009,233.461731,234.515,17.3840637,17.4053116,17.41047,304.1088,131.33847,49.67159,418.243744,418.790649,418.715637,4.6295,4.67125,4.64925,185.069443,82.6,83.7000046,86.7000046,76.5,16.9037514,20.18625,27.0025024,20.27,6172.082,83.9,82.7000046,5.43,8.685,8.65375,87.3,86.8,0,2.104075,2.0775,2.079025,46.8331261,46.67125,46.8493767,25.43750191,5.8275
61.8,65,64.1,61.4,-0.025137484,-0.02266252,-0.006749988,357.895,362.419067,363.7,17.3382816,17.359375,17.3595314,304.6875,130.892075,49.9537048,417.8375,418.28125,418.309357,4.623,4.6631,4.6509,185.069443,82.8,83.8,87.2000046,76.4,16.8225,20.105,26.6775017,19.9849987,6181.49658,83.8,82.6,5.5925,8.8075,8.5725,87.2000046,86.7000046,0,2.109775,2.088925,2.084725,46.7106247,46.52875,46.70625,25.33749962,5.91
61.7,65,63.7,61.1000023,-0.027575016,-0.02511251,-0.009612501,440.615,453.882874,453.569977,17.3739071,17.400156,17.405468,302.228,131.421936,49.65278,418.040619,418.078125,418.309357,4.623,4.6631,4.6574,184.027771,82.4,83.6,86.5,76.3,16.45625,20.51125,26.88,20.27,6179.90332,83.7000046,82.5,5.5925,8.8075,8.695,87.1,86.7000046,0,2.1122,2.0922,2.087175,46.4462471,46.2431259,46.4618759,26.22812462,5.8275
61.5,64.6,64.1,61.3,-0.023100019,-0.020212472,-0.004299998,428.074982,439.209137,440.194977,17.3484383,17.3798428,17.3798428,305.8449,130.469986,49.38947,418.956238,419.403137,419.328125,4.6572,4.69735,4.6851,185.648148,82.5,83.9,86.7000046,76.3,16.70125,19.86125,27.2462482,20.4325,6175.22,83.6,82.4,5.51125,8.645,8.5725,87,86.6,0,2.10895,2.08975,2.087175,46.4056244,46.2431259,46.3999977,26.03749847,5.7875
61.6000023,64.6,64.4,61.5,-0.020250022,-0.017775,-0.001862526,415.375,426.333374,424.865021,17.38922,17.4053116,17.4156246,304.1088,131.622375,49.6903954,418.65,418.996857,418.918762,4.65885,4.69895,4.69165,185.416656,82.5,84.1,86.8,76.4,16.741251,20.34875,27.2462482,20.4325,6178.3584,84.2000046,82.9,5.43,8.7675,8.5725,87.4,86.9,0,2.104875,2.08565,2.0839,46.6293755,46.4468765,46.645,26.26875114,5.91
61.6000023,64.8,64.7000046,61.6000023,-0.019437492,-0.016550005,0.000174999,404.955017,413.452637,413.12,17.3128128,17.3339062,17.3340626,303.096069,133.109344,49.9537048,417.634369,418.078125,418.103119,4.6556,4.69895,4.68675,184.837967,82.6,84.1,86.8,76.4,16.86375,20.34875,27.0025024,19.94375,6173.627,84.7000046,83.4,5.51125,8.72625,8.40875,87.7000046,87.2000046,0,2.1008,2.0873,2.081475,46.8125,46.6106224,46.82875,26.46250153,5.95125
61.7,64.8,64.8,61.7,-0.018225014,-0.014912486,0.001399994,395.835,403.3438,403.33,17.3128128,17.3339062,17.3390636,303.240753,133.060562,49.74682,418.243744,418.6906,418.512482,4.693,4.7316,4.7226,185.069443,82.5,84.1,86.6,76.5,17.19,20.83625,27.3275,20.35125,6176.765,84.7000046,83.4,5.43,8.5625,8.40875,87.7000046,87.2000046,0,2.10325,2.08485,2.079825,46.89375,46.6918755,46.89,26.27812576,5.91
61.7,64.8,64.9,61.8,-0.017412484,-0.014100015,0.002212524,385.905,393.724426,393.22,17.287344,17.3134384,17.32375,302.9514,133.577,49.5963554,417.8375,418.181244,418.103119,4.6458,4.68755,4.67695,185.069443,82.4,84.2000046,86.3,76.7000046,17.3112488,20.8775,27.164999,20.31,6175.22,84.8,83.5,5.3475,8.97,8.5725,87.7000046,87.2000046,0,2.10245,2.084025,2.082275,47.03625,46.855,47.0125,27.26250076,5.8275
61.7,64.6,65.2000046,62,-0.014150024,-0.010837495,0.005475044,377.110016,380.678864,383.10498,17.3026562,17.32875,17.3340626,303.819458,132.1171,49.822052,417.8375,418.181244,418.309357,4.66045,4.7006,4.6884,185.416656,82.6,84.2000046,87,76.6,17.19,21.04,27.2462482,20.10625,6175.22,84.8,83.6,5.3475,8.8075,8.327499,87.6,87.1,0,2.099175,2.080775,2.07575,47.1587524,47.0181274,47.1756248,27.30937576,6.03250027
61.6000023,64.6,65.2000046,61.9,-0.014150024,-0.011250019,0.005887508,367.99,373.5068,373.645,17.3382816,17.359375,17.364687,304.6875,132.024689,49.57755,418.65,419.2,419.125,4.6686,4.7104,4.6949,185.648148,82.6,84.1,86.7000046,76.6,17.5162487,21.28375,27.164999,20.47375,6179.90332,84.8,83.6,5.47,8.645,8.327499,87.7000046,87.2000046,0,2.099175,2.084025,2.077375,47.03625,46.855,47.0125,27.01874924,5.8275
61.7,64.6,65.2000046,62,-0.013337493,-0.010437489,0.006287456,360.99,366.334747,366.47,17.2976551,17.318594,17.3390636,303.674774,132.254913,49.76563,417.634369,418.078125,418.103119,4.6458,4.6843,4.66715,185.069443,82.6,84.1,86.9,76.6,17.3112488,21,27.164999,20.35125,6179.90332,84.8,83.6,5.38875,8.88875,8.327499,87.6,87.2000046,0,2.101625,2.084025,2.076575,47.0775,46.8956261,47.0943756,26.72812653,6.03250027
61.6000023,64.5,65.3,62,-0.012525022,-0.009612501,0.00751245,349.1,354.2681,353.259979,17.3179684,17.3492184,17.3543758,303.674774,131.282425,49.6339722,417.8375,418.181244,418.309357,4.6621,4.70225,4.69,185.069443,82.6,84.1,87,76.6,17.67875,21.40625,27.125,20.6375,6178.3584,84.6,83.4,5.47,8.93,8.245,87.4,87,0,2.10325,2.080775,2.08065,47.0775,46.8956261,47.07375,26.77499962,6.03250027
61.5,64.3,65.3,62,-0.010900021,-0.008387506,0.007925034,341.77002,345.46283,346.895,17.2976551,17.32875,17.3340626,303.9641,130.955154,49.6903954,418.243744,418.5875,418.512482,4.6686,4.70715,4.6949,185.300919,82.6,84.1,87.1,76.5,17.67875,20.9187489,26.8400021,20.1475,6179.90332,84.6,83.4,5.5925,8.7675,8.327499,87.4,87,0,2.10245,2.08565,2.079025,46.9956245,46.855,47.0331268,26.91562462,6.03250027
61.5,64.3,65.4,62,-0.011300027,-0.008387506,0.008737445,332.49,336.337921,337.11,17.287344,17.318594,17.32375,303.9641,131.294586,49.57755,418.040619,418.5875,418.512482,4.67185,4.71525,4.6998,185.416656,82.5,84.1,86.9,76.5,17.6375,20.5525,27.0837479,20.1887512,6175.22,84.6,83.4,5.3475,8.8075,8.327499,87.4,86.9,0,2.104075,2.084025,2.0839,47.0775,46.855,46.9918747,27.125,5.8275
61.6000023,64.3,65.4,62.1000023,-0.010900021,-0.008387506,0.008737445,323.860016,326.393951,327,17.2771873,17.2981262,17.3034382,303.9641,131.848831,49.48351,418.243744,418.5875,418.512482,4.6556,4.69895,4.68675,185.648148,82.5,84.1,86.7000046,76.6,17.39375,20.9187489,27.0837479,20.10625,6176.765,84.7000046,83.5,5.51125,8.8075,8.327499,87.5,87,0,2.10245,2.08565,2.082275,47.0775,46.9368744,47.0943756,26.83437538,6.03250027
61.5,64.3,65.4,62.1000023,-0.010900021,-0.007987499,0.009549975,315.22998,317.91333,317.54,17.3026562,17.32875,17.3340626,304.542816,131.516541,49.5587425,418.446869,418.893768,418.715637,4.6621,4.69895,4.69,185.648148,82.6,84.2000046,86.9,76.6,17.39375,20.7550011,27.164999,20.3925,6179.90332,84.7000046,83.4,5.51125,8.645,8.327499,87.4,87,0,2.104075,2.084025,2.079025,47.03625,46.855,47.0331268,26.84062386,5.91
61.8,64.6,65.9,62.4,-0.008449972,-0.005949974,0.011187553,307.74,309.5975,309.384979,17.3026562,17.3390636,17.34422,304.1088,131.375046,49.822052,418.040619,418.384369,418.512482,4.6702,4.7104,4.69815,185.300919,82.8,84.4,87.2000046,76.8,17.0275,20.5925,26.75875,20.10625,6173.627,84.9,83.7000046,5.51125,8.645,8.40875,87.6,87.1,0,2.099175,2.0873,2.079025,47.4637527,47.2837524,47.44125,26.25312424,5.7875
61.5,64.3,65.4,62,-0.010900021,-0.007574975,0.009549975,296.665,296.067474,297.639984,17.3078117,17.3390636,17.3390636,303.819458,130.980148,49.7280121,418.040619,418.384369,418.309357,4.67835,4.7104,4.6884,185.069443,82.6,84.3,87.2000046,76.5,17.3525,20.67375,27.164999,20.35125,6183.042,84.7000046,83.4,5.43,8.8075,8.40875,87.4,86.9,0,2.101625,2.08565,2.08065,47.01625,46.8143768,47.0125,26.79375076,5.91
61.5,64.2000046,65.4,62,-0.01008749,-0.007574975,0.009549975,285.755,284.6551,285.245,17.2976551,17.318594,17.3340626,304.1088,130.861328,49.67159,418.243744,418.6906,418.715637,4.67185,4.712,4.6998,185.416656,82.6,84.2000046,87.1,76.5,17.5975,21.08125,26.8400021,20.27,6176.765,84.7000046,83.4,5.51125,8.88875,8.40875,87.4,87,0,2.1008,2.07915,2.07575,46.9756241,46.8143768,46.9918747,26.48437691,5.8275
61.5,64.2000046,65.4,62,-0.010900021,-0.007175028,0.009962559,278.425,275.525177,276.6,17.3179684,17.3390636,17.34422,303.819458,131.094009,49.57755,418.040619,418.28125,418.206238,4.6621,4.70225,4.69,185.300919,82.5,84.2000046,87,76.5,17.14875,20.8775,26.9212513,20.31,6175.22,84.6,83.4,5.43,8.8075,8.40875,87.4,86.9,0,2.104075,2.0873,2.082275,46.9956245,46.8143768,46.9918747,26.18125153,5.91
61.5,64.2000046,65.4,62,-0.010487497,-0.007987499,0.008737445,268.655,265.091766,265.345,17.287344,17.3084373,17.3135948,304.398132,131.351791,49.5023155,418.65,419.0969,419.125,4.66535,4.7055,4.6933,185.763885,82.5,84.2000046,86.8,76.5,17.10875,20.67375,26.798748,20.1475,6179.90332,84.7000046,83.4,5.5925,8.645,8.45,87.4,87,0,2.1065,2.084025,2.0839,47.03625,46.855,47.0331268,26.49062538,5.8275
61.4,64.2000046,65.3,62,-0.01008749,-0.007574975,0.009549975,261.82,257.1006,257.35,17.2925,17.32375,17.32375,304.398132,131.454681,49.5963554,418.853119,419.0969,419.125,4.66535,4.7055,4.69165,185.648148,82.5,84.1,86.8,76.5,17.3112488,20.95875,27.0025024,20.31,6175.22,84.7000046,83.4,5.51125,8.72625,8.40875,87.4,87,0,2.10245,2.0873,2.082275,46.9143753,46.7331276,46.9306259,26.10312462,6.03250027
61.7,64.4,65.7000046,62.2,-0.009275019,-0.005949974,0.011187553,254.325012,248.7898,248.705,17.287344,17.318594,17.328907,304.398132,130.895325,49.67159,418.243744,418.6906,418.715637,4.6523,4.6957,4.68185,185.416656,82.7000046,84.3,87.1,76.7000046,17.475,20.715,27.2462482,20.22875,6176.765,84.8,83.6,5.51125,8.4,8.65375,87.4,86.9,0,2.104075,2.08975,2.08635,47.24,47.05875,47.2368736,26.62500191,5.95125
61.3,64,65.5,62,-0.008449972,-0.005949974,0.011600018,208.57,199.38942,198.63501,17.3078117,17.32875,17.3340626,303.3854,131.0163,50.010128,417.228119,417.668762,417.696869,4.69465,4.73325,4.721,184.837967,82.6,84.2000046,87.4,76.4,17.10875,20.5525,26.8400021,20.31,6178.3584,84.6,83.4,5.3475,8.44125,8.40875,87.3,86.8,0,2.1057,2.0873,2.0839,46.935,46.7531281,46.9306259,26.43125153,5.8275
61.6000023,64.3,65.6,62.1000023,-0.009275019,-0.007175028,0.009549975,235.76,226.124863,228.155,17.2976551,17.32875,17.3340626,304.1088,131.199677,49.57755,418.243744,418.6906,418.612518,4.67185,4.70875,4.6998,185.648148,82.6,84.2000046,86.9,76.6,17.6375,20.9187489,27.0025024,20.47375,6172.082,84.8,83.6,5.43,8.48125,8.5725,87.4,87,0,2.1057,2.088925,2.082275,47.0568733,46.855,47.0531273,26.52499962,5.8275
61.4,64.1,65.4,62,-0.009675026,-0.006762505,0.009549975,228.27,218.303513,218.534988,17.3179684,17.3390636,17.34422,303.9641,131.243,49.5963554,418.243744,418.6906,418.715637,4.68485,4.72505,4.7063,185.416656,82.4,84.1,86.9,76.4,17.0275,20.34875,26.6775017,20.10625,6175.22,84.6,83.4,5.3475,8.48125,8.45,87.3,86.8,0,2.104075,2.0873,2.0839,46.935,46.7125,46.9106255,26.70937538,5.8275
61.5,64.2000046,65.4,62,-0.010900021,-0.007987499,0.009549975,218.34,208.843964,208.745,17.3179684,17.3390636,17.3492184,304.398132,131.547272,49.48351,418.446869,418.893768,418.715637,4.66535,4.70875,4.6949,185.763885,82.4,84.2000046,86.8,76.5,17.3112488,21.3249989,27.0837479,20.515,6183.042,84.6,83.5,5.43,8.60375,8.40875,87.3,86.8,0,2.104075,2.08565,2.0839,46.9756241,46.7331276,46.9718742,27.48124886,5.95125
61.5,64.3,65.4,62,-0.010900021,-0.00880003,0.008737445,208.57,199.064774,196.515,17.3179684,17.3390636,17.34422,304.398132,132.05574,49.5399323,418.853119,419.2,419.125,4.6881,4.72505,4.7161,186.226852,82.4,84.2000046,86.6,76.6,17.27125,20.9187489,27.0025024,20.27,6172.082,84.8,83.6,5.3475,8.318749,8.40875,87.4,86.9,0,2.099175,2.07915,2.077375,47.1381264,46.9368744,47.1143761,28.05312538,5.8275
61.7,64.4,65.6,62.1000023,-0.01008749,-0.007175028,0.010362506,199.94,190.9088,189.5,17.4196873,17.4410954,17.4360943,304.398132,131.503479,49.9349,417.431244,417.875,417.9,4.68485,4.72835,4.7161,185.763885,82.7000046,84.3,87.3,76.6,17.14875,21.24375,26.9212513,20.27,6170.489,84.8,83.6,5.3475,8.318749,8.49,87.4,87,0,2.099175,2.08485,2.079025,47.1993752,46.9368744,47.1556244,28.5,5.8275
61.6000023,64.4,65.6,62.1000023,-0.01008749,-0.007175028,0.009549975,195.375,184.061386,184.77,17.4043751,17.4257813,17.4257813,304.1088,131.29184,49.822052,418.143738,418.4875,418.512482,4.7923,4.8392,4.8302,187.037033,82.6,84.2000046,87.2000046,76.6,17.435,21.4875,27.0025024,20.3925,6179.90332,84.8,83.7000046,5.38875,8.5625,8.49,87.4,87,0,2.1008,2.0824,2.077375,47.1787529,47.0181274,47.1756248,29.08437538,5.8275
61.8,64.7000046,65.5,62.2,-0.012112498,-0.00880003,0.007925034,190.980011,181.454269,179.875,17.3229675,17.3492184,17.3543758,304.832184,130.75589,49.5399323,418.65,418.996857,418.918762,4.73695,4.77565,4.7601,186.805557,82.7000046,84.2000046,87.1,76.7000046,17.0275,21.8125,26.88,20.6375,6175.22,84.9,83.7000046,5.3475,8.4,8.45,87.5,87,0,2.1008,2.080775,2.079025,47.3418732,47.140625,47.3393745,29.94687653,5.95125
62,64.8,65.4,62.2,-0.013337493,-0.011250019,0.007112503,188.86499,178.192871,178.245,17.3585949,17.3746872,17.385,305.121521,132.352325,49.5587425,418.853119,419.2,419.125,4.81675,4.8588,4.8514,188.541656,82.6,84.2000046,86.6,76.8,17.23,21.4875,26.9212513,20.22875,6175.22,85.1,83.9,5.3475,8.4,8.327499,87.6,87.2000046,0,2.1,2.0824,2.079025,47.4031258,47.1812477,47.4,31.05312538,5.8275
62.1000023,65,65.3,62.2,-0.014562488,-0.012875021,0.005074978,198.310013,187.977051,186.89,17.3535938,17.3798428,17.3798428,303.819458,131.3493,49.822052,417.431244,417.875,417.9,4.7858,4.82945,4.81715,187.152771,82.8,84.2000046,87.1,76.8,17.10875,21.24375,26.8400021,20.1475,6175.22,85,83.9,5.47,8.318749,8.49,87.7000046,87.2000046,0,2.09755,2.080775,2.076575,47.4637527,47.2837524,47.4818726,32.58750153,5.91
62.1000023,65.2000046,65.3,62.2,-0.015775025,-0.014512479,0.003025055,231.855011,215.20192,216.085,17.4196873,17.4410954,17.44625,304.542816,131.961441,49.74682,418.040619,418.384369,418.309357,4.8184,4.86695,4.8449,187.731476,82.8,84.2000046,86.9,76.9,17.0275,21.3249989,26.9212513,20.27,6179.90332,85.1,83.9,5.43,8.44125,8.49,87.8,87.3,0,2.099175,2.07915,2.07575,47.545002,47.345,47.5431252,33.34999847,5.8275
62.1000023,65.2000046,65.3,62.2,-0.016187489,-0.013700008,0.003025055,268.005,263.458527,265.505,17.328125,17.3492184,17.3543758,304.832184,129.948639,49.74682,418.243744,418.5875,418.512482,4.76955,4.8164,4.7976,185.879623,83.1,84.1,87.5,76.9,17.67875,21.08125,26.75875,20.025,6175.22,85.1,84,5.51125,8.88875,8.327499,87.8,87.3,0,2.099175,2.080775,2.079025,47.545002,47.3856239,47.5431252,33.31562424,5.86875
62.2,65.4,65.1,62.2,-0.018225014,-0.01613748,0.001399994,308.555,309.762329,310.685,17.3942184,17.4154682,17.4156246,305.2662,131.8627,49.40828,418.446869,418.790649,418.715637,4.82815,4.86855,4.8612,188.310181,82.8,84,86.7000046,77,17.3525,22.1375,27.164999,20.47375,6170.489,85.1,84,5.51125,8.5625,8.327499,87.8,87.4,0,2.099175,2.080775,2.077375,47.5656242,47.3856239,47.5843773,33.58124924,5.86875
62.3,65.4,65,62.1000023,-0.019037485,-0.016550005,-0.000225008,312.625,314.002625,315.42,17.36375,17.3848438,17.39,304.832184,131.4139,49.5587425,418.446869,418.893768,418.715637,4.82165,4.86205,4.8449,187.962967,82.9,84.1,86.9,76.9,17.14875,21.2025,27.0025024,19.9849987,6172.082,85.1,84,5.51125,8.318749,8.49,87.9,87.4,0,2.099175,2.07915,2.08065,47.545002,47.345,47.56375,34.96875,5.91
62.1000023,65.3,65.5,62.3,-0.01700002,-0.013287485,0.002212524,311.64502,312.369446,314.115,17.2976551,17.2676563,17.3340626,305.9896,122.333687,49.6903954,418.040619,418.384369,418.309357,4.84445,4.8914,4.87425,188.194443,83.3,84.3,88.4,76.9,17.39375,20.7550011,25.8225,19.74,6175.22,83.7000046,82.7000046,5.47,8.5625,8.81625,86.5,86.1,0,2.1008,2.0824,2.076575,47.626873,47.4675,47.6043777,35.66249847,5.99125
62.1000023,65.3,65.5,62.3,-0.01781249,-0.013700008,0.002624989,207.75499,197.106949,196.84,17.26703,17.2931252,17.2931252,305.9896,121.655312,49.6903954,418.040619,418.4875,418.309357,4.75,4.79355,4.7813,187.731476,83.3,84.3,88.4,76.9,17.27125,21,25.7825,19.6575,6175.22,83.7000046,82.7000046,5.43,8.60375,9.0625,86.5,86.1,0,2.1,2.084025,2.077375,47.6468735,47.42625,47.6043777,35.90312576,5.99125
62.6000023,66.7000046,64.5,61.7,-0.029612482,-0.024699986,-0.008387506,403.975,412.4737,411.16,17.2925,17.318594,17.3135948,306.278931,121.5382,49.6903954,418.65,419.0969,418.918762,4.70115,4.74135,4.72915,186.805557,83.4,84.2000046,88.4,77,18.005,21.89375,26.2699986,20.06625,6179.90332,83.5,82.5,5.43,8.645,9.14375,86.6,86.2000046,0,2.1,2.083225,2.079025,47.5043755,47.3037529,47.5025,35.90312576,5.91
62.6000023,66.4,64.3,61.7,-0.026362479,-0.022262514,-0.005937517,433.615021,444.5882,446.065,17.3484383,17.369688,17.3748436,305.555542,124.621971,49.7280121,417.8375,418.181244,418.103119,4.64255,4.68755,4.6737,185.648148,83.4,83.7000046,88.1,76.9,17.19,21.1625,26.0262489,19.74,6172.082,83.3,82.3,5.43,8.2375,9.0625,86.7000046,86.3,0,2.10245,2.08565,2.08065,47.4031258,47.1812477,47.4,36.50625229,5.91
62.6000023,65.5,64.2000046,62,-0.020662487,-0.019812524,-0.003487527,424.495,434.644165,434.324982,17.36875,17.395155,17.395155,305.555542,124.175758,49.76563,417.8375,418.181244,418.309357,4.68485,4.71365,4.6998,185.416656,83.4,83.9,88.1,76.9,17.14875,20.67375,26.0262489,19.6575,6179.90332,83.6,82.5,5.47,8.60375,8.89875,86.7000046,86.3,0,2.101625,2.084025,2.08065,47.4437523,47.2225,47.44125,35.96562576,5.95125
62.5,65.5,64.3,61.9,-0.023100019,-0.021449983,-0.005937517,411.63,419.970428,420.625031,17.4043751,17.4257813,17.4257813,305.9896,123.922188,49.7844353,418.040619,418.384369,418.512482,4.6621,4.7006,4.6884,185.416656,83.3,83.8,88.1,76.8,16.9037514,20.5925,26.1074982,19.69875,6172.082,83.6,82.6,5.43,8.278749,8.89875,86.7000046,86.3,0,2.101625,2.08485,2.08065,47.4031258,47.2018738,47.359375,36.15312576,5.86875
62.6000023,65.8,64.3,62,-0.024325013,-0.02184999,-0.005937517,400.22998,407.743927,407.740021,17.3942184,17.4206238,17.4257813,306.134247,123.921318,49.7280121,418.140625,418.5875,418.512482,4.66045,4.69895,4.68675,185.879623,83.4,83.9,88.2000046,76.9,16.7825,20.3075,26.18875,20.06625,6186.228,83.5,82.5,5.51125,8.645,8.98,86.7000046,86.2000046,0,2.101625,2.084025,2.08065,47.4437523,47.2225,47.4618759,34.79062653,5.99125
62.6000023,66,64.4,61.9,-0.025550008,-0.023487508,-0.007162511,391.275,397.635132,397.95,17.3585949,17.3798428,17.385,306.134247,123.823349,49.5399323,418.3469,418.6906,418.612518,4.6621,4.7006,4.6884,185.995361,83.4,83.9,88.1,76.9,17.3112488,21.08125,26.18875,20.025,6179.90332,83.6,82.6,5.51125,8.318749,8.735001,86.7000046,86.3,0,2.1008,2.0824,2.079025,47.545002,47.2631264,47.5431252,32.32187653,5.99125
62.7,66,64.4,62,-0.024325013,-0.02266252,-0.006349981,379.225,384.9192,385.225,17.3179684,17.3390636,17.3543758,306.712952,124.461296,49.5023155,419.056244,419.506256,419.431244,4.6556,4.70225,4.68185,186.574066,83.3,83.9,88,76.9,17.3112488,20.79625,26.2699986,19.94375,6183.042,83.6,82.6,5.67375,8.48125,8.89875,86.8,86.3,0,2.1008,2.084025,2.08065,47.545002,47.3037529,47.5431252,31.74374962,6.03250027
62.5,65.7000046,64.4,61.9,-0.023512483,-0.02184999,-0.004299998,367.665,369.920776,372.995,17.3179684,17.3492184,17.34422,305.555542,123.9219,49.84086,417.8375,418.28125,418.206238,4.6474,4.69085,4.68185,185.879623,83.3,83.9,88.1,76.8,17.19,20.2675,26.0262489,19.69875,6178.3584,83.5,82.5,5.43,8.44125,8.65375,86.7000046,86.3,0,2.104075,2.086475,2.082275,47.4031258,47.2425,47.4618759,31.35625076,5.99125
62.4,65.6,64.3,61.8,-0.024737477,-0.02266252,-0.006349981,356.59,361.445129,361.58,17.2823429,17.3084373,17.3034382,305.121521,123.396362,49.84086,417.734375,418.181244,418.103119,4.66695,4.69735,4.6851,185.185181,83.3,83.8,88.2000046,76.7000046,17.0675,21.08125,26.0262489,20.1475,6167.35,83.5,82.4,5.47,8.5625,8.65375,86.7000046,86.3,0,2.10245,2.08485,2.081475,47.32125,47.1812477,47.3393745,30.47500038,5.8275
62.2,65.4,64.1,61.7,-0.025137484,-0.02266252,-0.006749988,345.52,350.357422,350.81,17.3382816,17.359375,17.364687,305.8449,123.8474,49.8784752,418.65,418.996857,418.918762,4.6686,4.70875,4.6884,185.879623,83.2000046,83.8,88.1,76.5,17.0675,21.04,26.0262489,20.025,6167.35,83.4,82.3,5.43,8.5225,8.89875,86.7000046,86.3,0,2.10895,2.0922,2.087175,47.1181259,46.9368744,47.1143761,29.80624962,6.07375
62.2,65.6,64.2000046,61.6000023,-0.025137484,-0.023487508,-0.006749988,337.210022,340.738068,341.68,17.2976551,17.32875,17.3340626,305.8449,123.7803,49.65278,418.3469,418.790649,418.612518,4.66535,4.70875,4.6933,186.226852,83.2000046,83.8,88.1,76.6,17.23,20.8775,26.1074982,20.22875,6175.22,83.3,82.2000046,5.5925,8.48125,9.02125,86.5,86.1,0,2.107325,2.088925,2.08555,47.1381264,46.9775,47.1350021,29.53125,5.91
62.1000023,65.4,64.1,61.5,-0.026362479,-0.023487508,-0.007162511,328.255,331.9328,332.22,17.3128128,17.3390636,17.34422,306.134247,124.5435,49.57755,418.3469,418.790649,418.715637,4.6621,4.70875,4.6884,186.226852,83,83.7000046,87.8,76.5,17.19,20.5525,26.18875,19.94375,6168.89551,83.3,82.2000046,5.43,8.60375,9.0625,86.6,86.2000046,0,2.10895,2.0922,2.0888,46.935,46.7331276,46.9718742,28.92499924,5.8275
62.1000023,65.4,64.2000046,61.5,-0.025550008,-0.022262514,-0.006749988,320.44,321.828979,321.94,17.2976551,17.3134384,17.32375,306.712952,123.849838,49.40828,419.056244,419.609375,419.431244,4.61975,4.65985,4.65415,185.995361,83.1,83.8,87.9,76.5,16.945,20.43,26.18875,19.82125,6172.082,83.2000046,82.2000046,5.5925,8.685,9.02125,86.5,86.1,0,2.10895,2.0922,2.087175,46.9956245,46.77375,47.0125,29.18437386,5.8275
62,65.2000046,64.2000046,61.6000023,-0.022287488,-0.019812524,-0.003487527,305.784973,307.8045,307.915,17.3229675,17.369688,17.3543758,305.9896,123.804787,49.5587425,417.8375,418.181244,418.103119,4.6751,4.712,4.6949,185.995361,83.1,83.7000046,88,76.5,17.475,20.22625,26.35125,20.10625,6175.22,83.2000046,82.1,5.5925,8.48125,8.98,86.4,86,0,2.110575,2.093825,2.09045,46.955,46.7331276,46.95125,28.359375,5.8275
61.9,65,64.3,61.6000023,-0.021475017,-0.01858753,-0.002674997,294.87,294.763916,296.169983,17.26703,17.3390636,17.34422,304.832184,123.557968,49.822052,417.228119,417.771881,417.493774,4.66535,4.7055,4.69655,185.069443,83.1,83.7000046,88.2000046,76.4,17.3525,20.2675,26.0262489,19.94375,6170.489,83.1,82.1,5.5925,8.48125,9.14375,86.4,86,0,2.10895,2.09055,2.086375,46.9143753,46.7331276,46.89,28,5.8275
61.8,64.9,64.2000046,61.5,-0.021887481,-0.01858753,-0.002674997,285.264984,282.537445,285.245,17.2976551,17.318594,17.328907,305.8449,123.645027,49.74682,418.446869,418.893768,418.918762,4.67675,4.712,4.70305,185.879623,83,83.7000046,88,76.3,17.10875,19.9025,26.06625,19.7799988,6172.082,83.1,82,5.71499968,8.318749,9.0625,86.4,86,0,2.1122,2.093825,2.09045,46.7718735,46.5693741,46.7675,27.79375076,5.99125
61.8,64.7000046,64.2000046,61.6000023,-0.019850016,-0.016962528,-0.000637472,273.545,269.981323,270.725,17.328125,17.3492184,17.3543758,306.134247,126.207733,49.3706627,418.3469,418.790649,418.715637,4.62625,4.67285,4.66065,185.185181,82.9,83.7000046,87.6,76.3,17.10875,20.43,26.5549984,20.06625,6178.3584,83.4,82.3,5.5925,8.4,8.89875,86.7000046,86.3,0,2.1122,2.093825,2.0888,46.751873,46.65125,46.8081245,27.40625191,6.03250027
61.7,64.4,64.3,61.7,-0.017412484,-0.015737474,0.000587463,259.535,254.328659,254.58,17.3229675,17.3492184,17.3595314,305.2662,126.473938,49.65278,417.634369,418.078125,418.103119,4.6393,4.6843,4.6721,185.069443,82.9,83.8,87.8,76.3,17.3525,20.2675,26.59625,20.025,6175.22,83.4,82.3,5.67375,8.5225,8.81625,86.7000046,86.3,0,2.107325,2.09055,2.08555,46.73125,46.5693741,46.7475,27.39062691,6.03250027
61.9,64.6,64.7000046,62,-0.015775025,-0.013700008,0.002212524,248.135,241.612717,240.065,17.3535938,17.3798428,17.385,305.8449,126.650925,49.5399323,418.040619,418.28125,418.409363,4.6702,4.712,4.6998,185.995361,83.1,84.1,87.6,76.6,17.23,20.43,26.51375,19.94375,6176.765,83.7000046,82.6,5.67375,8.8075,8.81625,86.7000046,86.3,0,2.10245,2.08485,2.08065,47.0975,46.9775,47.1350021,27.3125,5.91
61.6000023,64.2000046,64.6,61.8,-0.014562488,-0.013287485,0.003849983,238.205,230.689789,228.81,17.328125,17.3492184,17.3543758,305.555542,126.586029,49.74682,417.8375,418.28125,418.103119,4.6621,4.7006,4.68675,185.300919,83,83.9,87.8,76.3,17.14875,20.9187489,26.59625,20.27,6178.3584,83.5,82.3,5.51125,8.72625,8.65375,86.6,86.2000046,0,2.113025,2.09545,2.09045,46.7718735,46.5693741,46.7675,27.18124962,5.8275
61.9,64.5,64.8,62.1000023,-0.014562488,-0.013287485,0.003437519,229.575,221.884537,221.305,17.3739071,17.4410954,17.4360943,305.8449,128.579849,49.6903954,418.243744,418.5875,418.512482,4.6621,4.68595,4.67535,185.879623,83,84,87.5,76.6,17.39375,21.08125,26.75875,20.10625,6178.3584,83.9,82.8,5.51125,8.5225,8.81625,86.9,86.5,0,2.110575,2.0922,2.088,47.0568733,46.8956261,47.07375,27.15312576,6.07375
61.6000023,64.3,64.6,61.8,-0.015775025,-0.013700008,0.003025055,220.78,210.801788,210.86499,17.3484383,17.369688,17.3748436,305.121521,127.664536,49.65278,418.040619,418.4875,418.409363,4.6702,4.70875,4.69655,185.185181,82.8,83.9,87.6,76.3,17.435,20.5525,26.6775017,20.1475,6176.765,83.6,82.5,5.51125,8.5625,9.14375,86.7000046,86.3,0,2.110575,2.0922,2.087175,46.7925,46.59,46.7675,27.16250038,5.99125
61.5,64.1,64.7000046,61.8,-0.014562488,-0.012462497,0.003849983,209.71,200.0437,198.47,17.36375,17.3848438,17.385,305.2662,127.746193,49.8596649,418.040619,418.384369,418.409363,4.68,4.7169,4.7063,185.416656,82.8,84,87.7000046,76.3,17.0275,20.39,26.5549984,20.22875,6178.3584,83.7000046,82.5,5.43,8.48125,8.65375,86.7000046,86.3,0,2.10975,2.0922,2.088,46.751873,46.52875,46.70625,26.97500038,5.8275
61.6000023,64.4,64.6,61.6000023,-0.017412484,-0.01532501,0.001799941,198.63501,187.977051,187.545,17.3331261,17.359375,17.369688,305.8449,128.060822,49.0133133,418.65,419.0969,419.125,4.64905,4.6941,4.6802,185.763885,82.7000046,84,87.1,76.3,17.0675,20.5525,26.63625,20.025,6172.082,83.6,82.5,5.43,8.685,8.98,86.7000046,86.3,0,2.110575,2.0922,2.0888,46.73125,46.52875,46.70625,26.55624962,5.8275
61.4,64.2000046,64.9,61.7,-0.014150024,-0.011250019,0.004662514,195.87,185.369934,185.26,17.328125,17.35422,17.3543758,304.542816,126.898506,49.8784752,417.025,417.362518,417.2875,4.6523,4.68595,4.6721,184.259262,82.9,84.2000046,87.9,76.3,17.10875,20.18625,26.18875,19.9849987,6175.22,83.7000046,82.5,5.51125,8.72625,8.5725,86.7000046,86.2000046,0,2.1122,2.094625,2.09045,46.73125,46.52875,46.70625,26.64062309,6.03250027
61.4,63.9,64.9,61.8,-0.011712492,-0.009212494,0.00751245,294.06,292.481445,295.355,17.3993759,17.4257813,17.4257813,305.8449,128.703,50.12298,418.853119,419.2,419.125,4.66045,4.7006,4.6851,185.763885,82.8,84.3,87.8,76.3,17.14875,20.2675,26.51375,20.22875,6179.90332,84,82.8,5.51125,8.645,8.5725,86.9,86.5,0,2.1114,2.093825,2.0888,46.6906242,46.4881248,46.70625,26.40312576,5.8275
61.4,64,64.8,61.8,-0.011712492,-0.010025024,0.006700039,406.094971,413.612457,413.445,17.34328,17.369688,17.364687,305.4109,129.183716,49.5399323,418.65,418.996857,418.918762,4.6686,4.70385,4.69165,185.416656,82.6,84.3,87.3,76.3,16.945,20.5925,26.9212513,20.35125,6181.49658,83.9,82.7000046,5.43,8.4,8.735001,86.8,86.4,0,2.1122,2.094625,2.09045,46.6906242,46.4881248,46.6656227,26.88437462,5.8275
61.3,63.9,65,61.8,-0.010900021,-0.009212494,0.007925034,438.665,449.9722,449.98,17.3331261,17.359375,17.364687,304.832184,128.6394,49.74682,418.040619,418.28125,418.309357,4.66045,4.69895,4.6884,185.069443,82.6,84.2000046,87.6,76.3,16.98625,20.43,26.4324989,20.06625,6178.3584,84,82.7000046,5.47,8.44125,8.735001,86.8,86.4,0,2.110575,2.0922,2.088,46.7106247,46.54875,46.70625,26.77499962,5.99125
61.3,63.9,65,61.9,-0.010487497,-0.00880003,0.007925034,418.305023,427.6369,427.475037,17.3128128,17.3492184,17.34422,305.2662,128.3051,49.48351,418.243744,418.4875,418.512482,4.66695,4.70715,4.6884,185.416656,82.6,84.3,87.4,76.3,17.0675,19.9425,26.51375,20.31,6179.90332,83.8,82.7000046,5.51125,8.5225,8.81625,86.7000046,86.3,0,2.11545,2.097075,2.0937,46.7106247,46.5493736,46.70625,26.85000038,5.91
61.2,63.7,65.1,61.8,-0.008449972,-0.006762505,0.010362506,374.175,381.0085,380.824982,17.3179684,17.3440628,17.34422,304.6875,128.016617,50.02894,417.634369,418.078125,418.103119,4.65885,4.7006,4.6884,184.722214,82.7000046,84.3,87.8,76.2000046,17.14875,20.18625,26.1487522,20.1887512,6178.3584,83.9,82.7000046,5.3475,8.44125,8.65375,86.7000046,86.3,0,2.11465,2.097075,2.092075,46.67,46.4881248,46.625,26.18437386,5.91
61.2,63.8,65.1,61.8,-0.009675026,-0.007574975,0.009549975,366.52,372.043427,370.71,17.3179684,17.3492184,17.3543758,304.832184,128.410324,49.7280121,418.3469,418.5875,418.512482,4.65885,4.69895,4.70305,185.185181,82.6,84.3,87.6,76.3,16.9037514,20.4712486,26.4324989,19.9037514,6168.89551,83.9,82.7000046,5.43,8.44125,8.695,86.7000046,86.3,0,2.1171,2.0987,2.0937,46.7106247,46.52875,46.7268753,26.51250076,5.91
61.3,63.8,65.2000046,61.9,-0.008449972,-0.007175028,0.010362506,356.264984,361.7698,361.58,17.3229675,17.3492184,17.3543758,305.2662,128.998276,49.67159,418.243744,418.6906,418.612518,4.6686,4.70875,4.69655,185.416656,82.6,84.4,87.5,76.3,17.10875,20.43,26.4324989,20.1887512,6183.042,83.9,82.7000046,5.43,8.48125,8.81625,86.7000046,86.3,0,2.110575,2.093825,2.0888,46.67,46.54875,46.7268753,26.73749924,5.8275
61.4,63.9,65.1,61.9,-0.010900021,-0.009212494,0.007925034,346.005,350.8469,351.139984,17.3229675,17.3492184,17.3543758,305.8449,129.21167,49.5023155,418.853119,419.0969,419.125,4.67185,4.70225,4.6998,185.879623,82.5,84.3,87.3,76.3,16.98625,20.5525,26.5549984,20.06625,6176.765,84,82.8,5.43,8.5225,8.81625,86.8,86.4,0,2.1122,2.093,2.0888,46.751873,46.6106224,46.8081245,27.67187309,5.99125
61.8,64.3,65.5,62.2,-0.01008749,-0.007987499,0.008737445,337.535,341.552155,342.330017,17.3535938,17.3798428,17.3798428,305.4109,129.112946,49.5023155,418.243744,418.5875,418.615631,4.6621,4.70225,4.6884,185.416656,82.7000046,84.5,87.5,76.6,16.98625,20.105,26.51375,19.94375,6178.3584,84.2000046,83.1,5.51125,8.318749,8.65375,86.9,86.5,0,2.10245,2.08565,2.08065,47.24,47.05875,47.2168732,28.63437462,5.8275
61.6000023,64.1,65.2000046,62,-0.010487497,-0.009212494,0.007925034,327.28,330.958862,331.240021,17.3382816,17.359375,17.364687,305.4109,128.759949,49.7280121,418.243744,418.6906,418.715637,4.6572,4.70385,4.6851,185.648148,82.7000046,84.4,87.5,76.4,16.9037514,20.8775,26.51375,20.27,6179.90332,84.1,83,5.3475,8.5625,8.65375,86.8,86.4,0,2.108125,2.09055,2.087175,46.955,46.77375,46.9718742,29.14999962,5.99125
61.7,64.3,65.2000046,62.1000023,-0.011300027,-0.010025024,0.007112503,317.185,319.5465,319.495,17.3484383,17.359375,17.3748436,304.832184,128.869476,49.84086,418.040619,418.4875,418.512482,4.6556,4.7006,4.6884,185.185181,82.8,84.3,87.6,76.5,16.66,20.43,26.51375,19.9849987,6175.22,84.2000046,83.1,5.51125,8.44125,8.735001,87,86.6,0,2.1065,2.088925,2.08555,47.1181259,46.91625,47.1143761,30.11562538,5.86875
61.8,64.5,65.1,62.1000023,-0.013337493,-0.01206249,0.005475044,304.81,307.8045,307.915,17.3331261,17.35422,17.3543758,304.832184,128.240036,49.7844353,418.040619,418.28125,418.409363,4.67835,4.71525,4.7063,185.185181,83,84.4,87.8,76.6,16.741251,20.67375,26.2699986,20.06625,6175.22,84.2000046,83.1,5.51125,8.645,8.5725,87,86.6,0,2.104075,2.08565,2.082275,47.1993752,46.998127,47.1756248,30.99687386,5.95125
62,64.6,64.9,62.1000023,-0.015375018,-0.013700008,0.003025055,296.34,296.39212,297.315,17.3382816,17.36453,17.364687,305.121521,129.0487,49.7280121,418.243744,418.5875,418.512482,4.7044,4.74625,4.7324,185.879623,82.9,84.3,87.6,76.6,17.0675,20.43,26.59625,20.10625,6176.765,84.2000046,83.1,5.47,8.44125,8.735001,87,86.6,0,2.10245,2.08565,2.08065,47.1993752,46.9775,47.19625,32.11249924,5.7875
62,64.8,64.7000046,62,-0.018225014,-0.016962528,-0.000225008,290.475,288.895416,290.625,17.3535938,17.3746872,17.3748436,305.8449,129.259369,49.48351,418.853119,419.2,419.125,4.65885,4.7006,4.68675,185.879623,82.9,84.2000046,87.4,76.7000046,16.61875,21.1625,26.75875,20.35125,6179.90332,84.2000046,83.1,5.51125,8.60375,8.6125,87.1,86.7000046,0,2.10325,2.08565,2.08065,47.1993752,47.03875,47.19625,32.81562805,5.91
62.4,65.2000046,65,62.3,-0.019037485,-0.017362475,-0.001049995,279.73,276.50412,277.58,17.3585949,17.369688,17.364687,305.2662,129.022263,49.6339722,418.446869,418.790649,418.715637,4.6637,4.70715,4.69165,185.300919,83.2000046,84.4,87.6,77,17.0275,20.43,26.6775017,19.94375,6181.49658,84.5,83.4,5.47,8.685,8.81625,87.3,86.9,0,2.104875,2.0873,2.0839,47.484375,47.345,47.4206238,33.28750229,6.03250027
62.2,65.1,64.6,62,-0.020662487,-0.019812524,-0.003087521,270.61,267.2094,267.63,17.3229675,17.3390636,17.3543758,304.6875,128.5986,49.6903954,418.143738,418.384369,418.309357,4.65885,4.6957,4.68675,185.300919,83.1,84.2000046,87.6,76.7000046,16.9037514,21,26.6775017,20.10625,6175.22,84.3,83.2000046,5.5925,8.645,8.89875,87.3,86.8,0,2.10325,2.08565,2.082275,47.30125,47.1,47.3393745,34.08750153,5.91
62.3,65.3,64.5,62,-0.022287488,-0.021037519,-0.004299998,260.514984,254.8181,254.74,17.3382816,17.36453,17.369688,305.2662,129.0473,49.8596649,418.243744,418.5875,418.512482,4.67185,4.70385,4.6998,185.416656,83.1,84.1,87.5,76.8,17.23,21,26.75875,19.82125,6176.765,84.4,83.3,5.43,8.7675,8.65375,87.3,86.9,0,2.1008,2.0824,2.079025,47.3825,47.1812477,47.359375,33.83124924,5.8275
62.4,65.5,64.7000046,62.1000023,-0.021887481,-0.020212472,-0.003899992,250.09,244.714279,245.285,17.3179684,17.3440628,17.3492184,305.4109,128.837463,49.84086,418.243744,418.6906,418.512482,4.6523,4.6957,4.6802,185.300919,83.1,84,87.7000046,76.9,16.8225,20.5525,26.4324989,19.7799988,6172.082,84.5,83.4,5.43,8.48125,8.5725,87.4,87,0,2.099175,2.081575,2.077375,47.545002,47.345,47.5431252,32.82500076,5.86875
62.4,65.6,64.3,61.9,-0.024325013,-0.023074985,-0.006749988,240.975,233.626556,234.190018,17.3739071,17.395155,17.4003124,306.278931,128.549591,49.3518524,419.056244,419.403137,419.53125,4.6051,4.64515,4.6346,185.300919,83,84,87.2000046,76.8,16.7825,20.9187489,26.5549984,19.9849987,6172.082,84.3,83.2000046,5.43,8.318749,8.65375,87.4,86.9,0,2.104075,2.08565,2.082275,47.32125,47.1206245,47.2981262,27.79062462,5.95125
62.9,66.3,64.9,62.2,-0.025550008,-0.02266252,-0.006749988,232.99501,224.661469,224.73,17.328125,17.3492184,17.3543758,303.096069,134.4808,49.8596649,417.634369,418.181244,418.0031,4.7044,4.73975,4.72585,184.606476,83,84,86.5,77.2000046,18.289999,21.89375,27.897501,20.31,6179.90332,85.9,84.7000046,5.51125,8.48125,8.16375,88.8,88.3,0,2.095925,2.0775,2.074125,47.7893753,47.67125,47.8293762,24.46249962,5.8275
62.1000023,65.3,64.4,61.7,-0.022287488,-0.0194,-0.00227499,222.41,211.29126,212.66,17.328125,17.3492184,17.3543758,304.542816,133.61998,49.6903954,419.1594,419.506256,419.53125,4.6979,4.743,4.72585,184.722214,82.6,83.7000046,86.4,76.6,17.5975,21.28375,27.164999,20.1887512,6172.082,85.5,84.3,5.51125,8.318749,8.245,88.5,88,0,2.104875,2.0873,2.0839,47.1381264,46.9368744,47.1143761,27.44687462,5.99125
62.1000023,65.2000046,64.8,62,-0.018225014,-0.015737474,0.00098753,215.24501,205.257935,204.995,17.3585949,17.39,17.39,303.674774,133.507874,50.2358246,418.040619,418.384369,418.512482,4.6458,4.70225,4.7063,184.143509,83,83.9,87.2000046,76.7000046,17.19,21.4475,26.6775017,19.9849987,6172.082,85.6,84.4,5.51125,8.278749,8.245,88.5,88,0,2.1057,2.0881,2.0839,47.30125,47.1,47.2981262,30.07187462,5.8275
62.1000023,65.1,64.2000046,61.7,-0.020662487,-0.01858753,-0.00227499,205.8,195.149109,195.37,17.3078117,17.3390636,17.34422,303.9641,135.583679,49.5399323,418.853119,419.303131,419.228149,4.71095,4.65985,4.74055,185.995361,82.3,83.7000046,85.5,76.6,17.23,22.62625,27.735,20.8000011,6172.082,85.5,84.3,5.43,8.4,8.40875,88.5,87.9,0,2.104075,2.08565,2.082275,47.01625,46.855,47.0125,31.16250038,5.7875
62,65,64.2000046,61.6000023,-0.019850016,-0.01858753,-0.001462519,198.63501,188.955963,188.195,17.3229675,17.3492184,17.3543758,303.3854,134.223114,49.5587425,418.040619,418.384369,418.512482,4.68485,4.72505,4.71445,184.722214,82.5,83.7000046,86,76.5,17.3112488,21.24375,27.2875,20.1475,6179.90332,85.3,84.1,5.47,8.44125,8.40875,88.3,87.8,0,2.1057,2.088925,2.0839,46.89375,46.6918755,46.89,30.21562386,5.99125
62,64.9,64.1,61.6000023,-0.021475017,-0.020212472,-0.003087521,192.12001,181.7789,181.02,17.3179684,17.3390636,17.34422,303.9641,134.353027,49.4458923,418.446869,418.893768,418.918762,4.68325,4.7234,4.7112,185.069443,82.4,83.7000046,85.9,76.6,17.27125,21.3249989,27.8162518,20.55625,6176.765,85.4,84.2000046,5.26625,8.318749,8.327499,88.4,87.8,0,2.108125,2.09055,2.08555,46.89375,46.65125,46.8493767,30.05624962,5.665
62,64.9,64.1,61.7,-0.020662487,-0.0194,-0.002674997,225.340012,216.021042,216.409988,17.34328,17.369688,17.3748436,303.9641,134.536682,49.5023155,418.446869,418.790649,418.715637,4.6702,4.70875,4.6949,185.300919,82.4,83.7000046,85.7000046,76.6,17.3112488,21.56875,27.49,20.4325,6179.90332,85.3,84.1,5.3075,8.318749,8.245,88.3,87.8,0,2.1057,2.0873,2.0839,46.8737526,46.7125,46.9106255,29.703125,5.8275
62,64.9,64.2000046,61.7,-0.020662487,-0.0194,-0.001862526,325.324982,328.022125,329.285,17.328125,17.3492184,17.3543758,303.3854,134.560547,49.6339722,417.8375,418.181244,418.309357,4.68485,4.72505,4.7177,184.722214,82.5,83.7000046,86.1,76.5,17.10875,21.69125,27.49,20.1887512,6175.22,85.3,84.1,5.26625,8.44125,8.40875,88.3,87.8,0,2.107325,2.088925,2.08555,46.935,46.7331276,46.95125,29.11562538,5.705
61.8,64.6,64.6,61.8,-0.016600013,-0.014512479,0.002212524,384.925018,391.766632,392.08,17.2620316,17.2879677,17.2931252,303.819458,130.365829,49.74682,417.734375,418.078125,418.103119,4.71095,4.75115,4.7438,185.416656,82.8,83.8,87.3,76.5,17.7200012,21.2025,26.798748,20.10625,6170.489,84.8,83.7000046,5.51125,8.4,8.327499,87.7000046,87.2000046,0,2.1057,2.0873,2.0839,46.9756241,46.77375,46.9918747,29.09062576,5.99125
61.8,64.6,64.9,61.9,-0.014562488,-0.012462497,0.00425005,425.794983,435.947754,435.955,17.26703,17.2981262,17.3034382,304.6875,129.626785,49.76563,418.040619,418.4875,418.512482,4.67185,4.71365,4.6998,185.300919,82.9,83.9,87.5,76.5,17.92375,21.08125,26.63625,20.27,6176.765,84.8,83.6,5.51125,8.2375,8.327499,87.7000046,87.2000046,0,2.107325,2.08975,2.08555,47.0568733,46.855,47.0531273,28.59062576,5.7875
61.9,64.7000046,64.9,62,-0.014962494,-0.012462497,0.004662514,438.500031,450.13205,450.960022,17.2976551,17.32375,17.3340626,304.542816,130.884155,49.5963554,418.243744,418.4875,418.409363,4.6914,4.7316,4.7177,185.300919,82.8,83.9,87.2000046,76.5,17.39375,21.08125,27.164999,20.4325,6179.90332,84.9,83.7000046,5.43,8.278749,8.286249,87.7000046,87.3,0,2.104875,2.0873,2.0839,47.0775,46.8956261,47.0943756,28.16562271,5.91
61.7,64.4,65.2000046,62.1000023,-0.010487497,-0.00880003,0.008737445,433.29,444.5882,444.434967,17.2771873,17.2981262,17.3034382,304.398132,129.703461,49.7280121,418.140625,418.4875,418.512482,4.66535,4.71525,4.7014,184.722214,82.8,84,87.3,76.5,17.8425,21.12125,26.9212513,20.27,6175.22,85,83.8,5.3475,8.36,8.40875,87.8,87.3,0,2.10325,2.08565,2.08065,47.1381264,46.9368744,47.1350021,27.33437347,5.8275
61.7,64.3,65.2000046,62.1000023,-0.009675026,-0.007574975,0.009150028,423.52,434.644165,434.16,17.2925,17.3134384,17.318594,304.6875,130.84375,49.65278,418.243744,418.6906,418.512482,4.69625,4.72995,4.72425,185.879623,82.7000046,84,87.2000046,76.5,17.27125,20.9187489,26.88,20.4325,6178.3584,84.9,83.7000046,5.55250025,8.685,8.245,87.6,87.1,0,2.104075,2.08565,2.081475,47.03625,46.8956261,47.0943756,27.42187309,6.07375
61.7,64.3,65.1,62,-0.011712492,-0.009612501,0.008337498,416.515,423.886047,425.845,17.2925,17.2981262,17.318594,304.1088,131.958008,49.4458923,418.243744,418.6906,418.512482,4.76955,4.80985,4.8025,187.152771,82.4,83.9,86.4,76.5,17.3525,21.40625,27.3275,20.6375,6175.22,84.9,83.7000046,5.3475,8.318749,8.245,87.7000046,87.2000046,0,2.1065,2.0873,2.0839,46.9956245,46.855,47.0125,27.171875,5.91
61.4,64.1,65.6,62.1000023,-0.007237494,-0.004724979,0.012412548,411.469971,420.300049,419.97,17.328125,17.277813,17.34422,306.134247,127.179192,49.67159,418.243744,418.5875,418.512482,4.7207,4.76095,4.7536,186.34259,82.8,84.2000046,87.8,76.4,17.475,20.715,26.4324989,20.06625,6175.22,84.3,83.1,5.47,8.318749,8.49,87,86.6,0,2.104075,2.08565,2.082275,47.0775,46.855,47.0531273,27.06874847,5.91
61.4,63.9,65.4,62.1000023,-0.00682497,-0.005137503,0.011999965,402.185,408.887665,407.574982,17.4298439,17.4562511,17.4614067,306.278931,128.0979,49.5399323,418.446869,418.790649,418.715637,4.6914,4.7316,4.71935,185.879623,82.7000046,84.2000046,87.5,76.4,17.0675,20.2675,26.7174988,20.22875,6175.22,84.2000046,83.1,5.3475,8.48125,8.40875,87,86.5,0,2.10975,2.0922,2.087175,46.955,46.7331276,46.9718742,26.80312347,5.8275
61.4,63.9,65.5,62.1000023,-0.006425023,-0.004724979,0.012812495,394.37,400.736664,400.724976,17.4348431,17.45125,17.4564075,306.5683,128.265015,49.67159,418.853119,419.0969,419.225,4.6914,4.72015,4.70955,185.995361,82.8,84.2000046,87.5,76.4,17.39375,20.79625,26.51375,20.06625,6175.22,84.3,83.2000046,5.43,8.278749,8.49,87.1,86.6,0,2.110575,2.09055,2.08555,46.9756241,46.8143768,46.9918747,26.51250076,5.91
61.4,63.9,65.4,62.1000023,-0.007237494,-0.004724979,0.011999965,386.065,391.931427,391.265,17.4451561,17.4767189,17.4870319,305.2662,127.693054,49.9349,417.431244,417.875,417.796875,4.67185,4.71855,4.6998,184.722214,82.8,84.2000046,87.9,76.3,17.92375,20.7550011,26.35125,19.9849987,6165.75732,84.2000046,83.1,5.43,8.4,8.6125,87,86.5,0,2.10895,2.093825,2.0888,46.9143753,46.77375,46.89,26.37499809,5.99125
61.3,64.4,65.6,61.9,-0.011300027,-0.007175028,0.01077497,378.085,384.594543,384.74,17.6789074,17.7010937,17.70125,308.449066,122.285492,49.74682,417.8375,418.181244,418.206238,4.7598,4.80335,4.78945,186.226852,82.7000046,84.2000046,88.2000046,76.2000046,18.3725,20.7550011,26.18875,20.025,6172.082,83.8,82.7000046,5.51125,8.15625,8.5725,86.7000046,86.2000046,0,2.10895,2.0922,2.088,46.9143753,46.7125,46.9106255,26.14999962,5.8275
61.9,65.7000046,64.1,61.3,-0.022287488,-0.017775,0.000174999,374.990021,380.8437,380.495,17.7501564,17.70625,17.7114067,305.2662,107.812729,50.02894,417.8375,418.078125,418.103119,4.7321,4.77235,4.7063,187.384262,82.3,83.1,87.6,76,17.67875,20.83625,26.35125,19.9849987,6178.3584,82,81,5.5925,8.645,9.224999,85.2000046,84.8,0,2.104875,2.088925,2.0839,46.8331261,46.65125,46.8081245,26.19062424,5.8275
62.3,66.2000046,63.4,61,-0.022700012,-0.01858753,-0.001049995,371.895,375.789276,377.235016,17.7196884,17.7521877,17.7521877,306.134247,107.477325,49.67159,418.243744,418.5875,418.512482,4.7923,4.8327,4.82205,187.962967,82.2000046,83,87.4,76.1,17.5162487,21,26.4324989,19.7799988,6176.765,81.7000046,80.7000046,5.67375,8.72625,9.38875,85.2000046,84.9,0,2.113825,2.09545,2.092075,46.751873,46.5693741,46.7475,26.265625,5.8275
62.4,65.8,63.2,61.1000023,-0.018625021,-0.01613748,0.000587463,364.735016,371.8786,371.53,17.546875,17.609375,17.5737514,303.9641,100.944023,49.76563,418.65,418.996857,418.918762,4.66535,4.7169,4.6949,187.962967,82,83.3,86.7000046,76.3,17.27125,20.633749,26.59625,19.74,6178.3584,80.6,79.6,5.67375,8.60375,9.87875,84.3,84,0,2.1122,2.09545,2.092075,46.65,46.4468765,46.625,26.58750153,5.95125
62.3,64.7000046,63.3,61.4,-0.004387498,-0.004312515,0.013637543,361.8,366.984039,366.794983,17.6993752,17.7164078,17.7215633,309.4618,95.17317,49.5399323,419.056244,419.303131,419.225,4.6556,4.6957,4.6835,191.2037,81.4,82.9,85.2000046,76.1,16.2925,20.2675,26.75875,20.27,6172.082,79.2000046,78.2000046,5.95875025,8.60375,10.04125,82.7000046,82.6,0,2.113825,2.09625,2.092075,46.67,46.40625,46.645,25.69062424,6.15499973
62.7,65.7000046,62.7,60.9,-0.017412484,-0.015737474,0.000587463,352.03,357.040039,357.01,17.974062,17.9968758,18.0429688,308.304382,117.894424,49.65278,418.446869,418.790649,418.918762,4.6816,4.70715,4.71445,185.185181,82.5,83.9,87.7000046,76.5,16.9037514,20.145,26.18875,19.9849987,6168.89551,81.2000046,80.2000046,5.67375,8.5225,9.47,85.1,84.7000046,0,2.1171,2.10035,2.097775,46.58875,46.3656235,46.5431252,25.65625,5.8275
61.6000023,63.7,64.2000046,61.8,-0.001950026,-0.00227499,0.014862537,345.195,349.378479,349.835,17.8468761,17.8745327,17.8796883,306.712952,127.153275,49.9349,417.228119,417.465637,417.390625,4.6116,4.65495,4.6427,183.564819,82.4,83.8,87.3,76.3,17.39375,20.9187489,26.8400021,20.27,6175.22,83.7000046,82.5,5.5925,8.5225,8.65375,86.9,86.4,0,2.1122,2.097075,2.092075,46.65,46.4675026,46.6656227,25.61250114,6.15499973
61.3,63.5,64.8,62,-0.005200028,-0.00553751,0.012812495,331.025,334.869537,333.85,17.5010948,17.5226555,17.5124989,307.7257,127.403709,49.40828,419.259369,419.609375,419.53125,4.6116,4.6517,4.6411,185.069443,82.4,83.9,87.2000046,76.2000046,17.10875,20.83625,26.6775017,20.27,6175.22,83.7000046,82.6,5.43,8.5225,8.735001,86.6,86.2000046,0,2.11545,2.08975,2.08555,46.65,46.4881248,46.6856232,25.69062424,5.7875
61.2,63.9,65.2000046,61.8,-0.008862495,-0.005949974,0.010362506,321.740021,327.0432,326.675018,17.4704685,17.4971867,17.5023441,306.5683,126.690781,49.4647026,418.3469,418.790649,418.715637,4.6165,4.65495,4.64435,184.259262,82.4,83.9,87.5,76.1,17.14875,20.715,26.3112488,20.10625,6170.489,83.7000046,82.5,5.43,8.645,8.81625,86.5,86.2000046,0,2.1171,2.097075,2.0937,46.6906242,46.4881248,46.6656227,25.35000229,5.95125
61.1000023,64.1,65.4,61.7,-0.011712492,-0.007175028,0.009150028,313.6,315.955475,315.42,17.506094,17.5276566,17.5379677,305.9896,127.131645,49.6903954,417.431244,417.668762,417.696869,4.6214,4.65005,4.64765,184.490738,82.4,83.9,87.6,76.1,16.98625,19.9825,26.18875,19.74,6175.22,83.6,82.4,5.43,8.72625,8.98,86.5,86.1,0,2.10895,2.09055,2.087175,46.65,46.4881248,46.625,25.08749962,5.91
61,64.3,65.4,61.6000023,-0.014562488,-0.00880003,0.007112503,297.315,299.3289,300.574982,17.4756241,17.4971867,17.4818745,306.712952,127.507095,49.1637764,418.3469,418.6906,418.715637,4.6474,4.67775,4.66555,184.490738,82.3,83.9,87.2000046,76.1,16.945,20.3075,26.0262489,20.06625,6168.89551,83.6,82.4,5.55250025,8.5625,8.81625,86.5,86.1,0,2.110575,2.093825,2.0888,46.609375,46.40625,46.625,25.09687614,5.8275
60.9,64.3,65.5,61.5,-0.014962494,-0.00880003,0.007112503,290.475,288.57077,288.995,17.4553127,17.4715633,17.4768753,305.555542,126.274704,49.9160919,417.228119,417.568756,417.696869,4.5937,4.62885,4.62155,183.333328,82.4,84,87.8,75.9,17.10875,19.86125,25.945,19.9849987,6172.082,83.6,82.4,5.43,8.72625,9.0625,86.6,86.2000046,0,2.1171,2.0987,2.0937,46.5481262,46.3656235,46.5431252,25.12812614,5.86875
61,64.5,65.5,61.4,-0.016187489,-0.009612501,0.006287456,276.14502,273.0829,273.665,17.4553127,17.4767189,17.4818745,307.43634,126.348495,49.31424,419.259369,419.709381,419.634369,4.53835,4.57505,4.56285,184.606476,82.2000046,83.8,87.2000046,76,17.19,20.02375,26.2699986,19.82125,6172.082,83.6,82.5,5.3475,8.44125,8.81625,86.7000046,86.2000046,0,2.1122,2.09545,2.09125,46.6293755,46.40625,46.625,25.31875038,5.74624968
60.9,64.6,65.6,61.4,-0.018225014,-0.010437489,0.004662514,267.025,261.5057,262.735016,17.5112514,17.5328121,17.5379677,305.2662,126.982422,49.5023155,417.228119,417.668762,417.696869,4.6214,4.65495,4.6427,183.449066,82.3,83.8,87.5,75.9,16.8225,19.9825,25.7012482,19.69875,6168.89551,83.6,82.4,5.43,8.7675,8.940001,86.5,86.1,0,2.11545,2.093825,2.09045,46.5481262,46.3656235,46.56375,25.42499924,5.8275
61,64.5,65.9,61.5,-0.014962494,-0.007175028,0.008337498,253.349991,249.11441,247.565,17.36875,17.39,17.3748436,305.9896,123.378029,50.02894,417.8375,418.28125,418.309357,4.6214,4.66475,4.6509,184.490738,82.6,84.2000046,88.3,76,17.27125,19.82,25.7012482,19.7799988,6175.22,83.4,82.2000046,5.43,8.7675,8.81625,86.2000046,85.8,0,2.113825,2.09545,2.09045,46.8125,46.59,46.7675,25.63750076,5.91
61,64.7000046,65.6,61.4,-0.016187489,-0.009612501,0.007112503,242.275,235.25975,233.209991,17.4654675,17.4920311,17.4768753,307.002319,125.989082,49.822052,419.259369,419.506256,419.53125,4.63115,4.67285,4.65905,185.416656,82.4,83.8,87.7000046,76,17.23,20.145,25.8637486,20.025,6179.90332,83.4,82.2000046,5.43,8.645,8.49,86.3,85.9,0,2.113825,2.09545,2.092075,46.609375,46.4268761,46.625,25.94687653,5.8275
61,64.4,65.5,61.5,-0.013750017,-0.008387506,0.008337498,230.88,222.379,221.63,17.4451561,17.48172,17.4768753,305.9896,124.369354,49.5963554,417.8375,418.28125,418.206238,4.61,4.65005,4.64435,184.143509,82.4,83.9,87.9,76,16.945,20.34875,25.7825,20.1475,6170.489,83.1,81.9,5.51125,8.60375,8.65375,86,85.6,0,2.113825,2.097075,2.0937,46.6293755,46.4881248,46.6656227,26.35937691,5.74624968
61.3,64.7000046,65.9,61.9,-0.014562488,-0.00880003,0.007925034,218.5,209.173615,205.975,17.4704685,17.4971867,17.4971867,307.002319,124.894943,49.6339722,418.7531,419.0969,419.125,4.60185,4.6435,4.6313,185.069443,82.6,84.1,87.7000046,76.3,16.61875,20.22625,26.18875,20.025,6168.89551,83.4,82.3,5.5925,8.60375,8.6125,86.2000046,85.8,0,2.107325,2.088925,2.08555,47.03625,46.855,47.0125,27.08125114,5.74624968
61.2,64.6,65.6,61.6000023,-0.017412484,-0.010837495,0.005475044,204.495,194.1702,193.09,17.4501553,17.4715633,17.4768753,306.712952,125.052109,49.4647026,418.446869,418.6906,418.715637,4.61,4.65005,4.6411,184.837967,82.4,84,87.7000046,76.1,16.5775,19.9025,25.7012482,19.8625,6172.082,83.2000046,82,5.51125,8.72625,8.327499,86.1,85.7000046,0,2.1114,2.0922,2.0888,46.7718735,46.6106224,46.7675,27.78437424,5.99125
61.3,64.8,65.5,61.7,-0.018225014,-0.012462497,0.003437519,190.17,179.171783,177.92,17.4654675,17.4920311,17.4920311,305.9896,124.878914,49.76563,417.634369,417.975,417.9,4.61325,4.66475,4.6411,184.259262,82.5,84,87.9,76.2000046,16.66,20.34875,25.945,19.9849987,6172.082,83.3,82.1,5.51125,8.48125,8.6125,86.2000046,85.8,0,2.108125,2.091375,2.087175,46.89375,46.6918755,46.89,28.31875038,5.99125
61.5,65.1,65.3,61.7,-0.02107501,-0.01532501,0.000174999,267.35498,262.484619,264.039978,17.44,17.4664059,17.4665623,306.857635,126.138878,49.3518524,418.853119,419.2,419.125,4.6165,4.6582,4.646,184.837967,82.5,84,87.6,76.3,16.741251,20.67375,26.18875,19.9849987,6167.35,83.3,82.2000046,5.51125,8.72625,8.6125,86.2000046,85.8,0,2.10895,2.09055,2.08555,47.01625,46.8143768,47.0125,28.78750038,5.8275
61.6000023,65.3,65.4,61.7,-0.021887481,-0.015737474,0.000587463,415.375,424.53537,424.865021,17.4501553,17.48172,17.4768753,306.857635,123.255394,49.7844353,418.446869,418.996857,418.918762,4.6181,4.668,4.64925,185.300919,82.7000046,84.1,88.2000046,76.3,16.61875,20.34875,25.7012482,19.94375,6172.082,83.1,82,5.43,8.7675,8.5725,86,85.6,0,2.104875,2.08975,2.08555,47.0775,46.8956261,47.07375,29.47187424,5.95125
61.8,65.8,65.2000046,61.6000023,-0.025137484,-0.017775,-0.003487527,436.544983,447.689728,448.675018,17.4806252,17.5021877,17.5075,305.2662,118.622314,49.65278,418.040619,418.181244,418.309357,4.60675,4.6468,4.6362,185.069443,82.7000046,83.8,88.2000046,76.4,16.61875,20.67375,25.375,19.9037514,6168.89551,82.4,81.4,5.5925,8.645,8.98,85.3,85,0,2.107325,2.08565,2.08065,47.1993752,46.998127,47.19625,30.55937576,5.95125
62.1000023,66.5,64.8,61.5,-0.029612482,-0.02266252,-0.007162511,422.54,432.201874,432.365,17.4298439,17.4562511,17.4564075,305.2662,118.932434,49.822052,418.243744,418.6906,418.715637,4.6018,4.6533,4.6313,185.300919,82.8,83.9,88.4,76.5,17.0675,20.18625,25.6199989,20.06625,6172.082,82.4,81.4,5.43,8.8075,9.3075,85.4,85.1,0,2.104875,2.08565,2.082275,47.2806244,47.05875,47.2575,31.41874886,5.8275
62.3,66.9,64.5,61.4,-0.032875,-0.025512517,-0.010837495,408.21,416.384369,416.379974,17.4451561,17.4715633,17.47172,304.832184,119.479141,49.822052,418.040619,418.384369,418.409363,4.62625,4.6696,4.6509,185.416656,82.9,83.9,88.3,76.6,17.3112488,20.67375,25.8637486,19.94375,6179.90332,82.4,81.4,5.5925,8.5625,9.38875,85.5,85.1,0,2.1057,2.08565,2.08065,47.2806244,47.05875,47.2781258,32.33437347,5.7875
62.5,67.1,64.4,61.4,-0.035312474,-0.027562499,-0.012875021,392.905,399.1035,398.44,17.44,17.4614067,17.4665623,305.8449,119.572189,49.65278,418.65,419.0969,419.021881,4.62465,4.66145,4.65415,185.879623,82.8,83.8,88.2000046,76.7000046,16.741251,21,25.8637486,19.82125,6168.89551,82.4,81.5,5.51125,8.36,9.0625,85.6,85.2000046,0,2.1057,2.08565,2.082275,47.3418732,47.1812477,47.359375,32.68437195,5.86875
62.6000023,67.3,64.2000046,61.4,-0.036125004,-0.029600024,-0.015312493,378.9,385.573456,385.065,17.44,17.4767189,17.4665623,304.832184,119.337418,49.7844353,418.040619,418.28125,418.309357,4.6165,4.6533,4.6509,185.416656,83,83.7000046,88.3,76.7000046,17.19,20.633749,25.7825,20.025,6175.22,82.3,81.4,5.5925,8.5225,9.14375,85.6,85.2000046,0,2.1008,2.08565,2.082275,47.3418732,47.140625,47.3393745,33.74062347,5.86875
62.7,67.6,64.2000046,61.4,-0.038975,-0.032037497,-0.017362475,365.71,370.8997,371.365,17.44,17.4664059,17.4665623,305.2662,119.6723,49.822052,418.446869,418.6906,418.818756,4.6181,4.6533,4.63785,185.416656,83,83.8,88.3,76.8,17.14875,21.28375,25.945,19.8625,6179.90332,82.5,81.5,5.5925,8.8075,9.38875,85.6,85.3,0,2.1008,2.08565,2.082275,47.4031258,47.2018738,47.4206238,32.90625,6.07375
63.2,68.3,64.4,61.7,-0.03978747,-0.032862485,-0.018575013,351.055,356.0611,356.685,17.4348431,17.4614067,17.4665623,305.2662,119.404343,49.48351,418.243744,418.4875,418.409363,4.59695,4.63865,4.6297,185.185181,83.2000046,83.8,88.4,77.1,16.945,21,25.7012482,19.7799988,6172.082,82.6,81.8,5.43,8.645,9.14375,85.8,85.4,0,2.0943,2.07915,2.07575,47.8918762,47.67125,47.8700027,32.38750076,5.99125
62.9,67.9,64,61.3,-0.039387524,-0.032862485,-0.018175006,337.210022,341.392334,342.330017,17.4348431,17.4562511,17.4564075,304.832184,119.065407,49.74682,417.8375,418.181244,418.309357,4.59205,4.63535,4.6362,185.069443,83,83.7000046,88.3,76.8,17.14875,20.79625,25.7825,19.8625,6178.3584,82.3,81.5,5.5925,8.685,9.26625,85.7000046,85.2000046,0,2.10325,2.08565,2.08065,47.4031258,47.2018738,47.4,31.95937538,5.8275
62.5,67.6,63.6000023,60.9,-0.0406,-0.033675015,-0.0194,323.860016,326.8784,327,17.4501553,17.4767189,17.4768753,305.8449,119.656433,49.74682,418.853119,419.303131,419.125,4.6051,4.64515,4.6346,185.763885,82.8,83.5,88.2000046,76.5,17.23,20.5925,25.7012482,19.74,6179.90332,82.1,81.1,5.51125,8.48125,9.224999,85.6,85.2000046,0,2.10975,2.0922,2.0888,46.9143753,46.6918755,46.9106255,31.30624962,5.8275
62.3,67.4,63.4,60.8,-0.040199995,-0.032862485,-0.018987477,309.69,311.390533,312.485016,17.4196873,17.4460945,17.45125,303.240753,117.662384,50.1041679,417.025,417.465637,417.390625,4.57255,4.6142,4.602,183.333328,83,83.6,88.5,76.3,17.10875,20.2675,25.5787487,20.025,6179.90332,81.8,80.8,5.47125,8.645,9.38875,85.5,85.1,0,2.10975,2.0922,2.0888,46.7718735,46.52875,46.7675,33.375,5.7875
62.2,67.1,63.2,60.6000023,-0.041012526,-0.033675015,-0.019800007,297.315,297.371033,297.315,17.4501553,17.4767189,17.4768753,305.2662,119.33667,49.84086,418.243744,418.6906,418.615631,4.60675,4.6533,4.64435,185.416656,82.7000046,83.4,88.2000046,76.2000046,17.14875,20.5925,25.7012482,19.7799988,6178.3584,81.7000046,80.7000046,5.51125,8.48125,9.224999,85.6,85.2000046,0,2.113825,2.09545,2.092075,46.4868736,46.263752,46.4618759,32.734375,5.91
62,66.9,63.1000023,60.4,-0.0406,-0.03408748,-0.020624995,282.824982,280.744446,282.145,17.4501553,17.4767189,17.4768753,305.555542,118.29705,49.5963554,418.446869,418.893768,418.918762,4.54485,4.62235,4.5987,184.490738,82.7000046,83.3,88,76.1,16.7825,20.34875,25.7012482,19.74,6167.35,81.7000046,80.7000046,5.67375,8.318749,9.38875,85.7000046,85.3,0,2.11545,2.09055,2.087175,46.3243752,46.1206245,46.2775,33.54375076,5.86875
61.9,66.9,63,60.3,-0.041012526,-0.033675015,-0.019800007,270.285,266.070648,266.650024,17.4501553,17.4767189,17.4768753,304.542816,118.838074,49.7280121,417.431244,417.771881,417.796875,4.60345,4.64515,4.6313,184.722214,82.7000046,83.2000046,88.1,76,16.86375,20.34875,25.7825,19.94375,6175.22,81.5,80.4,5.71499968,8.2375,9.224999,85.5,85.2000046,0,2.11545,2.0987,2.094525,46.14125,45.9575,46.1556244,32.35000229,5.95125
61.9,66.7000046,63.4,60.5,-0.037750006,-0.030012488,-0.016550005,255.305008,249.7637,249.200012,17.4603119,17.4920311,17.4768753,305.555542,119.879883,49.57755,418.446869,418.790649,418.715637,4.61975,4.66475,4.65415,185.879623,82.5,83.5,88,76.1,17.0275,20.39,25.8637486,20.22875,6175.22,81.6,80.5,5.67375,8.2375,9.184999,85.5,85.2000046,0,2.1114,2.09545,2.092075,46.30375,46.1206245,46.2981262,31.49062347,5.95125
61.8,66.3,63.6000023,60.7,-0.03408748,-0.026337504,-0.012875021,242.605,235.419556,233.540009,17.4145317,17.4307823,17.4360943,304.832184,118.599861,49.76563,418.040619,418.384369,418.309357,4.6051,4.6517,4.63785,185.069443,82.7000046,83.5,88.2000046,76,16.86375,20.145,25.7825,20.06625,6181.49658,81.6,80.5,5.55250025,8.8075,9.14375,85.5,85.1,0,2.113025,2.093825,2.09045,46.28375,46.079998,46.2981262,30.55312729,5.99125
61.4,65.8,63.5,60.4,-0.031237483,-0.023487508,-0.009612501,227.135,216.994949,218.045,17.4451561,17.4715633,17.4665623,305.2662,119.355553,49.7280121,418.243744,418.4875,418.409363,4.62465,4.64845,4.6346,185.763885,82.4,83.5,88,75.8,17.10875,20.18625,26.0262489,20.1887512,6175.22,81.5,80.4,5.75499964,8.685,9.224999,85.3,84.9,0,2.11545,2.099525,2.09535,46.0593758,45.8756256,46.0331268,29.09375191,5.74624968
61.3,65.8,63.5,60.3,-0.03206247,-0.02429998,-0.010424972,211.99,204.933289,204.180008,17.51625,17.5379677,17.5379677,305.121521,120.661278,49.3518524,418.243744,418.4875,418.512482,4.6051,4.6468,4.6346,184.722214,82.4,83.5,87.8,75.8,17.10875,19.7799988,25.945,19.8625,6168.89551,81.6,80.5,5.67375,8.318749,9.26625,85.4,85,0,2.118725,2.10035,2.09535,45.9781265,45.7943726,45.9712524,28.26874924,6.07375
61.1000023,64.8,63.9,60.7,-0.022287488,-0.01613748,-0.001462519,197.985,187.977051,186.4,17.4246864,17.45125,17.45125,304.6875,120.302895,49.74682,417.8375,418.078125,418.103119,4.5839,4.6321,4.61665,185.185181,82.4,83.6,87.9,75.7000046,17.14875,20.3075,26.0262489,20.27,6175.22,81.7000046,80.6,5.75499964,8.88875,9.14375,85.3,85,0,2.118725,2.0987,2.09535,45.9781265,45.814373,45.9918747,27.41250038,6.03250027
61.2,65.1,63.7,60.6000023,-0.02717501,-0.021037519,-0.005937517,225.50499,216.345673,216.409988,17.4704685,17.4971867,17.5023441,306.278931,121.706345,49.29543,419.3625,419.709381,419.53125,4.59855,4.67285,4.62805,186.226852,82.2000046,83.6,87.6,75.8,16.945,20.18625,26.18875,20.06625,6179.90332,81.7000046,80.5,5.8375,8.8075,9.224999,85.3,85,0,2.1171,2.0987,2.09535,45.9781265,45.814373,45.9918747,25.49687576,6.07375
61.1000023,64.5,64,60.8,-0.02107501,-0.015737474,-0.001462519,389.81,404.972,396.485,17.4501553,17.4715633,17.4768753,303.3854,123.143219,49.5963554,416.818726,417.362518,417.2875,4.6018,4.637,4.6232,183.564819,82.4,83.8,87.9,75.7000046,16.45625,19.495,25.945,19.9037514,6176.765,82,80.9,5.71499968,8.88875,9.26625,85.6,85.2000046,0,2.11465,2.097075,2.0929,46.01875,45.8756256,46.0331268,24.78750038,5.95125
61,64.1,64.1,60.9,-0.01700002,-0.01206249,0.003025055,439.8,451.6004,451.94,17.4298439,17.4562511,17.4614067,305.2662,123.423386,49.65278,418.040619,418.28125,418.409363,4.59695,4.63375,4.6199,185.300919,82.2000046,83.9,87.7000046,75.7000046,16.7825,19.69875,26.4324989,20.22875,6176.765,82.2000046,81,5.75499964,8.72625,8.98,85.6,85.2000046,0,2.113825,2.097075,2.0929,46.01875,45.7943726,45.9712524,22.328125,6.44
60.7,63.9,64.3,60.9,-0.01700002,-0.011250019,0.003849983,425.31,434.644165,433.995,17.4909382,17.5123444,17.5176563,303.674774,123.363266,49.8596649,417.431244,417.771881,417.696869,4.63275,4.67615,4.66065,184.490738,82.3,84,87.9,75.5,16.9037514,19.41375,26.0262489,19.94375,6170.489,82,80.9,5.75499964,8.685,9.14375,85.4,85.1,0,2.118725,2.0987,2.09535,45.8968773,45.7125,45.8693733,23.1875,6.07375
60.8,64,64.7000046,61.1000023,-0.014562488,-0.009612501,0.005887508,414.4,422.5775,423.885,17.4246864,17.4614067,17.4665623,304.542816,123.181824,49.6903954,417.8375,418.28125,418.206238,4.6116,4.65495,4.6411,184.606476,82.3,84.1,87.8,75.7000046,17.10875,20.02375,26.1074982,20.1887512,6172.082,82.1,81,5.67375,8.5625,9.14375,85.5,85.1,0,2.1171,2.097075,2.0937,46.14125,45.9575,46.1143761,23.77812576,6.03250027
60.6000023,63.6000023,64.7000046,61,-0.013750017,-0.007987499,0.006700039,400.07,407.908783,407.245026,17.4348431,17.45125,17.4564075,304.542816,122.995392,49.8596649,418.040619,418.4875,418.309357,4.6116,4.6533,4.646,185.069443,82.1,84,87.8,75.4,16.61875,19.29125,26.0262489,20.1475,6172.082,82.2000046,81,5.5925,8.645,9.224999,85.4,85.1,0,2.1171,2.0979,2.0937,45.8968773,45.6925,45.89,23.95937347,5.91
60.5,63.7,64.8,61,-0.013750017,-0.007987499,0.00751245,386.88,393.07016,392.89502,17.44,17.4614067,17.4665623,305.4109,123.589027,49.57755,418.446869,418.790649,418.918762,4.62465,4.6631,4.6574,185.300919,82,84,87.7000046,75.4,17.0275,19.25125,25.945,19.9849987,6172.082,82.2000046,81,5.67375,8.72625,9.38875,85.3,85,0,2.11545,2.09545,2.09535,45.8968773,45.6925,45.89,23.19687462,5.91
60.7,63.8,65,61.2,-0.012525022,-0.006362498,0.009549975,374.175,380.029572,380.17,17.4348431,17.4614067,17.4665623,305.555542,122.89959,49.7280121,418.65,418.996857,419.021881,4.60835,4.6468,4.6346,185.416656,82.1,84.1,87.7000046,75.6,16.86375,19.9425,26.2699986,20.515,6175.22,82.3,81.1,5.51125,8.72625,8.98,85.5,85.1,0,2.1122,2.088925,2.087175,46.14125,45.9168777,46.1143761,23.51250076,5.8275
60.8,63.8,65.3,61.4,-0.011712492,-0.005949974,0.010362506,359.195,362.748718,364.19,17.44,17.4614067,17.4665623,305.2662,122.617783,49.4647026,417.8375,418.28125,418.103119,4.566,4.60435,4.59055,184.606476,82.1,84.2000046,87.7000046,75.7000046,16.415,19.455,25.8637486,19.9849987,6172.082,82.3,81.2000046,5.67375,9.255,9.14375,85.5,85.1,0,2.1114,2.091375,2.088,46.2631264,46.079998,46.2368774,23.50625038,6.15499973
60.8,63.9,65.4,61.4,-0.010900021,-0.005137503,0.010362506,348.775,352.6399,353.75,17.4654675,17.4868755,17.4870319,304.398132,123.542747,49.7844353,417.328125,417.668762,417.696869,4.59205,4.63375,4.6248,184.259262,82.2000046,84.2000046,87.9,75.7000046,16.7825,20.02375,26.0262489,20.27,6170.489,82.4,81.2000046,5.51125,8.93,9.0625,85.5,85.2000046,0,2.110575,2.091375,2.087175,46.3649979,46.16125,46.2981262,23.921875,6.23625
60.8,63.9,65.4,61.5,-0.010900021,-0.004724979,0.011187553,334.445,338.945038,339.07,17.4451561,17.4664059,17.4665623,305.2662,123.120956,49.76563,418.243744,418.6906,418.715637,4.6165,4.65005,4.6346,185.300919,82.2000046,84.2000046,87.9,75.8,16.98625,20.02375,25.945,20.27,6175.22,82.3,81.2000046,5.63375,8.88875,9.14375,85.5,85.1,0,2.113025,2.093,2.08555,46.4056244,46.2025,46.3393745,23.23125076,6.15499973
60.9,64,65.5,61.5,-0.010900021,-0.00553751,0.010362506,324.35,327.697479,326.835,17.4298439,17.4562511,17.4665623,305.121521,123.314972,49.7280121,418.243744,418.6906,418.715637,4.6002,4.6419,4.6297,185.416656,82.2000046,84.3,87.8,75.8,16.8225,19.0475,25.7825,20.025,6173.627,82.4,81.3,5.51125,8.8075,9.02125,85.5,85.2000046,0,2.10245,2.088925,2.08555,46.5075,46.3243752,46.4818764,23.30312347,5.91
60.9,64.1,65.5,61.5,-0.011712492,-0.005949974,0.009549975,310.015,312.699066,312.64502,17.4348431,17.4664059,17.4768753,305.2662,123.010094,49.6339722,418.550018,419.0969,419.125,4.61485,4.65655,4.64435,185.300919,82.2000046,84.2000046,87.9,75.9,16.9037514,19.29125,25.6199989,19.94375,6175.22,82.4,81.3,5.47,8.685,8.89875,85.3,85,0,2.10895,2.088925,2.0839,46.5681267,46.3243752,46.5225029,23.61250114,5.99125
60.9,64,65.6,61.6000023,-0.010900021,-0.004724979,0.011187553,293.085,294.763916,295.685,17.4654675,17.4868755,17.4920311,304.832184,123.691216,49.7280121,418.040619,418.28125,418.309357,4.61,4.6582,4.6362,185.185181,82.2000046,84.2000046,87.8,75.8,16.61875,19.455,25.945,20.06625,6170.489,82.5,81.4,5.51125,8.8075,9.0625,85.5,85.1,0,2.110575,2.0922,2.0888,46.5075,46.3243752,46.5225029,23.88125038,5.99125
60.9,64.1,65.6,61.6000023,-0.010900021,-0.004724979,0.011187553,283.64,282.047974,282.960022,17.4553127,17.48172,17.4870319,305.121521,123.077866,49.5587425,418.243744,418.6906,418.615631,4.61,4.6517,4.63945,185.185181,82.1,84.2000046,87.8,75.8,16.49625,19.57625,25.8225,19.9849987,6175.22,82.4,81.3,5.43,8.88875,9.0625,85.3,85,0,2.10975,2.093,2.0888,46.5681267,46.3856239,46.5025024,23.79062462,5.91
60.8,63.9,65.7000046,61.6000023,-0.008862495,-0.003499985,0.012412548,271.915,267.698853,268.935,17.4501553,17.4767189,17.4818745,305.121521,123.033592,49.5963554,418.243744,418.5875,418.612518,4.61,4.6517,4.63945,185.069443,82.2000046,84.1,87.8,75.8,16.8225,19.57625,25.7012482,20.06625,6175.22,82.5,81.4,5.43,8.5625,9.0625,85.4,85,0,2.110575,2.0922,2.087175,46.5275,46.345,46.5025024,23.76250076,5.8275
61,64.1,65.8,61.7,-0.010487497,-0.004312515,0.011600018,257.255,252.700455,252.62001,17.4451561,17.4715633,17.4768753,305.555542,123.332512,49.5587425,418.853119,419.0969,419.125,4.60345,4.64515,4.6346,185.300919,82.2000046,84.2000046,87.9,76,16.86375,19.6575,25.6199989,19.94375,6178.3584,82.6,81.5,5.5925,8.318749,8.89875,85.4,85,0,2.1122,2.09055,2.0839,46.65,46.4881248,46.645,23.82500076,5.91
60.9,63.9,65.7000046,61.6000023,-0.009675026,-0.004312515,0.011999965,244.88,237.866852,237.78,17.44,17.4562511,17.4665623,305.555542,123.484177,49.5023155,418.853119,419.2,419.125,4.5953,4.6419,4.6248,185.648148,82.1,84.1,87.7000046,75.8,16.66,19.9425,25.90375,19.9849987,6170.489,82.5,81.4,5.5925,8.685,9.14375,85.4,85,0,2.1114,2.093,2.09045,46.5481262,46.3856239,46.5225029,23.74374962,5.99125
61.1000023,64.2000046,65.9,61.8,-0.009675026,-0.004724979,0.011999965,229.575,221.070435,220.654984,17.4603119,17.4868755,17.4971867,304.832184,123.3629,49.5963554,418.040619,418.28125,418.309357,4.61,4.6517,4.63785,185.069443,82.3,84.2000046,87.9,76,16.741251,19.7799988,25.8637486,20.06625,6175.22,82.6,81.5,5.51125,8.84875,9.224999,85.4,85.1,0,2.10895,2.088925,2.08555,46.7718735,46.6106224,46.7881279,23.63124847,5.91
60.8,63.8,65.7000046,61.6000023,-0.008449972,-0.003499985,0.012812495,217.195,207.865051,207.44,17.4298439,17.45125,17.4564075,305.121521,123.074806,49.6339722,418.143738,418.5875,418.512482,4.61325,4.6468,4.6411,185.300919,82.1,84.1,87.8,75.7000046,16.45625,19.69875,25.5787487,19.9037514,6168.89551,82.5,81.3,5.47,8.5625,8.89875,85.4,85.1,0,2.11545,2.09545,2.092075,46.5075,46.3243752,46.5025024,23.75937462,5.91
60.8,63.8,65.7000046,61.6000023,-0.009275019,-0.003912508,0.012812495,202.220016,192.377182,191.62001,17.4196873,17.4460945,17.45125,304.832184,123.486595,49.5963554,418.243744,418.5875,418.715637,4.6116,4.6582,4.63945,185.300919,82.1,84.1,87.7000046,75.8,16.61875,19.495,25.945,19.74,6168.89551,82.6,81.4,5.55250025,8.8075,8.98,85.4,85.1,0,2.10975,2.094625,2.092075,46.5481262,46.3656235,46.5225029,23.80937576,5.99125
60.8,63.9,65.9,61.6000023,-0.009675026,-0.003499985,0.011999965,189.84,179.171783,178.900009,17.3229675,17.3492184,17.369688,303.096069,121.348,49.9537048,417.025,417.465637,417.390625,4.6018,4.6468,4.6313,184.143509,82.3,84,88.3,75.8,16.86375,20.18625,25.4975,20.27,6170.489,82.4,81.3,5.43,8.685,9.0625,85.3,85,0,2.113025,2.093825,2.09045,46.5681267,46.345,46.5225029,23.78125,5.74624968
60.8,64.2000046,65.9,61.5,-0.010900021,-0.003912508,0.011999965,321.740021,325.0854,326.18,17.328125,17.36453,17.3543758,304.6875,121.03862,49.9160919,418.446869,418.893768,418.715637,4.60835,4.65005,4.6346,185.763885,82.2000046,84,88.1,75.8,17.0675,19.73875,25.375,19.74,6178.3584,82.5,81.3,5.63375,8.72625,9.0625,85.3,85,0,2.1122,2.09545,2.09045,46.5481262,46.3656235,46.5225029,23.86874962,6.07375
60.9,64.1,65.8,61.6000023,-0.01008749,-0.003087521,0.013224959,432.31,443.124756,443.13,17.328125,17.3492184,17.3543758,304.1088,122.872963,50.02894,417.8375,418.384369,418.206238,4.62625,4.67775,4.66065,185.763885,82.2000046,84,88,75.8,17.475,20.0637512,25.8637486,20.10625,6168.89551,82.7000046,81.6,5.67375,8.5625,8.89875,85.6,85.3,0,2.1114,2.093,2.09045,46.5681267,46.40625,46.5431252,24.00312614,5.95125
60.8,64,65.8,61.6000023,-0.009275019,-0.003087521,0.013224959,434.755,445.731934,445.09,17.3026562,17.32875,17.328907,305.121521,123.917778,49.7280121,418.446869,418.996857,418.918762,4.6116,4.64845,4.63295,185.879623,82.1,84,87.7000046,75.8,17.23,20.0637512,26.1487522,20.025,6167.35,82.9,81.8,5.51125,8.48125,8.735001,85.8,85.4,0,2.113025,2.09545,2.09045,46.5681267,46.3656235,46.5025024,24.72500038,5.8275
60.9,64,65.9,61.7,-0.008449972,-0.00227499,0.013637543,421.24,431.0581,431.059967,17.3484383,17.3746872,17.3748436,304.1088,123.810509,49.76563,418.040619,418.384369,418.409363,4.61,4.6468,4.63785,185.416656,82.2000046,84,87.8,75.8,16.741251,20.145,25.6199989,19.82125,6168.89551,83,81.8,5.47,8.48125,8.98,85.8,85.5,0,2.110575,2.0922,2.0929,46.6293755,46.40625,46.5843735,24.73749924,6.03250027
61,64,66,61.7,-0.008449972,-0.00227499,0.01403749,407.07,415.080841,415.075,17.3179684,17.3440628,17.3492184,303.3854,123.238304,49.8596649,417.431244,417.771881,417.9,4.623,4.66145,4.64435,184.837967,82.3,84,88.1,75.9,17.0675,19.86125,25.45625,20.22875,6175.22,82.9,81.8,5.51125,8.7675,8.940001,85.7000046,85.3,0,2.108125,2.091375,2.09045,46.6293755,46.4468765,46.645,25.50624847,5.8275
61,64.1,65.9,61.7,-0.009275019,-0.003499985,0.012812495,394.044983,400.8965,400.724976,17.38922,17.4103127,17.405468,305.4109,124.529022,49.3518524,418.040619,418.28125,418.309357,4.59045,4.6321,4.65415,185.300919,82.2000046,83.9,87.7000046,75.9,16.741251,20.22625,25.8637486,19.82125,6176.765,82.9,81.7000046,5.67375,8.4,8.89875,85.6,85.3,0,2.10895,2.088925,2.087175,46.7106247,46.52875,46.6656227,26.19375038,5.91
61,64.3,65.7000046,61.6000023,-0.012525022,-0.006362498,0.009549975,379.550018,386.7122,385.389984,17.287344,17.3084373,17.318594,302.517365,123.9437,49.76563,416.818726,417.262482,417.084381,4.623,4.6631,4.6509,184.259262,82.2000046,83.8,87.9,75.9,17.0675,20.105,25.5375,19.6575,6172.082,83,81.8,5.5925,8.5225,9.0625,85.7000046,85.4,0,2.110575,2.09055,2.08555,46.7106247,46.52875,46.7268753,26.95937538,5.95125
61,64,66,61.8,-0.008449972,-0.003087521,0.013224959,368.639984,373.5068,373.81,17.328125,17.3492184,17.3543758,304.1088,123.279907,50.25463,418.243744,418.5875,418.512482,4.6295,4.6696,4.6574,185.648148,82.4,83.9,88.2000046,75.9,17.10875,20.715,25.6199989,19.94375,6172.082,83.1,81.9,5.67375,8.4,8.81625,85.9,85.5,0,2.10895,2.091375,2.087175,46.73125,46.52875,46.7268753,27.41250038,5.91
61.2,64.6,65.6,61.7,-0.014150024,-0.007987499,0.008337498,356.264984,359.4873,360.925018,17.328125,17.35422,17.3543758,305.4109,124.163864,49.5399323,419.259369,419.609375,419.53125,4.61325,4.6517,4.6411,185.995361,82.3,83.8,87.7000046,76.1,16.98625,20.7550011,26.0262489,20.10625,6179.90332,83.1,82,5.51125,8.44125,9.02125,85.9,85.6,0,2.1057,2.088925,2.087175,46.7925,46.6106224,46.82875,27.36875153,5.91
61.2,64.5,65.7000046,61.8,-0.012525022,-0.007175028,0.009150028,341.935,346.117126,346.895,17.3078117,17.3390636,17.3390636,304.398132,123.782288,49.67159,417.8375,418.078125,418.103119,4.6458,4.69085,4.67045,185.300919,82.3,83.8,88,76.1,17.14875,20.715,25.8637486,20.1475,6175.22,83.1,82,5.5925,8.88875,9.02125,85.9,85.5,0,2.109775,2.088925,2.0888,46.89375,46.7331276,46.89,26.89374924,5.99125
61.2,64.4,65.6,61.7,-0.013337493,-0.007175028,0.008737445,328.58,333.241333,333.85,17.3331261,17.35422,17.3595314,304.542816,124.090652,49.7844353,418.143738,418.5875,418.512482,4.6165,4.6582,4.646,185.648148,82.3,83.7000046,88,76,17.10875,20.5925,25.945,19.9037514,6175.22,83.1,82,5.51125,8.5225,8.5725,85.9,85.5,0,2.1114,2.09055,2.08555,46.8125,46.5693741,46.7475,27.33125114,5.99125
61,64.2000046,65.3,61.5,-0.014150024,-0.009212494,0.007112503,317.51,320.1958,320.15,17.4145317,17.4410954,17.4410954,305.2662,123.4472,49.84086,418.446869,418.893768,418.818756,4.60675,4.6468,4.63295,185.763885,82.3,83.7000046,87.9,75.8,17.27125,20.67375,25.8637486,19.8625,6175.22,83.1,81.9,5.51125,8.5625,8.89875,85.9,85.6,0,2.1122,2.09055,2.0888,46.5275,46.3243752,46.5431252,27.84375,5.91
61,64.4,65.1,61.3,-0.017412484,-0.011250019,0.004662514,302.53,305.3572,305.47,17.36875,17.395155,17.4003124,305.8449,123.656906,49.5023155,418.65,419.0969,418.918762,4.6116,4.64845,4.63945,185.648148,82.2000046,83.5,87.7000046,75.8,17.0275,20.715,25.945,19.74,6167.35,83,81.9,5.5925,8.5225,8.735001,86,85.7000046,0,2.113825,2.09055,2.0937,46.4462471,46.263752,46.44125,27.87812424,5.8275
61,64.6,65,61.2,-0.019437492,-0.012875021,0.003025055,289.5,289.869324,288.669983,17.3585949,17.369688,17.385,304.6875,122.751076,49.65278,418.243744,418.5875,418.512482,4.61975,4.65985,4.64435,185.300919,82.3,83.5,87.9,75.8,17.19,20.5525,25.8637486,19.6575,6172.082,82.9,81.7000046,5.67375,8.44125,9.224999,86,85.7000046,0,2.1122,2.09545,2.09045,46.4056244,46.2025,46.38,27.83125114,6.03250027
61,64.5,64.8,61.2,-0.019437492,-0.013287485,0.002212524,278.099976,275.525177,276.435,17.3078117,17.3390636,17.3340626,304.542816,123.167152,49.74682,418.243744,418.4875,418.512482,4.6165,4.66145,4.64435,185.648148,82.3,83.5,87.8,75.7000046,17.23,20.83625,25.7012482,19.9037514,6175.22,82.8,81.7000046,5.63375,8.5625,8.89875,86.1,85.7000046,0,2.1122,2.09545,2.08555,46.3649979,46.1818771,46.31875,28.28437424,6.03250027
61.1000023,64.7000046,64.8,61.2,-0.020250022,-0.014100015,0.001399994,266.7,262.484619,261.59,17.328125,17.3492184,17.3543758,304.6875,122.87281,49.6339722,418.243744,418.6906,418.512482,4.60835,4.6517,4.63785,185.416656,82.3,83.4,87.9,75.8,17.10875,20.5525,25.6199989,19.9849987,6167.35,82.9,81.7000046,5.67375,8.36,8.940001,86.1,85.7000046,0,2.11545,2.09545,2.0888,46.3649979,46.2225,46.359375,29.21249771,5.91
61.2,64.8,64.7000046,61.2,-0.019850016,-0.013700008,0.001399994,253.025009,247.481232,246.915009,17.328125,17.35422,17.3543758,305.121521,123.299187,49.6903954,418.65,418.996857,419.125,4.6165,4.6582,4.63785,185.995361,82.3,83.4,87.7000046,75.9,17.23,20.34875,25.7825,19.94375,6168.89551,82.9,81.8,5.5925,8.318749,9.0625,86,85.6,0,2.113025,2.093825,2.087175,46.5075,46.3243752,46.4818764,30.05624962,5.86875
61.4,65.1,64.7000046,61.2,-0.021887481,-0.015737474,-0.001049995,239.669983,232.158188,230.6,17.2925,17.318594,17.32375,304.832184,122.889557,49.6339722,418.65,418.996857,419.125,4.6165,4.65655,4.6427,185.763885,82.4,83.4,87.9,75.9,16.945,20.4712486,25.8637486,19.82125,6167.35,83,81.8,5.5925,8.318749,8.735001,86.1,85.7000046,0,2.10895,2.0922,2.09045,46.58875,46.40625,46.5843735,30.06874847,5.99125
61.5,65.3,64.6,61.2,-0.02391249,-0.017362475,-0.001862526,226.155,216.994949,215.435,17.3078117,17.32375,17.32375,304.832184,123.317474,49.4458923,418.040619,418.384369,418.309357,4.60835,4.65495,4.6411,185.763885,82.4,83.5,87.7000046,76,17.3112488,21,25.8637486,20.025,6170.489,82.9,81.8,5.5925,8.48125,8.98,86.1,85.7000046,0,2.10895,2.093,2.087175,46.609375,46.40625,46.5843735,29.91875076,5.99125
61.5,65.2000046,64.7000046,61.3,-0.021887481,-0.016550005,-0.000637472,211.99,203.954391,202.385,17.328125,17.359375,17.364687,304.832184,123.097115,49.8596649,418.446869,418.6906,418.715637,4.60675,4.64845,4.6362,185.763885,82.6,83.5,88,76,17.3525,20.79625,25.8637486,20.1475,6167.35,83,81.9,5.5925,8.48125,9.0625,86.1,85.8,0,2.10895,2.088925,2.086375,46.6293755,46.4881248,46.6656227,29.39375114,5.8275
61.7,65.5,64.8,61.5,-0.023100019,-0.017362475,-0.001862526,196.355,186.6735,186.89,17.3026562,17.32375,17.328907,304.398132,122.873474,49.8784752,418.040619,418.384369,418.309357,4.6116,4.65655,4.6427,185.300919,82.7000046,83.7000046,88.1,76.2000046,17.23,20.39,25.7825,19.94375,6178.3584,83.1,82.1,5.67375,8.93,9.1025,86.1,85.8,0,2.1057,2.0873,2.0831,46.89375,46.7331276,46.89,29.09687424,6.3175
61.8,65.5,65,61.7,-0.021475017,-0.01532501,-0.000225008,203.195,194.1702,193.905,17.2925,17.318594,17.32375,304.1088,121.37458,50.010128,417.634369,418.078125,417.9,4.60835,4.65005,4.63785,185.185181,82.8,83.6,88.3,76.3,17.76125,21,25.5375,19.8625,6175.22,83.2000046,82.2000046,5.5925,8.44125,8.940001,86.2000046,85.8,0,2.10325,2.086475,2.082275,47.1181259,46.91625,47.0943756,29.24999809,6.03250027
62,65.9,65,61.7,-0.02391249,-0.016962528,-0.001862526,349.425018,354.922363,355.539978,17.287344,17.3134384,17.3135948,305.121521,122.001251,49.67159,418.446869,418.790649,418.715637,4.61325,4.6533,4.63785,185.416656,82.8,83.7000046,88.1,76.5,17.8825,21,25.8637486,20.47375,6179.90332,83.2000046,82.2000046,5.71499968,8.48125,8.940001,86.2000046,85.8,0,2.10245,2.084025,2.079825,47.2193756,47.03875,47.2368736,28.76250076,6.03250027
62,65.6,65,61.7,-0.020250022,-0.014512479,0.000587463,442.735016,455.186462,455.85498,17.3026562,17.32875,17.3340626,304.832184,122.452553,49.67159,418.243744,418.6906,418.612518,4.6295,4.67125,4.6574,185.763885,82.8,83.7000046,88.1,76.5,17.6375,21.2025,25.7825,19.82125,6172.082,83.2000046,82.3,5.43,8.5225,8.98,86.2000046,85.8,0,2.101625,2.08565,2.08065,47.2193756,47.03875,47.2368736,28.63124847,5.91
62,65.6,65.1,61.8,-0.019037485,-0.013287485,0.002212524,428.4,439.6986,439.870026,17.3078117,17.3339062,17.3340626,305.2662,122.318863,49.5587425,418.446869,418.790649,418.715637,4.6295,4.66145,4.63945,186.226852,82.8,83.6,87.9,76.4,17.96375,21.24375,25.8637486,19.82125,6172.082,83.3,82.2000046,5.51125,8.5625,8.98,86.2000046,85.9,0,2.104075,2.08565,2.08065,47.2606239,47.05875,47.2575,28.27500153,5.91
61.9,65.5,65.2000046,61.9,-0.017412484,-0.011650026,0.003437519,415.865,426.168549,426.82,17.3229675,17.3440628,17.3492184,305.4109,122.798035,49.65278,418.7531,419.0969,418.918762,4.6279,4.668,4.65415,186.458328,82.8,83.6,87.9,76.5,17.435,21,25.8225,19.7799988,6165.75732,83.4,82.4,5.67375,8.44125,8.81625,86.4,86,0,2.1008,2.0824,2.076575,47.3418732,47.1812477,47.3393745,27.78125191,5.91
62.1000023,65.4,65.5,62.1000023,-0.013337493,-0.008387506,0.00751245,404.305,412.79837,412.795,17.328125,17.3492184,17.3595314,304.832184,120.132988,50.4803276,418.65,419.0969,418.918762,4.5823,4.60765,4.59545,185.300919,83.1,83.8,88.5,76.5,17.8825,21.08125,25.5375,19.82125,6175.22,83.4,82.5,5.43,8.48125,8.98,86.4,86,0,2.09675,2.0824,2.079025,47.5043755,47.3037529,47.4818726,27.4375,5.86875
62,65.5,65,61.8,-0.019037485,-0.013287485,0.003025055,388.18,394.703369,394.525,17.3382816,17.359375,17.364687,304.832184,122.4564,49.6903954,418.446869,418.6906,418.715637,4.6409,4.6794,4.67045,185.879623,82.7000046,83.7000046,88,76.4,17.39375,21,25.7825,20.025,6175.22,83.2000046,82.2000046,5.47,8.48125,8.98,86.2000046,85.8,0,2.10245,2.08565,2.08065,47.1993752,47.0181274,47.19625,27.39062691,6.03250027
61.9,65.2000046,65.1,61.8,-0.016187489,-0.011250019,0.004662514,376.294983,382.801544,382.13,17.328125,17.3492184,17.3543758,304.542816,122.246658,49.74682,418.040619,418.28125,418.309357,4.6181,4.6582,4.64435,185.300919,82.8,83.8,88.1,76.4,17.80125,21.2025,26.1074982,20.22875,6175.22,83.1,82.1,5.5925,8.60375,8.735001,86.1,85.7000046,0,2.1057,2.0873,2.082275,47.1587524,46.9775,47.19625,27.49062538,5.86875
61.8,65.1,65.1,61.7,-0.016187489,-0.011250019,0.004662514,364.245,370.250427,370.385,17.3128128,17.3440628,17.34422,304.832184,121.949829,49.7844353,418.446869,418.893768,418.818756,4.60835,4.6533,4.6346,185.416656,82.7000046,83.7000046,88.1,76.3,17.55625,20.7550011,25.7825,19.9037514,6175.22,83.2000046,82.1,5.5925,8.645,8.940001,86.2000046,85.8,0,2.107325,2.09055,2.0839,47.0775,46.855,47.07375,27.13125038,5.91
61.7,65.1,64.9,61.6000023,-0.018225014,-0.012462497,0.003025055,352.03,356.225922,357.01,17.328125,17.3492184,17.3595314,305.121521,122.752426,49.6903954,418.243744,418.6906,418.512482,4.61,4.6582,4.63785,185.763885,82.7000046,83.7000046,88,76.2000046,17.435,20.79625,25.8637486,19.8625,6175.22,83,82,5.51125,8.36,9.0625,86.1,85.7000046,0,2.1057,2.088925,2.082275,46.935,46.77375,46.9306259,26.89999962,5.86875
61.7,65,64.9,61.6000023,-0.015775025,-0.011250019,0.005475044,341.935,346.117126,347.550018,17.3331261,17.36453,17.4156246,305.4109,123.116035,49.6339722,418.446869,418.893768,418.918762,4.64255,4.65655,4.64435,185.416656,82.6,83.7000046,87.9,76.2000046,17.23,20.67375,25.7825,19.8625,6168.89551,83,82,5.67375,8.5625,8.98,86.1,85.7000046,0,2.1057,2.09055,2.08555,46.955,46.79375,46.95125,26.40625,6.11375
61.7,64.7000046,64.8,61.7,-0.013337493,-0.009612501,0.006287456,329.56,334.704742,335.155,17.3535938,17.3746872,17.3748436,305.121521,124.705772,49.5963554,417.8375,418.28125,418.409363,4.61485,4.65495,4.63785,185.763885,82.6,83.8,87.7000046,76.2000046,16.945,20.51125,26.0262489,19.9037514,6175.22,83.1,82.1,5.5925,8.5225,8.89875,86.2000046,85.8,0,2.108125,2.0881,2.0839,46.89375,46.6918755,46.9106255,26.51874924,5.8275
61.9,64.9,65.3,62.1000023,-0.012525022,-0.009212494,0.007112503,318.16,321.174683,321.125,17.40953,17.4103127,17.4360943,305.555542,125.513809,49.3706627,417.9375,418.28125,418.206238,4.6523,4.71365,4.6949,185.416656,82.8,83.9,87.7000046,76.4,17.27125,21.3249989,26.06625,20.06625,6172.082,83.4,82.3,5.51125,8.645,8.81625,86.3,85.8,0,2.104075,2.083225,2.08065,47.24,47.0793762,47.2575,26.21562576,5.7875
61.6000023,64.9,65,61.7,-0.015775025,-0.010025024,0.005475044,305.135,307.479858,307.59,17.4451561,17.4715633,17.4768753,302.372681,123.518768,50.1982079,416.209381,416.546875,416.471863,4.59045,4.6272,4.6248,182.754623,82.8,83.7000046,88.3,76.2000046,17.435,20.105,25.945,20.025,6179.90332,83.2000046,82.1,5.67375,8.5625,8.89875,86.1,85.8,0,2.107325,2.088925,2.08555,46.9143753,46.7125,46.9306259,26.32499886,5.99125
61.6000023,64.7000046,65.1,61.8,-0.013750017,-0.009612501,0.006287456,292.43,292.646271,293.724976,17.3942184,17.4206238,17.4257813,304.832184,125.054047,50.0477448,418.040619,418.28125,418.309357,4.6116,4.65005,4.64435,185.416656,82.6,83.7000046,87.9,76.2000046,17.23,21,26.1074982,19.9849987,6172.082,83.4,82.3,5.67375,8.44125,8.89875,86.5,86,0,2.107325,2.088925,2.0839,46.9143753,46.7331276,46.9306259,26.45624924,5.95125
61.6000023,64.5,65.1,61.8,-0.012937486,-0.009212494,0.007112503,280.38,278.7866,279.695,17.4043751,17.4307823,17.4360943,305.9896,125.783142,49.6903954,418.956238,419.303131,419.328125,4.6523,4.69245,4.6786,186.805557,82.4,83.7000046,87.6,76.2000046,17.14875,20.43,26.18875,19.94375,6181.49658,83.3,82.3,5.43,8.4,8.5725,86.3,86,0,2.110575,2.0873,2.087175,46.955,46.7331276,46.9306259,26.32187653,5.8275
61.5,64.5,65.2000046,61.8,-0.012937486,-0.009212494,0.007112503,267.025,263.1339,263.875,17.4348431,17.4614067,17.4665623,305.9896,125.672523,49.40828,418.7531,419.2,419.021881,4.6474,4.68755,4.67695,186.226852,82.4,83.7000046,87.5,76.2000046,17.0275,20.83625,26.392498,19.94375,6170.489,83.4,82.3,5.43,8.278749,8.5725,86.3,85.9,0,2.10895,2.088925,2.08555,46.935,46.7531281,46.9106255,26.24687576,5.86875
61.4,64.6,65.3,61.8,-0.013337493,-0.008387506,0.007925034,259.21,254.493469,254.74,17.44,17.4562511,17.4665623,306.712952,124.655846,49.48351,418.446869,418.893768,418.918762,4.7158,4.76095,4.7487,187.037033,82.5,83.9,87.8,76.2000046,17.23,21.04,25.90375,20.10625,6172.082,83.1,82,5.47,8.60375,9.02125,86,85.6,0,2.108125,2.088925,2.084725,46.89375,46.7531281,46.9306259,26.44999886,5.99125
61.8,65.3,65.4,61.8,-0.01700002,-0.011250019,0.004662514,247.810013,242.107178,241.694992,17.4451561,17.4664059,17.47172,305.2662,122.042175,49.4647026,417.8375,418.181244,418.206238,4.6181,4.66475,4.6525,185.300919,82.7000046,83.8,88,76.3,17.55625,20.39,26.0262489,20.10625,6178.3584,82.7000046,81.8,5.71499968,8.5625,8.98,85.6,85.3,0,2.10245,2.08565,2.081475,47.1787529,47.05875,47.2168732,26.49687576,5.99125
61.5,64.9,65.2000046,61.7,-0.015375018,-0.009612501,0.005475044,234.459991,227.10376,225.545,17.3382816,17.359375,17.364687,304.398132,120.867981,49.6903954,417.634369,417.975,418.103119,4.6002,4.63535,4.6313,184.606476,82.6,84,88.2000046,76.2000046,17.3525,20.51125,25.8637486,19.9849987,6175.22,82.5,81.6,5.67375,8.72625,9.14375,85.6,85.2000046,0,2.110575,2.0922,2.087175,46.935,46.6918755,46.9306259,26.44687653,5.86875
61.5,64.8,65.1,61.6000023,-0.015375018,-0.010025024,0.005887508,224.040009,215.6914,214.455,17.3942184,17.4206238,17.4257813,305.555542,121.304916,49.9160919,418.853119,419.303131,419.125,4.6181,4.6533,4.646,186.226852,82.6,83.8,88,76.1,17.475,21.1625,25.7012482,20.06625,6172.082,82.7000046,81.7000046,5.51125,8.44125,8.98,85.8,85.3,0,2.1122,2.093,2.087175,46.9143753,46.7331276,46.9106255,26.40312576,5.95125
61.5,64.9,65.1,61.6000023,-0.015375018,-0.010025024,0.006287456,208.730011,200.368332,199.775009,17.34328,17.36453,17.3748436,304.832184,121.735649,49.5963554,418.446869,418.790649,418.715637,4.6002,4.6435,4.62805,185.648148,82.5,83.8,87.9,76.2000046,17.55625,20.4712486,25.945,20.025,6172.082,82.7000046,81.6,5.55250025,8.72625,8.98,85.7000046,85.3,0,2.10895,2.0922,2.08635,46.8737526,46.6918755,46.9106255,26.08749771,5.99125
61.5,64.8,65.1,61.7,-0.014962494,-0.009612501,0.006287456,194.4,185.0403,183.465,17.4348431,17.4614067,17.4665623,304.398132,122.270729,49.822052,417.634369,418.078125,418.0031,4.61,4.6533,4.6411,184.722214,82.5,83.8,88,76.2000046,17.39375,20.5925,25.8637486,20.1475,6181.49658,82.8,81.7000046,5.67375,8.5225,8.98,85.8,85.4,0,2.10895,2.093825,2.087175,46.9143753,46.7125,46.89,26.19999886,5.91
61.6000023,64.8,65.4,61.9,-0.012525022,-0.007574975,0.008737445,231.855011,224.331833,224.569992,17.3993759,17.4154682,17.4257813,305.121521,123.105614,49.65278,418.3469,418.790649,418.715637,4.6409,4.6794,4.6688,185.879623,82.4,83.8,87.9,76.3,17.27125,20.83625,25.7825,20.1475,6168.89551,83.1,82,5.75499964,8.60375,8.81625,85.9,85.5,0,2.107325,2.088925,2.0831,47.0975,46.91625,47.1143761,26.03125,5.8275
61.5,64.6,65.4,61.8,-0.011300027,-0.006762505,0.009150028,405.60498,414.431519,414.75,17.3789063,17.400156,17.41047,305.121521,122.105324,49.65278,418.446869,418.790649,418.612518,4.61975,4.65495,4.64435,185.648148,82.5,83.8,87.9,76.2000046,17.55625,20.83625,25.945,20.025,6167.35,82.9,81.8,5.51125,8.5225,8.81625,85.8,85.4,0,2.10975,2.09055,2.082275,46.9956245,46.79375,46.9918747,25.97812462,5.86875
61.5,64.6,65.4,61.8,-0.011300027,-0.005949974,0.009962559,438.17,450.296875,449.004974,17.36875,17.39,17.395155,305.2662,122.317513,49.6339722,418.243744,418.5875,418.612518,4.61325,4.65495,4.6248,185.648148,82.5,83.8,87.9,76.1,17.3525,20.633749,25.945,19.9037514,6167.35,82.9,81.8,5.51125,8.318749,9.0625,85.8,85.4,0,2.107325,2.0873,2.08555,46.9956245,46.8143768,47.0125,25.64687347,5.91
61.5,64.6,65.4,61.9,-0.010900021,-0.006762505,0.009549975,424.17,435.298431,434.975,17.4043751,17.4307823,17.4360943,305.8449,122.478745,49.6339722,418.853119,419.0969,419.125,4.60835,4.64845,4.6346,185.879623,82.5,83.8,87.8,76.2000046,17.475,20.7550011,25.945,20.1475,6175.22,83,81.9,5.71499968,8.4,8.89875,85.9,85.5,0,2.107325,2.088925,2.0839,47.03625,46.855,46.9918747,25.52187347,5.91
61.5,64.5,65.5,61.9,-0.009275019,-0.005137503,0.011187553,415.375,424.375549,424.865021,17.3484383,17.369688,17.3748436,304.6875,122.167038,49.65278,417.8375,418.28125,418.206238,4.61325,4.65495,4.63785,185.416656,82.5,83.9,88,76.2000046,17.39375,20.5525,26.0262489,20.10625,6178.3584,82.9,81.8,5.67375,8.72625,8.89875,85.7000046,85.4,0,2.107325,2.088925,2.08635,46.9956245,46.79375,46.9918747,25.56875038,5.95125
61.3,64.3,65.6,61.9,-0.007237494,-0.003912508,0.013637543,399.905,407.908783,407.574982,17.38922,17.4103127,17.4156246,305.2662,121.962044,50.1417847,418.243744,418.4875,418.512482,4.61325,4.6435,4.6297,185.648148,82.5,84,88.1,76.1,17.39375,20.7550011,25.8225,20.55625,6175.22,82.9,81.8,5.43,8.44125,8.81625,85.8,85.4,0,2.107325,2.08975,2.08555,46.9143753,46.7331276,46.9306259,25.79999924,5.99125
61.4,64.6,65.4,61.7,-0.012112498,-0.007175028,0.008737445,388.18,395.1928,395.180023,17.36375,17.39,17.39,305.2662,122.668579,49.5587425,418.65,418.996857,418.918762,4.62625,4.66635,4.64765,185.995361,82.4,83.8,87.8,76.1,17.19,20.105,25.74125,19.7799988,6170.489,82.8,81.7000046,5.5925,8.318749,8.89875,85.7000046,85.4,0,2.110575,2.0922,2.08555,46.89375,46.7125,46.9106255,26.35937691,5.86875
61.3,64.3,65.4,61.8,-0.010900021,-0.00553751,0.009962559,373.85,381.8226,381.475,17.3585949,17.39,17.39,303.9641,121.459641,49.9349,417.431244,417.771881,417.9,4.60675,4.64845,4.62805,184.722214,82.5,83.8,88.1,76,17.27125,21.24375,25.7012482,20.27,6167.35,82.8,81.7000046,5.55250025,8.5625,9.14375,85.7000046,85.4,0,2.110575,2.09055,2.087175,46.89375,46.6918755,46.87,27.24062538,6.07375
61.5,64.6,65.5,61.9,-0.010487497,-0.00553751,0.010362506,361.15,367.31366,367.125,17.36875,17.39,17.395155,305.4109,122.376221,49.65278,418.446869,418.893768,418.818756,4.61325,4.6533,4.6411,185.879623,82.5,83.9,87.9,76.2000046,17.5975,21,25.7825,20.025,6178.3584,83,81.9,5.67375,8.2375,8.735001,85.8,85.4,0,2.1057,2.088925,2.0839,47.0568733,46.8143768,47.0125,27.53750038,5.95125
61.5,64.3,65.5,62,-0.009275019,-0.00553751,0.01077497,349.59,354.762543,354.889984,17.36375,17.3848438,17.395155,305.2662,125.270393,49.5963554,418.65,418.996857,419.021881,4.6214,4.66145,4.64925,185.879623,82.4,83.9,87.7000046,76.2000046,17.10875,20.633749,26.18875,19.9037514,6172.082,83.4,82.2000046,5.5925,9.17375,9.1025,86.1,85.7000046,0,2.1057,2.08565,2.0839,47.0568733,46.855,47.0331268,28.6875,5.91
61.7,64.5,65.6,62.1000023,-0.010900021,-0.007175028,0.009150028,336.4,340.902863,341.35,17.34328,17.369688,17.3748436,305.2662,124.99511,49.57755,418.446869,418.790649,418.818756,4.59695,4.63535,4.6248,185.648148,82.6,84,87.7000046,76.3,17.10875,20.43,25.9849987,19.74,6178.3584,83.5,82.4,5.38875,8.48125,8.89875,86.3,85.9,0,2.10245,2.08565,2.08065,47.2193756,47.05875,47.19625,29.46562386,5.95125
61.8,64.7000046,65.7000046,62.2,-0.012525022,-0.008387506,0.007925034,325.324982,328.8362,328.79,17.36875,17.39,17.395155,304.542816,124.025734,50.066555,418.040619,418.28125,418.309357,4.60345,4.6419,4.6346,185.185181,82.8,83.9,88.1,76.4,17.23,20.79625,25.8637486,20.06625,6175.22,83.6,82.5,5.67375,8.318749,8.89875,86.3,86,0,2.10245,2.0824,2.08065,47.3618736,47.140625,47.3187523,30.41875076,5.91
62,65.1,65.5,62.1000023,-0.015775025,-0.01206249,0.003849983,311.97,315.306183,314.44,17.36875,17.39,17.395155,304.398132,125.062546,49.74682,418.243744,418.6906,418.512482,4.6165,4.6582,4.6411,185.300919,82.7000046,83.9,87.9,76.5,16.86375,20.83625,26.0262489,20.025,6175.22,83.7000046,82.7000046,5.67375,8.318749,8.81625,86.4,86,0,2.1008,2.080775,2.079025,47.4031258,47.2631264,47.4618759,30.25312424,5.95125
62.1000023,65.3,65.2000046,62.1000023,-0.019037485,-0.014912486,0.000587463,298.289978,298.6746,300.574982,17.3535938,17.3798428,17.385,305.4109,125.475632,49.57755,418.853119,419.403137,419.328125,4.64255,4.68265,4.67045,186.226852,82.7000046,83.9,87.8,76.5,17.14875,20.7550011,26.2300014,19.7799988,6178.3584,83.7000046,82.7000046,5.43,8.44125,8.81625,86.4,86,0,2.1008,2.084025,2.079025,47.3825,47.2425,47.4206238,30.89999771,5.95125
62.1000023,65.5,65.2000046,62.1000023,-0.019850016,-0.016550005,-0.000225008,285.264984,284.330475,284.264984,17.3789063,17.395155,17.405468,305.2662,125.714859,49.48351,418.550018,418.996857,419.125,4.61325,4.65495,4.6427,185.763885,82.7000046,83.8,87.8,76.6,17.19,21.28375,26.18875,19.8625,6172.082,83.7000046,82.7000046,5.5925,8.278749,8.65375,86.4,86,0,2.1008,2.081575,2.08065,47.545002,47.3243752,47.5431252,31.63124847,5.91
61.9,65.4,64.8,61.7,-0.024325013,-0.019812524,-0.004299998,274.195,271.284882,272.03,17.40953,17.4410954,17.4410954,306.712952,125.6684,49.5963554,418.853119,419.0969,419.125,4.64255,4.6957,4.69165,186.34259,82.7000046,83.8,87.7000046,76.3,16.70125,20.22625,26.0262489,19.57625,6175.22,83.5,82.4,5.43,8.4,9.0625,86.5,86.1,0,2.1057,2.0873,2.08555,47.1181259,46.9368744,47.1350021,32.65625,5.99125
62.1000023,65.8,64.8,61.7,-0.026362479,-0.021449983,-0.005937517,258.885,254.004,253.44,17.34328,17.369688,17.3748436,305.4109,124.722946,49.822052,417.634369,417.975,418.103119,4.6116,4.6517,4.63785,184.606476,83,83.8,88.1,76.4,17.14875,20.5925,25.945,19.9849987,6175.22,83.5,82.5,5.67375,8.5225,9.14375,86.5,86.1,0,2.1065,2.088925,2.08555,47.32125,47.1,47.3393745,32.85625076,6.03250027
61.8,65.5,64.3,61.3,-0.028400004,-0.023887515,-0.008387506,246.51001,240.473984,240.225,17.3535938,17.3798428,17.385,305.555542,123.8786,49.7280121,418.040619,418.384369,418.309357,4.6181,4.65005,4.63785,184.606476,82.8,83.6,88,76.2000046,16.741251,20.7550011,25.7825,19.9037514,6176.765,83.1,82,5.51125,8.5225,8.98,86.3,86,0,2.1122,2.093825,2.092075,46.7718735,46.59,46.7675,32.90312576,5.7875
62,66,64.2000046,61.3,-0.030425012,-0.024699986,-0.010012507,232.34,224.496643,224.73,17.3229675,17.3440628,17.3492184,306.712952,124.468704,49.29543,418.65,419.0969,419.125,4.6393,4.67125,4.63785,184.722214,82.8,83.5,87.8,76.2000046,16.98625,20.715,26.18875,19.69875,6165.75732,83.3,82.2000046,5.67375,8.36,9.224999,86.5,86.1,0,2.107325,2.088925,2.082275,46.9143753,46.7331276,46.9306259,33.328125,5.91
62,65.9,63.9,61.1000023,-0.031650007,-0.026737511,-0.011650026,219.155,210.472153,210.86499,17.3484383,17.369688,17.3748436,305.9896,126.168442,49.3706627,418.446869,418.6906,418.715637,4.61,4.64845,4.6362,184.490738,82.8,83.5,87.7000046,76.2000046,17.10875,20.5925,26.2699986,19.9037514,6176.765,83.4,82.3,5.5925,8.645,9.0625,86.6,86.2000046,0,2.1057,2.08975,2.08555,46.73125,46.54875,46.7268753,33.15625,5.74624968
61.9,65.6,63.9,61.2,-0.030425012,-0.02592498,-0.010837495,207.75499,198.4105,198.305,17.36375,17.39,17.395155,306.134247,125.64122,49.6903954,418.243744,418.5875,418.612518,4.6018,4.64845,4.63785,185.069443,82.7000046,83.5,87.6,76.1,17.14875,20.79625,26.18875,19.69875,6175.22,83.4,82.3,5.71499968,8.685,9.02125,86.7000046,86.3,0,2.110575,2.0922,2.087175,46.65,46.4881248,46.6656227,33.83124924,5.91
62,65.7000046,63.9,61.2,-0.030837476,-0.026737511,-0.012049973,193.1,184.2262,183.305008,17.3585949,17.3798428,17.385,306.134247,126.137688,49.5023155,418.243744,418.790649,418.612518,4.6018,4.6435,4.6248,184.837967,82.8,83.5,87.5,76.2000046,16.8225,20.5925,26.35125,19.94375,6175.22,83.4,82.2000046,5.51125,8.60375,8.695,86.6,86.3,0,2.10895,2.0922,2.08555,46.73125,46.5081253,46.70625,32.97812653,5.91
62.1000023,66,63.8,61.1000023,-0.033687472,-0.0291875,-0.014100015,267.68,264.112823,266,17.3585949,17.3798428,17.385,305.555542,126.403351,49.5587425,418.446869,418.790649,418.715637,4.60675,4.6631,4.64435,184.722214,82.8,83.5,87.6,76.2000046,16.9037514,20.5925,26.18875,19.94375,6168.89551,83.4,82.3,5.67375,8.5225,9.0625,86.7000046,86.3,0,2.10895,2.093825,2.08555,46.751873,46.54875,46.7268753,32.52812576,5.8275
62,65.8,63.9,61.2,-0.031650007,-0.026337504,-0.012049973,426.284973,436.926636,437.26,17.36875,17.400156,17.4003124,304.398132,125.064537,50.25463,417.025,417.465637,417.2875,4.61325,4.6533,4.63785,183.680557,83,83.5,88.3,76.2000046,17.3525,20.5525,25.8225,19.82125,6172.082,83.3,82.1,5.47,8.8075,9.224999,86.6,86.2000046,0,2.1057,2.088925,2.087175,46.751873,46.5693741,46.7675,31.87812614,5.91
62.4,66.4,64.1,61.4,-0.03206247,-0.026737511,-0.012875021,436.87,449.158081,449.004974,17.3484383,17.3798428,17.3748436,306.712952,126.308212,49.5587425,419.1594,419.609375,419.53125,4.6181,4.6582,4.64765,185.763885,82.9,83.7000046,87.7000046,76.5,17.0275,20.9187489,26.18875,19.74,6183.042,83.5,82.5,5.75499964,8.44125,8.81625,86.7000046,86.3,0,2.10245,2.0873,2.079025,47.1181259,46.91625,47.1143761,31.80625153,6.03250027
62.1000023,65.9,63.9,61.2,-0.032462478,-0.027562499,-0.013287485,422.54,432.691345,433.02002,17.3382816,17.359375,17.369688,305.555542,124.966515,49.6903954,417.9375,418.28125,418.206238,4.60675,4.64515,4.6313,184.143509,82.9,83.6,87.9,76.2000046,16.86375,20.0637512,26.0262489,19.82125,6178.3584,83.3,82.2000046,5.55250025,8.48125,9.14375,86.6,86.2000046,0,2.1057,2.0873,2.088,46.751873,46.6106224,46.82875,31.27187538,5.91
62.1000023,65.9,63.9,61.1000023,-0.032875,-0.027962506,-0.013287485,408.050018,417.038635,417.194977,17.3840637,17.4103127,17.4156246,306.5683,126.276581,49.5587425,418.7531,418.996857,419.021881,4.60675,4.6468,4.63785,185.185181,82.8,83.6,87.6,76.2000046,16.9037514,20.105,26.1074982,19.7799988,6173.627,83.2000046,82.2000046,5.5925,8.60375,8.98,86.7000046,86.2000046,0,2.107325,2.09055,2.08555,46.751873,46.5693741,46.7475,30.41875076,5.8275
62.1000023,65.9,63.9,61.2,-0.03206247,-0.027562499,-0.012462497,393.39,400.407043,400.724976,17.3739071,17.400156,17.405468,305.9896,126.1924,49.7280121,418.243744,418.5875,418.615631,4.62465,4.66475,4.64925,184.722214,82.8,83.6,87.7000046,76.2000046,16.86375,20.83625,26.1074982,19.9849987,6175.22,83.3,82.2000046,5.51125,8.48125,9.0625,86.7000046,86.3,0,2.1065,2.09055,2.087175,46.7925,46.6106224,46.82875,29.79375076,5.91
62,65.8,63.9,61.1000023,-0.03206247,-0.027149975,-0.012462497,382.155,388.670044,388.98,17.36375,17.3798428,17.385,306.5683,126.074966,49.48351,418.853119,419.2,419.125,4.60835,4.6533,4.6362,185.300919,82.7000046,83.6,87.6,76.2000046,17.3112488,20.79625,26.35125,19.9849987,6172.082,83.3,82.1,5.51125,8.5625,9.14375,86.7000046,86.2000046,0,2.107325,2.09055,2.08555,46.73125,46.54875,46.7475,29.828125,5.8275
62,65.7000046,63.9,61.2,-0.031237483,-0.025512517,-0.010837495,368.639984,373.831451,372.995,17.3739071,17.3798428,17.385,306.134247,125.958191,49.57755,418.243744,418.6906,418.715637,4.61325,4.65495,4.63785,184.837967,82.7000046,83.7000046,87.7000046,76.2000046,17.23,20.83625,26.35125,20.22875,6175.22,83.3,82.2000046,5.55250025,8.318749,8.81625,86.6,86.3,0,2.10895,2.088925,2.08555,46.7718735,46.52875,46.7268753,28.55937576,5.95125
61.8,65.5,64,61.2,-0.029212475,-0.02429998,-0.010012507,356.264984,361.7698,362.555,17.3484383,17.3798428,17.385,306.134247,125.4243,49.57755,418.243744,418.6906,418.512482,4.5839,4.6533,4.63945,184.490738,82.7000046,83.7000046,87.8,76.1,17.10875,20.2675,26.1074982,19.9037514,6175.22,83.2000046,82.1,5.5925,8.645,8.89875,86.6,86.2000046,0,2.107325,2.08975,2.09045,46.7106247,46.5081253,46.70625,27.97187614,5.95125
61.7,65.2000046,64.1,61.1000023,-0.02717501,-0.02266252,-0.007574975,342.26,347.260834,348.2,17.34328,17.36453,17.3748436,306.134247,125.029144,49.822052,418.243744,418.5875,418.612518,4.59695,4.63535,4.6232,184.722214,82.8,83.6,87.8,76,17.0275,20.3075,26.2699986,20.10625,6175.22,83.2000046,82.1,5.71499968,8.4,9.14375,86.6,86.2000046,0,2.110575,2.094625,2.0888,46.5481262,46.345,46.56375,27.20000076,5.95125
61.9,65.5,64.3,61.3,-0.025950015,-0.021037519,-0.006749988,328.255,333.401184,334.015,17.3382816,17.369688,17.364687,305.121521,125.38707,49.822052,417.634369,417.875,417.796875,4.60675,4.65495,4.6346,184.027771,82.9,83.8,88,76.1,17.0275,20.34875,26.1074982,19.94375,6172.082,83.2000046,82.1,5.5925,8.7675,8.89875,86.6,86.1,0,2.107325,2.08565,2.08555,46.7718735,46.5693741,46.7475,26.80624962,5.99125
61.5,65,64.1,61.1000023,-0.025550008,-0.020212472,-0.005124986,320.28,323.457184,323.735,17.3382816,17.359375,17.364687,305.8449,125.675735,49.74682,418.243744,418.5875,418.512482,4.61,4.6533,4.6411,184.722214,82.6,83.6,87.8,75.9,17.27125,20.105,26.3112488,19.8625,6175.22,83.1,81.9,5.67375,8.645,8.98,86.5,86.2000046,0,2.1122,2.09545,2.09045,46.4668732,46.263752,46.4618759,26.86874771,5.86875
61.4,64.9,64.1,61,-0.024737477,-0.019812524,-0.005124986,306.435,308.293945,309.22,17.3484383,17.369688,17.395155,305.8449,125.009125,49.6339722,418.243744,418.5875,418.612518,4.636,4.6843,4.6639,184.722214,82.6,83.6,87.7000046,75.8,16.945,20.0637512,26.2699986,20.10625,6175.22,83.1,81.9,5.67375,8.4,9.0625,86.6,86.2000046,0,2.110575,2.093,2.092075,46.3443756,46.16125,46.3393745,26.74062538,5.91
61.4,64.8,64.1,61,-0.024325013,-0.0194,-0.004299998,292.755,293.295563,294.38,17.36375,17.39,17.395155,306.278931,126.158264,49.38947,418.65,418.893768,418.918762,4.59855,4.63535,4.6248,185.069443,82.5,83.6,87.6,75.8,16.98625,20.105,25.945,19.82125,6170.489,83.1,81.9,5.55250025,8.44125,8.735001,86.5,86.1,0,2.113825,2.09545,2.092075,46.3443756,46.14125,46.3393745,27.20625114,5.7875
61.4,64.8,64.3,61.2,-0.022287488,-0.017775,-0.001862526,279.73,277.647858,278.885,17.3484383,17.369688,17.3748436,306.5683,125.829918,49.822052,418.853119,419.303131,419.125,4.623,4.66145,4.6509,185.300919,82.6,83.7000046,87.8,75.9,17.14875,20.51125,26.18875,19.8625,6178.3584,83.2000046,82,5.51125,8.4,9.0625,86.6,86.2000046,0,2.10975,2.0873,2.087175,46.4668732,46.263752,46.4206238,26.96562386,5.91
61.5,64.8,64.5,61.3,-0.020662487,-0.01613748,-0.001049995,266.7,263.1339,262.89502,17.36875,17.395155,17.395155,305.4109,125.203033,49.822052,417.634369,417.975,418.103119,4.6165,4.6582,4.6411,184.490738,82.7000046,83.8,87.9,76,17.0275,20.34875,26.1074982,20.10625,6179.90332,83.1,82,5.67375,8.4,8.81625,86.4,86,0,2.104875,2.08565,2.08555,46.609375,46.4468765,46.6043739,26.83125114,6.03250027
61.6000023,64.9,64.5,61.4,-0.021475017,-0.016962528,-0.001862526,254.65,249.928528,248.87,17.3789063,17.400156,17.405468,304.832184,125.342705,49.9349,417.9375,418.384369,418.206238,4.61485,4.66145,4.6411,184.027771,82.7000046,83.7000046,87.9,76,17.0275,20.43,26.1074982,19.9849987,6172.082,83.3,82.2000046,5.51125,8.5625,9.0625,86.5,86.1,0,2.107325,2.0881,2.087175,46.73125,46.4881248,46.70625,26.828125,5.8275
61.7,64.9,64.6,61.6000023,-0.020250022,-0.015737474,-0.000637472,240.650009,233.951187,233.865,17.3993759,17.4257813,17.4206238,305.8449,126.666718,49.5023155,418.446869,418.6906,418.715637,4.63115,4.668,4.66065,184.837967,82.6,84,87.6,76.2000046,16.9037514,20.34875,26.2699986,19.9037514,6179.90332,83.3,82.2000046,5.51125,8.5625,9.0625,86.4,86,0,2.107325,2.088925,2.082275,46.8331261,46.67125,46.82875,26.57187653,5.91
61.6000023,64.7000046,64.8,61.7,-0.01781249,-0.014512479,0.00098753,227.62001,218.952774,219.185,17.4196873,17.4460945,17.45125,306.857635,126.466476,49.7280121,419.056244,419.403137,419.328125,4.63275,4.67615,4.6639,185.300919,82.7000046,83.9,87.7000046,76.2000046,16.86375,19.9825,26.51375,20.06625,6179.90332,83.4,82.3,5.5925,8.72625,8.735001,86.5,86.1,0,2.10895,2.09055,2.0839,46.8331261,46.65125,46.8493767,26.54062462,6.03250027
61.6000023,64.7000046,64.8,61.7,-0.017412484,-0.013700008,0.001399994,217.849991,209.173615,209.075,17.38922,17.4206238,17.4257813,305.9896,126.442612,49.40828,418.243744,418.5875,418.512482,4.59045,4.64845,4.61825,184.490738,82.6,83.9,87.6,76.2000046,17.23,20.34875,26.35125,20.1475,6179.90332,83.3,82.2000046,5.55250025,8.88875,8.65375,86.4,86,0,2.107325,2.091375,2.084725,46.8737526,46.6918755,46.82875,26.41875076,6.07375
61.6000023,64.8,64.9,61.7,-0.018625021,-0.014100015,0.00098753,203.52002,194.1702,193.58,17.3789063,17.400156,17.405468,304.398132,126.301331,49.9537048,416.71875,417.1594,417.2875,4.6458,4.69735,4.67535,184.027771,82.8,83.9,88,76.2000046,17.23,20.18625,26.0262489,20.025,6179.90332,83.3,82.2000046,5.55250025,8.72625,9.0625,86.4,86,0,2.107325,2.0873,2.08555,46.89375,46.65125,46.89,26.421875,6.07375
61.6000023,64.7000046,64.9,61.7,-0.018225014,-0.013700008,0.001799941,189.349991,179.171783,178.735,17.3840637,17.4103127,17.4156246,306.134247,125.997307,49.74682,418.243744,418.790649,418.715637,4.62465,4.6631,4.64435,185.069443,82.7000046,83.9,87.8,76.2000046,16.945,20.43,26.2699986,20.10625,6179.90332,83.4,82.3,5.67375,8.97,8.81625,86.4,86,0,2.10895,2.088925,2.086375,46.89375,46.65125,46.89,25.88124847,6.27625
61.6000023,64.7000046,64.9,61.7,-0.01781249,-0.013700008,0.001399994,304.155,305.3572,307.75,17.3739071,17.400156,17.405468,305.9896,126.427605,49.4458923,418.446869,418.790649,418.918762,4.61485,4.65495,4.6427,184.837967,82.6,84,87.6,76.2000046,17.0675,20.43,26.2699986,20.025,6179.90332,83.3,82.2000046,5.55250025,8.5625,8.89875,86.3,85.9,0,2.1065,2.088925,2.0839,46.8531265,46.67125,46.87,26.13437462,6.07375
61.5,64.7000046,64.9,61.7,-0.01700002,-0.012875021,0.002624989,445.340027,457.958374,459.115,17.3789063,17.4053116,17.405468,306.5683,126.803726,49.6903954,418.853119,419.303131,419.225,4.60835,4.6468,4.6346,185.300919,82.6,84,87.6,76.2000046,17.19,20.18625,26.18875,19.74,6178.3584,83.4,82.3,5.43,8.60375,8.89875,86.4,86,0,2.10895,2.0873,2.08555,46.8531265,46.67125,46.8493767,26.15937614,5.86875
61.6000023,64.6,65,61.7,-0.016600013,-0.012462497,0.003025055,431.169983,442.80014,443.13,17.36875,17.39,17.395155,305.4109,126.963463,49.65278,417.8375,418.181244,418.103119,4.61975,4.66145,4.64765,184.143509,82.6,84,87.7000046,76.2000046,17.0275,19.7799988,26.0262489,19.7799988,6175.22,83.4,82.3,5.5925,8.5225,9.14375,86.4,86,0,2.110575,2.088925,2.08555,46.9143753,46.7125,46.9106255,26.45624924,5.95125
61.5,64.5,65,61.7,-0.015775025,-0.011650026,0.003437519,417.005,426.817841,427.14502,17.44,17.4614067,17.4665623,306.712952,127.733955,49.67159,419.1594,419.609375,419.431244,4.6735,4.71365,4.7014,185.995361,82.5,84,87.5,76.1,16.741251,19.73875,26.18875,19.94375,6167.35,83.3,82.2000046,5.5925,8.685,8.98,86.3,85.9,0,2.108125,2.0922,2.087175,46.8531265,46.67125,46.8493767,26.78125,6.15499973
61.6000023,64.8,65,61.6000023,-0.018225014,-0.013700008,0.001399994,402.51,410.515869,410.18,17.5112514,17.5276566,17.5176563,305.8449,127.535095,49.3706627,418.446869,418.6906,418.715637,4.62465,4.66475,4.64765,184.259262,82.5,84,87.4,76.2000046,17.0275,20.145,26.1074982,20.025,6172.082,83.3,82.2000046,5.51125,8.60375,9.0625,86.3,85.9,0,2.108125,2.09055,2.08555,46.9143753,46.6918755,46.87,26.703125,5.95125
61.5,64.5,65.1,61.8,-0.014962494,-0.010837495,0.004662514,389.485016,396.336548,396.485,17.4959373,17.5226555,17.5226555,306.5683,127.1144,49.57755,418.243744,418.4875,418.512482,4.6181,4.65655,4.64765,184.722214,82.5,84,87.5,76.1,16.741251,20.34875,26.0262489,20.06625,6168.89551,83.4,82.3,5.5925,8.645,8.735001,86.4,86,0,2.1065,2.08975,2.086375,46.89375,46.7531281,46.9106255,26.72187424,6.03250027
61.5,64.5,65.2000046,61.9,-0.013337493,-0.010025024,0.005475044,377.27002,383.291,383.76,17.4654675,17.4920311,17.5075,306.5683,126.554329,49.6339722,418.140625,418.28125,418.409363,4.59695,4.62885,4.6232,184.143509,82.6,84.1,87.6,76.2000046,16.98625,19.86125,26.1074982,20.025,6170.489,83.4,82.3,5.51125,8.60375,8.89875,86.3,86,0,2.1057,2.088925,2.0839,46.9143753,46.7531281,46.9306259,26.703125,5.91
61.8,64.8,65.4,62,-0.015775025,-0.011250019,0.003849983,364.08,369.59613,368.755,17.36875,17.400156,17.395155,306.134247,126.911911,49.67159,418.446869,418.790649,418.918762,4.61325,4.6533,4.64765,185.185181,82.7000046,84.1,87.7000046,76.3,16.7825,20.18625,25.945,19.94375,6175.22,83.6,82.5,5.51125,8.93,8.8575,86.4,86,0,2.099175,2.0824,2.08065,47.2606239,47.0181274,47.2368736,26.72812653,5.8275
61.6000023,64.7000046,65.3,61.9,-0.015775025,-0.011650026,0.003849983,348.12,353.294159,354.889984,17.3535938,17.3798428,17.385,305.555542,126.394226,49.74682,418.040619,418.28125,418.309357,4.62465,4.66475,4.6509,184.490738,82.6,84,87.8,76.2000046,16.741251,20.145,26.18875,19.7799988,6178.3584,83.5,82.4,5.43,8.645,8.81625,86.4,86,0,2.10245,2.08565,2.082275,47.03625,46.855,47.0125,26.77812576,5.91
61.6000023,64.7000046,65.3,61.8,-0.016600013,-0.01206249,0.003025055,338.35,342.206421,343.31,17.3484383,17.369688,17.3748436,305.4109,125.803162,49.84086,418.040619,418.4875,418.309357,4.61325,4.65005,4.6411,184.606476,82.7000046,84,87.9,76.2000046,17.0275,19.9825,25.8637486,19.9037514,6175.22,83.5,82.5,5.51125,8.5625,8.8575,86.4,86,0,2.104875,2.0873,2.082275,47.01625,46.855,47.0331268,26.60000038,5.91
61.7,64.9,65.4,61.9,-0.016600013,-0.01206249,0.003025055,325,329.001038,329.61,17.328125,17.35422,17.3595314,305.555542,126.285019,49.76563,418.3469,418.6906,418.612518,4.6393,4.68105,4.66065,184.837967,82.6,84,87.8,76.3,16.86375,19.9825,26.0262489,19.7799988,6173.627,83.5,82.5,5.51125,8.60375,8.89875,86.5,86.1,0,2.1057,2.0873,2.082275,47.0975,46.8956261,47.1556244,26.92500114,5.99125
61.6000023,64.8,65.2000046,61.8,-0.017412484,-0.012875021,0.002212524,311.97,314.651917,314.930023,17.3331261,17.35422,17.364687,305.9896,125.371773,49.5023155,418.446869,418.790649,418.715637,4.61485,4.64845,4.6346,184.837967,82.6,83.9,87.8,76.2000046,17.14875,20.2675,25.8637486,19.8625,6175.22,83.5,82.4,5.38875,8.645,9.0625,86.4,86,0,2.1057,2.0881,2.086375,47.0568733,46.835,47.0531273,27.83749962,5.8275
61.7,64.8,65.3,61.9,-0.01700002,-0.012462497,0.002624989,297.965,297.700653,299.105,17.36875,17.400156,17.4003124,306.278931,126.421005,49.57755,418.853119,419.303131,419.228149,4.60835,4.6533,4.63295,185.185181,82.6,84,87.7000046,76.3,16.945,20.105,25.945,19.8625,6168.89551,83.7000046,82.5,5.43,8.48125,8.81625,86.5,86.1,0,2.104075,2.08565,2.08065,47.1787529,46.9368744,47.1350021,28.32500076,5.99125
61.8,65,65.2000046,61.9,-0.019037485,-0.014100015,0.00098753,285.59,283.676178,284.915,17.36875,17.395155,17.395155,306.278931,126.956024,49.4458923,418.65,418.996857,419.021881,4.623,4.66635,4.6525,185.300919,82.6,84,87.6,76.3,16.70125,20.39,26.18875,19.6575,6165.75732,83.6,82.5,5.5925,8.5625,8.89875,86.5,86.1,0,2.10245,2.08565,2.077375,47.1787529,46.998127,47.19625,29.13437462,6.03250027
61.9,65.1,65.2000046,62,-0.019037485,-0.014100015,0.001399994,271.915,268.517944,269.75,17.3585949,17.3798428,17.385,305.555542,126.305916,49.7280121,418.040619,418.28125,418.309357,4.5888,4.63045,4.61825,184.259262,82.7000046,84,87.8,76.4,16.8225,20.83625,26.0262489,20.025,6168.89551,83.7000046,82.7000046,5.43,8.4,8.6125,86.6,86.2000046,0,2.10245,2.084025,2.082275,47.32125,47.1,47.2981262,28.95312691,5.91
62.2,65.5,65.4,62.1000023,-0.019037485,-0.014512479,0.000587463,260.84,255.797028,256.375,17.3739071,17.400156,17.405468,305.4109,126.135117,49.6903954,417.8375,418.181244,418.309357,4.6165,4.65655,4.6427,184.490738,82.9,84,87.9,76.6,16.9037514,21,26.0262489,19.8625,6178.3584,83.8,82.8,5.51125,8.44125,8.89875,86.7000046,86.2000046,0,2.099175,2.081575,2.07575,47.545002,47.3856239,47.5431252,29.64687729,6.19499969
62.4,65.7000046,65.5,62.3,-0.019850016,-0.01532501,-0.000225008,245.534988,238.351318,238.43,17.34328,17.36453,17.364687,305.2662,125.900261,49.8784752,417.9375,418.384369,418.309357,4.61325,4.6517,4.64765,184.606476,83.1,84.1,88.1,76.8,16.7825,20.5925,25.945,19.53625,6178.3584,84,83,5.67375,8.7675,8.89875,86.8,86.4,0,2.09675,2.0775,2.07085,47.7893753,47.5893745,47.767498,30.625,6.03250027
62.2,65.7000046,65.1,62.1000023,-0.022287488,-0.018175006,-0.003087521,233.81,225.31076,225.875,17.3535938,17.3746872,17.3798428,306.5683,126.492142,49.6339722,419.259369,419.709381,419.53125,4.6165,4.65655,4.6411,185.416656,82.9,84,87.7000046,76.6,17.14875,20.79625,26.0262489,19.9849987,6167.35,83.9,82.8,5.51125,8.5625,8.89875,86.8,86.4,0,2.1008,2.080775,2.07575,47.545002,47.3856239,47.56375,31.09062576,5.86875
62.2,65.7000046,64.9,62,-0.024325013,-0.019812524,-0.005124986,219.48,209.822891,208.745,17.38922,17.4103127,17.4156246,305.9896,126.941948,49.5023155,418.65,418.996857,419.125,4.6051,4.65655,4.6427,185.069443,82.9,83.9,87.7000046,76.6,16.7825,20.4712486,26.0262489,19.6575,6173.627,83.9,82.8,5.51125,8.645,8.81625,86.8,86.3,0,2.10245,2.08565,2.079025,47.5043755,47.3037529,47.5225,31.484375,5.91
62,65.6,64.6,61.6000023,-0.026362479,-0.021037519,-0.006749988,205.8,195.478745,195.37,17.3331261,17.3492184,17.3595314,306.134247,125.514511,49.7280121,418.3469,418.790649,418.818756,4.6165,4.65655,4.646,185.069443,82.9,83.7000046,87.9,76.3,17.0675,21.04,25.945,19.7799988,6170.489,83.7000046,82.6,5.51125,8.8075,8.940001,86.7000046,86.3,0,2.107325,2.088925,2.08065,47.0775,46.8756256,47.0943756,32.078125,5.99125
61.9,65.6,64.3,61.3,-0.02880001,-0.023887515,-0.009199977,191.96,181.454269,181.345,17.3128128,17.3339062,17.34422,304.832184,125.226685,49.84086,417.431244,417.668762,417.696869,4.6051,4.64515,4.6346,184.143509,82.9,83.6,88,76.2000046,16.945,20.34875,25.7825,19.74,6168.89551,83.4,82.3,5.51125,8.5625,8.735001,86.6,86.3,0,2.10895,2.09055,2.0839,46.89375,46.65125,46.9106255,33.64374924,5.99125
62,65.8,64.2000046,61.3,-0.029612482,-0.024699986,-0.010012507,286.73,284.330475,287.2,17.3331261,17.359375,17.369688,305.9896,125.702934,49.6903954,418.550018,418.790649,418.818756,4.61485,4.65495,4.63945,185.069443,82.9,83.6,87.8,76.2000046,16.8225,20.7550011,26.0262489,19.82125,6167.35,83.5,82.4,5.67375,9.29625,8.695,86.7000046,86.3,0,2.107325,2.088925,2.0888,46.8531265,46.6918755,46.87,33.671875,6.60374975
62,65.8,64,61.2,-0.030425012,-0.025512517,-0.011237502,438.17,449.158081,450.31,17.328125,17.35422,17.3543758,305.9896,125.542389,49.6903954,418.446869,418.790649,418.715637,4.6344,4.67285,4.6623,185.069443,82.8,83.5,87.8,76.1,16.61875,20.5525,25.8637486,19.6575,6165.75732,83.5,82.4,5.51125,8.645,8.98,86.8,86.4,0,2.107325,2.09055,2.087175,46.7925,46.5693741,46.8081245,33.68125153,5.91
62.1000023,66,63.9,61.2,-0.03206247,-0.026737511,-0.012462497,435.57,446.710815,448.025,17.3382816,17.359375,17.364687,306.278931,125.9565,49.5963554,418.853119,419.303131,419.125,4.61325,4.6582,4.64435,185.300919,82.8,83.5,87.7000046,76.2000046,16.7825,20.715,26.0262489,19.82125,6170.489,83.4,82.3,5.5925,8.4,8.940001,86.8,86.4,0,2.108125,2.09055,2.0839,46.7925,46.6106224,46.8081245,32.203125,5.91
62,66.1,63.8,61.1000023,-0.033687472,-0.027962506,-0.014100015,422.54,432.52655,433.02002,17.34328,17.369688,17.3748436,306.134247,126.385689,49.2766228,418.65,418.790649,418.918762,4.6018,4.6435,4.63295,185.069443,82.8,83.5,87.5,76.2000046,16.9037514,20.95875,26.0262489,19.9037514,6167.35,83.3,82.2000046,5.5925,8.5225,9.14375,86.7000046,86.3,0,2.10895,2.088925,2.086375,46.7925,46.5693741,46.7675,31.55312538,5.91
62,66.1,63.9,61.1000023,-0.03206247,-0.026737511,-0.012462497,408.050018,416.384369,416.71,17.328125,17.3492184,17.3543758,305.555542,125.3127,49.5587425,418.143738,418.6906,418.612518,4.6165,4.64845,4.6411,184.490738,82.9,83.5,87.9,76.2000046,16.9037514,20.34875,26.18875,19.69875,6175.22,83.3,82.2000046,5.55250025,8.5625,9.02125,86.7000046,86.3,0,2.10895,2.08975,2.08555,46.7925,46.52875,46.7881279,32.140625,5.86875
62,65.9,64.1,61.3,-0.029612482,-0.02429998,-0.010012507,395.02002,401.875458,402.19,17.3229675,17.35422,17.3492184,305.8449,125.589035,49.84086,418.040619,418.384369,418.309357,4.61485,4.6468,4.63945,184.722214,82.9,83.6,87.9,76.2000046,17.19,20.43,26.0262489,19.8625,6172.082,83.3,82.2000046,5.51125,8.645,8.98,86.7000046,86.3,0,2.1065,2.0873,2.0831,46.8531265,46.6918755,46.8081245,32.3125,5.86875
61.9,65.8,63.8,61,-0.03206247,-0.026737511,-0.012462497,381.504974,388.3454,388.655,17.3179684,17.3440628,17.34422,305.555542,125.371742,49.5963554,418.040619,418.384369,418.309357,4.5839,4.62885,4.60685,184.259262,82.8,83.5,87.8,76.1,17.0275,20.51125,25.945,19.8625,6170.489,83.3,82.1,5.47,8.645,8.81625,86.7000046,86.3,0,2.107325,2.09055,2.087175,46.65,46.4268761,46.645,31.90625,5.8275
61.9,65.8,63.7,61,-0.03206247,-0.027562499,-0.012875021,369.615021,375.464661,375.93,17.3331261,17.359375,17.364687,305.121521,125.403831,49.822052,417.8375,418.078125,418.309357,4.61485,4.65655,4.64765,184.259262,82.8,83.6,87.9,76.1,16.945,20.4712486,26.18875,19.9037514,6178.3584,83.2000046,82,5.51125,8.60375,9.3075,86.6,86.2000046,0,2.110575,2.093,2.08555,46.58875,46.40625,46.6043739,32.11562729,6.03250027
62,65.8,63.9,61.2,-0.031237483,-0.02592498,-0.011650026,356.59,361.445129,361.905,17.328125,17.359375,17.3595314,304.832184,125.434532,49.9725151,417.53125,417.975,418.0031,4.60345,4.65005,4.6362,184.027771,83,83.6,88.1,76.1,16.945,20.43,26.0675011,19.8625,6178.3584,83.3,82.1,5.67375,8.645,8.98,86.7000046,86.3,0,2.10975,2.08975,2.08555,46.7106247,46.5081253,46.7268753,31.55624771,5.99125
62,65.8,63.8,61,-0.032875,-0.027962506,-0.013287485,341.935,346.446747,347.550018,17.34328,17.369688,17.3748436,305.9896,126.713448,49.5587425,418.446869,418.790649,418.818756,4.6165,4.65495,4.6427,185.185181,82.8,83.6,87.7000046,76.1,17.0275,20.79625,26.0262489,20.10625,6172.082,83.2000046,82.1,5.5925,8.8075,9.14375,86.6,86.2000046,0,2.110575,2.09055,2.08555,46.609375,46.4268761,46.56375,30.79375076,5.86875
61.9,66,63.7,61,-0.034500003,-0.028787494,-0.014912486,328.745,332.587067,332.544983,17.3484383,17.3746872,17.3748436,306.857635,125.920113,48.9756966,419.056244,419.403137,419.53125,4.5351,4.5832,4.571,184.606476,82.7000046,83.6,87.4,76.1,16.741251,20.715,26.3112488,19.82125,6168.89551,83.3,82.2000046,5.47125,8.645,8.98,86.7000046,86.3,0,2.108125,2.09055,2.087175,46.6293755,46.3856239,46.6043739,30.078125,5.8275
62,66,63.7,61,-0.033687472,-0.028787494,-0.014100015,314.255,317.588654,316.885,17.3585949,17.3798428,17.385,305.8449,125.441551,49.48351,418.65,418.893768,418.918762,4.59045,4.6696,4.65415,183.912033,82.7000046,83.6,87.6,76.1,16.86375,20.633749,26.18875,19.7799988,6167.35,83.3,82.1,5.5925,8.2375,8.89875,86.7000046,86.3,0,2.108125,2.088925,2.087175,46.67,46.4468765,46.645,29.94687653,5.8275
62,65.7000046,64,61.3,-0.030025005,-0.024699986,-0.010012507,302.69,304.058624,304.815,17.3229675,17.3492184,17.3543758,305.2662,125.882256,49.9160919,417.634369,418.078125,418.103119,4.5888,4.63375,4.62155,184.490738,82.8,83.8,87.9,76.2000046,17.14875,20.39,25.9849987,19.82125,6175.22,83.3,82.2000046,5.47,8.685,8.89875,86.7000046,86.3,0,2.107325,2.0922,2.08555,46.8125,46.6306229,46.8081245,27.92499924,5.91
62.3,66.1,64.6,61.7,-0.027575016,-0.02266252,-0.008387506,287.87,287.262238,287.525024,17.3585949,17.3798428,17.385,305.555542,126.014984,49.9160919,418.446869,418.790649,418.715637,4.63275,4.6696,4.65905,184.722214,83.1,84.1,88.1,76.5,16.98625,20.22625,25.945,20.1475,6176.765,83.6,82.6,5.5925,8.5625,8.98,86.7000046,86.3,0,2.099175,2.083225,2.079025,47.3418732,47.16125,47.359375,26.25937462,5.91
61.9,65.5,64.3,61.4,-0.025550008,-0.020212472,-0.006349981,276.14502,273.567352,274.645,17.34328,17.369688,17.3798428,305.555542,126.486145,49.7280121,418.446869,418.6906,418.612518,4.60835,4.6533,4.63945,184.722214,82.7000046,83.9,87.7000046,76.2000046,16.9037514,20.5925,26.1074982,20.31,6172.082,83.4,82.4,5.51125,8.72625,8.89875,86.6,86.2000046,0,2.104075,2.088925,2.0839,46.935,46.77375,46.95125,25.84062576,5.99125
61.8,65.3,64.4,61.4,-0.024737477,-0.0194,-0.005124986,259.865,256.126678,255.72,17.3484383,17.3746872,17.3748436,305.8449,126.673447,49.5399323,418.243744,418.5875,418.715637,4.60675,4.64845,4.6362,185.069443,82.7000046,83.9,87.7000046,76.2000046,16.98625,20.34875,26.2699986,19.82125,6168.89551,83.3,82.2000046,5.51125,8.685,8.98,86.5,86.1,0,2.10895,2.0922,2.08555,46.7925,46.6106224,46.8081245,25.84687424,5.8275
61.7,65.1,64.7000046,61.6000023,-0.021475017,-0.016962528,-0.00227499,248.625,242.75647,242.51001,17.328125,17.35422,17.3595314,306.278931,126.080994,49.67159,418.65,419.2,419.125,4.58555,4.6256,4.61175,185.069443,82.8,83.9,87.7000046,76.2000046,17.5162487,20.79625,26.18875,19.9849987,6178.3584,83.4,82.3,5.51125,8.8075,9.0625,86.6,86.2000046,0,2.10895,2.088925,2.0831,46.89375,46.6918755,46.9106255,25.94375038,6.03250027
61.4,64.7000046,64.7000046,61.5,-0.019037485,-0.013700008,0.000587463,233.159988,226.779129,226.525,17.3229675,17.3492184,17.3595314,305.2662,125.762642,49.8596649,417.634369,417.975,417.9,4.59695,4.63375,4.62155,184.490738,82.7000046,83.9,87.9,76,17.0275,19.6175,26.1074982,19.8625,6170.489,83.2000046,82.1,5.67375,8.60375,8.98,86.4,86,0,2.110575,2.093825,2.09045,46.7106247,46.52875,46.70625,25.79374886,6.03250027
61.6000023,64.9,65,61.7,-0.01781249,-0.012875021,0.002212524,220.78,211.780716,210.704987,17.3484383,17.369688,17.3748436,305.555542,126.056351,49.8784752,418.243744,418.6906,418.715637,4.6295,4.67285,4.6574,184.722214,82.8,84,87.9,76.2000046,16.98625,20.2675,25.8637486,20.1887512,6170.489,83.3,82.2000046,5.51125,8.5225,8.98,86.5,86.1,0,2.107325,2.08565,2.08555,46.9956245,46.77375,46.9306259,25.73125076,5.8275
61.4,64.6,64.9,61.5,-0.016600013,-0.011650026,0.003025055,205.8,195.149109,196.025009,17.36875,17.400156,17.4003124,305.8449,126.661896,49.67159,418.243744,418.790649,418.612518,4.6116,4.65495,4.6411,184.722214,82.6,83.9,87.6,76,16.5374985,20.3075,26.0262489,19.9037514,6175.22,83.3,82.1,5.67375,8.5225,8.98,86.4,86,0,2.10895,2.093825,2.0888,46.6906242,46.4881248,46.6856232,26.15937614,6.03250027
61.4,64.5,65,61.6000023,-0.01700002,-0.011650026,0.003025055,193.1,182.433182,182.325012,17.3585949,17.39,17.385,306.278931,126.106812,49.5023155,418.65,418.893768,418.818756,4.623,4.6631,4.64925,185.300919,82.6,84,87.7000046,76,16.9037514,20.18625,26.18875,19.94375,6178.3584,83.2000046,82.1,5.5925,8.8075,9.0625,86.3,85.9,0,2.10975,2.09055,2.09045,46.6906242,46.52875,46.6656227,26.46562386,5.95125
61.5,64.6,65.2000046,61.7,-0.015775025,-0.010437489,0.004662514,268.98,264.437469,267.465,17.328125,17.359375,17.3543758,305.8449,127.465942,49.40828,418.65,418.996857,418.818756,4.5823,4.62885,4.61665,184.259262,82.6,84.2000046,87.6,76.2000046,17.0275,20.7550011,26.4324989,19.94375,6178.3584,83.8,82.6,5.51125,8.5625,8.8575,86.7000046,86.2000046,0,2.104875,2.08565,2.0839,46.8125,46.6306229,46.82875,26.06875038,5.99125
61.2,64.5,65.4,61.7,-0.014962494,-0.00880003,0.006700039,403.000031,409.866577,410.51,17.3179684,17.3440628,17.34422,305.555542,126.150558,49.8784752,417.634369,418.181244,418.0031,4.61,4.64845,4.6362,184.143509,82.8,84.2000046,88,76.1,17.14875,20.4712486,26.1074982,19.9849987,6178.3584,83.9,82.7000046,5.63375,9.1325,8.98,86.8,86.4,0,2.107325,2.088925,2.087175,46.751873,46.6106224,46.7475,26.61249924,6.4
61.4,64.6,65.3,61.7,-0.014962494,-0.010025024,0.005475044,438.500031,449.9722,451.284973,17.328125,17.359375,17.364687,305.121521,129.430145,49.7844353,418.143738,418.5875,418.512482,4.66695,4.70385,4.69165,184.143509,82.6,84.2000046,87.5,76.2000046,17.23,20.43,26.35125,20.27,6176.765,84.4,83.1,5.47,8.5225,8.735001,87.2000046,86.7000046,0,2.1065,2.08485,2.08555,46.8531265,46.65125,46.8493767,26.31562424,5.74624968
61.4,64.5,65.5,61.8,-0.012525022,-0.007175028,0.008337498,427.425,437.580933,437.909973,17.3128128,17.3390636,17.3390636,305.555542,128.428818,49.76563,418.7531,419.0969,419.021881,4.61485,4.66145,4.6411,184.490738,82.7000046,84.2000046,87.7000046,76.2000046,17.435,20.51125,26.18875,20.06625,6172.082,84.4,83.2000046,5.43,8.44125,8.5725,87.2000046,86.8,0,2.107325,2.088925,2.08555,46.955,46.7331276,46.95125,25.73125076,5.91
61.3,64.4,65.6,61.9,-0.011712492,-0.006362498,0.009549975,417.495026,426.817841,427.31,17.328125,17.3492184,17.3543758,305.9896,129.3653,49.48351,419.056244,419.609375,419.431244,4.61,4.6517,4.6313,184.837967,82.5,84.2000046,87.2000046,76.2000046,17.23,20.83625,26.5549984,20.31,6165.75732,84.5,83.3,5.51125,8.685,8.40875,87.3,86.8,0,2.107325,2.088925,2.082275,46.935,46.77375,46.9718742,25.35625076,5.91
61.3,64.3,65.6,61.9,-0.009275019,-0.004724979,0.01077497,406.904968,415.080841,415.075,17.36875,17.400156,17.405468,304.832184,128.745743,50.1041679,417.431244,417.771881,417.696869,4.61485,4.6517,4.64435,183.449066,82.7000046,84.2000046,87.9,76.2000046,17.23,20.67375,26.2699986,20.10625,6178.3584,84.3,83.1,5.3475,8.72625,8.65375,87.1,86.7000046,0,2.1065,2.09055,2.08555,46.935,46.7331276,46.9306259,25.81875038,6.11375
61.4,64.4,65.7000046,62,-0.01008749,-0.00553751,0.009962559,394.205,400.0824,401.214966,17.4145317,17.4410954,17.44625,305.2662,129.3705,49.7280121,418.3469,418.6906,418.612518,4.6165,4.65655,4.6411,184.027771,82.6,84.3,87.5,76.3,17.0675,20.79625,26.2699986,20.1475,6175.22,84.5,83.4,5.51125,8.72625,8.53125,87.2000046,86.7000046,0,2.107325,2.088925,2.0839,47.01625,46.8143768,47.0125,25.69375038,5.95125
61.3,64.3,65.6,61.9,-0.010900021,-0.00553751,0.010362506,382.155,388.180573,388.490021,17.36875,17.39,17.395155,305.9896,129.152664,49.4647026,418.7531,419.2,419.125,4.61,4.6582,4.646,184.722214,82.5,84.2000046,87.3,76.2000046,17.14875,20.5525,26.4324989,20.06625,6170.489,84.4,83.3,5.43,8.5225,8.65375,87.2000046,86.7000046,0,2.1065,2.088925,2.087175,46.935,46.7331276,46.9106255,25.72187424,5.8275
61.3,64.3,65.8,62,-0.009275019,-0.004312515,0.011999965,370.105,375.789276,375.93,17.328125,17.35422,17.3595314,305.2662,128.814514,49.84086,418.040619,418.5875,418.612518,4.5839,4.61745,4.602,183.680557,82.6,84.2000046,87.6,76.2000046,17.23,19.9025,26.4324989,19.74,6175.22,84.5,83.3,5.43,8.36,8.5725,87.2000046,86.8,0,2.1065,2.08565,2.082275,47.01625,46.835,46.9918747,25.65625,5.7875
61.3,64.4,65.7000046,61.9,-0.01008749,-0.00553751,0.010362506,359.195,364.052277,364.514984,17.3331261,17.359375,17.364687,304.542816,129.157135,49.7280121,417.8375,418.181244,418.309357,4.60835,4.64515,4.6346,183.564819,82.6,84.2000046,87.6,76.2000046,17.435,20.34875,26.35125,19.8625,6172.082,84.4,83.2000046,5.47,8.48125,8.49,87.1,86.7000046,0,2.107325,2.09055,2.084725,46.9956245,46.79375,46.9718742,25.78125,5.8275
61.4,64.3,65.6,61.9,-0.01008749,-0.00553751,0.010362506,348.12,352.6399,353.259979,17.36375,17.39,17.395155,305.8449,129.398209,49.40828,418.65,418.893768,418.818756,4.6181,4.65495,4.67045,184.722214,82.5,84.1,87.3,76.2000046,17.0275,21.1625,26.59625,20.1887512,6167.35,84.4,83.2000046,5.43,8.48125,8.735001,87.1,86.6,0,2.107325,2.09055,2.0839,46.9756241,46.8143768,46.95125,25.73749924,5.74624968
61.3,64.2000046,65.7000046,62,-0.008449972,-0.004312515,0.011999965,333.139984,337.476654,338.09,17.3331261,17.3492184,17.369688,305.8449,129.658066,49.5023155,418.7531,419.0969,419.021881,4.5872,4.6272,4.61175,184.490738,82.4,84.1,87.3,76.2000046,17.19,20.9187489,26.4324989,20.025,6170.489,84.5,83.3,5.51125,8.44125,8.5725,87.1,86.7000046,0,2.107325,2.0922,2.08555,46.955,46.77375,46.9718742,25.94375038,5.74624968
61.2,64.1,65.8,62,-0.008050025,-0.003499985,0.012812495,322.23,326.0643,326.345,17.36875,17.39,17.395155,304.832184,129.223969,49.9537048,417.634369,418.078125,418.0031,4.62625,4.6696,4.65575,184.027771,82.6,84.1,87.7000046,76.1,17.0675,20.145,25.8637486,19.57625,6167.35,84.5,83.3,5.43,8.60375,8.65375,87.2000046,86.7000046,0,2.10895,2.09055,2.08635,46.9143753,46.7125,46.9106255,26.08124924,5.8275
61.3,64.3,65.5,61.8,-0.010900021,-0.006362498,0.009549975,313.11,315.306183,314.930023,17.3840637,17.4103127,17.4257813,303.096069,130.061066,49.5023155,415.193726,415.425,415.453125,4.6572,4.69735,4.69165,182.986115,82.4,84.1,87.2000046,76.2000046,17.435,20.51125,26.6775017,20.27,6168.89551,84.4,83.2000046,5.55250025,8.645,8.40875,87.1,86.7000046,0,2.10895,2.0922,2.087175,46.89375,46.6918755,46.87,26.08437538,5.8275
61.3,64.2000046,65.8,62,-0.008862495,-0.004312515,0.011999965,300.57,301.446533,302.045,17.3484383,17.3798428,17.3798428,305.2662,129.273666,49.4458923,418.040619,418.384369,418.409363,4.61,4.6517,4.6411,184.259262,82.5,84.1,87.3,76.2000046,17.5162487,21.08125,26.51375,19.9849987,6170.489,84.4,83.3,5.5925,8.36,8.5725,87.1,86.7000046,0,2.107325,2.088925,2.0839,46.9956245,46.79375,46.9718742,26.15312576,5.91
61.2,64.1,65.8,62,-0.007637501,-0.003912508,0.012812495,288.194977,286.612946,288.015,17.34328,17.369688,17.3748436,305.8449,129.531509,49.9349,418.853119,419.303131,419.328125,4.61,4.6435,4.62805,184.837967,82.5,84.1,87.5,76.1,17.14875,20.7550011,26.18875,20.10625,6172.082,84.5,83.4,5.51125,8.278749,8.5725,87.1,86.7000046,0,2.110575,2.088925,2.0839,46.8737526,46.7125,46.89,26.1875,5.95125
61.2,64.3,65.7000046,61.8,-0.011300027,-0.005949974,0.009150028,274.52,271.284882,272.849976,17.3229675,17.3492184,17.3543758,303.819458,128.730255,49.5963554,417.8375,418.078125,417.9,4.61,4.6517,4.6411,182.986115,82.6,84,87.6,76.1,17.5162487,20.79625,26.3112488,20.025,6164.212,84.4,83.2000046,5.51125,8.645,8.65375,87.1,86.6,0,2.107325,2.0922,2.08555,46.9143753,46.7125,46.9306259,26.70937538,5.99125
61.3,64.3,65.9,62,-0.008449972,-0.003087521,0.012812495,265.074982,261.340881,261.10498,17.3179684,17.3390636,17.34422,305.2662,128.514084,50.2922478,418.446869,418.790649,418.918762,4.6637,4.7055,4.69165,185.069443,82.7000046,84.1,88,76.1,17.435,20.83625,26.1074982,20.1887512,6175.22,84.5,83.3,5.43,8.5225,8.5725,87.1,86.6,0,2.107325,2.08565,2.08065,46.9956245,46.8143768,46.9918747,27.50625038,5.8275
61.5,64.4,65.7000046,62,-0.010900021,-0.006362498,0.009549975,254.65,248.7898,248.37999,17.3739071,17.4053116,17.405468,305.555542,129.324524,49.4647026,418.956238,419.303131,419.328125,4.5937,4.63535,4.6232,185.069443,82.5,84.1,87.2000046,76.3,17.475,21.40625,26.75875,20.35125,6172.082,84.6,83.4,5.47,8.36,8.49,87.2000046,86.8,0,2.10325,2.0873,2.082275,47.0775,46.855,47.0531273,28.34375,5.74624968
61.8,64.8,66.2000046,62.3,-0.010900021,-0.00553751,0.009962559,242.605,235.25975,235.170013,17.4298439,17.4562511,17.4768753,305.9896,129.04863,49.4647026,418.040619,418.4875,418.409363,4.623,4.6631,4.6509,184.490738,82.7000046,84.3,87.5,76.6,17.14875,21.08125,26.4324989,19.9849987,6170.489,84.7000046,83.6,5.43,8.5625,8.5725,87.3,86.8,0,2.095925,2.07425,2.074125,47.545002,47.345,47.5225,29.00624847,5.95125
61.7,64.8,65.7000046,62.1000023,-0.013337493,-0.00880003,0.007112503,233.159988,224.496643,223.265,17.3535938,17.3798428,17.369688,305.8449,129.830032,49.5587425,419.259369,419.709381,419.734375,4.6165,4.6533,4.646,185.300919,82.6,84.1,87.2000046,76.5,17.3112488,21.40625,26.59625,20.1475,6167.35,84.6,83.6,5.51125,8.19625,8.40875,87.3,86.9,0,2.10245,2.0824,2.079025,47.30125,47.1206245,47.2781258,29.23437309,5.95125
61.8,64.9,65.7000046,62.1000023,-0.014962494,-0.009612501,0.006287456,221.76001,212.43,211.844986,17.3179684,17.32375,17.34422,304.398132,128.230682,50.1041679,416.818726,417.465637,417.2875,4.60675,4.6468,4.6362,183.449066,82.9,84.1,88.1,76.5,17.435,21.4475,26.18875,20.06625,6175.22,84.7000046,83.6,5.3475,8.4,8.327499,87.3,86.9,0,2.098375,2.084025,2.07575,47.3618736,47.2225,47.359375,29.48749924,5.91
62.1000023,65.3,65.5,62.1000023,-0.017412484,-0.012462497,0.003025055,208.730011,198.4105,198.63501,17.328125,17.3492184,17.3492184,305.4109,129.716766,49.57755,418.446869,418.893768,418.918762,4.61485,4.65985,4.6411,184.722214,82.8,84.1,87.5,76.7000046,17.10875,21.3249989,26.5549984,20.22875,6170.489,84.8,83.8,5.51125,8.36,8.40875,87.5,87,0,2.095925,2.0775,2.077375,47.484375,47.3243752,47.5431252,30.45937347,5.95125
62.1000023,65.5,65.4,62.1000023,-0.018625021,-0.014512479,0.000587463,196.519989,186.343857,186.075,17.36375,17.39,17.395155,305.8449,130.083,49.5399323,419.056244,419.506256,419.431244,4.60675,4.65005,4.63785,185.185181,82.7000046,84.1,87.2000046,76.7000046,17.14875,21.4475,26.51375,19.94375,6168.89551,85,83.8,5.47,8.48125,8.40875,87.6,87.1,0,2.09755,2.07915,2.077375,47.545002,47.345,47.5225,30.96875,6.03250027
62.2,65.6,65.3,62.1000023,-0.019850016,-0.01613748,-0.000225008,219.155,210.472153,210.050018,17.3382816,17.369688,17.364687,304.6875,128.938782,49.9537048,417.734375,417.875,417.9,4.61,4.64845,4.646,184.027771,83,84,87.8,76.7000046,17.23,21.24375,26.35125,19.8625,6168.89551,84.8,83.7000046,5.5925,8.36,8.49,87.6,87.1,0,2.09755,2.07915,2.07575,47.60625,47.42625,47.5843773,31.17187691,5.99125
62.3,66,65.1,62.1000023,-0.02391249,-0.018987477,-0.003899992,344.05,348.239746,349.18,17.328125,17.3492184,17.364687,304.832184,129.7588,49.65278,418.65,418.893768,418.918762,4.62625,4.668,4.6574,184.027771,83,84,87.6,76.8,17.3525,21.40625,26.4324989,19.74,6168.89551,84.9,83.8,5.5925,8.4,8.49,87.7000046,87.2000046,0,2.095925,2.07915,2.07575,47.6675,47.4675,47.645,31.09687614,6.07375
62.5,66.1,65.1,62.1000023,-0.02391249,-0.0194,-0.004299998,444.035,456.979462,456.18,17.36875,17.395155,17.395155,305.4109,130.123535,49.5963554,419.1594,419.609375,419.431244,4.60675,4.6468,4.6346,185.300919,82.9,84,87.3,76.8,17.435,21.4475,26.798748,20.22875,6172.082,84.9,83.8,5.5925,8.2375,8.40875,87.7000046,87.2000046,0,2.0943,2.0775,2.074125,47.6875,47.5081253,47.7474976,30.95625114,5.99125
62.7,66.3,65.4,62.3,-0.022700012,-0.017775,-0.003087521,432.31,442.145874,443.785,17.328125,17.36453,17.364687,304.832184,129.443954,49.84086,418.040619,418.384369,418.409363,4.61,4.65005,4.63785,184.027771,83.2000046,84.1,87.8,77.1,17.475,21.12125,26.2699986,19.9849987,6170.489,85.1,84.1,5.51125,8.5225,8.40875,87.8,87.3,0,2.0943,2.0767,2.07085,47.9931221,47.875,48.0125,31.67499924,5.95125
62.7,66.4,65.3,62.3,-0.024737477,-0.019812524,-0.005124986,419.285,427.1475,427.8,17.3331261,17.359375,17.3543758,304.832184,129.336975,49.7280121,418.040619,418.384369,418.512482,4.61325,4.65495,4.64765,184.027771,83.2000046,84.1,87.8,77.1,17.435,21.08125,26.51375,19.8625,6165.75732,85.2000046,84.1,5.71499968,8.5625,8.327499,87.9,87.4,0,2.09105,2.075875,2.07085,48.075,47.875,48.07375,34.64687347,6.07375
62.6000023,66.3,64.9,62.1000023,-0.025950015,-0.02184999,-0.006749988,406.904968,414.756165,415.405,17.3382816,17.35422,17.3748436,305.121521,129.275543,49.74682,418.7531,419.0969,419.125,4.6165,4.6582,4.646,184.722214,83,84,87.5,76.9,17.19,21.40625,26.5549984,19.8625,6175.22,85,83.9,5.51125,8.44125,8.49,87.8,87.3,0,2.095925,2.07915,2.07575,47.7081223,47.5281219,47.7268753,36.23125076,5.91
62.5,66.3,64.6,61.8,-0.028400004,-0.023887515,-0.009199977,395.185,401.550781,402.355,17.328125,17.35422,17.3543758,305.555542,129.574951,49.38947,418.65,418.996857,418.918762,4.63275,4.6696,4.66065,185.069443,82.9,83.9,87.2000046,76.8,17.5162487,21.24375,26.6775017,20.025,6178.3584,84.7000046,83.6,5.51125,8.48125,8.5725,87.7000046,87.2000046,0,2.1008,2.0824,2.079025,47.5043755,47.2631264,47.5225,34.29999924,5.8275
62.2,66,64.1,61.4,-0.030425012,-0.026337504,-0.011650026,383.295,388.994659,389.634979,17.3382816,17.359375,17.364687,304.832184,130.0831,49.5399323,418.65,418.996857,418.918762,4.60835,4.64515,4.63295,184.722214,82.7000046,83.6,87,76.4,17.14875,21.24375,26.51375,19.82125,6168.89551,84.5,83.4,5.43,8.5625,8.5725,87.7000046,87.2000046,0,2.1057,2.091375,2.082275,47.03625,46.855,47.0943756,35.53749847,5.8275
62,65.8,64,61.3,-0.029212475,-0.024699986,-0.010012507,370.105,375.9541,376.255,17.328125,17.359375,17.3595314,304.398132,129.158264,49.7844353,417.634369,418.078125,418.103119,4.6002,4.64025,4.6297,184.143509,82.9,83.6,87.5,76.3,17.3112488,21.28375,26.51375,20.1475,6170.489,84.4,83.3,5.5925,8.36,8.65375,87.6,87.1,0,2.107325,2.09055,2.08555,46.8531265,46.6918755,46.87,36.10625076,5.8275
62,65.9,63.9,61.2,-0.029612482,-0.02511251,-0.010837495,359.035,364.052277,364.84,17.3229675,17.3440628,17.3543758,305.2662,129.564453,49.76563,418.65,418.996857,419.021881,4.6051,4.66145,4.64925,184.490738,82.9,83.6,87.4,76.3,17.27125,21.08125,26.35125,20.025,6170.489,84.4,83.2000046,5.43,8.685,8.89875,87.6,87.2000046,0,2.10895,2.0922,2.0888,46.7718735,46.6106224,46.7675,35.74062729,5.91
62,65.9,63.8,61.1000023,-0.031237483,-0.026337504,-0.011650026,346.169983,352.315247,353.585,17.328125,17.3492184,17.364687,304.832184,129.100082,49.6903954,418.446869,418.5875,418.612518,4.6116,4.65005,4.63945,184.259262,82.9,83.7000046,87.6,76.3,17.14875,20.5925,26.47375,19.82125,6183.042,84.3,83.1,5.43,8.93,8.89875,87.5,87,0,2.107325,2.09055,2.08555,46.6906242,46.4881248,46.70625,34.95000076,5.8275
62.1000023,66,64,61.2,-0.031237483,-0.026337504,-0.011650026,335.745,340.088776,341.19,17.3382816,17.369688,17.369688,305.2662,129.4457,49.48351,418.040619,418.384369,418.512482,4.6181,4.6582,4.6411,184.490738,82.8,83.7000046,87.3,76.3,17.10875,21,26.798748,20.31,6178.3584,84.3,83.1,5.51125,8.5225,8.735001,87.5,87.1,0,2.107325,2.088925,2.08555,46.8531265,46.6918755,46.9106255,31.98437309,5.91
61.9,65.7000046,63.8,61,-0.031237483,-0.026737511,-0.011650026,327.605,330.794037,331.895,17.3382816,17.369688,17.369688,305.4109,129.308136,49.5587425,418.446869,418.790649,418.715637,4.60675,4.64845,4.6346,184.606476,82.7000046,83.7000046,87.2000046,76.1,17.3525,21.56875,26.798748,20.10625,6178.3584,84.2000046,83,5.51125,8.645,8.65375,87.5,87.1,0,2.108125,2.09055,2.0888,46.58875,46.3656235,46.5431252,30.65937424,6.03250027
61.6000023,65.1,64,61.1000023,-0.025550008,-0.021037519,-0.005937517,316.205,318.237946,319.169983,17.3078117,17.3390636,17.3340626,305.121521,128.738068,50.1041679,418.3469,418.6906,418.715637,4.62625,4.65985,4.64765,184.606476,82.8,83.7000046,87.6,76,17.475,21.04,26.1487522,20.025,6173.627,84.3,83,5.5925,8.72625,8.53125,87.5,87.1,0,2.113025,2.094625,2.092075,46.4668732,46.263752,46.4618759,28.18750191,5.7875
61.4,65,64.1,61,-0.024737477,-0.019812524,-0.00553751,301.225,301.776184,303.185,17.3331261,17.3492184,17.3595314,304.832184,129.245911,49.5963554,418.140625,418.5875,418.512482,4.63275,4.67285,4.65905,184.027771,82.7000046,83.6,87.4,75.9,17.55625,20.5925,26.4324989,20.025,6167.35,84.2000046,82.9,5.55250025,8.685,8.49,87.4,86.9,0,2.113825,2.097075,2.087175,46.385,46.16125,46.38,27.27187538,5.8275
61.2,64.6,64,61,-0.022287488,-0.017775,-0.002674997,290.965,290.198975,291.28,17.3585949,17.359375,17.369688,305.2662,129.81926,49.57755,418.956238,419.2,419.328125,4.6051,4.64515,4.6427,185.185181,82.4,83.6,86.9,75.8,17.19,21.56875,26.51375,20.22875,6168.89551,84.1,82.8,5.51125,8.645,8.89875,87.4,86.9,0,2.1122,2.0922,2.0888,46.2225,46.01875,46.2162476,27.04062462,5.91
61.1000023,64.4,64.2000046,60.9,-0.020662487,-0.01613748,-0.001462519,279.075,275.525177,277.09,17.328125,17.3440628,17.3543758,305.555542,128.844849,49.6903954,418.550018,418.893768,418.918762,4.59045,4.6272,4.62155,184.259262,82.5,83.7000046,87.3,75.7000046,17.5162487,20.715,26.6775017,20.1887512,6175.22,84.1,82.7000046,5.5925,8.5225,8.735001,87.2000046,86.9,0,2.11465,2.09545,2.0937,46.1206245,45.89625,46.09375,26.578125,5.91
61,64.3,64.2000046,61,-0.020662487,-0.014912486,-0.000225008,264.75,260.5268,261.264984,17.3331261,17.359375,17.3595314,303.9641,128.809326,50.010128,417.328125,417.668762,417.493774,4.60675,4.65655,4.6346,183.680557,82.5,83.6,87.5,75.6,17.0675,21.2025,26.35125,20.31,6176.765,84,82.7000046,5.5925,8.8075,8.5725,87.3,86.7000046,0,2.1114,2.097075,2.0929,46.1006241,45.89625,46.1143761,27.02187538,5.95125
61.2,64.5,64.2000046,61,-0.020662487,-0.015737474,-0.000225008,253.675,248.624969,248.219986,17.3484383,17.369688,17.3748436,304.6875,130.000854,49.5587425,418.65,419.0969,418.918762,4.61975,4.66475,4.6509,184.722214,82.3,83.6,87.1,75.8,17.3525,20.43,26.51375,20.27,6172.082,84,82.8,5.43,8.685,8.49,87.2000046,86.8,0,2.1114,2.0922,2.087175,46.2631264,46.01875,46.2368774,26.24687576,5.86875
61.4,64.4,64.5,61.5,-0.017412484,-0.013700008,0.002212524,241.950012,233.951187,235.01001,17.3585949,17.3848438,17.385,305.4109,131.0208,49.84086,419.259369,419.8125,419.734375,4.6556,4.71365,4.67695,186.458328,82.3,83.8,86.9,76,17.0275,20.5525,26.6775017,20.1475,6168.89551,84.3,83.1,5.3475,8.5625,8.53125,87.4,87,0,2.10245,2.08565,2.08555,46.5681267,46.40625,46.56375,26.16874886,5.91
61.2,64.5,64.5,61.3,-0.019037485,-0.014100015,0.001399994,229.900009,221.235245,220.98,17.3739071,17.400156,17.405468,303.819458,130.06601,49.6903954,417.125,417.465637,417.493774,4.60345,4.67615,4.65575,182.523148,82.6,83.9,87.4,75.9,17.3112488,20.715,26.63625,20.10625,6172.082,84,82.8,5.51125,8.5625,8.65375,87.1,86.7000046,0,2.1122,2.088925,2.087175,46.4262466,46.28375,46.4618759,26.67500114,5.95125
61.3,64.4,64.5,61.3,-0.017412484,-0.012875021,0.003025055,216.545013,207.215759,206.79,17.36875,17.39,17.395155,305.555542,130.663589,49.3706627,419.1594,419.506256,419.53125,4.6002,4.6631,4.6509,185.069443,82.2000046,84,86.6,75.9,17.0675,20.51125,26.59625,20.31,6167.35,84.2000046,83,5.43,8.5625,8.49,87.2000046,86.8,0,2.108125,2.0922,2.08555,46.4868736,46.2431259,46.4818764,26.23437691,5.74624968
61.6000023,64.5,64.9,61.8,-0.014562488,-0.011250019,0.004662514,205.150009,195.149109,194.555,17.328125,17.359375,17.3595314,304.542816,130.221344,49.57755,418.243744,418.4875,418.612518,4.5823,4.61745,4.60685,184.606476,82.5,84,87.1,76.1,17.475,20.7550011,26.88,20.35125,6179.90332,84.2000046,83,5.5925,8.44125,8.735001,87.2000046,86.7000046,0,2.10325,2.0824,2.079025,46.7718735,46.59,46.7675,26.03437614,5.99125
61.2,64.1,65,61.5,-0.013337493,-0.009612501,0.006287456,192.61,182.757813,182.325012,17.36375,17.3848438,17.395155,304.398132,129.2618,50.1417847,417.431244,418.078125,418.0031,4.62465,4.66635,4.65415,184.143509,82.5,84.1,87.6,75.9,17.3525,20.34875,26.2699986,20.1475,6179.90332,84.2000046,83,5.47,8.60375,8.5725,87.2000046,86.7000046,0,2.1057,2.091375,2.08555,46.5481262,46.3656235,46.5225029,25.36874962,5.8275
61.2,64.1,64.9,61.5,-0.014562488,-0.010437489,0.005475044,251.069992,243.570541,245.935013,17.36875,17.395155,17.405468,305.121521,131.048,49.65278,419.056244,419.403137,419.328125,4.623,4.668,4.65905,185.185181,82.3,83.9,86.8,75.9,16.945,21,26.9212513,20.71875,6179.90332,84.2000046,83,5.43,8.318749,8.81625,87.2000046,86.7000046,0,2.10895,2.088925,2.082275,46.5275,46.3656235,46.4818764,25.234375,5.99125
61.2,64.2000046,64.9,61.6000023,-0.013750017,-0.009612501,0.005887508,402.675018,410.1912,410.835,17.36875,17.400156,17.395155,305.2662,130.181564,49.29543,418.65,418.996857,418.818756,4.62625,4.66475,4.65415,184.606476,82.3,84,86.8,76,17.3525,20.67375,26.9212513,20.06625,6175.22,84.2000046,83,5.43,8.5625,8.735001,87.1,86.7000046,0,2.1057,2.0873,2.08555,46.609375,46.4268761,46.5843735,25.79062653,5.74624968
61.2,64.1,65,61.6000023,-0.012525022,-0.008387506,0.007112503,437.034973,448.8285,449.655,17.3585949,17.3848438,17.3748436,305.4109,129.890686,49.57755,418.446869,418.893768,418.715637,4.61325,4.6517,4.6411,184.143509,82.4,84.1,87.2000046,76,17.23,20.3075,26.6775017,20.27,6178.3584,84.2000046,83,5.51125,8.5625,8.65375,87.1,86.6,0,2.1057,2.0873,2.08555,46.58875,46.40625,46.56375,25.47187424,5.91
61.2,64.1,65,61.6000023,-0.012525022,-0.00880003,0.00751245,425.960022,436.2774,436.60498,17.3382816,17.36453,17.364687,304.1088,130.4664,49.7844353,417.53125,417.875,417.9,4.61,4.6517,4.6411,183.449066,82.4,84.1,87.3,76,17.3525,20.7550011,26.88,20.31,6178.3584,84.3,83,5.5925,8.645,8.65375,87.1,86.7000046,0,2.10895,2.09055,2.08555,46.5681267,46.3656235,46.5431252,25.5625,5.95125
61.2,64,65.1,61.6000023,-0.012112498,-0.00880003,0.007112503,411.794983,422.2529,422.580017,17.3382816,17.36453,17.369688,304.542816,130.592468,49.67159,417.9375,418.28125,418.309357,4.636,4.67125,4.6623,184.837967,82.3,83.9,87.1,75.9,17.39375,20.43,26.6775017,20.35125,6172.082,84.2000046,83,5.3475,8.72625,8.65375,87.1,86.6,0,2.107325,2.09055,2.087175,46.609375,46.40625,46.5843735,25.99374962,5.705
61.1000023,64,65.1,61.6000023,-0.012112498,-0.00880003,0.007925034,399.255,410.1912,408.225,17.36875,17.39,17.395155,304.832184,130.142792,49.5399323,418.65,418.893768,418.918762,4.59855,4.6435,4.62805,184.722214,82.3,83.9,86.9,75.9,17.10875,20.5525,26.75875,20.10625,6167.35,84.3,83,5.3475,8.5225,8.695,87.1,86.7000046,0,2.10975,2.09055,2.087175,46.58875,46.3856239,46.56375,26.03749847,5.74624968
61.2,63.9,65.1,61.6000023,-0.011712492,-0.007987499,0.008337498,389.64502,396.006927,396.32,17.3382816,17.359375,17.364687,305.8449,129.9756,49.5399323,419.056244,419.303131,419.328125,4.5823,4.62235,4.6101,184.606476,82.3,83.9,87,75.9,16.945,20.7550011,26.7174988,20.025,6178.3584,84.3,83,5.51125,8.48125,8.65375,87.1,86.7000046,0,2.110575,2.088925,2.0888,46.58875,46.40625,46.5431252,26.31875038,5.91
61.2,64,65.1,61.6000023,-0.012112498,-0.008387506,0.007925034,377.27002,382.961334,383.10498,17.3535938,17.39,17.39,304.1088,130.656677,49.5399323,417.8375,418.078125,418.0031,4.636,4.65985,4.67045,184.259262,82.3,83.9,86.9,75.9,17.10875,20.9187489,26.6775017,20.27,6167.35,84.3,83.1,5.43,8.5625,8.5725,87.1,86.6,0,2.10975,2.0922,2.087175,46.58875,46.4268761,46.6043739,26.265625,5.95125
61.2,64,65.1,61.6000023,-0.011712492,-0.008387506,0.007925034,364.08,368.617218,369.735016,17.3484383,17.3798428,17.385,304.1088,130.3456,49.7280121,417.734375,418.181244,418.309357,4.6051,4.65495,4.6297,183.680557,82.4,83.9,87.1,75.9,17.475,20.39,26.4324989,20.1475,6178.3584,84.3,83.1,5.51125,8.5225,8.735001,87,86.6,0,2.1122,2.093825,2.0888,46.5681267,46.3856239,46.5431252,25.85000038,5.8275
61.3,64.2000046,65.4,61.8,-0.010487497,-0.007175028,0.009549975,353.66,357.52948,358.97,17.3535938,17.3746872,17.3798428,304.1088,130.142548,49.76563,417.9375,418.28125,418.206238,4.62465,4.67125,4.65415,184.722214,82.5,84.1,87.2000046,76.2000046,17.19,20.8775,26.59625,20.1475,6178.3584,84.3,83.1,5.5925,8.645,8.735001,87.1,86.7000046,0,2.10245,2.08565,2.084725,46.8331261,46.65125,46.82875,25.76875114,5.8275
61.1000023,63.9,65.2000046,61.7,-0.01008749,-0.006362498,0.009549975,341.935,346.117126,347.225,17.4043751,17.4307823,17.4360943,304.832184,131.250641,49.5399323,418.65,418.996857,418.818756,4.61,4.65495,4.6427,184.837967,82.2000046,83.8,86.8,75.9,17.14875,20.633749,26.75875,20.1887512,6170.489,84.3,83.1,5.51125,8.4,8.49,87.1,86.6,0,2.1122,2.0922,2.088,46.609375,46.40625,46.6043739,25.86874962,5.74624968
61.1000023,63.9,65.3,61.7,-0.01008749,-0.00553751,0.009962559,328.58,332.9117,333.525,17.3535938,17.39,17.39,305.2662,130.262161,49.4647026,418.550018,418.996857,418.918762,4.6051,4.64515,4.6346,184.606476,82.2000046,84.1,86.8,75.9,17.3112488,20.5925,26.798748,19.9849987,6172.082,84.4,83.1,5.51125,8.4,8.40875,87.1,86.7000046,0,2.113025,2.088925,2.0888,46.609375,46.4468765,46.625,26.10937309,5.665
61.1000023,63.8,65.4,61.7,-0.009275019,-0.00553751,0.011187553,318.16,320.520416,320.8,17.3331261,17.359375,17.364687,304.6875,129.946426,49.74682,417.734375,418.181244,418.103119,4.6165,4.6582,4.64435,183.680557,82.4,84.1,87.3,75.9,17.19,20.4712486,26.18875,19.8625,6170.489,84.3,83.1,5.5925,8.48125,8.65375,87.1,86.6,0,2.110575,2.0922,2.087175,46.67,46.4268761,46.6043739,26.04374886,5.665
61.1000023,63.8,65.3,61.7,-0.009275019,-0.00553751,0.011187553,306.925018,308.948242,308.73,17.3585949,17.395155,17.395155,304.1088,130.595764,49.74682,418.040619,418.5875,418.512482,4.6214,4.6582,4.64925,184.490738,82.3,83.9,87,75.8,16.7825,20.5925,26.35125,20.025,6168.89551,84.3,83.1,5.47,8.48125,8.49,87.1,86.6,0,2.1114,2.0922,2.0888,46.609375,46.3856239,46.5843735,26.11874962,5.7875
61,63.8,65.2000046,61.6000023,-0.009675026,-0.006362498,0.009962559,295.365,294.4343,296.335,17.3535938,17.369688,17.369688,304.6875,129.978546,49.6339722,418.446869,418.996857,418.818756,4.60675,4.6468,4.63785,184.606476,82.3,83.9,87,75.8,17.27125,20.39,26.59625,20.31,6172.082,84.3,83,5.43,8.5225,8.65375,87,86.7000046,0,2.110575,2.091375,2.087175,46.5481262,46.3243752,46.5431252,25.67499924,5.8275
61,63.8,65.3,61.7,-0.009275019,-0.00553751,0.011187553,282.66,280.254974,281,17.36375,17.39,17.385,304.6875,130.549347,49.57755,418.3469,418.6906,418.615631,4.6051,4.64845,4.63295,184.606476,82.3,84.1,87,75.9,17.3112488,20.715,26.59625,20.10625,6175.22,84.3,83.1,5.3075,8.5225,8.5725,87.1,86.6,0,2.1065,2.093825,2.0839,46.609375,46.3656235,46.5843735,25.81562424,5.7875
61.1000023,63.8,65.3,61.7,-0.010487497,-0.006362498,0.010362506,271.26,266.884766,268.115,17.3382816,17.3746872,17.369688,305.4109,130.430588,49.4647026,418.853119,419.2,419.125,4.5937,4.63375,4.62645,184.722214,82.2000046,84,86.9,75.9,17.19,20.83625,26.51375,19.9037514,6172.082,84.4,83.1,5.51125,8.645,8.5725,87.1,86.7000046,0,2.107325,2.0922,2.0888,46.58875,46.4468765,46.56375,26.5625,5.8275
61.2,64,65.6,61.9,-0.008050025,-0.004312515,0.011999965,258.235016,252.700455,253.11,17.328125,17.359375,17.3543758,302.662048,129.076172,50.3298645,416.615631,417.056274,416.881256,4.59045,4.62885,4.6199,183.101852,82.6,84,87.9,75.9,17.14875,20.9187489,26.0262489,20.06625,6167.35,84.4,83.2000046,5.5925,8.72625,8.5725,87.1,86.7000046,0,2.10895,2.088925,2.0839,46.8331261,46.65125,46.8493767,27.44687462,6.03250027
61.3,64.1,65.3,61.8,-0.011712492,-0.007987499,0.008737445,247.16,240.473984,240.555,17.44,17.4562511,17.4665623,305.4109,130.399353,49.8596649,418.956238,419.303131,419.125,4.6556,4.6957,4.6835,185.416656,82.3,84,87.1,76,16.8225,21,26.35125,20.1475,6168.89551,84.5,83.3,5.43,8.7675,8.5725,87.2000046,86.7000046,0,2.10895,2.0881,2.08065,46.751873,46.5693741,46.7881279,28.34375,5.8275
61.5,64.4,65.2000046,61.8,-0.014562488,-0.010437489,0.005475044,236.25,227.758057,228.155,17.4501553,17.4715633,17.4768753,306.5683,130.36145,49.29543,418.956238,419.303131,419.225,4.6165,4.65655,4.64435,185.069443,82.3,84.1,86.9,76.2000046,17.55625,21.08125,26.75875,20.025,6178.3584,84.4,83.2000046,5.43,8.48125,8.53125,87.1,86.7000046,0,2.104075,2.0824,2.077375,46.955,46.7125,46.9306259,28.90937614,5.91
61.5,64.5,65.3,61.9,-0.014562488,-0.010837495,0.005475044,224.69,213.40892,214.455,17.4348431,17.4562511,17.4564075,305.555542,130.395386,49.48351,418.040619,418.28125,418.309357,4.61325,4.6517,4.6411,184.259262,82.5,84.1,87.1,76.3,16.945,20.83625,26.75875,20.1475,6178.3584,84.4,83.3,5.43,8.48125,8.40875,87.2000046,86.7000046,0,2.104075,2.08565,2.08065,46.9756241,46.8143768,47.0125,29.50937462,5.99125
61.6000023,64.6,65.2000046,61.9,-0.016187489,-0.012875021,0.003849983,211.334991,201.34726,200.755,17.4451561,17.4715633,17.4768753,305.2662,129.6314,49.6339722,418.446869,418.6906,418.715637,4.59855,4.63865,4.6248,184.490738,82.5,83.8,87.1,76.2000046,17.0275,21.40625,26.59625,19.9037514,6173.627,84.6,83.4,5.5925,8.4,8.5725,87.3,86.9,0,2.107325,2.0873,2.081475,47.0568733,46.835,47.0331268,30.359375,5.74624968
61.8,64.9,65.1,61.9,-0.019037485,-0.01532501,0.000587463,196.519989,186.019211,185.745,17.40953,17.4307823,17.4360943,305.555542,129.797958,49.84086,418.853119,419.403137,419.225,4.6165,4.65655,4.6427,184.490738,82.7000046,84,87.4,76.3,17.19,21,26.51375,19.9849987,6172.082,84.7000046,83.5,5.51125,8.72625,8.5725,87.5,87,0,2.1057,2.0873,2.0839,47.1181259,46.91625,47.07375,30.83437347,6.03250027
62,65.3,64.8,61.8,-0.023100019,-0.018987477,-0.003487527,219.805008,209.822891,210.704987,17.4145317,17.4410954,17.4614067,305.555542,130.2303,49.3706627,419.056244,419.403137,419.53125,4.6214,4.65985,4.64765,185.300919,82.6,83.8,86.8,76.4,16.98625,21.4875,26.6775017,20.22875,6178.3584,84.6,83.5,5.3475,8.318749,8.5725,87.4,87,0,2.1008,2.08565,2.079025,47.1381264,46.998127,47.1756248,31.44062424,5.99125
62.1000023,65.5,64.7000046,61.8,-0.02391249,-0.020212472,-0.004712522,345.195,349.703156,350.65,17.3585949,17.3848438,17.385,305.2662,130.207657,49.1073532,418.65,418.893768,418.918762,4.57255,4.64025,4.62805,184.143509,82.6,83.7000046,86.8,76.5,17.0275,22.05625,26.9212513,20.025,6176.765,84.5,83.4,5.51125,8.60375,8.49,87.4,86.9,0,2.10325,2.084025,2.0839,47.24,47.03875,47.2575,31.94687271,6.03250027
62.1000023,65.6,64.8,61.8,-0.024737477,-0.021037519,-0.005124986,442.735016,454.212524,455.530029,17.3484383,17.369688,17.3748436,304.832184,129.720016,49.74682,418.040619,418.384369,418.206238,4.57415,4.61745,4.6036,183.680557,82.8,83.9,87.5,76.5,16.98625,21.7725,26.51375,20.06625,6168.89551,84.7000046,83.6,5.51125,8.48125,8.53125,87.6,87.1,0,2.1008,2.086475,2.08065,47.2806244,47.1,47.2981262,32.46249771,5.91
62.3,65.9,64.7000046,61.8,-0.025550008,-0.02184999,-0.006749988,431.659973,442.4705,442.805,17.3484383,17.36453,17.369688,304.6875,129.885422,49.5399323,417.8375,418.181244,418.103119,4.60675,4.64845,4.6362,183.680557,82.9,83.9,87.3,76.6,17.76125,21.975,26.6775017,20.10625,6168.89551,84.7000046,83.7000046,5.67375,8.5225,8.5725,87.7000046,87.2000046,0,2.095925,2.084025,2.076575,47.4231262,47.2225,47.4,32.46875,5.8275
62.2,66,64.4,61.6000023,-0.02880001,-0.024699986,-0.010012507,414.4,422.5775,423.235,17.36375,17.39,17.395155,304.1088,130.2782,49.76563,417.228119,417.568756,417.59375,4.63115,4.67125,4.65905,183.912033,82.9,83.8,87.5,76.4,17.3525,21.4875,26.2699986,20.1475,6172.082,84.6,83.4,5.51125,8.44125,8.735001,87.6,87,0,2.104075,2.0873,2.082275,47.1787529,46.9775,47.19625,32.35312271,5.91
62.2,65.8,64.3,61.6000023,-0.02798748,-0.02429998,-0.009199977,400.555,407.743927,408.55,17.3382816,17.369688,17.364687,304.6875,130.286835,49.76563,418.446869,418.996857,418.918762,4.62625,4.66635,4.65415,185.069443,82.8,83.8,87.3,76.4,17.475,21.04,26.6775017,19.9849987,6172.082,84.5,83.4,5.5925,8.36,8.695,87.6,87.1,0,2.107325,2.0873,2.082275,47.1587524,46.9775,47.1556244,32.68125153,5.91
62,65.7000046,64,61.2,-0.030425012,-0.02592498,-0.011650026,387.53,392.910339,393.875,17.36875,17.39,17.4003124,305.2662,130.512939,49.5399323,418.956238,419.2,419.328125,4.61325,4.6517,4.64435,185.300919,82.6,83.6,86.9,76.2000046,17.19,20.7550011,26.75875,19.8625,6175.22,84.3,83.1,5.3475,8.4,8.735001,87.4,87,0,2.108125,2.0873,2.08555,46.6906242,46.5493736,46.6656227,32.96562576,5.91
62,65.6,63.9,61.2,-0.030837476,-0.02592498,-0.011650026,371.735,377.4225,377.885,17.3331261,17.359375,17.3595314,305.4109,129.932648,49.5587425,418.446869,418.893768,418.818756,4.6051,4.6419,4.6346,184.606476,82.7000046,83.6,87.1,76.1,17.0275,20.95875,26.35125,20.06625,6179.90332,84.3,83.1,5.51125,8.44125,8.89875,87.5,87,0,2.107325,2.093825,2.0839,46.67,46.4468765,46.6656227,35.28125,5.99125
62,65.6,63.9,61.2,-0.030025005,-0.02511251,-0.010012507,359.685,364.3769,365.330017,17.3382816,17.359375,17.364687,304.832184,129.997131,49.7280121,417.9375,418.28125,418.103119,4.59205,4.637,4.6297,184.259262,82.7000046,83.7000046,87.3,76.2000046,16.945,20.5925,26.5549984,20.1475,6178.3584,84.4,83.2000046,5.43,8.685,8.5725,87.5,87.1,0,2.107325,2.0873,2.087175,46.6906242,46.4881248,46.70625,37.03125,5.91
62.1000023,65.9,63.6000023,61,-0.032462478,-0.0291875,-0.014100015,350.725,354.922363,356.03,17.3942184,17.4206238,17.4257813,304.832184,132.896469,49.5587425,419.056244,419.506256,419.53125,4.6002,4.63865,4.62645,184.722214,82.4,83.4,86.2000046,76.1,16.86375,21.73125,26.9212513,20.27,6172.082,84.6,83.4,5.51125,8.4,8.65375,87.8,87.4,0,2.10895,2.088925,2.08555,46.6293755,46.4675026,46.645,36.62812424,5.91
62.1000023,65.8,63.6000023,61,-0.032875,-0.029600024,-0.014500022,335.419983,339.4345,340.54,17.3484383,17.3848438,17.395155,303.096069,132.416916,49.5963554,418.040619,418.28125,418.309357,4.636,4.67615,4.6639,184.259262,82.5,83.5,86.6,76.1,16.9037514,20.95875,26.9212513,20.1475,6172.082,84.5,83.2000046,5.55250025,8.685,8.735001,87.7000046,87.2000046,0,2.108125,2.0873,2.08555,46.65,46.40625,46.645,35.13750076,5.99125
61.8,65.3,63.6000023,61,-0.02798748,-0.02511251,-0.010012507,324.835,328.8362,329.61,17.36875,17.400156,17.395155,303.674774,133.1006,49.822052,417.8375,418.28125,418.309357,4.60835,4.6468,4.63945,183.912033,82.5,83.4,86.5,76,17.0675,21.24375,27.49,20.55625,6176.765,84.7000046,83.4,5.43,8.645,8.49,87.9,87.4,0,2.110575,2.0922,2.084725,46.4868736,46.2431259,46.4618759,28.97812462,5.8275
61.6000023,65,63.6000023,60.9,-0.026362479,-0.023074985,-0.007974982,312.949982,315.306183,315.905,17.3739071,17.400156,17.4003124,304.1088,133.2315,49.8784752,419.056244,419.403137,419.328125,4.60835,4.6533,4.6346,184.722214,82.3,83.4,86.3,75.9,16.945,20.5525,27.2462482,20.31,6175.22,84.6,83.4,5.51125,8.5225,8.65375,88,87.5,0,2.1114,2.0922,2.09125,46.2631264,46.1,46.2775,29.01875114,5.665
61.5,64.7000046,63.7,60.9,-0.024737477,-0.021449983,-0.005937517,300.735,301.1219,302.535,17.3840637,17.4103127,17.41047,304.1088,133.663284,49.7280121,418.853119,419.2,419.328125,4.6279,4.6696,4.63945,184.490738,82.2000046,83.4,86.1,75.8,16.86375,21.65,27.6537514,20.5962486,6175.22,84.6,83.3,5.5925,8.685,8.49,87.9,87.4,0,2.1122,2.0922,2.0888,46.2225,45.998127,46.19625,29.27499962,5.86875
61.5,64.7000046,63.7,61,-0.023512483,-0.020212472,-0.005124986,289.825,288.57077,289.81,17.36875,17.39,17.395155,303.096069,133.500183,49.5399323,417.8375,418.078125,418.0031,4.60835,4.6419,4.62805,183.449066,82.2000046,83.4,86.1,75.8,16.7825,21.40625,27.3275,20.22875,6178.3584,84.5,83.2000046,5.5925,8.5225,8.5725,87.7000046,87.2000046,0,2.1122,2.09545,2.087175,46.2225,45.998127,46.1756248,27.72499847,5.7875
61.3,64.5,63.7,60.9,-0.023100019,-0.020212472,-0.004299998,277.125,273.567352,275.294983,17.3840637,17.4103127,17.41047,303.240753,134.242325,49.74682,418.040619,418.384369,418.309357,4.6409,4.68105,4.6688,184.143509,82.1,83.6,86,75.7000046,17.39375,21.24375,27.164999,20.515,6168.89551,84.6,83.2000046,5.5925,8.5625,8.49,87.7000046,87.2000046,0,2.110575,2.093825,2.09045,46.14125,45.9168777,46.135,27.42187309,5.86875
61.3,64.4,63.7,60.9,-0.022287488,-0.0194,-0.003487527,266.050018,261.995178,262.89502,17.3739071,17.4154682,17.4257813,303.9641,134.232773,49.40828,418.446869,418.893768,418.715637,4.623,4.6631,4.6525,184.606476,82,83.6,85.7000046,75.8,17.14875,21.1625,27.4087486,20.3925,6172.082,84.4,83.1,5.51125,8.5625,8.65375,87.6,87.1,0,2.113825,2.09545,2.092075,46.1006241,45.9168777,46.1143761,26.5625,5.91
61.2,64.2000046,63.8,61,-0.019850016,-0.016962528,-0.001049995,254.98,249.11441,248.219986,17.3739071,17.400156,17.4003124,304.398132,133.859741,49.40828,418.853119,419.303131,419.125,4.5823,4.62395,4.6101,184.259262,81.9,83.6,85.7000046,75.8,17.0275,21.08125,27.97875,20.71875,6179.90332,84.5,83.2000046,5.43,8.48125,8.49,87.7000046,87.1,0,2.110575,2.094625,2.0888,46.1006241,45.9575,46.1143761,26.46875,5.8275
61.2,64.1,64,61.1000023,-0.018225014,-0.01532501,0.000587463,242.109985,234.605484,235.01001,17.3789063,17.4103127,17.405468,303.096069,133.550232,49.6903954,417.53125,417.875,417.9,4.60675,4.6468,4.6313,183.449066,82,83.7000046,86.2000046,75.7000046,17.10875,21.08125,27.164999,20.515,6179.90332,84.4,83.2000046,5.43,8.72625,8.327499,87.6,87.1,0,2.1122,2.09545,2.0888,46.14125,45.9168777,46.07375,26.41249847,6.07375
61.1000023,64,64,61.1000023,-0.017412484,-0.014512479,0.001399994,225.99,218.952774,218.86,17.38922,17.4154682,17.4257813,303.240753,133.581787,49.8596649,417.8375,418.28125,418.206238,4.61,4.65495,4.63945,183.680557,82.1,83.6,86.3,75.7000046,17.435,21,27.2462482,20.1887512,6175.22,84.6,83.3,5.55250025,8.645,8.40875,87.6,87.2000046,0,2.110575,2.09545,2.09045,46.079998,45.8756256,46.135,26.35312462,5.91
61.2,64.1,64.1,61.1000023,-0.019037485,-0.01532501,0.000587463,217.849991,209.173615,208.255,17.38922,17.4154682,17.4156246,303.819458,133.726532,49.5963554,418.243744,418.790649,418.715637,4.6393,4.68595,4.6623,184.722214,82,83.6,86.1,75.7000046,17.5975,21.56875,27.897501,20.6775,6178.3584,84.5,83.2000046,5.5925,8.60375,8.327499,87.6,87.1,0,2.110575,2.093825,2.092075,46.1818771,45.9575,46.1556244,26.46562386,5.99125
61.1000023,64,64,61,-0.018625021,-0.01613748,0.000587463,205.474991,195.478745,195.045,17.3739071,17.400156,17.405468,304.542816,133.375549,49.40828,419.056244,419.403137,419.431244,4.6018,4.6435,4.6346,184.722214,81.8,83.6,85.8,75.7000046,16.98625,21.08125,27.2462482,20.515,6168.89551,84.5,83.2000046,5.47,8.5225,8.5725,87.6,87.1,0,2.1114,2.0922,2.09045,46.079998,45.9575,46.0531273,26.40625,5.91
61.2,64.1,64.1,61.1000023,-0.019037485,-0.01613748,-0.000225008,193.585,183.4121,183.14,17.36875,17.39,17.395155,303.674774,133.1586,49.3518524,418.243744,418.6906,418.715637,4.5823,4.63535,4.6232,183.449066,81.9,83.6,85.9,75.8,17.0675,21.40625,27.6537514,20.758749,6179.90332,84.5,83.2000046,5.5925,8.5225,8.5725,87.6,87.1,0,2.110575,2.0922,2.087175,46.14125,45.9168777,46.1556244,25.99687576,5.99125
61.3,64.3,64.3,61.3,-0.018225014,-0.014912486,0.00098753,258.56,252.700455,254.74,17.36875,17.3848438,17.395155,302.517365,133.223267,49.67159,417.431244,417.668762,417.696869,4.623,4.6696,4.6574,183.333328,82.2000046,83.6,86.4,75.8,16.98625,21.1625,27.0025024,20.35125,6170.489,84.6,83.4,5.43,8.36,8.49,87.6,87.1,0,2.104875,2.088925,2.0839,46.4056244,46.2025,46.38,25.97187424,5.74624968
61.5,64.5,64.6,61.6000023,-0.016600013,-0.012875021,0.003025055,381.18,386.877,387.675,17.36875,17.395155,17.395155,303.240753,133.152435,49.822052,417.8375,418.078125,418.206238,4.61,4.6533,4.63945,183.680557,82.3,83.9,86.6,76.1,17.0275,21,27.2062511,20.3925,6178.3584,84.8,83.6,5.43,8.685,8.327499,87.6,87.2000046,0,2.10895,2.09055,2.08065,46.65,46.4881248,46.625,25.98749924,5.91
61.5,64.5,64.6,61.5,-0.016187489,-0.013700008,0.003025055,440.455017,452.579346,453.73,17.36875,17.400156,17.395155,304.1088,133.066925,49.4458923,418.446869,418.996857,418.818756,4.6214,4.6582,4.6509,184.606476,82.1,83.9,86.2000046,76.1,17.6375,21.08125,27.8162518,20.3925,6183.042,84.7000046,83.5,5.5925,8.72625,8.327499,87.5,87.1,0,2.1057,2.088925,2.08555,46.6293755,46.4675026,46.645,25.94375038,5.95125
61.4,64.4,64.8,61.6000023,-0.014562488,-0.011250019,0.00425005,427.75,438.559875,438.889984,17.3840637,17.4103127,17.405468,303.3854,133.468536,49.8784752,417.8375,418.181244,418.103119,4.60675,4.6517,4.6427,184.027771,82.2000046,83.8,86.7000046,76,17.27125,20.7550011,27.0837479,20.1475,6170.489,84.8,83.6,5.3475,8.5625,8.327499,87.6,87.1,0,2.104875,2.0881,2.0839,46.73125,46.54875,46.7268753,26.05000114,5.8275
61.5,64.5,64.7000046,61.6000023,-0.015775025,-0.01206249,0.003849983,417.98,426.493225,427.475037,17.4145317,17.4410954,17.4410954,303.819458,133.8476,49.5963554,418.446869,418.893768,418.818756,4.6295,4.668,4.6639,184.490738,82.1,83.9,86.2000046,76.1,17.39375,21.28375,27.2062511,20.22875,6172.082,84.8,83.6,5.3475,8.48125,8.40875,87.6,87.1,0,2.1065,2.0881,2.082275,46.7718735,46.59,46.7675,26.20937538,5.95125
61.4,64.3,64.9,61.7,-0.013337493,-0.010437489,0.005887508,404.63,412.149048,412.465,17.3229675,17.3492184,17.3543758,303.819458,131.954315,49.40828,418.040619,418.28125,418.206238,4.60345,4.64845,4.6362,183.912033,82.2000046,83.9,86.5,76,17.0275,20.79625,27.0025024,20.31,6172.082,84.8,83.5,5.3475,8.645,8.49,87.6,87.1,0,2.1057,2.09055,2.08555,46.751873,46.5693741,46.7268753,25.83124924,5.8275
61.4,64.2000046,65.2000046,61.8,-0.010900021,-0.007987499,0.008737445,392.415,398.943665,399.42,17.3382816,17.369688,17.364687,303.096069,132.208023,50.066555,417.431244,417.975,417.9,4.6393,4.6794,4.63785,184.143509,82.4,84,87.1,76,17.5975,20.9187489,26.63625,20.27,6178.3584,84.8,83.5,5.47,8.97,8.5725,87.6,87.1,0,2.108125,2.0881,2.08555,46.7925,46.6106224,46.82875,26.03749847,6.07375
61.3,64.2000046,65.2000046,61.8,-0.010487497,-0.007574975,0.008737445,382.64502,387.855927,389.305,17.3585949,17.39,17.39,303.674774,132.686615,50.02894,417.8375,418.28125,418.206238,4.65885,4.7055,4.6933,184.722214,82.4,84,87.1,76,17.475,20.9187489,26.9612484,20.6375,6179.90332,84.7000046,83.6,5.47,8.318749,8.40875,87.5,87.1,0,2.108125,2.088925,2.084725,46.7925,46.59,46.7475,25.671875,6.15499973
61.4,64.2000046,65,61.8,-0.011712492,-0.008387506,0.007925034,371.245,377.4225,378.215,17.3789063,17.4053116,17.4156246,304.832184,133.73822,49.4647026,419.1594,419.709381,419.53125,4.68485,4.72505,4.70795,185.995361,82,84,85.9,76.1,17.19,21.28375,27.49,20.515,6178.3584,84.8,83.6,5.51125,8.278749,8.40875,87.5,87.1,0,2.107325,2.0881,2.0831,46.8125,46.6106224,46.8081245,25.75312614,5.8275
61.4,64.3,65,61.7,-0.012525022,-0.009612501,0.007112503,358.544983,364.052277,364.84,17.3789063,17.400156,17.405468,304.832184,133.612732,49.2578163,419.056244,419.403137,419.53125,4.6393,4.68105,4.66715,185.416656,81.9,84,85.7000046,76.1,17.7200012,21.89375,27.9374981,20.71875,6179.90332,84.9,83.7000046,5.3475,8.4,8.49,87.6,87.1,0,2.1057,2.09055,2.08555,46.7718735,46.5693741,46.7675,25.69687271,5.8275
61.5,64.3,65,61.8,-0.011712492,-0.00880003,0.00751245,348.449982,353.6188,354.4,17.328125,17.3492184,17.3595314,304.542816,133.133484,49.1073532,418.853119,419.2,419.125,4.62625,4.66475,4.65575,185.069443,82,84,85.7000046,76.1,17.0675,21.3249989,27.49,20.35125,6186.228,84.8,83.5,5.51125,8.48125,8.40875,87.4,87,0,2.107325,2.08565,2.082275,46.751873,46.6106224,46.8081245,25.765625,6.07375
61.3,64.1,65.1,61.8,-0.010900021,-0.007574975,0.008737445,339.82,343.834625,344.78,17.3382816,17.36453,17.3798428,303.674774,132.9485,49.4647026,417.9375,418.28125,418.206238,4.61,4.6517,4.6509,184.259262,82.1,84,86.3,76,17.5162487,20.8775,27.49,20.515,6175.22,84.9,83.7000046,5.3475,8.4,8.327499,87.5,87,0,2.10895,2.088925,2.08555,46.751873,46.5693741,46.7268753,25.73749924,5.8275
61.3,64,65.2000046,61.8,-0.008862495,-0.00553751,0.011187553,328.58,331.77298,332.544983,17.3789063,17.3798428,17.4003124,303.096069,132.125916,49.65278,417.025,417.465637,417.2875,4.6018,4.6435,4.62645,183.333328,82.2000046,83.9,86.7000046,76,17.7200012,20.67375,27.0837479,20.3925,6175.22,84.8,83.6,5.3475,8.5625,8.327499,87.5,87,0,2.10895,2.088925,2.087175,46.751873,46.6106224,46.7675,24.95000076,5.8275
61.2,63.9,65.2000046,61.8,-0.008449972,-0.00553751,0.011187553,319.625,321.664154,322.27002,17.3789063,17.4053116,17.4156246,303.674774,132.554031,49.74682,417.634369,417.875,417.9,4.63765,4.68105,4.66555,184.027771,82.2000046,83.9,86.7000046,75.9,17.39375,20.4712486,27.0025024,19.8625,6173.627,84.7000046,83.5,5.47,8.5625,8.49,87.4,87,0,2.107325,2.09055,2.0839,46.7106247,46.5081253,46.6856232,25.29062653,5.8275
61.2,63.9,65.3,61.8,-0.007637501,-0.004724979,0.011999965,307.085,308.623566,309.22,17.40953,17.4307823,17.4360943,303.9641,132.443146,49.6903954,417.634369,418.078125,418.103119,4.6556,4.69735,4.6851,184.606476,82.2000046,84,86.7000046,75.8,17.0275,20.9187489,26.75875,19.94375,6165.75732,84.7000046,83.5,5.51125,8.318749,8.49,87.4,87,0,2.10895,2.09055,2.087175,46.6293755,46.4468765,46.625,24.97812462,5.705
61.2,63.9,65.3,61.8,-0.007637501,-0.003912508,0.011999965,302.2,301.611359,304.815,17.3840637,17.4103127,17.4206238,304.1088,132.865585,49.65278,418.040619,418.5875,418.309357,4.6523,4.6941,4.6802,184.837967,82.1,84,86.5,75.9,16.9037514,21.04,26.9612484,20.31,6170.489,84.8,83.5,5.43,8.48125,8.367499,87.5,87,0,2.108125,2.09055,2.0888,46.751873,46.5693741,46.70625,24.8125,5.7875
61.1000023,63.9,65.3,61.7,-0.007637501,-0.003912508,0.011999965,290.15,290.5236,291.28,17.3078117,17.3390636,17.3390636,303.819458,131.154037,49.65278,417.8375,418.181244,418.103119,4.61485,4.6631,4.64925,184.259262,82.3,84.1,87,75.8,17.7200012,21.04,26.63625,20.1475,6175.22,84.5,83.2000046,5.51125,8.8075,8.5725,87.2000046,86.7000046,0,2.10895,2.09055,2.08555,46.6293755,46.4675026,46.6043739,25.02812386,6.15499973
61.2,63.9,65.5,61.8,-0.008449972,-0.003912508,0.011999965,280.38,277.483032,278.23,17.3229675,17.3492184,17.3543758,303.9641,131.138779,49.7280121,418.040619,418.384369,418.409363,4.65065,4.69245,4.6786,185.069443,82.2000046,84,87,75.9,17.23,20.715,26.51375,20.06625,6165.75732,84.5,83.3,5.5925,8.8075,8.327499,87.2000046,86.8,0,2.1057,2.088925,2.084725,46.751873,46.52875,46.7675,25.23125076,6.23625
61.1000023,63.7,65.5,61.9,-0.00682497,-0.003087521,0.013637543,272.565,268.0235,269.585,17.34328,17.36453,17.369688,305.2662,129.366562,49.7280121,419.056244,419.506256,419.431244,4.623,4.65985,4.64925,185.069443,82.4,84,87.4,75.8,17.27125,20.9187489,26.3112488,20.10625,6167.35,84.1,82.9,5.43,8.48125,8.735001,86.8,86.5,0,2.10895,2.0922,2.08555,46.7106247,46.5693741,46.7268753,26.05937386,5.91
61.2,63.9,65.4,61.8,-0.009275019,-0.004724979,0.011600018,263.12,257.919678,258.82,17.3484383,17.369688,17.3748436,305.555542,129.179871,49.65278,418.65,419.0969,419.225,4.61,4.64845,4.6411,184.722214,82.4,84.2000046,87.5,75.9,16.98625,20.18625,26.2699986,19.94375,6175.22,84.1,82.9,5.3075,8.318749,8.5725,86.9,86.4,0,2.104875,2.0881,2.08065,46.7106247,46.5693741,46.6856232,26.82187653,5.7875
61.4,64.3,65.6,62,-0.011300027,-0.007574975,0.008737445,252.375,246.182663,245.444992,17.3484383,17.369688,17.3748436,305.8449,129.757,49.5023155,418.853119,419.0969,419.125,4.60675,4.6468,4.6346,184.837967,82.4,84.3,87.2000046,76.1,16.741251,20.9187489,26.8400021,20.22875,6168.89551,84.4,83.2000046,5.43,8.318749,8.53125,87,86.6,0,2.10325,2.0824,2.08065,47.0975,46.8756256,47.0531273,27.61562538,5.95125
61.4,64.2000046,65.4,61.9,-0.012112498,-0.008387506,0.00751245,239.669983,231.5089,230.6,17.3739071,17.400156,17.4003124,304.832184,129.983871,49.6903954,418.65,419.0969,419.021881,4.59205,4.63535,4.6232,184.722214,82.4,83.9,87.4,75.9,16.98625,20.95875,26.51375,20.025,6168.89551,84.3,83.1,5.55250025,8.44125,8.40875,87,86.5,0,2.10245,2.0873,2.0839,46.9143753,46.7125,46.9106255,27.91875076,5.99125
61.7,64.7000046,65.4,62,-0.014150024,-0.010437489,0.005475044,228.76001,219.9317,219.84,17.3585949,17.3798428,17.385,305.2662,129.718658,49.5963554,418.243744,418.6906,418.715637,4.61975,4.66145,4.64435,184.259262,82.7000046,84.3,87.4,76.3,16.98625,20.79625,26.75875,20.1475,6176.765,84.4,83.3,5.43,8.4,8.49,87.1,86.6,0,2.099175,2.080775,2.079025,47.1787529,46.9775,47.1556244,28.57500076,5.86875
61.7,64.8,65.2000046,61.9,-0.016600013,-0.012462497,0.003437519,219.155,206.5615,209.559982,17.3585949,17.39,17.385,305.2662,129.444427,49.40828,418.65,419.0969,419.125,4.6051,4.6517,4.6346,184.143509,82.6,84.2000046,87.3,76.3,16.9037514,21.12125,26.4324989,20.10625,6179.90332,84.3,83.2000046,5.3475,8.72625,8.81625,87.1,86.7000046,0,2.1008,2.08565,2.08065,47.1381264,46.9368744,47.0943756,29.24687576,5.91
61.9,65.1,65,61.9,-0.019037485,-0.01532501,0.000587463,206.775,196.128036,196.84,17.4043751,17.4307823,17.4309387,304.398132,130.060959,49.5587425,417.8375,418.078125,418.103119,4.6002,4.6435,4.6362,183.564819,82.6,84,87.2000046,76.3,16.86375,20.715,26.59625,19.9849987,6172.082,84.5,83.3,5.51125,8.4,8.5725,87.3,86.8,0,2.1008,2.0824,2.07985,47.1993752,47.0181274,47.2168732,30.06562614,5.91
62,65.2000046,65,61.9,-0.019437492,-0.01532501,0.000174999,193.75,183.087463,183.14,17.3942184,17.4154682,17.4206238,305.555542,129.98616,49.5399323,418.65,418.893768,418.818756,4.62625,4.668,4.65415,184.722214,82.7000046,83.9,87.2000046,76.3,16.5775,20.7550011,26.51375,19.9037514,6172.082,84.5,83.4,5.5925,8.645,8.65375,87.4,86.9,0,2.1008,2.080775,2.077375,47.2606239,47.1,47.2981262,30.67187309,5.95125
62.1000023,65.3,65,62,-0.019850016,-0.016550005,-0.001049995,257.91,252.375824,253.765015,17.3331261,17.359375,17.3543758,304.832184,128.9599,49.5587425,418.040619,418.384369,418.309357,4.59045,4.63045,4.61665,183.912033,82.9,84,87.6,76.4,16.945,21.28375,26.4324989,19.8625,6172.082,84.4,83.3,5.51125,8.645,8.65375,87.3,86.8,0,2.1008,2.080775,2.079025,47.3618736,47.1812477,47.359375,30.42187309,5.8275
62.1000023,65.5,64.9,61.9,-0.021887481,-0.018175006,-0.002674997,403.324982,410.8405,411.16,17.40953,17.4257813,17.4257813,306.134247,129.774384,49.84086,419.056244,419.609375,419.53125,4.64905,4.6892,4.6688,185.185181,82.8,84,87.5,76.4,17.19,21.1625,26.35125,19.82125,6168.89551,84.6,83.5,5.51125,8.48125,8.65375,87.5,87,0,2.1008,2.0824,2.079025,47.3618736,47.1812477,47.359375,30.42812729,5.95125
62.5,65.9,65.1,62.1000023,-0.023100019,-0.0194,-0.003899992,437.685,448.8285,450.31,17.3179684,17.3492184,17.3543758,304.832184,128.519882,49.67159,418.040619,418.384369,418.309357,4.60345,4.64025,4.62805,183.680557,83.1,84.1,87.8,76.7000046,17.19,21.1625,26.1074982,19.7799988,6168.89551,84.6,83.6,5.43,8.88875,8.695,87.5,87,0,2.0951,2.075875,2.074125,47.72875,47.54875,47.7068748,30.703125,5.91
62.2,65.7000046,64.8,61.9,-0.024325013,-0.020212472,-0.004299998,427.099976,436.926636,437.585022,17.3382816,17.3746872,17.3748436,304.6875,129.562119,49.74682,418.243744,418.5875,418.512482,4.61485,4.65985,4.64435,184.606476,82.8,83.7000046,87.5,76.4,17.19,21,26.35125,19.94375,6172.082,84.6,83.5,5.43,8.48125,8.65375,87.5,87,0,2.1,2.080775,2.077375,47.3825,47.2225,47.38,31.79999924,5.7875
62.3,65.9,64.7000046,61.9,-0.026362479,-0.022262514,-0.006749988,412.28,419.970428,420.295,17.3535938,17.3746872,17.3748436,305.2662,129.58902,49.65278,418.446869,418.6906,418.818756,4.6002,4.65005,4.63945,184.722214,83,84,87.5,76.5,17.14875,21.1625,26.63625,19.8625,6178.3584,84.6,83.5,5.43,8.4,8.5725,87.5,87,0,2.098375,2.0775,2.077375,47.4437523,47.2631264,47.4206238,32.03125,5.91
62.4,66.1,64.7000046,61.9,-0.026362479,-0.02266252,-0.007162511,400.07,406.6052,407.9,17.3382816,17.35422,17.3543758,305.4109,129.657227,49.5587425,418.446869,418.790649,418.715637,4.6181,4.6582,4.6411,184.722214,82.9,84,87.4,76.6,17.3112488,21.28375,26.35125,19.9037514,6168.89551,84.7000046,83.6,5.5925,8.44125,8.5725,87.6,87.1,0,2.098375,2.0775,2.07575,47.484375,47.3037529,47.5431252,31.55624771,5.8275
62.4,66.1,64.7000046,61.9,-0.02717501,-0.023074985,-0.007574975,386.065,391.931427,392.89502,17.3535938,17.3848438,17.3748436,305.555542,129.494247,49.5023155,418.243744,418.5875,418.612518,4.5953,4.6435,4.6297,184.490738,83,84,87.5,76.5,16.9037514,20.9187489,26.18875,19.82125,6175.22,84.6,83.5,5.3475,8.645,8.5725,87.6,87.1,0,2.099175,2.07915,2.077375,47.484375,47.2631264,47.4618759,32.66562653,5.99125
62.3,66.2000046,64.9,61.9,-0.027575016,-0.02184999,-0.006749988,372.06,377.097839,377.885,17.26703,17.2931252,17.2931252,306.857635,123.005157,49.6903954,419.259369,419.609375,419.53125,4.50905,4.5457,4.53675,184.722214,83.1,83.7000046,88.2000046,76.4,17.475,21.24375,26.0262489,20.06625,6172.082,83.9,82.9,5.67375,8.7675,8.89875,86.9,86.5,0,2.09675,2.080775,2.079025,47.484375,47.345,47.5025,32.390625,5.91
62.5,66.4,64.6,61.8,-0.030025005,-0.02511251,-0.010424972,356.915,361.445129,362.555,17.3585949,17.3798428,17.385,304.542816,126.147469,50.2358246,417.228119,417.568756,417.493774,4.623,4.6631,4.63785,183.680557,83.2000046,83.7000046,88.3,76.4,17.10875,20.34875,25.7012482,19.6575,6175.22,84,82.9,5.43,8.685,8.940001,87.1,86.6,0,2.1008,2.080775,2.079025,47.4637527,47.3037529,47.4818726,32.984375,6.03250027
62.7,66.8,64.2000046,61.6000023,-0.03490001,-0.030012488,-0.015725017,345.355,349.5433,350.81,17.4348431,17.4562511,17.4614067,304.6875,126.997566,49.6903954,418.040619,418.181244,418.309357,4.6881,4.7365,4.7161,184.490738,83,83.7000046,87.8,76.5,17.19,21,26.3112488,19.9849987,6175.22,83.8,82.7000046,5.43,8.5225,8.89875,86.9,86.5,0,2.099175,2.080775,2.079025,47.5043755,47.2631264,47.4818726,32.97187424,5.95125
62.6000023,66.9,64.4,61.6000023,-0.035312474,-0.0291875,-0.014912486,330.86,334.869537,336.135,17.3331261,17.359375,17.3748436,305.121521,124.806335,49.822052,418.243744,418.4875,418.512482,4.61975,4.65985,4.646,184.027771,83.1,83.7000046,88.2000046,76.5,17.23,20.34875,25.945,19.82125,6178.3584,83.7000046,82.7000046,5.55250025,8.5625,8.98,86.9,86.4,0,2.10245,2.080775,2.082275,47.4437523,47.2631264,47.44125,33.00312424,5.91
62.5,66.5,64.5,61.7,-0.030425012,-0.02511251,-0.010837495,320.764984,323.132538,323.9,17.2925,17.32875,17.32375,306.278931,124.990685,49.8784752,418.65,418.996857,418.918762,4.60345,4.6435,4.6313,185.300919,83.1,83.7000046,88.2000046,76.4,17.5162487,21.24375,26.0262489,19.9849987,6179.90332,83.8,82.7000046,5.67375,8.8075,8.940001,86.9,86.4,0,2.09675,2.080775,2.077375,47.5043755,47.3037529,47.5025,31.44062424,6.07375
62.5,66.4,64.4,61.7,-0.030425012,-0.026337504,-0.011650026,306.11,306.9904,308.080017,17.3382816,17.35422,17.3543758,306.278931,125.086372,49.40828,418.853119,419.0969,419.125,4.61,4.6533,4.6411,185.300919,83,83.7000046,87.9,76.4,17.27125,20.79625,25.945,19.7799988,6175.22,83.6,82.6,5.63375,8.60375,8.81625,86.7000046,86.3,0,2.1008,2.081575,2.07495,47.3825,47.1812477,47.4,30.34687614,5.95125
62.9,66.7000046,64.9,62.1000023,-0.02798748,-0.023487508,-0.008387506,290.475,289.220032,289.81,17.3382816,17.369688,17.369688,305.8449,125.252457,49.67159,417.9375,418.28125,418.309357,4.61,4.6533,4.63945,184.722214,83.4,84,88.1,76.8,17.55625,21.1625,25.9849987,19.82125,6172.082,84,83,5.5925,8.685,8.65375,87,86.6,0,2.095925,2.0824,2.07985,47.8506241,47.6506271,47.8293762,30.36875153,5.91
62.1000023,66,64.3,61.5,-0.029612482,-0.024699986,-0.010012507,277.125,275.200562,276.275,17.328125,17.359375,17.364687,305.555542,124.701767,49.822052,417.8375,418.078125,418.309357,4.6165,4.65005,4.63785,184.606476,83,83.7000046,88.1,76.2000046,17.475,20.67375,26.0262489,19.94375,6176.765,83.5,82.5,5.51125,8.685,8.89875,86.7000046,86.3,0,2.107325,2.0873,2.08555,47.0775,46.8956261,47.07375,29.87500191,5.86875
61.9,65.6,64.2000046,61.3,-0.02880001,-0.02429998,-0.009199977,263.77002,257.919678,258.985,17.3078117,17.32875,17.3340626,305.4109,124.397591,50.02894,417.8375,418.181244,418.103119,4.61,4.6533,4.64435,184.606476,83,83.6,88.2000046,76,17.39375,20.9187489,25.9849987,20.025,6173.627,83.3,82.2000046,5.51125,8.645,8.98,86.6,86.2000046,0,2.110575,2.093825,2.087175,46.7925,46.6106224,46.7881279,29.67812347,5.91
61.8,65.5,64,61.1000023,-0.029612482,-0.02429998,-0.009612501,252.7,246.182663,246.425,17.24672,17.2726555,17.2728119,306.134247,124.740707,49.8784752,418.65,418.996857,418.918762,4.6295,4.66635,4.6574,185.069443,82.8,83.6,88,75.9,17.3525,20.4712486,26.18875,19.94375,6175.22,83.2000046,82.1,5.5925,8.685,8.89875,86.6,86.2000046,0,2.113025,2.09055,2.09045,46.609375,46.4468765,46.645,29.43125153,6.03250027
61.8,65.7000046,63.8,61,-0.031237483,-0.025512517,-0.011650026,237.715012,229.8757,230.115,17.36875,17.400156,17.395155,306.857635,125.393608,49.3706627,419.259369,419.609375,419.53125,4.61325,4.6517,4.6411,185.763885,82.7000046,83.5,87.6,75.8,17.10875,20.34875,26.1074982,19.74,6175.22,83.1,82,5.55250025,8.72625,8.89875,86.6,86.2000046,0,2.107325,2.09055,2.087175,46.5275,46.3243752,46.5225029,29.21562576,5.91
61.6000023,65.2000046,64,61,-0.026762486,-0.02184999,-0.007574975,222.735,214.387817,214.62,17.328125,17.35422,17.3543758,304.398132,124.205887,50.3110542,416.818726,417.262482,417.2875,4.61975,4.65655,4.646,184.027771,82.9,83.5,88.3,75.7000046,17.3525,20.39,25.8637486,19.82125,6173.627,83.1,81.9,5.5925,8.5625,8.735001,86.5,86.1,0,2.11545,2.093825,2.092075,46.4668732,46.28375,46.4618759,28.91874886,5.91
61.7,65.6,63.8,60.9,-0.030425012,-0.02429998,-0.010012507,212.315018,202.975464,202.55,17.328125,17.36453,17.3748436,305.9896,125.337257,49.3518524,419.056244,419.303131,419.328125,4.6214,4.67125,4.64925,185.185181,82.6,83.5,87.6,75.8,17.0675,20.715,26.2699986,20.1887512,6178.3584,83,81.9,5.5925,8.36,8.98,86.5,86.1,0,2.1122,2.09055,2.08555,46.4262466,46.2431259,46.3999977,28.49062347,5.8275
61.5,65,64,61,-0.025137484,-0.020212472,-0.005124986,198.959991,187.162949,188.52,17.328125,17.3492184,17.3543758,306.278931,125.0478,50.02894,418.7531,419.2,419.125,4.6018,4.63535,4.62805,185.648148,82.7000046,83.6,88,75.6,17.435,20.34875,26.0262489,20.025,6178.3584,83.1,82,5.67375,8.48125,9.1025,86.6,86.2000046,0,2.1122,2.097075,2.0937,46.4056244,46.2431259,46.38,28.34687614,6.03250027
61.6000023,65.3,64.1,61.1000023,-0.025950015,-0.020624995,-0.00553751,199.775009,189.934891,189.175,17.3128128,17.3390636,17.34422,306.5683,125.509712,49.40828,419.259369,419.506256,419.53125,4.61,4.6533,4.63945,185.416656,82.7000046,83.6,87.6,75.8,17.23,20.145,26.18875,19.7799988,6168.89551,83.2000046,82,5.51125,8.44125,9.14375,86.6,86.2000046,0,2.107325,2.09055,2.087175,46.609375,46.4268761,46.625,27.97187614,5.91
61.4,64.7000046,64.2000046,61.1000023,-0.021475017,-0.017775,-0.00227499,344.54,347.7503,349.505,17.3179684,17.3390636,17.34422,305.8449,124.99855,49.84086,417.9375,418.28125,418.309357,4.6116,4.6517,4.62805,184.837967,82.6,83.6,87.9,75.6,17.3112488,20.145,26.0675011,20.025,6172.082,83.2000046,82,5.5925,8.48125,8.5725,86.5,86.1,0,2.1114,2.093825,2.09125,46.3443756,46.16125,46.3393745,28.44375038,6.07375
61.3,64.6,64.3,61.2,-0.020662487,-0.01613748,-0.001862526,444.199982,456.3302,456.995,17.3331261,17.359375,17.3595314,305.2662,125.235909,49.7280121,417.634369,417.975,418.0031,4.61485,4.65495,4.64435,184.490738,82.6,83.6,87.8,75.6,16.9037514,20.18625,25.7825,20.025,6170.489,83.1,82,5.5925,8.5625,9.14375,86.5,86.1,0,2.1114,2.094625,2.09045,46.385,46.2225,46.359375,28.11250114,5.8275
61.4,64.7000046,64.4,61.2,-0.021475017,-0.01613748,-0.001462519,430.03,440.8423,441.175,17.3179684,17.3492184,17.3492184,305.8449,125.180161,49.5587425,418.446869,418.790649,418.715637,4.6393,4.67615,4.66715,185.185181,82.5,83.6,87.8,75.7000046,17.19,20.105,26.1074982,20.1475,6179.90332,83.1,81.9,5.67375,8.36,9.0625,86.4,86,0,2.113025,2.0922,2.092075,46.4668732,46.3243752,46.44125,28.63437462,5.91
61.6000023,64.8,64.6,61.5,-0.019037485,-0.014512479,0.000587463,420.425,429.754578,430.085,17.3128128,17.3339062,17.34422,306.5683,125.615631,49.65278,418.853119,419.2,419.125,4.636,4.6745,4.66065,185.995361,82.6,83.7000046,87.7000046,75.8,17.14875,20.43,26.06625,19.82125,6170.489,83.4,82.2000046,5.67375,8.60375,8.65375,86.5,86.1,0,2.1057,2.088925,2.0888,46.73125,46.52875,46.7475,27.88749886,5.99125
61.7,65,64.9,61.7,-0.018625021,-0.013700008,0.001399994,407.884979,416.714,417.035,17.328125,17.3440628,17.3543758,305.9896,125.018456,49.67159,418.3469,418.790649,418.715637,4.623,4.65985,4.64925,185.185181,82.7000046,83.8,88,76,17.14875,20.51125,26.18875,20.1887512,6176.765,83.4,82.3,5.43,8.48125,8.81625,86.4,86,0,2.104075,2.08565,2.0831,46.9756241,46.7531281,46.95125,27.734375,6.03250027
61.7,65,65.1,61.8,-0.01781249,-0.012875021,0.002212524,395.675,401.550781,402.680023,17.3078117,17.3492184,17.3543758,305.121521,125.063522,49.8596649,417.634369,417.975,418.103119,4.61325,4.65495,4.6411,184.143509,82.8,83.8,88.1,76.1,17.23,20.34875,25.9849987,19.69875,6164.212,83.5,82.4,5.67375,8.645,8.81625,86.6,86.1,0,2.107325,2.0873,2.0839,47.1181259,46.91625,47.0943756,27.16562462,5.99125
61.9,65.1,65.2000046,61.9,-0.017412484,-0.012462497,0.002624989,382.97,388.670044,389.305,17.3382816,17.369688,17.369688,305.8449,124.895409,49.57755,418.243744,418.6906,418.512482,4.6295,4.6631,4.6509,185.069443,82.8,83.9,88,76.2000046,17.39375,20.2675,26.2699986,19.7799988,6175.22,83.5,82.4,5.51125,8.645,8.89875,86.4,86,0,2.1057,2.08565,2.0839,47.1787529,47.0181274,47.19625,26.53437614,5.91
61.9,65.2000046,65.1,61.9,-0.01781249,-0.012462497,0.002212524,370.595,376.768219,376.58,17.2976551,17.32875,17.32375,306.857635,125.051033,49.5963554,419.465637,419.915619,419.734375,4.61325,4.6517,4.63945,185.879623,82.7000046,83.9,87.8,76.2000046,17.0675,20.5925,26.1074982,20.1887512,6175.22,83.7000046,82.6,5.51125,8.72625,8.89875,86.5,86.2000046,0,2.104875,2.0873,2.08065,47.2193756,47.0181274,47.19625,26.49062538,5.99125
61.8,64.9,65.4,62,-0.014562488,-0.009612501,0.005475044,357.565,362.748718,363.535,17.2823429,17.2981262,17.3135948,304.398132,124.003662,49.9725151,416.818726,417.262482,417.2875,4.60675,4.63865,4.62645,183.449066,82.9,83.9,88.4,76.2000046,17.10875,20.67375,25.945,19.9037514,6175.22,83.6,82.5,5.5925,8.72625,8.735001,86.5,86,0,2.107325,2.08565,2.07985,47.2193756,47.05875,47.2368736,26.37499809,5.99125
61.7,65,65.1,61.8,-0.01700002,-0.01206249,0.003025055,343.565,349.053864,350.16,17.3128128,17.3390636,17.3543758,306.278931,125.090652,49.4647026,418.853119,419.0969,419.125,4.6165,4.65655,4.6427,185.300919,82.7000046,83.8,87.9,76.1,17.0275,20.83625,25.945,20.1475,6178.3584,83.5,82.4,5.51125,8.5225,8.89875,86.4,86,0,2.104075,2.0881,2.0839,47.0975,46.9775,47.1350021,26.47812271,5.95125
61.7,64.8,65.3,61.9,-0.014962494,-0.010437489,0.005475044,333.465,336.337921,337.765,17.3026562,17.32875,17.3390636,306.712952,125.442673,49.65278,419.259369,419.609375,419.53125,4.60675,4.6468,4.63785,185.648148,82.7000046,84,87.8,76.1,17.14875,20.145,26.2699986,19.82125,6179.90332,83.5,82.4,5.51125,8.7675,8.65375,86.4,86,0,2.10895,2.088925,2.082275,47.1181259,46.8956261,47.1143761,26.49687576,6.03250027
61.7,64.7000046,65.1,61.9,-0.013750017,-0.010025024,0.006287456,320.115,322.9677,323.574982,17.3789063,17.400156,17.405468,305.2662,127.3566,49.8596649,417.9375,418.181244,418.103119,4.5937,4.62885,4.6199,183.680557,82.7000046,83.8,87.8,76,16.945,20.5925,26.1487522,20.1475,6175.22,83.7000046,82.6,5.51125,8.7675,8.735001,86.6,86.2000046,0,2.104075,2.0873,2.0839,47.0568733,46.8956261,47.0331268,26.546875,5.91
61.8,64.6,64.9,62,-0.014150024,-0.011250019,0.00425005,306.11,308.293945,308.57,17.4145317,17.4307823,17.4360943,304.542816,130.694122,49.8596649,418.143738,418.5875,418.309357,4.6458,4.6892,4.67535,184.490738,82.5,84,87.3,76.2000046,16.61875,19.6175,26.6775017,20.10625,6179.90332,83.8,82.7000046,5.43,8.645,8.89875,86.7000046,86.2000046,0,2.107325,2.0873,2.0831,47.0975,46.8956261,47.0531273,26.10000038,5.95125
62.1000023,64.9,65,62.1000023,-0.014962494,-0.013287485,0.003025055,291.13,290.5236,291.60498,17.40953,17.4307823,17.4257813,305.2662,130.9009,49.2013931,418.243744,418.5875,418.512482,4.60675,4.6517,4.63785,184.490738,82.4,84.1,86.7000046,76.4,16.66,20.18625,26.9212513,20.025,6178.3584,84,82.9,5.43,8.645,8.695,86.7000046,86.3,0,2.10245,2.084025,2.08065,47.3618736,47.140625,47.3393745,26.18125153,6.07375
61.4,64.1,64.9,61.8,-0.014150024,-0.011250019,0.004662514,276.47,273.0829,274.15,17.38922,17.4103127,17.4156246,305.121521,129.687851,49.9725151,418.040619,418.4875,418.309357,4.58065,4.6207,4.60525,183.912033,82.3,83.8,87.3,75.8,16.66,20.02375,26.18875,20.025,6170.489,83.8,82.7000046,5.3475,8.645,8.89875,86.7000046,86.3,0,2.113025,2.09055,2.087175,46.751873,46.6106224,46.7675,26.11562538,5.74624968
61.2,64.1,64.5,61.4,-0.016600013,-0.014512479,0.001399994,264.1,257.919678,259.800018,17.38922,17.4206238,17.4156246,304.6875,130.6407,49.76563,418.243744,418.5875,418.715637,4.6214,4.668,4.64765,184.027771,82.2000046,83.7000046,87.1,75.6,16.5374985,20.18625,26.2699986,19.7799988,6168.89551,83.6,82.4,5.43,8.645,8.81625,86.7000046,86.3,0,2.10895,2.097075,2.09045,46.4462471,46.2431259,46.44125,25.93437386,5.91
61.4,64.4,64.3,61.3,-0.021475017,-0.017362475,-0.002674997,251.395,244.874115,245.444992,17.40953,17.4307823,17.4309387,303.240753,130.5378,49.1825829,416.818726,417.056274,417.084381,4.61325,4.66145,4.64765,182.754623,82.1,83.7000046,86.6,75.8,16.70125,19.9425,26.9212513,20.1887512,6179.90332,83.5,82.3,5.43,8.97,8.89875,86.5,86.1,0,2.110575,2.09545,2.087175,46.4462471,46.3243752,46.4206238,25.94687653,5.74624968
61.4,64.8,63.9,61,-0.025137484,-0.020624995,-0.00553751,237.39,230.365158,230.6,17.4145317,17.4307823,17.4410954,305.8449,131.780579,49.0697365,419.259369,419.609375,419.53125,4.69465,4.7381,4.721,186.458328,81.7000046,83.5,86.2000046,75.7000046,17.0675,21.1625,27.4087486,20.35125,6175.22,83.4,82.2000046,5.5925,8.48125,8.735001,86.7000046,86.2000046,0,2.11465,2.097075,2.09045,46.30375,46.079998,46.2575,25.97187424,5.86875
61.2,64,64.8,61.5,-0.015775025,-0.01206249,0.003849983,225.99,216.6703,217.065,17.3484383,17.3798428,17.385,303.674774,128.878586,50.34867,416.209381,416.75,416.678131,4.59045,4.6321,4.6411,183.101852,82.5,83.7000046,87.8,75.6,17.10875,20.22625,25.945,19.9037514,6167.35,83.6,82.5,5.51125,8.645,8.81625,86.8,86.4,0,2.110575,2.0922,2.087175,46.5075,46.3243752,46.5025024,26.80312347,5.99125
61.2,64.2000046,64.3,61.2,-0.020662487,-0.016962528,-0.001862526,211.665009,201.996536,202.060013,17.40953,17.4307823,17.4360943,303.674774,130.516174,49.2578163,416.818726,417.262482,417.084381,4.60675,4.6517,4.63945,182.870361,82.1,83.7000046,86.7000046,75.6,17.10875,20.51125,26.51375,19.9849987,6173.627,83.4,82.2000046,5.5925,8.72625,8.5725,86.6,86.2000046,0,2.113025,2.093825,2.0929,46.30375,46.1206245,46.2981262,27.38125038,5.91
61.2,64,64.5,61.3,-0.018625021,-0.01532501,0.000587463,200.75,189.934891,190.315,17.4451561,17.4562511,17.4564075,305.8449,130.343323,50.1417847,419.056244,419.506256,419.53125,4.65885,4.70225,4.69,185.763885,82.1,83.7000046,87.3,75.5,16.945,20.633749,26.18875,20.06625,6176.765,83.7000046,82.5,5.51125,8.44125,8.65375,86.8,86.3,0,2.113025,2.093825,2.09045,46.3649979,46.1206245,46.3393745,27.75312424,5.7875
61.3,64.3,64.4,61.3,-0.021475017,-0.017362475,-0.00227499,190.495,180.475357,180.365,17.40953,17.4410954,17.4410954,303.819458,130.27565,49.7844353,417.634369,417.975,418.103119,4.623,4.66475,4.6509,183.333328,82.3,83.7000046,87.4,75.6,16.70125,20.5925,26.18875,20.10625,6178.3584,83.5,82.3,5.43,8.93,8.81625,86.6,86.2000046,0,2.108125,2.093,2.0888,46.4262466,46.2225,46.38,28.40625,5.74624968
61.3,64.3,64.4,61.4,-0.019037485,-0.01613748,-0.000225008,332,335.194183,336.135,17.4451561,17.4715633,17.47172,303.9641,129.08728,50.8941,418.040619,418.5875,418.512482,4.61325,4.6582,4.64925,183.101852,82.5,83.7000046,88.1,75.5,16.375,19.9025,25.7012482,19.82125,6178.3584,83.6,82.5,5.43,8.7675,8.940001,86.7000046,86.3,0,2.1122,2.09545,2.0888,46.4868736,46.2431259,46.4818764,29.14999962,5.74624968
62,65.6,63.3,60.9,-0.03206247,-0.02837503,-0.013287485,406.904968,414.756165,422.905029,17.3179684,17.3440628,17.34422,300.202545,99.31716,49.9725151,418.446869,418.893768,418.715637,4.76955,4.79355,4.8204,189.236115,81.5,82.7000046,86.6,75.5,21.63375,26.6525,26.1074982,20.9625015,6175.22,80.3,79.3,6,8.15625,9.5525,84,83.7000046,0,2.110575,2.093825,2.0888,46.4056244,46.2025,46.3999977,29.69687653,5.91
63.3,68,62,60.3,-0.03735,-0.03408748,-0.0194,438.17,448.9933,450.31,17.6434364,17.6551552,17.6706238,294.4155,125.709625,50.9129066,408.6844,409.303131,409.128143,4.5774,4.6207,4.602,175.347214,82.5,82.9,88.2000046,76,18.9425011,22.7075,25.6199989,19.69875,6175.22,81.6,80.6,5.51125,8.15625,9.47,85.6,85.2000046,0,2.113825,2.09055,2.09045,46.4262466,46.2225,46.4206238,29.69375038,5.7875
62.5,65.1,62.7,61.1000023,-0.028400004,-0.0291875,-0.014912486,428.240021,438.39502,437.909973,17.4246864,17.45125,17.4564075,304.1088,135.209015,49.2202,419.3625,419.8125,419.734375,4.61,4.6517,4.64435,185.069443,81.5,83.8,84.8,76.3,18.289999,23.6025,27.8162518,20.47375,6175.22,83.7000046,82.5,5.5925,8.685,8.89875,87.1,86.6,0,2.107325,2.091375,2.087175,46.4462471,46.2431259,46.4618759,31.46562576,5.91
62.1000023,65,63.3,61.2,-0.027575016,-0.026737511,-0.012462497,412.12,422.5775,423.07,17.4348431,17.45125,17.4665623,302.228,133.565552,49.9349,417.53125,417.875,417.9,4.73045,4.7642,4.76175,185.069443,82.1,83.7000046,86.5,76,18.616251,22.62625,26.9612484,20.47375,6178.3584,83.7000046,82.6,5.47,8.645,8.81625,87,86.5,0,2.10975,2.0922,2.08555,46.5275,46.3243752,46.5225029,33.62812424,5.99125
61.8,65.2000046,63.8,61.1000023,-0.02880001,-0.02511251,-0.010837495,402.35,410.1912,410.18,17.3331261,17.359375,17.364687,304.398132,125.413742,49.4458923,418.3469,418.6906,418.715637,4.6523,4.6957,4.68185,186.34259,82.4,83.5,87.7000046,75.7000046,19.3100014,23.6825,26.0262489,20.35125,6179.90332,82.8,81.7000046,5.51125,8.48125,9.0625,86.1,85.8,0,2.110575,2.093825,2.09045,46.4868736,46.263752,46.5025024,33.54999924,5.7875
61.9,65.4,63.5,60.9,-0.030425012,-0.026737511,-0.011650026,389.32,395.1928,394.85,17.4909382,17.5175,17.5176563,305.4109,124.834076,49.84086,419.056244,419.506256,419.431244,4.6181,4.66145,4.64435,185.995361,82.4,83.9,87.6,75.8,18.289999,22.7075,26.0262489,20.27,6167.35,82.3,81.2000046,5.75499964,8.318749,9.3075,85.9,85.5,0,2.1122,2.0922,2.0937,46.4262466,46.2225,46.44125,33.75312424,5.95125
61.9,65.6,63.3,60.8,-0.033687472,-0.030012488,-0.014912486,373.69,379.540131,380.17,17.3484383,17.3798428,17.3748436,303.9641,124.344986,49.6339722,418.243744,418.5875,418.715637,4.59045,4.63375,4.61825,184.490738,82.5,83.8,87.8,75.7000046,18.3312511,22.78875,26.1074982,20.4325,6167.35,82.3,81.2000046,5.63375,8.5625,9.0625,86,85.6,0,2.110575,2.0922,2.09045,46.3649979,46.2025,46.359375,35.01874924,5.91
62.1000023,66,63.6000023,61.1000023,-0.033687472,-0.030012488,-0.014912486,359.195,363.402985,364.84,17.4196873,17.4410954,17.4564075,305.2662,126.560486,49.6903954,418.956238,419.403137,419.328125,4.67185,4.712,4.7014,186.574066,82.6,84,87.5,76,18.73875,22.9925,26.4324989,20.4325,6168.89551,82.8,81.7000046,5.51125,8.72625,9.38875,86.2000046,85.8,0,2.1057,2.08565,2.086375,46.73125,46.5693741,46.7475,35.91249847,5.8275
62.3,66.3,63.8,61.3,-0.035312474,-0.030825019,-0.01613748,345.68,350.357422,351.465,17.3739071,17.4053116,17.4003124,304.1088,125.282631,49.6339722,417.8375,418.181244,418.206238,4.61325,4.66635,4.6525,185.069443,82.8,84,87.8,76.2000046,18.78,22.7475,26.06625,20.515,6168.89551,82.8,81.7000046,5.5925,8.685,9.3075,86.1,85.7000046,0,2.104075,2.0873,2.08555,46.935,46.77375,46.9306259,36.56874847,5.95125
62.4,66.5,63.8,61.2,-0.036125004,-0.031225026,-0.016950011,333.305,337.476654,338.58,17.3535938,17.3746872,17.3748436,303.819458,124.658272,50.010128,417.8375,417.975,418.0031,4.61,4.6533,4.63785,184.606476,82.9,84.1,88,76.2000046,19.3100014,22.62625,26.1074982,20.515,6178.3584,82.9,81.9,5.51125,8.685,9.47,86.2000046,85.8,0,2.1057,2.0873,2.0839,46.9956245,46.77375,47.0331268,36.890625,5.8275
62,66.2000046,63.4,60.7,-0.039387524,-0.03408748,-0.019800007,321.415,323.946655,324.875,17.328125,17.3492184,17.3543758,304.6875,124.113243,49.57755,418.65,419.0969,418.918762,4.61,4.6533,4.63945,185.763885,82.6,83.8,87.8,75.8,19.065,22.78875,26.2699986,20.31,6178.3584,82.5,81.4,5.71499968,8.7675,9.38875,86.2000046,85.8,0,2.1122,2.093825,2.0888,46.4056244,46.2225,46.3999977,36.53750229,5.91
62.2,66.7000046,63.5,60.9,-0.039387524,-0.03408748,-0.019800007,306.76,308.783417,309.71,17.3078117,17.32875,17.3340626,304.1088,124.594574,49.67159,418.140625,418.384369,418.409363,4.60675,4.65005,4.6362,185.300919,82.8,83.9,87.9,76,19.595,23.0325,26.18875,20.22875,6179.90332,82.7000046,81.6,5.51125,8.5625,9.3075,86.2000046,85.8,0,2.10895,2.0881,2.08555,46.6906242,46.4881248,46.6856232,36.27499771,5.99125
62,66.3,63.2,60.6000023,-0.03978747,-0.03408748,-0.019800007,291.78,291.013062,292.42,17.328125,17.3492184,17.3543758,304.542816,124.961609,49.67159,418.243744,418.6906,418.512482,4.6051,4.64845,4.6362,185.416656,82.6,83.8,87.7000046,75.8,18.78,22.95125,26.06625,20.35125,6172.082,82.6,81.5,5.55250025,8.7675,9.3075,86.3,85.9,0,2.1114,2.09545,2.087175,46.3649979,46.1206245,46.359375,37.09062576,5.8275
62.1000023,66.5,63.3,60.7,-0.0406,-0.035300016,-0.021437526,275.985016,272.58844,274.315,17.3179684,17.3390636,17.34422,303.819458,124.640739,49.74682,417.8375,418.181244,418.206238,4.59695,4.63375,4.62645,184.837967,82.7000046,83.8,87.9,75.8,19.02375,22.545,25.8637486,20.5962486,6179.90332,82.5,81.4,5.51125,8.8075,9.3075,86.1,85.7000046,0,2.10895,2.0922,2.092075,46.4462471,46.2025,46.44125,34.375,5.8275
62.2,66.7000046,63.5,60.9,-0.040199995,-0.034487486,-0.020624995,261.82,256.940765,257.35,17.3179684,17.3390636,17.3543758,302.372681,123.3934,50.1041679,417.228119,417.568756,417.59375,4.61,4.6517,4.63945,184.027771,82.9,83.9,88.2000046,76,19.147501,22.8699989,25.7825,20.35125,6179.90332,82.5,81.5,5.47,8.93,9.47,86.2000046,85.8,0,2.110575,2.08975,2.0839,46.6293755,46.40625,46.5843735,32.484375,5.91
62.1000023,66.6,63.2,60.7,-0.041012526,-0.03571248,-0.020624995,247.485,241.288071,241.694992,17.3179684,17.369688,17.3595314,305.555542,125.014717,49.6339722,419.259369,419.609375,419.53125,4.61,4.6517,4.63945,186.458328,82.5,83.8,87.6,75.9,19.51375,22.78875,26.1074982,20.35125,6179.90332,82.6,81.5,5.75499964,8.7675,9.224999,86.3,85.9,0,2.1122,2.09055,2.087175,46.4462471,46.2025,46.4618759,31.85625076,6.07375
62.6000023,66.9,63.8,61.3,-0.038562477,-0.032862485,-0.018175006,234.459991,226.289673,226.85,17.3382816,17.36453,17.369688,303.9641,124.458115,49.6903954,418.040619,418.384369,418.309357,4.58065,4.6256,4.6101,184.722214,83,84.1,87.9,76.3,18.9425011,22.7475,25.945,20.4325,6170.489,82.9,81.8,5.5925,8.84875,9.3075,86.3,85.9,0,2.1,2.08565,2.079025,47.0975,46.91625,47.1143761,30.83125114,5.95125
62,66,63.3,60.8,-0.036937475,-0.032037497,-0.017762482,219.805008,210.801788,210.86499,17.3179684,17.3746872,17.34422,303.9641,125.451523,49.9160919,418.3469,418.5875,418.715637,4.6116,4.65495,4.6411,185.300919,82.6,83.5,87.8,75.7000046,18.86125,22.95125,25.945,20.22875,6167.35,82.8,81.7000046,5.75499964,8.5625,9.0625,86.5,86,0,2.108125,2.09545,2.09045,46.4262466,46.2225,46.4206238,30.70625114,5.8275
0,0,0,0,0,0,0,0,0,0,0,0,0,0,0,0,0,0,0,0,0,0,0,0,0,0,0,0,0,0,0,0,0,0,0,0,0,0,0,0,0,0,0,0,0,0,30.09062386,5.86875
