TI831061A,TI831061B,TI831060A,TI831060B,PZI831003,TI831001,FI821002,PI821019,TSI821017,PZI831006,TI831002,TI831063A,TI831063B,TI831062A,TI831062B,VSI831091A,VSI831091B,VSI831090A,VSI831090B,SZI831090,TI831064A,TI831064B,VSI831092B,VSI831093A,VSI831093B,TI831065A,TI831065B,PSI831047,TSI831042,OutsideTemperature
62,65.3,63.7,61.2,17.3535938,306.134247,129.374054,49.4647026,419.056244,4.5644,185.879623,82.7000046,83.6,86.9,76.4,16.7825,20.715,26.9212513,20.1475,6400,83.6,82.5,5.5925,8.645,9.0625,87,86.6,2.110575,46.65,28.70624924
61.5,64.8,63.7,61,17.3585949,304.832184,128.113525,49.5587425,417.228119,4.6002,183.564819,82.7000046,83.5,87.3,76.1,17.0675,20.34875,26.51375,20.06625,6300.22,83.4,82.2000046,5.51125,8.645,8.81625,86.9,86.5,2.113825,46.2225,28.6875
61.5,64.7000046,63.7,61,17.3331261,305.2662,127.988739,49.65278,418.040619,4.6018,184.606476,82.7000046,83.5,87.3,76.1,16.5775,20.2675,26.51375,20.10625,6200.49658,82,82.2000046,5.67375,8.48125,8.89875,86.9,86.5,2.10895,46.2018776,28.60312462
61.4,64.6,63.7,61,17.328125,304.398132,127.792747,49.76563,417.634369,4.65885,184.490738,82.7000046,83.5,87.5,76.1,16.86375,20.105,26.51375,19.94375,6176.765,83.4,82.2000046,5.5925,8.685,8.89875,86.8,86.4,2.1171,46.14125,28.55312538
61.3,64.4,63.7,61,17.3179684,305.555542,128.114182,49.5023155,418.65,4.6409,185.300919,82.6,83.6,87.2000046,76,16.5374985,20.02375,26.392498,19.94375,6175.22,83.4,82.2000046,5.5925,8.44125,8.89875,86.9,86.4,2.1122,46.1206245,28.52812386
61.3,64.4,63.8,61,17.34328,305.8449,128.806824,49.4647026,418.65,4.63275,185.648148,82.5,83.6,87.1,76,16.86375,20.34875,26.6775017,20.27,6175.22,83.4,82.2000046,5.5925,8.645,8.89875,86.8,86.4,2.113825,46.1206245,29.03125
61.2,64.2000046,63.9,61,17.3382816,305.2662,127.866379,49.76563,417.8375,4.6295,184.722214,82.6,83.6,87.4,76,17.0675,19.73875,26.4324989,19.9849987,6175.22,83.4,82.2000046,5.51125,8.5225,8.89875,86.8,86.4,2.113025,46.079998,28.73125076
61.2,64.2000046,64,61.1000023,17.3585949,305.121521,128.269745,49.7280121,418.040619,4.6474,184.837967,82.6,83.6,87.4,76,16.49625,19.73875,26.35125,19.9037514,6175.22,83.4,82.2000046,5.51125,8.44125,8.65375,86.8,86.4,2.1122,46.14125,28.25312614
61.2,64.2000046,64,61.1000023,17.3331261,304.6875,128.6614,49.6903954,417.431244,4.62625,184.490738,82.6,83.6,87.3,76,16.7825,20.34875,26.4324989,19.94375,6172.082,83.5,82.3,5.51125,8.645,8.65375,86.8,86.4,2.110575,46.1818771,27.97187614
61.1000023,64.1,64.1,61.1000023,17.36375,306.134247,128.627,49.57755,419.259369,4.6572,185.879623,82.5,83.6,87.2000046,76,16.61875,19.9025,26.6775017,19.94375,6176.765,83.4,82.2000046,5.5925,8.44125,8.735001,86.8,86.4,2.1114,46.14125,27.4375
61.1000023,64,64.1,61.1000023,17.34328,305.121521,128.181473,49.6339722,418.040619,4.636,185.069443,82.5,83.7000046,87.3,76,16.9037514,20.34875,26.51375,20.10625,6178.3584,83.4,82.1,5.5925,8.44125,8.65375,86.7000046,86.3,2.110575,46.1006241,27.84687614
61.1000023,64,64.2000046,61.1000023,17.3331261,305.555542,128.9849,49.5023155,418.446869,4.65885,185.416656,82.4,83.7000046,87.1,76,17.0675,20.145,26.8400021,20.31,6178.3584,83.5,82.2000046,5.75499964,8.72625,8.81625,86.8,86.4,2.110575,46.14125,27.64999771
61,63.8,64.3,61.2,17.3382816,305.121521,128.531036,49.7280121,417.9375,4.64905,184.837967,82.4,83.7000046,87.3,75.9,17.0275,20.0637512,26.51375,20.025,6170.489,83.5,82.3,5.5925,8.36,8.695,86.8,86.3,2.1122,46.1006241,27.26562691
61,63.8,64.3,61.1000023,17.3535938,305.4109,128.4048,49.5963554,418.446869,4.6295,185.069443,82.4,83.6,87.2000046,75.9,16.741251,19.86125,26.4324989,19.9037514,6168.89551,83.5,82.3,5.63375,8.318749,8.89875,86.7000046,86.3,2.110575,46.079998,27.52812576
60.9,63.7,64.3,61.2,17.3382816,305.4109,128.4413,49.67159,418.446869,4.64255,185.185181,82.4,83.6,87.3,75.9,16.7825,20.34875,26.51375,20.06625,6170.489,83.5,82.2000046,5.43,8.48125,8.81625,86.7000046,86.3,2.1122,46.079998,27.20000076
60.9,63.7,64.5,61.2,17.3382816,305.121521,127.8976,49.65278,418.040619,4.6295,185.185181,82.5,83.7000046,87.4,75.9,17.19,20.18625,26.18875,20.10625,6175.22,83.4,82.2000046,5.47,8.5625,8.89875,86.6,86.2000046,2.1114,46.0593758,26.82187653
60.9,63.6000023,64.5,61.2,17.34328,305.8449,128.477325,49.74682,400,4.60835,185.763885,82.4,83.7000046,87.3,75.8,16.98625,19.82,26.5549984,19.9037514,6172.082,83.5,82.2000046,5.43,8.48125,8.65375,86.7000046,86.3,2.1122,46.1006241,26.30625153
60.9,63.6000023,64.5,61.3,17.3229675,305.2662,128.084778,49.6339722,418.040619,4.6393,185.069443,82.4,83.7000046,87.3,75.9,16.7825,19.86125,26.4324989,19.9849987,6178.3584,83.5,82.2000046,5.55250025,8.19625,8.81625,86.7000046,86.3,2.1122,46.14125,26.046875
60.9,63.6000023,64.6,61.3,17.3585949,304.832184,127.504433,49.6339722,417.8375,4.65395,184.490738,82.5,83.7000046,87.4,75.9,16.9037514,20.02375,26.51375,19.94375,6178.3584,83.4,82.2000046,5.51125,8.88875,8.5725,86.6,86.2000046,2.1057,46.1818771,26.16874886
60.9,63.6000023,64.7000046,61.4,17.3229675,305.2662,127.888527,49.67159,417.8375,4.6295,185.185181,82.4,83.7000046,87.4,75.9,16.741251,20.34875,26.51375,19.9849987,6183.042,83.5,82.2000046,5.55250025,8.8075,8.6125,86.6,86.2000046,2.1057,46.1818771,26.31562424
60.9,63.6000023,64.6,61.3,17.3331261,305.555542,128.1017,49.48351,418.7531,4.6295,185.300919,82.4,83.6,87.2000046,75.9,16.61875,20.43,26.2699986,19.94375,6172.082,83.5,82.3,5.43,8.48125,8.735001,86.6,86.2000046,2.113825,46.1206245,26.43125153
61.1000023,63.8,64.8,61.5,17.3331261,305.555542,128.9228,49.67159,418.143738,4.60345,185.879623,82.5,83.8,87.3,76.1,17.10875,20.5925,26.4324989,20.31,6172.082,83.6,82.4,5.47,8.5625,8.5725,86.7000046,86.3,2.1122,46.3649979,26.32187653
60.9,63.6000023,64.6,61.3,17.3179684,305.121521,127.451256,49.2578163,417.8375,4.61325,184.027771,82.4,83.7000046,87.1,76,16.7825,20.22625,26.5549984,20.025,6178.3584,83.4,82.2000046,5.5925,8.48125,8.8575,86.6,86.2000046,2.113025,46.16125,26.21875191
60.9,63.6000023,64.7000046,61.4,17.3331261,304.6875,128.044235,49.9537048,417.025,4.636,184.606476,82.4,83.7000046,87.6,75.9,16.741251,20.02375,26.18875,19.74,6178.3584,83.5,82.2000046,5.55250025,8.685,8.735001,86.6,86.2000046,2.1122,46.16125,25.91249847
60.9,63.6000023,64.7000046,61.4,17.328125,305.555542,128.707809,49.65278,418.853119,4.6344,185.648148,82.3,83.7000046,87.2000046,75.9,17.19,20.34875,26.51375,20.025,6176.765,83.6,82.3,5.55250025,9.1325,8.89875,86.6,86.2000046,2.110575,46.2018776,26.13125229
60.9,63.6000023,64.7000046,61.4,17.3484383,304.832184,128.260681,49.57755,418.243744,4.6572,184.837967,82.3,83.6,87.3,75.9,16.945,20.02375,26.51375,20.06625,6176.765,83.5,82.3,5.5925,8.72625,8.940001,86.6,86.2000046,2.1114,46.1818771,26.65312576
60.8,63.5,64.8,61.4,17.34328,305.2662,128.147415,49.6903954,418.040619,4.6409,185.069443,82.3,83.7000046,87.3,75.9,16.945,20.02375,26.18875,19.82125,6172.082,83.6,82.3,5.51125,8.48125,8.53125,86.6,86.2000046,2.10895,46.2018776,27.29062462
61,63.8,64.5,61.3,17.328125,303.674774,129.5601,49.6339722,414.990631,4.62625,183.912033,82.3,83.7000046,87,76,16.415,19.69875,26.35125,19.9849987,6170.489,83.6,82.4,5.5925,8.645,8.735001,86.7000046,86.3,2.110575,46.2425,27.75937653
61,63.7,64.6,61.4,17.3739071,304.1088,128.3047,49.5963554,416.818726,4.6686,183.680557,82.4,83.7000046,87.3,75.9,16.5775,20.105,26.18875,19.94375,6172.082,83.6,82.4,5.5925,8.645,8.65375,86.7000046,86.3,2.10895,46.2631264,28.38124847
61.3,64.4,64.2000046,61.2,17.3789063,300.491882,129.687637,49.9160919,413.971863,4.6409,181.134262,82.5,83.7000046,87.3,76.1,16.70125,20.22625,26.06625,19.69875,6173.627,83.7000046,82.5,5.43,8.685,8.735001,86.8,86.4,2.10895,46.3649979,29.69062614
61.5,64.1,64.1,61.4,17.36875,305.555542,130.77124,49.5399323,418.853119,4.6295,185.416656,82.3,83.8,86.7000046,76.3,16.415,20.02375,26.59625,19.9037514,6178.3584,83.6,82.4,5.43,8.60375,8.5725,86.8,86.4,2.1065,46.4462471,30.63749886
61.5,64.2000046,64.3,61.5,17.3331261,304.832184,129.904968,49.5587425,417.8375,4.6393,184.490738,82.5,83.9,87,76.3,16.375,20.105,26.4324989,19.6575,6175.22,83.9,82.7000046,5.43,8.8075,8.89875,86.9,86.5,2.104075,46.58875,31.40312386
61.6000023,64.4,64.3,61.5,17.3484383,304.542816,130.24527,49.5963554,417.228119,4.65065,184.259262,82.6,83.8,87.1,76.3,16.415,20.18625,26.4324989,19.9037514,6172.082,83.9,82.7000046,5.3475,8.5625,8.735001,86.9,86.5,2.1057,46.65,32.41874695
61.7,64.5,64.2000046,61.5,17.3484383,304.6875,130.6497,49.65278,417.8375,4.63115,184.490738,82.6,83.8,87,76.4,16.70125,20.0637512,26.59625,19.8625,6172.082,84,82.8,5.47,8.72625,8.89875,87.1,86.7000046,2.104075,46.65,32.58124924
61.8,64.8,64.1,61.5,17.3382816,304.542816,130.730408,49.74682,417.8375,4.61975,184.722214,82.7000046,83.8,87.1,76.4,16.33375,20.51125,26.6775017,19.8625,6179.90332,84,82.8,5.26625,8.88875,9.02125,87.1,86.6,2.1057,46.6906242,32.74062729
61.9,64.9,64.1,61.5,17.3484383,304.6875,130.669067,49.6903954,418.040619,4.58555,184.722214,82.7000046,83.8,87.1,76.5,16.415,20.18625,26.51375,19.7799988,6176.765,84,82.8,5.43,8.72625,9.0625,87.1,86.7000046,2.10245,46.73125,33.11874771
62,65,64,61.5,17.3484383,304.832184,130.589981,49.76563,418.243744,4.65885,184.722214,82.8,83.8,87.2000046,76.5,16.33375,20.105,26.4324989,19.74,6175.22,84.1,82.9,5.51125,8.7675,8.98,87.2000046,86.7000046,2.104075,46.7718735,33.83124924
62.1000023,65.3,64,61.5,17.3331261,304.6875,130.5913,49.6339722,418.040619,4.6214,184.606476,82.8,83.8,87,76.6,16.741251,20.7550011,26.8400021,20.27,6178.3584,84.1,82.9,5.43,8.8075,8.98,87.2000046,86.8,2.104075,46.8737526,34.18437576
62.2,65.4,64,61.5,17.328125,305.2662,130.796219,49.48351,418.446869,4.65065,184.837967,82.8,83.7000046,86.8,76.7000046,16.25125,20.34875,26.4324989,19.6575,6175.22,84,82.9,5.3475,8.5625,8.89875,87.2000046,86.8,2.10325,46.955,34.984375
62.2,65.5,64,61.6000023,17.3484383,305.2662,130.592667,49.5963554,418.65,4.6344,185.069443,82.9,83.8,86.9,76.7000046,16.5775,20.43,26.59625,19.82125,6175.22,84.1,83,5.43,8.5625,8.89875,87.3,86.8,2.1057,46.9756241,35.35000229
62.3,65.6,64.1,61.6000023,17.328125,305.2662,130.249344,49.6339722,418.243744,4.6051,184.722214,83,83.8,87.1,76.7000046,16.7825,20.4712486,26.4324989,19.7799988,6176.765,84.1,83,5.51125,8.645,9.0625,87.3,86.8,2.09755,47.0568733,35.98749924
62.2,65.6,63.9,61.5,17.3331261,304.6875,130.38028,49.57755,417.634369,4.61,184.490738,82.9,83.8,87,76.7000046,16.5374985,20.43,26.75875,19.94375,6175.22,84,82.9,5.43,8.72625,8.98,87.2000046,86.8,2.1008,46.9756241,34.85312653
62.3,65.7000046,63.9,61.5,17.3484383,304.832184,130.65152,49.5963554,418.040619,4.623,184.606476,82.9,83.8,87,76.7000046,16.70125,20.18625,26.6775017,19.7799988,6176.765,84.1,83,5.43,8.72625,8.89875,87.3,86.8,2.1008,47.0568733,34.27812576
62.3,65.7000046,63.9,61.5,17.3484383,304.6875,130.626938,49.74682,418.040619,4.6295,184.490738,83,83.8,87.1,76.7000046,17.10875,20.4712486,26.7174988,19.74,6179.90332,84,82.9,5.3475,8.60375,8.735001,87.3,86.8,2.1008,46.955,32.48125076
62.5,66,64.1,61.7,17.34328,304.6875,130.326141,49.67159,418.040619,4.6295,184.606476,83.1,83.9,87.2000046,76.9,16.86375,20.633749,26.798748,20.025,6178.3584,84.1,83.1,5.43,8.5625,8.98,87.4,86.9,2.104075,47.1787529,32.02187347
62.4,65.9,64,61.5,17.3484383,305.121521,130.8344,49.5587425,418.040619,4.64255,185.185181,82.9,83.8,87,76.8,16.741251,20.145,26.7174988,19.94375,6179.90332,84,82.9,5.3475,8.685,9.0625,87.3,86.8,2.1008,46.9756241,31.83749962
62.2,65.7000046,63.8,61.4,17.3331261,305.121521,131.241852,49.57755,418.243744,4.6409,185.069443,82.7000046,83.7000046,86.8,76.6,16.741251,20.4712486,27.0025024,20.025,6179.90332,83.9,82.8,5.51125,8.5625,8.89875,87.2000046,86.8,2.104875,46.8737526,31.44375038
62.1000023,65.5,63.7,61.4,17.3840637,305.121521,131.062759,49.6339722,418.243744,4.62625,184.837967,82.8,83.8,86.9,76.6,16.66,20.105,26.6775017,19.9849987,6173.627,83.8,82.6,5.3475,8.5625,8.65375,87.2000046,86.8,2.1065,46.7925,30.89687538
62.1000023,65.4,63.8,61.4,17.3840637,304.1088,131.33847,49.67159,418.243744,4.6295,185.069443,82.6,83.7000046,86.7000046,76.5,16.9037514,20.18625,27.0025024,20.27,6172.082,83.9,82.7000046,5.43,8.685,8.65375,87.3,86.8,2.104075,46.8331261,25.43750191
61.8,65,64.1,61.4,17.3382816,304.6875,130.892075,49.9537048,417.8375,4.623,185.069443,82.8,83.8,87.2000046,76.4,16.8225,20.105,26.6775017,19.9849987,6181.49658,83.8,82.6,5.5925,8.8075,8.5725,87.2000046,86.7000046,2.109775,46.7106247,25.33749962
61.7,65,63.7,61.1000023,17.3739071,302.228,131.421936,49.65278,418.040619,4.623,184.027771,82.4,83.6,86.5,76.3,16.45625,20.51125,26.88,20.27,6179.90332,83.7000046,82.5,5.5925,8.8075,8.695,87.1,86.7000046,2.1122,46.4462471,26.22812462
61.5,64.6,64.1,61.3,17.3484383,305.8449,130.469986,49.38947,418.956238,4.6572,185.648148,82.5,83.9,86.7000046,76.3,16.70125,19.86125,27.2462482,20.4325,6175.22,83.6,82.4,5.51125,8.645,8.5725,87,86.6,2.10895,46.4056244,26.03749847
61.6000023,64.6,64.4,61.5,17.38922,304.1088,131.622375,49.6903954,418.65,4.65885,185.416656,82.5,84.1,86.8,76.4,16.741251,20.34875,27.2462482,20.4325,6178.3584,84.2000046,82.9,5.43,8.7675,8.5725,87.4,86.9,2.104875,46.6293755,26.26875114
61.6000023,64.8,64.7000046,61.6000023,17.3128128,303.096069,133.109344,49.9537048,417.634369,4.6556,184.837967,82.6,84.1,86.8,76.4,16.86375,20.34875,27.0025024,19.94375,6173.627,84.7000046,83.4,5.51125,8.72625,8.40875,87.7000046,87.2000046,2.1008,46.8125,26.46250153
61.7,64.8,64.8,61.7,17.3128128,303.240753,133.060562,49.74682,418.243744,4.693,185.069443,82.5,84.1,86.6,76.5,17.19,20.83625,27.3275,20.35125,6176.765,84.7000046,83.4,5.43,8.5625,8.40875,87.7000046,87.2000046,2.10325,46.89375,26.27812576
61.7,64.8,64.9,61.8,17.287344,302.9514,133.577,49.5963554,417.8375,4.6458,185.069443,82.4,84.2000046,86.3,76.7000046,17.3112488,20.8775,27.164999,20.31,6175.22,84.8,83.5,5.3475,8.97,8.5725,87.7000046,87.2000046,2.10245,47.03625,27.26250076
61.7,64.6,65.2000046,62,17.3026562,303.819458,132.1171,49.822052,417.8375,4.66045,185.416656,82.6,84.2000046,87,76.6,17.19,21.04,27.2462482,20.10625,6175.22,84.8,83.6,5.3475,8.8075,8.327499,87.6,87.1,2.099175,47.1587524,27.30937576
61.6000023,64.6,65.2000046,61.9,17.3382816,304.6875,132.024689,49.57755,418.65,4.6686,185.648148,82.6,84.1,86.7000046,76.6,17.5162487,21.28375,27.164999,20.47375,6179.90332,84.8,83.6,5.47,8.645,8.327499,87.7000046,87.2000046,2.099175,47.03625,27.01874924
61.7,64.6,65.2000046,62,17.2976551,303.674774,132.254913,49.76563,417.634369,4.6458,185.069443,82.6,84.1,86.9,76.6,17.3112488,21,27.164999,20.35125,6179.90332,84.8,83.6,5.38875,8.88875,8.327499,87.6,87.2000046,2.101625,47.0775,26.72812653
61.6000023,64.5,65.3,62,17.3179684,303.674774,131.282425,49.6339722,417.8375,4.6621,185.069443,82.6,84.1,87,76.6,17.67875,21.40625,27.125,20.6375,6178.3584,84.6,83.4,5.47,8.93,8.245,87.4,87,2.10325,47.0775,26.77499962
61.5,64.3,65.3,62,17.2976551,303.9641,130.955154,49.6903954,418.243744,4.6686,185.300919,82.6,84.1,87.1,76.5,17.67875,20.9187489,26.8400021,20.1475,6179.90332,84.6,83.4,5.5925,8.7675,8.327499,87.4,87,2.10245,46.9956245,26.91562462
61.5,64.3,65.4,62,17.287344,303.9641,131.294586,49.57755,418.040619,4.67185,185.416656,82.5,84.1,86.9,76.5,17.6375,20.5525,27.0837479,20.1887512,6175.22,84.6,83.4,5.3475,8.8075,8.327499,87.4,86.9,2.104075,47.0775,27.125
61.6000023,64.3,65.4,62.1000023,17.2771873,303.9641,131.848831,49.48351,418.243744,4.6556,185.648148,82.5,84.1,86.7000046,76.6,17.39375,20.9187489,27.0837479,20.10625,6176.765,84.7000046,83.5,5.51125,8.8075,8.327499,87.5,87,2.10245,47.0775,26.83437538
61.5,64.3,65.4,62.1000023,17.3026562,304.542816,131.516541,49.5587425,418.446869,4.6621,185.648148,82.6,84.2000046,86.9,76.6,17.39375,20.7550011,27.164999,20.3925,6179.90332,84.7000046,83.4,5.51125,8.645,8.327499,87.4,87,2.104075,47.03625,26.84062386
61.8,64.6,65.9,62.4,17.3026562,304.1088,131.375046,49.822052,418.040619,4.6702,185.300919,82.8,84.4,87.2000046,76.8,17.0275,20.5925,26.75875,20.10625,6173.627,84.9,83.7000046,5.51125,8.645,8.40875,87.6,87.1,2.099175,47.4637527,26.25312424
61.5,64.3,65.4,62,17.3078117,303.819458,130.980148,49.7280121,418.040619,4.67835,185.069443,82.6,84.3,87.2000046,76.5,17.3525,20.67375,27.164999,20.35125,6183.042,84.7000046,83.4,5.43,8.8075,8.40875,87.4,86.9,2.101625,47.01625,26.79375076
61.5,64.2000046,65.4,62,17.2976551,304.1088,130.861328,49.67159,418.243744,4.67185,185.416656,82.6,84.2000046,87.1,76.5,17.5975,21.08125,26.8400021,20.27,6176.765,84.7000046,83.4,5.51125,8.88875,8.40875,87.4,87,2.1008,46.9756241,26.48437691
61.5,64.2000046,65.4,62,17.3179684,303.819458,131.094009,49.57755,418.040619,4.6621,185.300919,82.5,84.2000046,87,76.5,17.14875,20.8775,26.9212513,20.31,6175.22,84.6,83.4,5.43,8.8075,8.40875,87.4,86.9,2.104075,46.9956245,26.18125153
61.5,64.2000046,65.4,62,17.287344,304.398132,131.351791,49.5023155,418.65,4.66535,185.763885,82.5,84.2000046,86.8,76.5,17.10875,20.67375,26.798748,20.1475,6179.90332,84.7000046,83.4,5.5925,8.645,8.45,87.4,87,2.1065,47.03625,26.49062538
61.4,64.2000046,65.3,62,17.2925,304.398132,131.454681,49.5963554,418.853119,4.66535,185.648148,82.5,84.1,86.8,76.5,17.3112488,20.95875,27.0025024,20.31,6175.22,84.7000046,83.4,5.51125,8.72625,8.40875,87.4,87,2.10245,46.9143753,26.10312462
61.7,64.4,65.7000046,62.2,17.287344,304.398132,130.895325,49.67159,418.243744,4.6523,185.416656,82.7000046,84.3,87.1,76.7000046,17.475,20.715,27.2462482,20.22875,6176.765,84.8,83.6,5.51125,8.4,8.65375,87.4,86.9,2.104075,47.24,26.62500191
61.3,64,65.5,62,17.3078117,303.3854,131.0163,50.010128,417.228119,4.69465,184.837967,82.6,84.2000046,87.4,76.4,17.10875,20.5525,26.8400021,20.31,6178.3584,84.6,83.4,5.3475,8.44125,8.40875,87.3,86.8,2.1057,46.935,26.43125153
61.6000023,64.3,65.6,62.1000023,17.2976551,304.1088,131.199677,49.57755,418.243744,4.67185,185.648148,82.6,84.2000046,86.9,76.6,17.6375,20.9187489,27.0025024,20.47375,6172.082,84.8,83.6,5.43,8.48125,8.5725,87.4,87,2.1057,47.0568733,26.52499962
61.4,64.1,65.4,62,17.3179684,303.9641,131.243,49.5963554,418.243744,4.68485,185.416656,82.4,84.1,86.9,76.4,17.0275,20.34875,26.6775017,20.10625,6175.22,84.6,83.4,5.3475,8.48125,8.45,87.3,86.8,2.104075,46.935,26.70937538
61.5,64.2000046,65.4,62,17.3179684,304.398132,131.547272,49.48351,418.446869,4.66535,185.763885,82.4,84.2000046,86.8,76.5,17.3112488,21.3249989,27.0837479,20.515,6183.042,84.6,83.5,5.43,8.60375,8.40875,87.3,86.8,2.104075,46.9756241,27.48124886
61.5,64.3,65.4,62,17.3179684,304.398132,132.05574,49.5399323,418.853119,4.6881,186.226852,82.4,84.2000046,86.6,76.6,17.27125,20.9187489,27.0025024,20.27,6172.082,84.8,83.6,5.3475,8.318749,8.40875,87.4,86.9,2.099175,47.1381264,28.05312538
61.7,64.4,65.6,62.1000023,17.4196873,304.398132,131.503479,49.9349,417.431244,4.68485,185.763885,82.7000046,84.3,87.3,76.6,17.14875,21.24375,26.9212513,20.27,6170.489,84.8,83.6,5.3475,8.318749,8.49,87.4,87,2.099175,47.1993752,28.5
61.6000023,64.4,65.6,62.1000023,17.4043751,304.1088,131.29184,49.822052,418.143738,4.7923,187.037033,82.6,84.2000046,87.2000046,76.6,17.435,21.4875,27.0025024,20.3925,6179.90332,84.8,83.7000046,5.38875,8.5625,8.49,87.4,87,2.1008,47.1787529,29.08437538
61.8,64.7000046,65.5,62.2,17.3229675,304.832184,130.75589,49.5399323,418.65,4.73695,186.805557,82.7000046,84.2000046,87.1,76.7000046,17.0275,21.8125,26.88,20.6375,6175.22,84.9,83.7000046,5.3475,8.4,8.45,87.5,87,2.1008,47.3418732,29.94687653
62,64.8,65.4,62.2,17.3585949,305.121521,132.352325,49.5587425,418.853119,4.81675,188.541656,82.6,84.2000046,86.6,76.8,17.23,21.4875,26.9212513,20.22875,6175.22,85.1,83.9,5.3475,8.4,8.327499,87.6,87.2000046,2.1,47.4031258,31.05312538
62.1000023,65,65.3,62.2,17.3535938,303.819458,131.3493,49.822052,417.431244,4.7858,187.152771,82.8,84.2000046,87.1,76.8,17.10875,21.24375,26.8400021,20.1475,6175.22,85,83.9,5.47,8.318749,8.49,87.7000046,87.2000046,2.09755,47.4637527,32.58750153
62.1000023,65.2000046,65.3,62.2,17.4196873,304.542816,131.961441,49.74682,418.040619,4.8184,187.731476,82.8,84.2000046,86.9,76.9,17.0275,21.3249989,26.9212513,20.27,6179.90332,85.1,83.9,5.43,8.44125,8.49,87.8,87.3,2.099175,47.545002,33.34999847
62.1000023,65.2000046,65.3,62.2,17.328125,304.832184,129.948639,49.74682,418.243744,4.76955,185.879623,83.1,84.1,87.5,76.9,17.67875,21.08125,26.75875,20.025,6175.22,85.1,84,5.51125,8.88875,8.327499,87.8,87.3,2.099175,47.545002,33.31562424
62.2,65.4,65.1,62.2,17.3942184,305.2662,131.8627,49.40828,418.446869,4.82815,188.310181,82.8,84,86.7000046,77,17.3525,22.1375,27.164999,20.47375,6170.489,85.1,84,5.51125,8.5625,8.327499,87.8,87.4,2.099175,47.5656242,33.58124924
62.3,65.4,65,62.1000023,17.36375,304.832184,131.4139,49.5587425,418.446869,4.82165,187.962967,82.9,84.1,86.9,76.9,17.14875,21.2025,27.0025024,19.9849987,6172.082,85.1,84,5.51125,8.318749,8.49,87.9,87.4,2.099175,47.545002,34.96875
62.1000023,65.3,65.5,62.3,17.2976551,305.9896,122.333687,49.6903954,418.040619,4.84445,188.194443,83.3,84.3,88.4,76.9,17.39375,20.7550011,25.8225,19.74,6175.22,83.7000046,82.7000046,5.47,8.5625,8.81625,86.5,86.1,2.1008,47.626873,35.66249847
62.1000023,65.3,65.5,62.3,17.26703,305.9896,121.655312,49.6903954,418.040619,4.75,187.731476,83.3,84.3,88.4,76.9,17.27125,21,25.7825,19.6575,6175.22,83.7000046,82.7000046,5.43,8.60375,9.0625,86.5,86.1,2.1,47.6468735,35.90312576
62.6000023,66.7000046,64.5,61.7,17.2925,306.278931,121.5382,49.6903954,418.65,4.70115,186.805557,83.4,84.2000046,88.4,77,18.005,21.89375,26.2699986,20.06625,6179.90332,83.5,82.5,5.43,8.645,9.14375,86.6,86.2000046,2.1,47.5043755,35.90312576
62.6000023,66.4,64.3,61.7,17.3484383,305.555542,124.621971,49.7280121,417.8375,4.64255,185.648148,83.4,83.7000046,88.1,76.9,17.19,21.1625,26.0262489,19.74,6172.082,83.3,82.3,5.43,8.2375,9.0625,86.7000046,86.3,2.10245,47.4031258,36.50625229
62.6000023,65.5,64.2000046,62,17.36875,305.555542,124.175758,49.76563,417.8375,4.68485,185.416656,83.4,83.9,88.1,76.9,17.14875,20.67375,26.0262489,19.6575,6179.90332,83.6,82.5,5.47,8.60375,8.89875,86.7000046,86.3,2.101625,47.4437523,35.96562576
62.5,65.5,64.3,61.9,17.4043751,305.9896,123.922188,49.7844353,418.040619,4.6621,185.416656,83.3,83.8,88.1,76.8,16.9037514,20.5925,26.1074982,19.69875,6172.082,83.6,82.6,5.43,8.278749,8.89875,86.7000046,86.3,2.101625,47.4031258,36.15312576
62.6000023,65.8,64.3,62,17.3942184,306.134247,123.921318,49.7280121,418.140625,4.66045,185.879623,83.4,83.9,88.2000046,76.9,16.7825,20.3075,26.18875,20.06625,6186.228,83.5,82.5,5.51125,8.645,8.98,86.7000046,86.2000046,2.101625,47.4437523,34.79062653
62.6000023,66,64.4,61.9,17.3585949,306.134247,123.823349,49.5399323,418.3469,4.6621,185.995361,83.4,83.9,88.1,76.9,17.3112488,21.08125,26.18875,20.025,6179.90332,83.6,82.6,5.51125,8.318749,8.735001,86.7000046,86.3,2.1008,47.545002,32.32187653
62.7,66,64.4,62,17.3179684,306.712952,124.461296,49.5023155,419.056244,4.6556,186.574066,83.3,83.9,88,76.9,17.3112488,20.79625,26.2699986,19.94375,6183.042,83.6,82.6,5.67375,8.48125,8.89875,86.8,86.3,2.1008,47.545002,31.74374962
62.5,65.7000046,64.4,61.9,17.3179684,305.555542,123.9219,49.84086,417.8375,4.6474,185.879623,83.3,83.9,88.1,76.8,17.19,20.2675,26.0262489,19.69875,6178.3584,83.5,82.5,5.43,8.44125,8.65375,86.7000046,86.3,2.104075,47.4031258,31.35625076
62.4,65.6,64.3,61.8,17.2823429,305.121521,123.396362,49.84086,417.734375,4.66695,185.185181,83.3,83.8,88.2000046,76.7000046,17.0675,21.08125,26.0262489,20.1475,6167.35,83.5,82.4,5.47,8.5625,8.65375,86.7000046,86.3,2.10245,47.32125,30.47500038
62.2,65.4,64.1,61.7,17.3382816,305.8449,123.8474,49.8784752,418.65,4.6686,185.879623,83.2000046,83.8,88.1,76.5,17.0675,21.04,26.0262489,20.025,6167.35,83.4,82.3,5.43,8.5225,8.89875,86.7000046,86.3,2.10895,47.1181259,29.80624962
62.2,65.6,64.2000046,61.6000023,17.2976551,305.8449,123.7803,49.65278,418.3469,4.66535,186.226852,83.2000046,83.8,88.1,76.6,17.23,20.8775,26.1074982,20.22875,6175.22,83.3,82.2000046,5.5925,8.48125,9.02125,86.5,86.1,2.107325,47.1381264,29.53125
62.1000023,65.4,64.1,61.5,17.3128128,306.134247,124.5435,49.57755,418.3469,4.6621,186.226852,83,83.7000046,87.8,76.5,17.19,20.5525,26.18875,19.94375,6168.89551,83.3,82.2000046,5.43,8.60375,9.0625,86.6,86.2000046,2.10895,46.935,28.92499924
62.1000023,65.4,64.2000046,61.5,17.2976551,306.712952,123.849838,49.40828,419.056244,4.61975,185.995361,83.1,83.8,87.9,76.5,16.945,20.43,26.18875,19.82125,6172.082,83.2000046,82.2000046,5.5925,8.685,9.02125,86.5,86.1,2.10895,46.9956245,29.18437386
62,65.2000046,64.2000046,61.6000023,17.3229675,305.9896,123.804787,49.5587425,417.8375,4.6751,185.995361,83.1,83.7000046,88,76.5,17.475,20.22625,26.35125,20.10625,6175.22,83.2000046,82.1,5.5925,8.48125,8.98,86.4,86,2.110575,46.955,28.359375
61.9,65,64.3,61.6000023,17.26703,304.832184,123.557968,49.822052,417.228119,4.66535,185.069443,83.1,83.7000046,88.2000046,76.4,17.3525,20.2675,26.0262489,19.94375,6170.489,83.1,82.1,5.5925,8.48125,9.14375,86.4,86,2.10895,46.9143753,28
61.8,64.9,64.2000046,61.5,17.2976551,305.8449,123.645027,49.74682,418.446869,4.67675,185.879623,83,83.7000046,88,76.3,17.10875,19.9025,26.06625,19.7799988,6172.082,83.1,82,5.71499968,8.318749,9.0625,86.4,86,2.1122,46.7718735,27.79375076
61.8,64.7000046,64.2000046,61.6000023,17.328125,306.134247,126.207733,49.3706627,418.3469,4.62625,185.185181,82.9,83.7000046,87.6,76.3,17.10875,20.43,26.5549984,20.06625,6178.3584,83.4,82.3,5.5925,8.4,8.89875,86.7000046,86.3,2.1122,46.751873,27.40625191
61.7,64.4,64.3,61.7,17.3229675,305.2662,126.473938,49.65278,417.634369,4.6393,185.069443,82.9,83.8,87.8,76.3,17.3525,20.2675,26.59625,20.025,6175.22,83.4,82.3,5.67375,8.5225,8.81625,86.7000046,86.3,2.107325,46.73125,27.39062691
61.9,64.6,64.7000046,62,17.3535938,305.8449,126.650925,49.5399323,418.040619,4.6702,185.995361,83.1,84.1,87.6,76.6,17.23,20.43,26.51375,19.94375,6176.765,83.7000046,82.6,5.67375,8.8075,8.81625,86.7000046,86.3,2.10245,47.0975,27.3125
61.6000023,64.2000046,64.6,61.8,17.328125,305.555542,126.586029,49.74682,417.8375,4.6621,185.300919,83,83.9,87.8,76.3,17.14875,20.9187489,26.59625,20.27,6178.3584,83.5,82.3,5.51125,8.72625,8.65375,86.6,86.2000046,2.113025,46.7718735,27.18124962
61.9,64.5,64.8,62.1000023,17.3739071,305.8449,128.579849,49.6903954,418.243744,4.6621,185.879623,83,84,87.5,76.6,17.39375,21.08125,26.75875,20.10625,6178.3584,83.9,82.8,5.51125,8.5225,8.81625,86.9,86.5,2.110575,47.0568733,27.15312576
61.6000023,64.3,64.6,61.8,17.3484383,305.121521,127.664536,49.65278,418.040619,4.6702,185.185181,82.8,83.9,87.6,76.3,17.435,20.5525,26.6775017,20.1475,6176.765,83.6,82.5,5.51125,8.5625,9.14375,86.7000046,86.3,2.110575,46.7925,27.16250038
61.5,64.1,64.7000046,61.8,17.36375,305.2662,127.746193,49.8596649,418.040619,4.68,185.416656,82.8,84,87.7000046,76.3,17.0275,20.39,26.5549984,20.22875,6178.3584,83.7000046,82.5,5.43,8.48125,8.65375,86.7000046,86.3,2.10975,46.751873,26.97500038
61.6000023,64.4,64.6,61.6000023,17.3331261,305.8449,128.060822,49.0133133,418.65,4.64905,185.763885,82.7000046,84,87.1,76.3,17.0675,20.5525,26.63625,20.025,6172.082,83.6,82.5,5.43,8.685,8.98,86.7000046,86.3,2.110575,46.73125,26.55624962
61.4,64.2000046,64.9,61.7,17.328125,304.542816,126.898506,49.8784752,417.025,4.6523,184.259262,82.9,84.2000046,87.9,76.3,17.10875,20.18625,26.18875,19.9849987,6175.22,83.7000046,82.5,5.51125,8.72625,8.5725,86.7000046,86.2000046,2.1122,46.73125,26.64062309
61.4,63.9,64.9,61.8,17.3993759,305.8449,128.703,50.12298,418.853119,4.66045,185.763885,82.8,84.3,87.8,76.3,17.14875,20.2675,26.51375,20.22875,6179.90332,84,82.8,5.51125,8.645,8.5725,86.9,86.5,2.1114,46.6906242,26.40312576
61.4,64,64.8,61.8,17.34328,305.4109,129.183716,49.5399323,418.65,4.6686,185.416656,82.6,84.3,87.3,76.3,16.945,20.5925,26.9212513,20.35125,6181.49658,83.9,82.7000046,5.43,8.4,8.735001,86.8,86.4,2.1122,46.6906242,26.88437462
61.3,63.9,65,61.8,17.3331261,304.832184,128.6394,49.74682,418.040619,4.66045,185.069443,82.6,84.2000046,87.6,76.3,16.98625,20.43,26.4324989,20.06625,6178.3584,84,82.7000046,5.47,8.44125,8.735001,86.8,86.4,2.110575,46.7106247,26.77499962
61.3,63.9,65,61.9,17.3128128,305.2662,128.3051,49.48351,418.243744,4.66695,185.416656,82.6,84.3,87.4,76.3,17.0675,19.9425,26.51375,20.31,6179.90332,83.8,82.7000046,5.51125,8.5225,8.81625,86.7000046,86.3,2.11545,46.7106247,26.85000038
61.2,63.7,65.1,61.8,17.3179684,304.6875,128.016617,50.02894,417.634369,4.65885,184.722214,82.7000046,84.3,87.8,76.2000046,17.14875,20.18625,26.1487522,20.1887512,6178.3584,83.9,82.7000046,5.3475,8.44125,8.65375,86.7000046,86.3,2.11465,46.67,26.18437386
61.2,63.8,65.1,61.8,17.3179684,304.832184,128.410324,49.7280121,418.3469,4.65885,185.185181,82.6,84.3,87.6,76.3,16.9037514,20.4712486,26.4324989,19.9037514,6168.89551,83.9,82.7000046,5.43,8.44125,8.695,86.7000046,86.3,2.1171,46.7106247,26.51250076
61.3,63.8,65.2000046,61.9,17.3229675,305.2662,128.998276,49.67159,418.243744,4.6686,185.416656,82.6,84.4,87.5,76.3,17.10875,20.43,26.4324989,20.1887512,6183.042,83.9,82.7000046,5.43,8.48125,8.81625,86.7000046,86.3,2.110575,46.67,26.73749924
61.4,63.9,65.1,61.9,17.3229675,305.8449,129.21167,49.5023155,418.853119,4.67185,185.879623,82.5,84.3,87.3,76.3,16.98625,20.5525,26.5549984,20.06625,6176.765,84,82.8,5.43,8.5225,8.81625,86.8,86.4,2.1122,46.751873,27.67187309
61.8,64.3,65.5,62.2,17.3535938,305.4109,129.112946,49.5023155,418.243744,4.6621,185.416656,82.7000046,84.5,87.5,76.6,16.98625,20.105,26.51375,19.94375,6178.3584,84.2000046,83.1,5.51125,8.318749,8.65375,86.9,86.5,2.10245,47.24,28.63437462
61.6000023,64.1,65.2000046,62,17.3382816,305.4109,128.759949,49.7280121,418.243744,4.6572,185.648148,82.7000046,84.4,87.5,76.4,16.9037514,20.8775,26.51375,20.27,6179.90332,84.1,83,5.3475,8.5625,8.65375,86.8,86.4,2.108125,46.955,29.14999962
61.7,64.3,65.2000046,62.1000023,17.3484383,304.832184,128.869476,49.84086,418.040619,4.6556,185.185181,82.8,84.3,87.6,76.5,16.66,20.43,26.51375,19.9849987,6175.22,84.2000046,83.1,5.51125,8.44125,8.735001,87,86.6,2.1065,47.1181259,30.11562538
61.8,64.5,65.1,62.1000023,17.3331261,304.832184,128.240036,49.7844353,418.040619,4.67835,185.185181,83,84.4,87.8,76.6,16.741251,20.67375,26.2699986,20.06625,6175.22,84.2000046,83.1,5.51125,8.645,8.5725,87,86.6,2.104075,47.1993752,30.99687386
62,64.6,64.9,62.1000023,17.3382816,305.121521,129.0487,49.7280121,418.243744,4.7044,185.879623,82.9,84.3,87.6,76.6,17.0675,20.43,26.59625,20.10625,6176.765,84.2000046,83.1,5.47,8.44125,8.735001,87,86.6,2.10245,47.1993752,32.11249924
62,64.8,64.7000046,62,17.3535938,305.8449,129.259369,49.48351,418.853119,4.65885,185.879623,82.9,84.2000046,87.4,76.7000046,16.61875,21.1625,26.75875,20.35125,6179.90332,84.2000046,83.1,5.51125,8.60375,8.6125,87.1,86.7000046,2.10325,47.1993752,32.81562805
62.4,65.2000046,65,62.3,17.3585949,305.2662,129.022263,49.6339722,418.446869,4.6637,185.300919,83.2000046,84.4,87.6,77,17.0275,20.43,26.6775017,19.94375,6181.49658,84.5,83.4,5.47,8.685,8.81625,87.3,86.9,2.104875,47.484375,33.28750229
62.2,65.1,64.6,62,17.3229675,304.6875,128.5986,49.6903954,418.143738,4.65885,185.300919,83.1,84.2000046,87.6,76.7000046,16.9037514,21,26.6775017,20.10625,6175.22,84.3,83.2000046,5.5925,8.645,8.89875,87.3,86.8,2.10325,47.30125,34.08750153
62.3,65.3,64.5,62,17.3382816,305.2662,129.0473,49.8596649,418.243744,4.67185,185.416656,83.1,84.1,87.5,76.8,17.23,21,26.75875,19.82125,6176.765,84.4,83.3,5.43,8.7675,8.65375,87.3,86.9,2.1008,47.3825,33.83124924
62.4,65.5,64.7000046,62.1000023,17.3179684,305.4109,128.837463,49.84086,418.243744,4.6523,185.300919,83.1,84,87.7000046,76.9,16.8225,20.5525,26.4324989,19.7799988,6172.082,84.5,83.4,5.43,8.48125,8.5725,87.4,87,2.099175,47.545002,32.82500076
62.4,65.6,64.3,61.9,17.3739071,306.278931,128.549591,49.3518524,419.056244,4.6051,185.300919,83,84,87.2000046,76.8,16.7825,20.9187489,26.5549984,19.9849987,6172.082,84.3,83.2000046,5.43,8.318749,8.65375,87.4,86.9,2.104075,47.32125,27.79062462
62.9,66.3,64.9,62.2,17.328125,303.096069,134.4808,49.8596649,417.634369,4.7044,184.606476,83,84,86.5,77.2000046,18.289999,21.89375,27.897501,20.31,6179.90332,85.9,84.7000046,5.51125,8.48125,8.16375,88.8,88.3,2.095925,47.7893753,24.46249962
62.1000023,65.3,64.4,61.7,17.328125,304.542816,133.61998,49.6903954,419.1594,4.6979,184.722214,82.6,83.7000046,86.4,76.6,17.5975,21.28375,27.164999,20.1887512,6172.082,85.5,84.3,5.51125,8.318749,8.245,88.5,88,2.104875,47.1381264,27.44687462
62.1000023,65.2000046,64.8,62,17.3585949,303.674774,133.507874,50.2358246,418.040619,4.6458,184.143509,83,83.9,87.2000046,76.7000046,17.19,21.4475,26.6775017,19.9849987,6172.082,85.6,84.4,5.51125,8.278749,8.245,88.5,88,2.1057,47.30125,30.07187462
62.1000023,65.1,64.2000046,61.7,17.3078117,303.9641,135.583679,49.5399323,418.853119,4.71095,185.995361,82.3,83.7000046,85.5,76.6,17.23,22.62625,27.735,20.8000011,6172.082,85.5,84.3,5.43,8.4,8.40875,88.5,87.9,2.104075,47.01625,31.16250038
62,65,64.2000046,61.6000023,17.3229675,303.3854,134.223114,49.5587425,418.040619,4.68485,184.722214,82.5,83.7000046,86,76.5,17.3112488,21.24375,27.2875,20.1475,6179.90332,85.3,84.1,5.47,8.44125,8.40875,88.3,87.8,2.1057,46.89375,30.21562386
62,64.9,64.1,61.6000023,17.3179684,303.9641,134.353027,49.4458923,418.446869,4.68325,185.069443,82.4,83.7000046,85.9,76.6,17.27125,21.3249989,27.8162518,20.55625,6176.765,85.4,84.2000046,5.26625,8.318749,8.327499,88.4,87.8,2.108125,46.89375,30.05624962
62,64.9,64.1,61.7,17.34328,303.9641,134.536682,49.5023155,418.446869,4.6702,185.300919,82.4,83.7000046,85.7000046,76.6,17.3112488,21.56875,27.49,20.4325,6179.90332,85.3,84.1,5.3075,8.318749,8.245,88.3,87.8,2.1057,46.8737526,29.703125
62,64.9,64.2000046,61.7,17.328125,303.3854,134.560547,49.6339722,417.8375,4.68485,184.722214,82.5,83.7000046,86.1,76.5,17.10875,21.69125,27.49,20.1887512,6175.22,85.3,84.1,5.26625,8.44125,8.40875,88.3,87.8,2.107325,46.935,29.11562538
61.8,64.6,64.6,61.8,17.2620316,303.819458,130.365829,49.74682,417.734375,4.71095,185.416656,82.8,83.8,87.3,76.5,17.7200012,21.2025,26.798748,20.10625,6170.489,84.8,83.7000046,5.51125,8.4,8.327499,87.7000046,87.2000046,2.1057,46.9756241,29.09062576
61.8,64.6,64.9,61.9,17.26703,304.6875,129.626785,49.76563,418.040619,4.67185,185.300919,82.9,83.9,87.5,76.5,17.92375,21.08125,26.63625,20.27,6176.765,84.8,83.6,5.51125,8.2375,8.327499,87.7000046,87.2000046,2.107325,47.0568733,28.59062576
61.9,64.7000046,64.9,62,17.2976551,304.542816,130.884155,49.5963554,418.243744,4.6914,185.300919,82.8,83.9,87.2000046,76.5,17.39375,21.08125,27.164999,20.4325,6179.90332,84.9,83.7000046,5.43,8.278749,8.286249,87.7000046,87.3,2.104875,47.0775,28.16562271
61.7,64.4,65.2000046,62.1000023,17.2771873,304.398132,129.703461,49.7280121,418.140625,4.66535,184.722214,82.8,84,87.3,76.5,17.8425,21.12125,26.9212513,20.27,6175.22,85,83.8,5.3475,8.36,8.40875,87.8,87.3,2.10325,47.1381264,27.33437347
61.7,64.3,65.2000046,62.1000023,17.2925,304.6875,130.84375,49.65278,418.243744,4.69625,185.879623,82.7000046,84,87.2000046,76.5,17.27125,20.9187489,26.88,20.4325,6178.3584,84.9,83.7000046,5.55250025,8.685,8.245,87.6,87.1,2.104075,47.03625,27.42187309
61.7,64.3,65.1,62,17.2925,304.1088,131.958008,49.4458923,418.243744,4.76955,187.152771,82.4,83.9,86.4,76.5,17.3525,21.40625,27.3275,20.6375,6175.22,84.9,83.7000046,5.3475,8.318749,8.245,87.7000046,87.2000046,2.1065,46.9956245,27.171875
61.4,64.1,65.6,62.1000023,17.328125,306.134247,127.179192,49.67159,418.243744,4.7207,186.34259,82.8,84.2000046,87.8,76.4,17.475,20.715,26.4324989,20.06625,6175.22,84.3,83.1,5.47,8.318749,8.49,87,86.6,2.104075,47.0775,27.06874847
61.4,63.9,65.4,62.1000023,17.4298439,306.278931,128.0979,49.5399323,418.446869,4.6914,185.879623,82.7000046,84.2000046,87.5,76.4,17.0675,20.2675,26.7174988,20.22875,6175.22,84.2000046,83.1,5.3475,8.48125,8.40875,87,86.5,2.10975,46.955,26.80312347
61.4,63.9,65.5,62.1000023,17.4348431,306.5683,128.265015,49.67159,418.853119,4.6914,185.995361,82.8,84.2000046,87.5,76.4,17.39375,20.79625,26.51375,20.06625,6175.22,84.3,83.2000046,5.43,8.278749,8.49,87.1,86.6,2.110575,46.9756241,26.51250076
61.4,63.9,65.4,62.1000023,17.4451561,305.2662,127.693054,49.9349,417.431244,4.67185,184.722214,82.8,84.2000046,87.9,76.3,17.92375,20.7550011,26.35125,19.9849987,6165.75732,84.2000046,83.1,5.43,8.4,8.6125,87,86.5,2.10895,46.9143753,26.37499809
61.3,64.4,65.6,61.9,17.6789074,308.449066,122.285492,49.74682,417.8375,4.7598,186.226852,82.7000046,84.2000046,88.2000046,76.2000046,18.3725,20.7550011,26.18875,20.025,6172.082,83.8,82.7000046,5.51125,8.15625,8.5725,86.7000046,86.2000046,2.10895,46.9143753,26.14999962
61.9,65.7000046,64.1,61.3,17.7501564,305.2662,107.812729,50.02894,417.8375,4.7321,187.384262,82.3,83.1,87.6,76,17.67875,20.83625,26.35125,19.9849987,6178.3584,82,81,5.5925,8.645,9.224999,85.2000046,84.8,2.104875,46.8331261,26.19062424
62.3,66.2000046,63.4,61,17.7196884,306.134247,107.477325,49.67159,418.243744,4.7923,187.962967,82.2000046,83,87.4,76.1,17.5162487,21,26.4324989,19.7799988,6176.765,81.7000046,80.7000046,5.67375,8.72625,9.38875,85.2000046,84.9,2.113825,46.751873,26.265625
62.4,65.8,63.2,61.1000023,17.546875,303.9641,100.944023,49.76563,418.65,4.66535,187.962967,82,83.3,86.7000046,76.3,17.27125,20.633749,26.59625,19.74,6178.3584,80.6,79.6,5.67375,8.60375,9.87875,84.3,84,2.1122,46.65,26.58750153
62.3,64.7000046,63.3,61.4,17.6993752,309.4618,95.17317,49.5399323,419.056244,4.6556,191.2037,81.4,82.9,85.2000046,76.1,16.2925,20.2675,26.75875,20.27,6172.082,79.2000046,78.2000046,5.95875025,8.60375,10.04125,82.7000046,82.6,2.113825,46.67,25.69062424
62.7,65.7000046,62.7,60.9,17.974062,308.304382,117.894424,49.65278,418.446869,4.6816,185.185181,82.5,83.9,87.7000046,76.5,16.9037514,20.145,26.18875,19.9849987,6168.89551,81.2000046,80.2000046,5.67375,8.5225,9.47,85.1,84.7000046,2.1171,46.58875,25.65625
61.6000023,63.7,64.2000046,61.8,17.8468761,306.712952,127.153275,49.9349,417.228119,4.6116,183.564819,82.4,83.8,87.3,76.3,17.39375,20.9187489,26.8400021,20.27,6175.22,83.7000046,82.5,5.5925,8.5225,8.65375,86.9,86.4,2.1122,46.65,25.61250114
61.3,63.5,64.8,62,17.5010948,307.7257,127.403709,49.40828,419.259369,4.6116,185.069443,82.4,83.9,87.2000046,76.2000046,17.10875,20.83625,26.6775017,20.27,6175.22,83.7000046,82.6,5.43,8.5225,8.735001,86.6,86.2000046,2.11545,46.65,25.69062424
61.2,63.9,65.2000046,61.8,17.4704685,306.5683,126.690781,49.4647026,418.3469,4.6165,184.259262,82.4,83.9,87.5,76.1,17.14875,20.715,26.3112488,20.10625,6170.489,83.7000046,82.5,5.43,8.645,8.81625,86.5,86.2000046,2.1171,46.6906242,25.35000229
61.1000023,64.1,65.4,61.7,17.506094,305.9896,127.131645,49.6903954,417.431244,4.6214,184.490738,82.4,83.9,87.6,76.1,16.98625,19.9825,26.18875,19.74,6175.22,83.6,82.4,5.43,8.72625,8.98,86.5,86.1,2.10895,46.65,25.08749962
61,64.3,65.4,61.6000023,17.4756241,306.712952,127.507095,49.1637764,418.3469,4.6474,184.490738,82.3,83.9,87.2000046,76.1,16.945,20.3075,26.0262489,20.06625,6168.89551,83.6,82.4,5.55250025,8.5625,8.81625,86.5,86.1,2.110575,46.609375,25.09687614
60.9,64.3,65.5,61.5,17.4553127,305.555542,126.274704,49.9160919,417.228119,4.5937,183.333328,82.4,84,87.8,75.9,17.10875,19.86125,25.945,19.9849987,6172.082,83.6,82.4,5.43,8.72625,9.0625,86.6,86.2000046,2.1171,46.5481262,25.12812614
61,64.5,65.5,61.4,17.4553127,307.43634,126.348495,49.31424,419.259369,4.53835,184.606476,82.2000046,83.8,87.2000046,76,17.19,20.02375,26.2699986,19.82125,6172.082,83.6,82.5,5.3475,8.44125,8.81625,86.7000046,86.2000046,2.1122,46.6293755,25.31875038
60.9,64.6,65.6,61.4,17.5112514,305.2662,126.982422,49.5023155,417.228119,4.6214,183.449066,82.3,83.8,87.5,75.9,16.8225,19.9825,25.7012482,19.69875,6168.89551,83.6,82.4,5.43,8.7675,8.940001,86.5,86.1,2.11545,46.5481262,25.42499924
61,64.5,65.9,61.5,17.36875,305.9896,123.378029,50.02894,417.8375,4.6214,184.490738,82.6,84.2000046,88.3,76,17.27125,19.82,25.7012482,19.7799988,6175.22,83.4,82.2000046,5.43,8.7675,8.81625,86.2000046,85.8,2.113825,46.8125,25.63750076
61,64.7000046,65.6,61.4,17.4654675,307.002319,125.989082,49.822052,419.259369,4.63115,185.416656,82.4,83.8,87.7000046,76,17.23,20.145,25.8637486,20.025,6179.90332,83.4,82.2000046,5.43,8.645,8.49,86.3,85.9,2.113825,46.609375,25.94687653
61,64.4,65.5,61.5,17.4451561,305.9896,124.369354,49.5963554,417.8375,4.61,184.143509,82.4,83.9,87.9,76,16.945,20.34875,25.7825,20.1475,6170.489,83.1,81.9,5.51125,8.60375,8.65375,86,85.6,2.113825,46.6293755,26.35937691
61.3,64.7000046,65.9,61.9,17.4704685,307.002319,124.894943,49.6339722,418.7531,4.60185,185.069443,82.6,84.1,87.7000046,76.3,16.61875,20.22625,26.18875,20.025,6168.89551,83.4,82.3,5.5925,8.60375,8.6125,86.2000046,85.8,2.107325,47.03625,27.08125114
61.2,64.6,65.6,61.6000023,17.4501553,306.712952,125.052109,49.4647026,418.446869,4.61,184.837967,82.4,84,87.7000046,76.1,16.5775,19.9025,25.7012482,19.8625,6172.082,83.2000046,82,5.51125,8.72625,8.327499,86.1,85.7000046,2.1114,46.7718735,27.78437424
61.3,64.8,65.5,61.7,17.4654675,305.9896,124.878914,49.76563,417.634369,4.61325,184.259262,82.5,84,87.9,76.2000046,16.66,20.34875,25.945,19.9849987,6172.082,83.3,82.1,5.51125,8.48125,8.6125,86.2000046,85.8,2.108125,46.89375,28.31875038
61.5,65.1,65.3,61.7,17.44,306.857635,126.138878,49.3518524,418.853119,4.6165,184.837967,82.5,84,87.6,76.3,16.741251,20.67375,26.18875,19.9849987,6167.35,83.3,82.2000046,5.51125,8.72625,8.6125,86.2000046,85.8,2.10895,47.01625,28.78750038
61.6000023,65.3,65.4,61.7,17.4501553,306.857635,123.255394,49.7844353,418.446869,4.6181,185.300919,82.7000046,84.1,88.2000046,76.3,16.61875,20.34875,25.7012482,19.94375,6172.082,83.1,82,5.43,8.7675,8.5725,86,85.6,2.104875,47.0775,29.47187424
61.8,65.8,65.2000046,61.6000023,17.4806252,305.2662,118.622314,49.65278,418.040619,4.60675,185.069443,82.7000046,83.8,88.2000046,76.4,16.61875,20.67375,25.375,19.9037514,6168.89551,82.4,81.4,5.5925,8.645,8.98,85.3,85,2.107325,47.1993752,30.55937576
62.1000023,66.5,64.8,61.5,17.4298439,305.2662,118.932434,49.822052,418.243744,4.6018,185.300919,82.8,83.9,88.4,76.5,17.0675,20.18625,25.6199989,20.06625,6172.082,82.4,81.4,5.43,8.8075,9.3075,85.4,85.1,2.104875,47.2806244,31.41874886
62.3,66.9,64.5,61.4,17.4451561,304.832184,119.479141,49.822052,418.040619,4.62625,185.416656,82.9,83.9,88.3,76.6,17.3112488,20.67375,25.8637486,19.94375,6179.90332,82.4,81.4,5.5925,8.5625,9.38875,85.5,85.1,2.1057,47.2806244,32.33437347
62.5,67.1,64.4,61.4,17.44,305.8449,119.572189,49.65278,418.65,4.62465,185.879623,82.8,83.8,88.2000046,76.7000046,16.741251,21,25.8637486,19.82125,6168.89551,82.4,81.5,5.51125,8.36,9.0625,85.6,85.2000046,2.1057,47.3418732,32.68437195
62.6000023,67.3,64.2000046,61.4,17.44,304.832184,119.337418,49.7844353,418.040619,4.6165,185.416656,83,83.7000046,88.3,76.7000046,17.19,20.633749,25.7825,20.025,6175.22,82.3,81.4,5.5925,8.5225,9.14375,85.6,85.2000046,2.1008,47.3418732,33.74062347
62.7,67.6,64.2000046,61.4,17.44,305.2662,119.6723,49.822052,418.446869,4.6181,185.416656,83,83.8,88.3,76.8,17.14875,21.28375,25.945,19.8625,6179.90332,82.5,81.5,5.5925,8.8075,9.38875,85.6,85.3,2.1008,47.4031258,32.90625
63.2,68.3,64.4,61.7,17.4348431,305.2662,119.404343,49.48351,418.243744,4.59695,185.185181,83.2000046,83.8,88.4,77.1,16.945,21,25.7012482,19.7799988,6172.082,82.6,81.8,5.43,8.645,9.14375,85.8,85.4,2.0943,47.8918762,32.38750076
62.9,67.9,64,61.3,17.4348431,304.832184,119.065407,49.74682,417.8375,4.59205,185.069443,83,83.7000046,88.3,76.8,17.14875,20.79625,25.7825,19.8625,6178.3584,82.3,81.5,5.5925,8.685,9.26625,85.7000046,85.2000046,2.10325,47.4031258,31.95937538
62.5,67.6,63.6000023,60.9,17.4501553,305.8449,119.656433,49.74682,418.853119,4.6051,185.763885,82.8,83.5,88.2000046,76.5,17.23,20.5925,25.7012482,19.74,6179.90332,82.1,81.1,5.51125,8.48125,9.224999,85.6,85.2000046,2.10975,46.9143753,31.30624962
62.3,67.4,63.4,60.8,17.4196873,303.240753,117.662384,50.1041679,417.025,4.57255,183.333328,83,83.6,88.5,76.3,17.10875,20.2675,25.5787487,20.025,6179.90332,81.8,80.8,5.47125,8.645,9.38875,85.5,85.1,2.10975,46.7718735,33.375
62.2,67.1,63.2,60.6000023,17.4501553,305.2662,119.33667,49.84086,418.243744,4.60675,185.416656,82.7000046,83.4,88.2000046,76.2000046,17.14875,20.5925,25.7012482,19.7799988,6178.3584,81.7000046,80.7000046,5.51125,8.48125,9.224999,85.6,85.2000046,2.113825,46.4868736,32.734375
62,66.9,63.1000023,60.4,17.4501553,305.555542,118.29705,49.5963554,418.446869,4.54485,184.490738,82.7000046,83.3,88,76.1,16.7825,20.34875,25.7012482,19.74,6167.35,81.7000046,80.7000046,5.67375,8.318749,9.38875,85.7000046,85.3,2.11545,46.3243752,33.54375076
61.9,66.9,63,60.3,17.4501553,304.542816,118.838074,49.7280121,417.431244,4.60345,184.722214,82.7000046,83.2000046,88.1,76,16.86375,20.34875,25.7825,19.94375,6175.22,81.5,80.4,5.71499968,8.2375,9.224999,85.5,85.2000046,2.11545,46.14125,32.35000229
61.9,66.7000046,63.4,60.5,17.4603119,305.555542,119.879883,49.57755,418.446869,4.61975,185.879623,82.5,83.5,88,76.1,17.0275,20.39,25.8637486,20.22875,6175.22,81.6,80.5,5.67375,8.2375,9.184999,85.5,85.2000046,2.1114,46.30375,31.49062347
61.8,66.3,63.6000023,60.7,17.4145317,304.832184,118.599861,49.76563,418.040619,4.6051,185.069443,82.7000046,83.5,88.2000046,76,16.86375,20.145,25.7825,20.06625,6181.49658,81.6,80.5,5.55250025,8.8075,9.14375,85.5,85.1,2.113025,46.28375,30.55312729
61.4,65.8,63.5,60.4,17.4451561,305.2662,119.355553,49.7280121,418.243744,4.62465,185.763885,82.4,83.5,88,75.8,17.10875,20.18625,26.0262489,20.1887512,6175.22,81.5,80.4,5.75499964,8.685,9.224999,85.3,84.9,2.11545,46.0593758,29.09375191
61.3,65.8,63.5,60.3,17.51625,305.121521,120.661278,49.3518524,418.243744,4.6051,184.722214,82.4,83.5,87.8,75.8,17.10875,19.7799988,25.945,19.8625,6168.89551,81.6,80.5,5.67375,8.318749,9.26625,85.4,85,2.118725,45.9781265,28.26874924
61.1000023,64.8,63.9,60.7,17.4246864,304.6875,120.302895,49.74682,417.8375,4.5839,185.185181,82.4,83.6,87.9,75.7000046,17.14875,20.3075,26.0262489,20.27,6175.22,81.7000046,80.6,5.75499964,8.88875,9.14375,85.3,85,2.118725,45.9781265,27.41250038
61.2,65.1,63.7,60.6000023,17.4704685,306.278931,121.706345,49.29543,419.3625,4.59855,186.226852,82.2000046,83.6,87.6,75.8,16.945,20.18625,26.18875,20.06625,6179.90332,81.7000046,80.5,5.8375,8.8075,9.224999,85.3,85,2.1171,45.9781265,25.49687576
61.1000023,64.5,64,60.8,17.4501553,303.3854,123.143219,49.5963554,416.818726,4.6018,183.564819,82.4,83.8,87.9,75.7000046,16.45625,19.495,25.945,19.9037514,6176.765,82,80.9,5.71499968,8.88875,9.26625,85.6,85.2000046,2.11465,46.01875,24.78750038
61,64.1,64.1,60.9,17.4298439,305.2662,123.423386,49.65278,418.040619,4.59695,185.300919,82.2000046,83.9,87.7000046,75.7000046,16.7825,19.69875,26.4324989,20.22875,6176.765,82.2000046,81,5.75499964,8.72625,8.98,85.6,85.2000046,2.113825,46.01875,22.328125
60.7,63.9,64.3,60.9,17.4909382,303.674774,123.363266,49.8596649,417.431244,4.63275,184.490738,82.3,84,87.9,75.5,16.9037514,19.41375,26.0262489,19.94375,6170.489,82,80.9,5.75499964,8.685,9.14375,85.4,85.1,2.118725,45.8968773,23.1875
60.8,64,64.7000046,61.1000023,17.4246864,304.542816,123.181824,49.6903954,417.8375,4.6116,184.606476,82.3,84.1,87.8,75.7000046,17.10875,20.02375,26.1074982,20.1887512,6172.082,82.1,81,5.67375,8.5625,9.14375,85.5,85.1,2.1171,46.14125,23.77812576
60.6000023,63.6000023,64.7000046,61,17.4348431,304.542816,122.995392,49.8596649,418.040619,4.6116,185.069443,82.1,84,87.8,75.4,16.61875,19.29125,26.0262489,20.1475,6172.082,82.2000046,81,5.5925,8.645,9.224999,85.4,85.1,2.1171,45.8968773,23.95937347
60.5,63.7,64.8,61,17.44,305.4109,123.589027,49.57755,418.446869,4.62465,185.300919,82,84,87.7000046,75.4,17.0275,19.25125,25.945,19.9849987,6172.082,82.2000046,81,5.67375,8.72625,9.38875,85.3,85,2.11545,45.8968773,23.19687462
60.7,63.8,65,61.2,17.4348431,305.555542,122.89959,49.7280121,418.65,4.60835,185.416656,82.1,84.1,87.7000046,75.6,16.86375,19.9425,26.2699986,20.515,6175.22,82.3,81.1,5.51125,8.72625,8.98,85.5,85.1,2.1122,46.14125,23.51250076
60.8,63.8,65.3,61.4,17.44,305.2662,122.617783,49.4647026,417.8375,4.566,184.606476,82.1,84.2000046,87.7000046,75.7000046,16.415,19.455,25.8637486,19.9849987,6172.082,82.3,81.2000046,5.67375,9.255,9.14375,85.5,85.1,2.1114,46.2631264,23.50625038
60.8,63.9,65.4,61.4,17.4654675,304.398132,123.542747,49.7844353,417.328125,4.59205,184.259262,82.2000046,84.2000046,87.9,75.7000046,16.7825,20.02375,26.0262489,20.27,6170.489,82.4,81.2000046,5.51125,8.93,9.0625,85.5,85.2000046,2.110575,46.3649979,23.921875
60.8,63.9,65.4,61.5,17.4451561,305.2662,123.120956,49.76563,418.243744,4.6165,185.300919,82.2000046,84.2000046,87.9,75.8,16.98625,20.02375,25.945,20.27,6175.22,82.3,81.2000046,5.63375,8.88875,9.14375,85.5,85.1,2.113025,46.4056244,23.23125076
60.9,64,65.5,61.5,17.4298439,305.121521,123.314972,49.7280121,418.243744,4.6002,185.416656,82.2000046,84.3,87.8,75.8,16.8225,19.0475,25.7825,20.025,6173.627,82.4,81.3,5.51125,8.8075,9.02125,85.5,85.2000046,2.10245,46.5075,23.30312347
60.9,64.1,65.5,61.5,17.4348431,305.2662,123.010094,49.6339722,418.550018,4.61485,185.300919,82.2000046,84.2000046,87.9,75.9,16.9037514,19.29125,25.6199989,19.94375,6175.22,82.4,81.3,5.47,8.685,8.89875,85.3,85,2.10895,46.5681267,23.61250114
60.9,64,65.6,61.6000023,17.4654675,304.832184,123.691216,49.7280121,418.040619,4.61,185.185181,82.2000046,84.2000046,87.8,75.8,16.61875,19.455,25.945,20.06625,6170.489,82.5,81.4,5.51125,8.8075,9.0625,85.5,85.1,2.110575,46.5075,23.88125038
60.9,64.1,65.6,61.6000023,17.4553127,305.121521,123.077866,49.5587425,418.243744,4.61,185.185181,82.1,84.2000046,87.8,75.8,16.49625,19.57625,25.8225,19.9849987,6175.22,82.4,81.3,5.43,8.88875,9.0625,85.3,85,2.10975,46.5681267,23.79062462
60.8,63.9,65.7000046,61.6000023,17.4501553,305.121521,123.033592,49.5963554,418.243744,4.61,185.069443,82.2000046,84.1,87.8,75.8,16.8225,19.57625,25.7012482,20.06625,6175.22,82.5,81.4,5.43,8.5625,9.0625,85.4,85,2.110575,46.5275,23.76250076
61,64.1,65.8,61.7,17.4451561,305.555542,123.332512,49.5587425,418.853119,4.60345,185.300919,82.2000046,84.2000046,87.9,76,16.86375,19.6575,25.6199989,19.94375,6178.3584,82.6,81.5,5.5925,8.318749,8.89875,85.4,85,2.1122,46.65,23.82500076
60.9,63.9,65.7000046,61.6000023,17.44,305.555542,123.484177,49.5023155,418.853119,4.5953,185.648148,82.1,84.1,87.7000046,75.8,16.66,19.9425,25.90375,19.9849987,6170.489,82.5,81.4,5.5925,8.685,9.14375,85.4,85,2.1114,46.5481262,23.74374962
61.1000023,64.2000046,65.9,61.8,17.4603119,304.832184,123.3629,49.5963554,418.040619,4.61,185.069443,82.3,84.2000046,87.9,76,16.741251,19.7799988,25.8637486,20.06625,6175.22,82.6,81.5,5.51125,8.84875,9.224999,85.4,85.1,2.10895,46.7718735,23.63124847
60.8,63.8,65.7000046,61.6000023,17.4298439,305.121521,123.074806,49.6339722,418.143738,4.61325,185.300919,82.1,84.1,87.8,75.7000046,16.45625,19.69875,25.5787487,19.9037514,6168.89551,82.5,81.3,5.47,8.5625,8.89875,85.4,85.1,2.11545,46.5075,23.75937462
60.8,63.8,65.7000046,61.6000023,17.4196873,304.832184,123.486595,49.5963554,418.243744,4.6116,185.300919,82.1,84.1,87.7000046,75.8,16.61875,19.495,25.945,19.74,6168.89551,82.6,81.4,5.55250025,8.8075,8.98,85.4,85.1,2.10975,46.5481262,23.80937576
60.8,63.9,65.9,61.6000023,17.3229675,303.096069,121.348,49.9537048,417.025,4.6018,184.143509,82.3,84,88.3,75.8,16.86375,20.18625,25.4975,20.27,6170.489,82.4,81.3,5.43,8.685,9.0625,85.3,85,2.113025,46.5681267,23.78125
60.8,64.2000046,65.9,61.5,17.328125,304.6875,121.03862,49.9160919,418.446869,4.60835,185.763885,82.2000046,84,88.1,75.8,17.0675,19.73875,25.375,19.74,6178.3584,82.5,81.3,5.63375,8.72625,9.0625,85.3,85,2.1122,46.5481262,23.86874962
60.9,64.1,65.8,61.6000023,17.328125,304.1088,122.872963,50.02894,417.8375,4.62625,185.763885,82.2000046,84,88,75.8,17.475,20.0637512,25.8637486,20.10625,6168.89551,82.7000046,81.6,5.67375,8.5625,8.89875,85.6,85.3,2.1114,46.5681267,24.00312614
60.8,64,65.8,61.6000023,17.3026562,305.121521,123.917778,49.7280121,418.446869,4.6116,185.879623,82.1,84,87.7000046,75.8,17.23,20.0637512,26.1487522,20.025,6167.35,82.9,81.8,5.51125,8.48125,8.735001,85.8,85.4,2.113025,46.5681267,24.72500038
60.9,64,65.9,61.7,17.3484383,304.1088,123.810509,49.76563,418.040619,4.61,185.416656,82.2000046,84,87.8,75.8,16.741251,20.145,25.6199989,19.82125,6168.89551,83,81.8,5.47,8.48125,8.98,85.8,85.5,2.110575,46.6293755,24.73749924
61,64,66,61.7,17.3179684,303.3854,123.238304,49.8596649,417.431244,4.623,184.837967,82.3,84,88.1,75.9,17.0675,19.86125,25.45625,20.22875,6175.22,82.9,81.8,5.51125,8.7675,8.940001,85.7000046,85.3,2.108125,46.6293755,25.50624847
61,64.1,65.9,61.7,17.38922,305.4109,124.529022,49.3518524,418.040619,4.59045,185.300919,82.2000046,83.9,87.7000046,75.9,16.741251,20.22625,25.8637486,19.82125,6176.765,82.9,81.7000046,5.67375,8.4,8.89875,85.6,85.3,2.10895,46.7106247,26.19375038
61,64.3,65.7000046,61.6000023,17.287344,302.517365,123.9437,49.76563,416.818726,4.623,184.259262,82.2000046,83.8,87.9,75.9,17.0675,20.105,25.5375,19.6575,6172.082,83,81.8,5.5925,8.5225,9.0625,85.7000046,85.4,2.110575,46.7106247,26.95937538
61,64,66,61.8,17.328125,304.1088,123.279907,50.25463,418.243744,4.6295,185.648148,82.4,83.9,88.2000046,75.9,17.10875,20.715,25.6199989,19.94375,6172.082,83.1,81.9,5.67375,8.4,8.81625,85.9,85.5,2.10895,46.73125,27.41250038
61.2,64.6,65.6,61.7,17.328125,305.4109,124.163864,49.5399323,419.259369,4.61325,185.995361,82.3,83.8,87.7000046,76.1,16.98625,20.7550011,26.0262489,20.10625,6179.90332,83.1,82,5.51125,8.44125,9.02125,85.9,85.6,2.1057,46.7925,27.36875153
61.2,64.5,65.7000046,61.8,17.3078117,304.398132,123.782288,49.67159,417.8375,4.6458,185.300919,82.3,83.8,88,76.1,17.14875,20.715,25.8637486,20.1475,6175.22,83.1,82,5.5925,8.88875,9.02125,85.9,85.5,2.109775,46.89375,26.89374924
61.2,64.4,65.6,61.7,17.3331261,304.542816,124.090652,49.7844353,418.143738,4.6165,185.648148,82.3,83.7000046,88,76,17.10875,20.5925,25.945,19.9037514,6175.22,83.1,82,5.51125,8.5225,8.5725,85.9,85.5,2.1114,46.8125,27.33125114
61,64.2000046,65.3,61.5,17.4145317,305.2662,123.4472,49.84086,418.446869,4.60675,185.763885,82.3,83.7000046,87.9,75.8,17.27125,20.67375,25.8637486,19.8625,6175.22,83.1,81.9,5.51125,8.5625,8.89875,85.9,85.6,2.1122,46.5275,27.84375
61,64.4,65.1,61.3,17.36875,305.8449,123.656906,49.5023155,418.65,4.6116,185.648148,82.2000046,83.5,87.7000046,75.8,17.0275,20.715,25.945,19.74,6167.35,83,81.9,5.5925,8.5225,8.735001,86,85.7000046,2.113825,46.4462471,27.87812424
61,64.6,65,61.2,17.3585949,304.6875,122.751076,49.65278,418.243744,4.61975,185.300919,82.3,83.5,87.9,75.8,17.19,20.5525,25.8637486,19.6575,6172.082,82.9,81.7000046,5.67375,8.44125,9.224999,86,85.7000046,2.1122,46.4056244,27.83125114
61,64.5,64.8,61.2,17.3078117,304.542816,123.167152,49.74682,418.243744,4.6165,185.648148,82.3,83.5,87.8,75.7000046,17.23,20.83625,25.7012482,19.9037514,6175.22,82.8,81.7000046,5.63375,8.5625,8.89875,86.1,85.7000046,2.1122,46.3649979,28.28437424
61.1000023,64.7000046,64.8,61.2,17.328125,304.6875,122.87281,49.6339722,418.243744,4.60835,185.416656,82.3,83.4,87.9,75.8,17.10875,20.5525,25.6199989,19.9849987,6167.35,82.9,81.7000046,5.67375,8.36,8.940001,86.1,85.7000046,2.11545,46.3649979,29.21249771
61.2,64.8,64.7000046,61.2,17.328125,305.121521,123.299187,49.6903954,418.65,4.6165,185.995361,82.3,83.4,87.7000046,75.9,17.23,20.34875,25.7825,19.94375,6168.89551,82.9,81.8,5.5925,8.318749,9.0625,86,85.6,2.113025,46.5075,30.05624962
61.4,65.1,64.7000046,61.2,17.2925,304.832184,122.889557,49.6339722,418.65,4.6165,185.763885,82.4,83.4,87.9,75.9,16.945,20.4712486,25.8637486,19.82125,6167.35,83,81.8,5.5925,8.318749,8.735001,86.1,85.7000046,2.10895,46.58875,30.06874847
61.5,65.3,64.6,61.2,17.3078117,304.832184,123.317474,49.4458923,418.040619,4.60835,185.763885,82.4,83.5,87.7000046,76,17.3112488,21,25.8637486,20.025,6170.489,82.9,81.8,5.5925,8.48125,8.98,86.1,85.7000046,2.10895,46.609375,29.91875076
61.5,65.2000046,64.7000046,61.3,17.328125,304.832184,123.097115,49.8596649,418.446869,4.60675,185.763885,82.6,83.5,88,76,17.3525,20.79625,25.8637486,20.1475,6167.35,83,81.9,5.5925,8.48125,9.0625,86.1,85.8,2.10895,46.6293755,29.39375114
61.7,65.5,64.8,61.5,17.3026562,304.398132,122.873474,49.8784752,418.040619,4.6116,185.300919,82.7000046,83.7000046,88.1,76.2000046,17.23,20.39,25.7825,19.94375,6178.3584,83.1,82.1,5.67375,8.93,9.1025,86.1,85.8,2.1057,46.89375,29.09687424
61.8,65.5,65,61.7,17.2925,304.1088,121.37458,50.010128,417.634369,4.60835,185.185181,82.8,83.6,88.3,76.3,17.76125,21,25.5375,19.8625,6175.22,83.2000046,82.2000046,5.5925,8.44125,8.940001,86.2000046,85.8,2.10325,47.1181259,29.24999809
62,65.9,65,61.7,17.287344,305.121521,122.001251,49.67159,418.446869,4.61325,185.416656,82.8,83.7000046,88.1,76.5,17.8825,21,25.8637486,20.47375,6179.90332,83.2000046,82.2000046,5.71499968,8.48125,8.940001,86.2000046,85.8,2.10245,47.2193756,28.76250076
62,65.6,65,61.7,17.3026562,304.832184,122.452553,49.67159,418.243744,4.6295,185.763885,82.8,83.7000046,88.1,76.5,17.6375,21.2025,25.7825,19.82125,6172.082,83.2000046,82.3,5.43,8.5225,8.98,86.2000046,85.8,2.101625,47.2193756,28.63124847
62,65.6,65.1,61.8,17.3078117,305.2662,122.318863,49.5587425,418.446869,4.6295,186.226852,82.8,83.6,87.9,76.4,17.96375,21.24375,25.8637486,19.82125,6172.082,83.3,82.2000046,5.51125,8.5625,8.98,86.2000046,85.9,2.104075,47.2606239,28.27500153
61.9,65.5,65.2000046,61.9,17.3229675,305.4109,122.798035,49.65278,418.7531,4.6279,186.458328,82.8,83.6,87.9,76.5,17.435,21,25.8225,19.7799988,6165.75732,83.4,82.4,5.67375,8.44125,8.81625,86.4,86,2.1008,47.3418732,27.78125191
62.1000023,65.4,65.5,62.1000023,17.328125,304.832184,120.132988,50.4803276,418.65,4.5823,185.300919,83.1,83.8,88.5,76.5,17.8825,21.08125,25.5375,19.82125,6175.22,83.4,82.5,5.43,8.48125,8.98,86.4,86,2.09675,47.5043755,27.4375
62,65.5,65,61.8,17.3382816,304.832184,122.4564,49.6903954,418.446869,4.6409,185.879623,82.7000046,83.7000046,88,76.4,17.39375,21,25.7825,20.025,6175.22,83.2000046,82.2000046,5.47,8.48125,8.98,86.2000046,85.8,2.10245,47.1993752,27.39062691
61.9,65.2000046,65.1,61.8,17.328125,304.542816,122.246658,49.74682,418.040619,4.6181,185.300919,82.8,83.8,88.1,76.4,17.80125,21.2025,26.1074982,20.22875,6175.22,83.1,82.1,5.5925,8.60375,8.735001,86.1,85.7000046,2.1057,47.1587524,27.49062538
61.8,65.1,65.1,61.7,17.3128128,304.832184,121.949829,49.7844353,418.446869,4.60835,185.416656,82.7000046,83.7000046,88.1,76.3,17.55625,20.7550011,25.7825,19.9037514,6175.22,83.2000046,82.1,5.5925,8.645,8.940001,86.2000046,85.8,2.107325,47.0775,27.13125038
61.7,65.1,64.9,61.6000023,17.328125,305.121521,122.752426,49.6903954,418.243744,4.61,185.763885,82.7000046,83.7000046,88,76.2000046,17.435,20.79625,25.8637486,19.8625,6175.22,83,82,5.51125,8.36,9.0625,86.1,85.7000046,2.1057,46.935,26.89999962
61.7,65,64.9,61.6000023,17.3331261,305.4109,123.116035,49.6339722,418.446869,4.64255,185.416656,82.6,83.7000046,87.9,76.2000046,17.23,20.67375,25.7825,19.8625,6168.89551,83,82,5.67375,8.5625,8.98,86.1,85.7000046,2.1057,46.955,26.40625
61.7,64.7000046,64.8,61.7,17.3535938,305.121521,124.705772,49.5963554,417.8375,4.61485,185.763885,82.6,83.8,87.7000046,76.2000046,16.945,20.51125,26.0262489,19.9037514,6175.22,83.1,82.1,5.5925,8.5225,8.89875,86.2000046,85.8,2.108125,46.89375,26.51874924
61.9,64.9,65.3,62.1000023,17.40953,305.555542,125.513809,49.3706627,417.9375,4.6523,185.416656,82.8,83.9,87.7000046,76.4,17.27125,21.3249989,26.06625,20.06625,6172.082,83.4,82.3,5.51125,8.645,8.81625,86.3,85.8,2.104075,47.24,26.21562576
61.6000023,64.9,65,61.7,17.4451561,302.372681,123.518768,50.1982079,416.209381,4.59045,182.754623,82.8,83.7000046,88.3,76.2000046,17.435,20.105,25.945,20.025,6179.90332,83.2000046,82.1,5.67375,8.5625,8.89875,86.1,85.8,2.107325,46.9143753,26.32499886
61.6000023,64.7000046,65.1,61.8,17.3942184,304.832184,125.054047,50.0477448,418.040619,4.6116,185.416656,82.6,83.7000046,87.9,76.2000046,17.23,21,26.1074982,19.9849987,6172.082,83.4,82.3,5.67375,8.44125,8.89875,86.5,86,2.107325,46.9143753,26.45624924
61.6000023,64.5,65.1,61.8,17.4043751,305.9896,125.783142,49.6903954,418.956238,4.6523,186.805557,82.4,83.7000046,87.6,76.2000046,17.14875,20.43,26.18875,19.94375,6181.49658,83.3,82.3,5.43,8.4,8.5725,86.3,86,2.110575,46.955,26.32187653
61.5,64.5,65.2000046,61.8,17.4348431,305.9896,125.672523,49.40828,418.7531,4.6474,186.226852,82.4,83.7000046,87.5,76.2000046,17.0275,20.83625,26.392498,19.94375,6170.489,83.4,82.3,5.43,8.278749,8.5725,86.3,85.9,2.10895,46.935,26.24687576
61.4,64.6,65.3,61.8,17.44,306.712952,124.655846,49.48351,418.446869,4.7158,187.037033,82.5,83.9,87.8,76.2000046,17.23,21.04,25.90375,20.10625,6172.082,83.1,82,5.47,8.60375,9.02125,86,85.6,2.108125,46.89375,26.44999886
61.8,65.3,65.4,61.8,17.4451561,305.2662,122.042175,49.4647026,417.8375,4.6181,185.300919,82.7000046,83.8,88,76.3,17.55625,20.39,26.0262489,20.10625,6178.3584,82.7000046,81.8,5.71499968,8.5625,8.98,85.6,85.3,2.10245,47.1787529,26.49687576
61.5,64.9,65.2000046,61.7,17.3382816,304.398132,120.867981,49.6903954,417.634369,4.6002,184.606476,82.6,84,88.2000046,76.2000046,17.3525,20.51125,25.8637486,19.9849987,6175.22,82.5,81.6,5.67375,8.72625,9.14375,85.6,85.2000046,2.110575,46.935,26.44687653
61.5,64.8,65.1,61.6000023,17.3942184,305.555542,121.304916,49.9160919,418.853119,4.6181,186.226852,82.6,83.8,88,76.1,17.475,21.1625,25.7012482,20.06625,6172.082,82.7000046,81.7000046,5.51125,8.44125,8.98,85.8,85.3,2.1122,46.9143753,26.40312576
61.5,64.9,65.1,61.6000023,17.34328,304.832184,121.735649,49.5963554,418.446869,4.6002,185.648148,82.5,83.8,87.9,76.2000046,17.55625,20.4712486,25.945,20.025,6172.082,82.7000046,81.6,5.55250025,8.72625,8.98,85.7000046,85.3,2.10895,46.8737526,26.08749771
61.5,64.8,65.1,61.7,17.4348431,304.398132,122.270729,49.822052,417.634369,4.61,184.722214,82.5,83.8,88,76.2000046,17.39375,20.5925,25.8637486,20.1475,6181.49658,82.8,81.7000046,5.67375,8.5225,8.98,85.8,85.4,2.10895,46.9143753,26.19999886
61.6000023,64.8,65.4,61.9,17.3993759,305.121521,123.105614,49.65278,418.3469,4.6409,185.879623,82.4,83.8,87.9,76.3,17.27125,20.83625,25.7825,20.1475,6168.89551,83.1,82,5.75499964,8.60375,8.81625,85.9,85.5,2.107325,47.0975,26.03125
61.5,64.6,65.4,61.8,17.3789063,305.121521,122.105324,49.65278,418.446869,4.61975,185.648148,82.5,83.8,87.9,76.2000046,17.55625,20.83625,25.945,20.025,6167.35,82.9,81.8,5.51125,8.5225,8.81625,85.8,85.4,2.10975,46.9956245,25.97812462
61.5,64.6,65.4,61.8,17.36875,305.2662,122.317513,49.6339722,418.243744,4.61325,185.648148,82.5,83.8,87.9,76.1,17.3525,20.633749,25.945,19.9037514,6167.35,82.9,81.8,5.51125,8.318749,9.0625,85.8,85.4,2.107325,46.9956245,25.64687347
61.5,64.6,65.4,61.9,17.4043751,305.8449,122.478745,49.6339722,418.853119,4.60835,185.879623,82.5,83.8,87.8,76.2000046,17.475,20.7550011,25.945,20.1475,6175.22,83,81.9,5.71499968,8.4,8.89875,85.9,85.5,2.107325,47.03625,25.52187347
61.5,64.5,65.5,61.9,17.3484383,304.6875,122.167038,49.65278,417.8375,4.61325,185.416656,82.5,83.9,88,76.2000046,17.39375,20.5525,26.0262489,20.10625,6178.3584,82.9,81.8,5.67375,8.72625,8.89875,85.7000046,85.4,2.107325,46.9956245,25.56875038
61.3,64.3,65.6,61.9,17.38922,305.2662,121.962044,50.1417847,418.243744,4.61325,185.648148,82.5,84,88.1,76.1,17.39375,20.7550011,25.8225,20.55625,6175.22,82.9,81.8,5.43,8.44125,8.81625,85.8,85.4,2.107325,46.9143753,25.79999924
61.4,64.6,65.4,61.7,17.36375,305.2662,122.668579,49.5587425,418.65,4.62625,185.995361,82.4,83.8,87.8,76.1,17.19,20.105,25.74125,19.7799988,6170.489,82.8,81.7000046,5.5925,8.318749,8.89875,85.7000046,85.4,2.110575,46.89375,26.35937691
61.3,64.3,65.4,61.8,17.3585949,303.9641,121.459641,49.9349,417.431244,4.60675,184.722214,82.5,83.8,88.1,76,17.27125,21.24375,25.7012482,20.27,6167.35,82.8,81.7000046,5.55250025,8.5625,9.14375,85.7000046,85.4,2.110575,46.89375,27.24062538
61.5,64.6,65.5,61.9,17.36875,305.4109,122.376221,49.65278,418.446869,4.61325,185.879623,82.5,83.9,87.9,76.2000046,17.5975,21,25.7825,20.025,6178.3584,83,81.9,5.67375,8.2375,8.735001,85.8,85.4,2.1057,47.0568733,27.53750038
61.5,64.3,65.5,62,17.36375,305.2662,125.270393,49.5963554,418.65,4.6214,185.879623,82.4,83.9,87.7000046,76.2000046,17.10875,20.633749,26.18875,19.9037514,6172.082,83.4,82.2000046,5.5925,9.17375,9.1025,86.1,85.7000046,2.1057,47.0568733,28.6875
61.7,64.5,65.6,62.1000023,17.34328,305.2662,124.99511,49.57755,418.446869,4.59695,185.648148,82.6,84,87.7000046,76.3,17.10875,20.43,25.9849987,19.74,6178.3584,83.5,82.4,5.38875,8.48125,8.89875,86.3,85.9,2.10245,47.2193756,29.46562386
61.8,64.7000046,65.7000046,62.2,17.36875,304.542816,124.025734,50.066555,418.040619,4.60345,185.185181,82.8,83.9,88.1,76.4,17.23,20.79625,25.8637486,20.06625,6175.22,83.6,82.5,5.67375,8.318749,8.89875,86.3,86,2.10245,47.3618736,30.41875076
62,65.1,65.5,62.1000023,17.36875,304.398132,125.062546,49.74682,418.243744,4.6165,185.300919,82.7000046,83.9,87.9,76.5,16.86375,20.83625,26.0262489,20.025,6175.22,83.7000046,82.7000046,5.67375,8.318749,8.81625,86.4,86,2.1008,47.4031258,30.25312424
62.1000023,65.3,65.2000046,62.1000023,17.3535938,305.4109,125.475632,49.57755,418.853119,4.64255,186.226852,82.7000046,83.9,87.8,76.5,17.14875,20.7550011,26.2300014,19.7799988,6178.3584,83.7000046,82.7000046,5.43,8.44125,8.81625,86.4,86,2.1008,47.3825,30.89999771
62.1000023,65.5,65.2000046,62.1000023,17.3789063,305.2662,125.714859,49.48351,418.550018,4.61325,185.763885,82.7000046,83.8,87.8,76.6,17.19,21.28375,26.18875,19.8625,6172.082,83.7000046,82.7000046,5.5925,8.278749,8.65375,86.4,86,2.1008,47.545002,31.63124847
61.9,65.4,64.8,61.7,17.40953,306.712952,125.6684,49.5963554,418.853119,4.64255,186.34259,82.7000046,83.8,87.7000046,76.3,16.70125,20.22625,26.0262489,19.57625,6175.22,83.5,82.4,5.43,8.4,9.0625,86.5,86.1,2.1057,47.1181259,32.65625
62.1000023,65.8,64.8,61.7,17.34328,305.4109,124.722946,49.822052,417.634369,4.6116,184.606476,83,83.8,88.1,76.4,17.14875,20.5925,25.945,19.9849987,6175.22,83.5,82.5,5.67375,8.5225,9.14375,86.5,86.1,2.1065,47.32125,32.85625076
61.8,65.5,64.3,61.3,17.3535938,305.555542,123.8786,49.7280121,418.040619,4.6181,184.606476,82.8,83.6,88,76.2000046,16.741251,20.7550011,25.7825,19.9037514,6176.765,83.1,82,5.51125,8.5225,8.98,86.3,86,2.1122,46.7718735,32.90312576
62,66,64.2000046,61.3,17.3229675,306.712952,124.468704,49.29543,418.65,4.6393,184.722214,82.8,83.5,87.8,76.2000046,16.98625,20.715,26.18875,19.69875,6165.75732,83.3,82.2000046,5.67375,8.36,9.224999,86.5,86.1,2.107325,46.9143753,33.328125
62,65.9,63.9,61.1000023,17.3484383,305.9896,126.168442,49.3706627,418.446869,4.61,184.490738,82.8,83.5,87.7000046,76.2000046,17.10875,20.5925,26.2699986,19.9037514,6176.765,83.4,82.3,5.5925,8.645,9.0625,86.6,86.2000046,2.1057,46.73125,33.15625
61.9,65.6,63.9,61.2,17.36375,306.134247,125.64122,49.6903954,418.243744,4.6018,185.069443,82.7000046,83.5,87.6,76.1,17.14875,20.79625,26.18875,19.69875,6175.22,83.4,82.3,5.71499968,8.685,9.02125,86.7000046,86.3,2.110575,46.65,33.83124924
62,65.7000046,63.9,61.2,17.3585949,306.134247,126.137688,49.5023155,418.243744,4.6018,184.837967,82.8,83.5,87.5,76.2000046,16.8225,20.5925,26.35125,19.94375,6175.22,83.4,82.2000046,5.51125,8.60375,8.695,86.6,86.3,2.10895,46.73125,32.97812653
62.1000023,66,63.8,61.1000023,17.3585949,305.555542,126.403351,49.5587425,418.446869,4.60675,184.722214,82.8,83.5,87.6,76.2000046,16.9037514,20.5925,26.18875,19.94375,6168.89551,83.4,82.3,5.67375,8.5225,9.0625,86.7000046,86.3,2.10895,46.751873,32.52812576
62,65.8,63.9,61.2,17.36875,304.398132,125.064537,50.25463,417.025,4.61325,183.680557,83,83.5,88.3,76.2000046,17.3525,20.5525,25.8225,19.82125,6172.082,83.3,82.1,5.47,8.8075,9.224999,86.6,86.2000046,2.1057,46.751873,31.87812614
62.4,66.4,64.1,61.4,17.3484383,306.712952,126.308212,49.5587425,419.1594,4.6181,185.763885,82.9,83.7000046,87.7000046,76.5,17.0275,20.9187489,26.18875,19.74,6183.042,83.5,82.5,5.75499964,8.44125,8.81625,86.7000046,86.3,2.10245,47.1181259,31.80625153
62.1000023,65.9,63.9,61.2,17.3382816,305.555542,124.966515,49.6903954,417.9375,4.60675,184.143509,82.9,83.6,87.9,76.2000046,16.86375,20.0637512,26.0262489,19.82125,6178.3584,83.3,82.2000046,5.55250025,8.48125,9.14375,86.6,86.2000046,2.1057,46.751873,31.27187538
62.1000023,65.9,63.9,61.1000023,17.3840637,306.5683,126.276581,49.5587425,418.7531,4.60675,185.185181,82.8,83.6,87.6,76.2000046,16.9037514,20.105,26.1074982,19.7799988,6173.627,83.2000046,82.2000046,5.5925,8.60375,8.98,86.7000046,86.2000046,2.107325,46.751873,30.41875076
62.1000023,65.9,63.9,61.2,17.3739071,305.9896,126.1924,49.7280121,418.243744,4.62465,184.722214,82.8,83.6,87.7000046,76.2000046,16.86375,20.83625,26.1074982,19.9849987,6175.22,83.3,82.2000046,5.51125,8.48125,9.0625,86.7000046,86.3,2.1065,46.7925,29.79375076
62,65.8,63.9,61.1000023,17.36375,306.5683,126.074966,49.48351,418.853119,4.60835,185.300919,82.7000046,83.6,87.6,76.2000046,17.3112488,20.79625,26.35125,19.9849987,6172.082,83.3,82.1,5.51125,8.5625,9.14375,86.7000046,86.2000046,2.107325,46.73125,29.828125
62,65.7000046,63.9,61.2,17.3739071,306.134247,125.958191,49.57755,418.243744,4.61325,184.837967,82.7000046,83.7000046,87.7000046,76.2000046,17.23,20.83625,26.35125,20.22875,6175.22,83.3,82.2000046,5.55250025,8.318749,8.81625,86.6,86.3,2.10895,46.7718735,28.55937576
61.8,65.5,64,61.2,17.3484383,306.134247,125.4243,49.57755,418.243744,4.5839,184.490738,82.7000046,83.7000046,87.8,76.1,17.10875,20.2675,26.1074982,19.9037514,6175.22,83.2000046,82.1,5.5925,8.645,8.89875,86.6,86.2000046,2.107325,46.7106247,27.97187614
61.7,65.2000046,64.1,61.1000023,17.34328,306.134247,125.029144,49.822052,418.243744,4.59695,184.722214,82.8,83.6,87.8,76,17.0275,20.3075,26.2699986,20.10625,6175.22,83.2000046,82.1,5.71499968,8.4,9.14375,86.6,86.2000046,2.110575,46.5481262,27.20000076
61.9,65.5,64.3,61.3,17.3382816,305.121521,125.38707,49.822052,417.634369,4.60675,184.027771,82.9,83.8,88,76.1,17.0275,20.34875,26.1074982,19.94375,6172.082,83.2000046,82.1,5.5925,8.7675,8.89875,86.6,86.1,2.107325,46.7718735,26.80624962
61.5,65,64.1,61.1000023,17.3382816,305.8449,125.675735,49.74682,418.243744,4.61,184.722214,82.6,83.6,87.8,75.9,17.27125,20.105,26.3112488,19.8625,6175.22,83.1,81.9,5.67375,8.645,8.98,86.5,86.2000046,2.1122,46.4668732,26.86874771
61.4,64.9,64.1,61,17.3484383,305.8449,125.009125,49.6339722,418.243744,4.636,184.722214,82.6,83.6,87.7000046,75.8,16.945,20.0637512,26.2699986,20.10625,6175.22,83.1,81.9,5.67375,8.4,9.0625,86.6,86.2000046,2.110575,46.3443756,26.74062538
61.4,64.8,64.1,61,17.36375,306.278931,126.158264,49.38947,418.65,4.59855,185.069443,82.5,83.6,87.6,75.8,16.98625,20.105,25.945,19.82125,6170.489,83.1,81.9,5.55250025,8.44125,8.735001,86.5,86.1,2.113825,46.3443756,27.20625114
61.4,64.8,64.3,61.2,17.3484383,306.5683,125.829918,49.822052,418.853119,4.623,185.300919,82.6,83.7000046,87.8,75.9,17.14875,20.51125,26.18875,19.8625,6178.3584,83.2000046,82,5.51125,8.4,9.0625,86.6,86.2000046,2.10975,46.4668732,26.96562386
61.5,64.8,64.5,61.3,17.36875,305.4109,125.203033,49.822052,417.634369,4.6165,184.490738,82.7000046,83.8,87.9,76,17.0275,20.34875,26.1074982,20.10625,6179.90332,83.1,82,5.67375,8.4,8.81625,86.4,86,2.104875,46.609375,26.83125114
61.6000023,64.9,64.5,61.4,17.3789063,304.832184,125.342705,49.9349,417.9375,4.61485,184.027771,82.7000046,83.7000046,87.9,76,17.0275,20.43,26.1074982,19.9849987,6172.082,83.3,82.2000046,5.51125,8.5625,9.0625,86.5,86.1,2.107325,46.73125,26.828125
61.7,64.9,64.6,61.6000023,17.3993759,305.8449,126.666718,49.5023155,418.446869,4.63115,184.837967,82.6,84,87.6,76.2000046,16.9037514,20.34875,26.2699986,19.9037514,6179.90332,83.3,82.2000046,5.51125,8.5625,9.0625,86.4,86,2.107325,46.8331261,26.57187653
61.6000023,64.7000046,64.8,61.7,17.4196873,306.857635,126.466476,49.7280121,419.056244,4.63275,185.300919,82.7000046,83.9,87.7000046,76.2000046,16.86375,19.9825,26.51375,20.06625,6179.90332,83.4,82.3,5.5925,8.72625,8.735001,86.5,86.1,2.10895,46.8331261,26.54062462
61.6000023,64.7000046,64.8,61.7,17.38922,305.9896,126.442612,49.40828,418.243744,4.59045,184.490738,82.6,83.9,87.6,76.2000046,17.23,20.34875,26.35125,20.1475,6179.90332,83.3,82.2000046,5.55250025,8.88875,8.65375,86.4,86,2.107325,46.8737526,26.41875076
61.6000023,64.8,64.9,61.7,17.3789063,304.398132,126.301331,49.9537048,416.71875,4.6458,184.027771,82.8,83.9,88,76.2000046,17.23,20.18625,26.0262489,20.025,6179.90332,83.3,82.2000046,5.55250025,8.72625,9.0625,86.4,86,2.107325,46.89375,26.421875
61.6000023,64.7000046,64.9,61.7,17.3840637,306.134247,125.997307,49.74682,418.243744,4.62465,185.069443,82.7000046,83.9,87.8,76.2000046,16.945,20.43,26.2699986,20.10625,6179.90332,83.4,82.3,5.67375,8.97,8.81625,86.4,86,2.10895,46.89375,25.88124847
61.6000023,64.7000046,64.9,61.7,17.3739071,305.9896,126.427605,49.4458923,418.446869,4.61485,184.837967,82.6,84,87.6,76.2000046,17.0675,20.43,26.2699986,20.025,6179.90332,83.3,82.2000046,5.55250025,8.5625,8.89875,86.3,85.9,2.1065,46.8531265,26.13437462
61.5,64.7000046,64.9,61.7,17.3789063,306.5683,126.803726,49.6903954,418.853119,4.60835,185.300919,82.6,84,87.6,76.2000046,17.19,20.18625,26.18875,19.74,6178.3584,83.4,82.3,5.43,8.60375,8.89875,86.4,86,2.10895,46.8531265,26.15937614
61.6000023,64.6,65,61.7,17.36875,305.4109,126.963463,49.65278,417.8375,4.61975,184.143509,82.6,84,87.7000046,76.2000046,17.0275,19.7799988,26.0262489,19.7799988,6175.22,83.4,82.3,5.5925,8.5225,9.14375,86.4,86,2.110575,46.9143753,26.45624924
61.5,64.5,65,61.7,17.44,306.712952,127.733955,49.67159,419.1594,4.6735,185.995361,82.5,84,87.5,76.1,16.741251,19.73875,26.18875,19.94375,6167.35,83.3,82.2000046,5.5925,8.685,8.98,86.3,85.9,2.108125,46.8531265,26.78125
61.6000023,64.8,65,61.6000023,17.5112514,305.8449,127.535095,49.3706627,418.446869,4.62465,184.259262,82.5,84,87.4,76.2000046,17.0275,20.145,26.1074982,20.025,6172.082,83.3,82.2000046,5.51125,8.60375,9.0625,86.3,85.9,2.108125,46.9143753,26.703125
61.5,64.5,65.1,61.8,17.4959373,306.5683,127.1144,49.57755,418.243744,4.6181,184.722214,82.5,84,87.5,76.1,16.741251,20.34875,26.0262489,20.06625,6168.89551,83.4,82.3,5.5925,8.645,8.735001,86.4,86,2.1065,46.89375,26.72187424
61.5,64.5,65.2000046,61.9,17.4654675,306.5683,126.554329,49.6339722,418.140625,4.59695,184.143509,82.6,84.1,87.6,76.2000046,16.98625,19.86125,26.1074982,20.025,6170.489,83.4,82.3,5.51125,8.60375,8.89875,86.3,86,2.1057,46.9143753,26.703125
61.8,64.8,65.4,62,17.36875,306.134247,126.911911,49.67159,418.446869,4.61325,185.185181,82.7000046,84.1,87.7000046,76.3,16.7825,20.18625,25.945,19.94375,6175.22,83.6,82.5,5.51125,8.93,8.8575,86.4,86,2.099175,47.2606239,26.72812653
61.6000023,64.7000046,65.3,61.9,17.3535938,305.555542,126.394226,49.74682,418.040619,4.62465,184.490738,82.6,84,87.8,76.2000046,16.741251,20.145,26.18875,19.7799988,6178.3584,83.5,82.4,5.43,8.645,8.81625,86.4,86,2.10245,47.03625,26.77812576
61.6000023,64.7000046,65.3,61.8,17.3484383,305.4109,125.803162,49.84086,418.040619,4.61325,184.606476,82.7000046,84,87.9,76.2000046,17.0275,19.9825,25.8637486,19.9037514,6175.22,83.5,82.5,5.51125,8.5625,8.8575,86.4,86,2.104875,47.01625,26.60000038
61.7,64.9,65.4,61.9,17.328125,305.555542,126.285019,49.76563,418.3469,4.6393,184.837967,82.6,84,87.8,76.3,16.86375,19.9825,26.0262489,19.7799988,6173.627,83.5,82.5,5.51125,8.60375,8.89875,86.5,86.1,2.1057,47.0975,26.92500114
61.6000023,64.8,65.2000046,61.8,17.3331261,305.9896,125.371773,49.5023155,418.446869,4.61485,184.837967,82.6,83.9,87.8,76.2000046,17.14875,20.2675,25.8637486,19.8625,6175.22,83.5,82.4,5.38875,8.645,9.0625,86.4,86,2.1057,47.0568733,27.83749962
61.7,64.8,65.3,61.9,17.36875,306.278931,126.421005,49.57755,418.853119,4.60835,185.185181,82.6,84,87.7000046,76.3,16.945,20.105,25.945,19.8625,6168.89551,83.7000046,82.5,5.43,8.48125,8.81625,86.5,86.1,2.104075,47.1787529,28.32500076
61.8,65,65.2000046,61.9,17.36875,306.278931,126.956024,49.4458923,418.65,4.623,185.300919,82.6,84,87.6,76.3,16.70125,20.39,26.18875,19.6575,6165.75732,83.6,82.5,5.5925,8.5625,8.89875,86.5,86.1,2.10245,47.1787529,29.13437462
61.9,65.1,65.2000046,62,17.3585949,305.555542,126.305916,49.7280121,418.040619,4.5888,184.259262,82.7000046,84,87.8,76.4,16.8225,20.83625,26.0262489,20.025,6168.89551,83.7000046,82.7000046,5.43,8.4,8.6125,86.6,86.2000046,2.10245,47.32125,28.95312691
62.2,65.5,65.4,62.1000023,17.3739071,305.4109,126.135117,49.6903954,417.8375,4.6165,184.490738,82.9,84,87.9,76.6,16.9037514,21,26.0262489,19.8625,6178.3584,83.8,82.8,5.51125,8.44125,8.89875,86.7000046,86.2000046,2.099175,47.545002,29.64687729
62.4,65.7000046,65.5,62.3,17.34328,305.2662,125.900261,49.8784752,417.9375,4.61325,184.606476,83.1,84.1,88.1,76.8,16.7825,20.5925,25.945,19.53625,6178.3584,84,83,5.67375,8.7675,8.89875,86.8,86.4,2.09675,47.7893753,30.625
62.2,65.7000046,65.1,62.1000023,17.3535938,306.5683,126.492142,49.6339722,419.259369,4.6165,185.416656,82.9,84,87.7000046,76.6,17.14875,20.79625,26.0262489,19.9849987,6167.35,83.9,82.8,5.51125,8.5625,8.89875,86.8,86.4,2.1008,47.545002,31.09062576
62.2,65.7000046,64.9,62,17.38922,305.9896,126.941948,49.5023155,418.65,4.6051,185.069443,82.9,83.9,87.7000046,76.6,16.7825,20.4712486,26.0262489,19.6575,6173.627,83.9,82.8,5.51125,8.645,8.81625,86.8,86.3,2.10245,47.5043755,31.484375
62,65.6,64.6,61.6000023,17.3331261,306.134247,125.514511,49.7280121,418.3469,4.6165,185.069443,82.9,83.7000046,87.9,76.3,17.0675,21.04,25.945,19.7799988,6170.489,83.7000046,82.6,5.51125,8.8075,8.940001,86.7000046,86.3,2.107325,47.0775,32.078125
61.9,65.6,64.3,61.3,17.3128128,304.832184,125.226685,49.84086,417.431244,4.6051,184.143509,82.9,83.6,88,76.2000046,16.945,20.34875,25.7825,19.74,6168.89551,83.4,82.3,5.51125,8.5625,8.735001,86.6,86.3,2.10895,46.89375,33.64374924
62,65.8,64.2000046,61.3,17.3331261,305.9896,125.702934,49.6903954,418.550018,4.61485,185.069443,82.9,83.6,87.8,76.2000046,16.8225,20.7550011,26.0262489,19.82125,6167.35,83.5,82.4,5.67375,9.29625,8.695,86.7000046,86.3,2.107325,46.8531265,33.671875
62,65.8,64,61.2,17.328125,305.9896,125.542389,49.6903954,418.446869,4.6344,185.069443,82.8,83.5,87.8,76.1,16.61875,20.5525,25.8637486,19.6575,6165.75732,83.5,82.4,5.51125,8.645,8.98,86.8,86.4,2.107325,46.7925,33.68125153
62.1000023,66,63.9,61.2,17.3382816,306.278931,125.9565,49.5963554,418.853119,4.61325,185.300919,82.8,83.5,87.7000046,76.2000046,16.7825,20.715,26.0262489,19.82125,6170.489,83.4,82.3,5.5925,8.4,8.940001,86.8,86.4,2.108125,46.7925,32.203125
62,66.1,63.8,61.1000023,17.34328,306.134247,126.385689,49.2766228,418.65,4.6018,185.069443,82.8,83.5,87.5,76.2000046,16.9037514,20.95875,26.0262489,19.9037514,6167.35,83.3,82.2000046,5.5925,8.5225,9.14375,86.7000046,86.3,2.10895,46.7925,31.55312538
62,66.1,63.9,61.1000023,17.328125,305.555542,125.3127,49.5587425,418.143738,4.6165,184.490738,82.9,83.5,87.9,76.2000046,16.9037514,20.34875,26.18875,19.69875,6175.22,83.3,82.2000046,5.55250025,8.5625,9.02125,86.7000046,86.3,2.10895,46.7925,32.140625
62,65.9,64.1,61.3,17.3229675,305.8449,125.589035,49.84086,418.040619,4.61485,184.722214,82.9,83.6,87.9,76.2000046,17.19,20.43,26.0262489,19.8625,6172.082,83.3,82.2000046,5.51125,8.645,8.98,86.7000046,86.3,2.1065,46.8531265,32.3125
61.9,65.8,63.8,61,17.3179684,305.555542,125.371742,49.5963554,418.040619,4.5839,184.259262,82.8,83.5,87.8,76.1,17.0275,20.51125,25.945,19.8625,6170.489,83.3,82.1,5.47,8.645,8.81625,86.7000046,86.3,2.107325,46.65,31.90625
61.9,65.8,63.7,61,17.3331261,305.121521,125.403831,49.822052,417.8375,4.61485,184.259262,82.8,83.6,87.9,76.1,16.945,20.4712486,26.18875,19.9037514,6178.3584,83.2000046,82,5.51125,8.60375,9.3075,86.6,86.2000046,2.110575,46.58875,32.11562729
62,65.8,63.9,61.2,17.328125,304.832184,125.434532,49.9725151,417.53125,4.60345,184.027771,83,83.6,88.1,76.1,16.945,20.43,26.0675011,19.8625,6178.3584,83.3,82.1,5.67375,8.645,8.98,86.7000046,86.3,2.10975,46.7106247,31.55624771
62,65.8,63.8,61,17.34328,305.9896,126.713448,49.5587425,418.446869,4.6165,185.185181,82.8,83.6,87.7000046,76.1,17.0275,20.79625,26.0262489,20.10625,6172.082,83.2000046,82.1,5.5925,8.8075,9.14375,86.6,86.2000046,2.110575,46.609375,30.79375076
61.9,66,63.7,61,17.3484383,306.857635,125.920113,48.9756966,419.056244,4.5351,184.606476,82.7000046,83.6,87.4,76.1,16.741251,20.715,26.3112488,19.82125,6168.89551,83.3,82.2000046,5.47125,8.645,8.98,86.7000046,86.3,2.108125,46.6293755,30.078125
62,66,63.7,61,17.3585949,305.8449,125.441551,49.48351,418.65,4.59045,183.912033,82.7000046,83.6,87.6,76.1,16.86375,20.633749,26.18875,19.7799988,6167.35,83.3,82.1,5.5925,8.2375,8.89875,86.7000046,86.3,2.108125,46.67,29.94687653
62,65.7000046,64,61.3,17.3229675,305.2662,125.882256,49.9160919,417.634369,4.5888,184.490738,82.8,83.8,87.9,76.2000046,17.14875,20.39,25.9849987,19.82125,6175.22,83.3,82.2000046,5.47,8.685,8.89875,86.7000046,86.3,2.107325,46.8125,27.92499924
62.3,66.1,64.6,61.7,17.3585949,305.555542,126.014984,49.9160919,418.446869,4.63275,184.722214,83.1,84.1,88.1,76.5,16.98625,20.22625,25.945,20.1475,6176.765,83.6,82.6,5.5925,8.5625,8.98,86.7000046,86.3,2.099175,47.3418732,26.25937462
61.9,65.5,64.3,61.4,17.34328,305.555542,126.486145,49.7280121,418.446869,4.60835,184.722214,82.7000046,83.9,87.7000046,76.2000046,16.9037514,20.5925,26.1074982,20.31,6172.082,83.4,82.4,5.51125,8.72625,8.89875,86.6,86.2000046,2.104075,46.935,25.84062576
61.8,65.3,64.4,61.4,17.3484383,305.8449,126.673447,49.5399323,418.243744,4.60675,185.069443,82.7000046,83.9,87.7000046,76.2000046,16.98625,20.34875,26.2699986,19.82125,6168.89551,83.3,82.2000046,5.51125,8.685,8.98,86.5,86.1,2.10895,46.7925,25.84687424
61.7,65.1,64.7000046,61.6000023,17.328125,306.278931,126.080994,49.67159,418.65,4.58555,185.069443,82.8,83.9,87.7000046,76.2000046,17.5162487,20.79625,26.18875,19.9849987,6178.3584,83.4,82.3,5.51125,8.8075,9.0625,86.6,86.2000046,2.10895,46.89375,25.94375038
61.4,64.7000046,64.7000046,61.5,17.3229675,305.2662,125.762642,49.8596649,417.634369,4.59695,184.490738,82.7000046,83.9,87.9,76,17.0275,19.6175,26.1074982,19.8625,6170.489,83.2000046,82.1,5.67375,8.60375,8.98,86.4,86,2.110575,46.7106247,25.79374886
61.6000023,64.9,65,61.7,17.3484383,305.555542,126.056351,49.8784752,418.243744,4.6295,184.722214,82.8,84,87.9,76.2000046,16.98625,20.2675,25.8637486,20.1887512,6170.489,83.3,82.2000046,5.51125,8.5225,8.98,86.5,86.1,2.107325,46.9956245,25.73125076
61.4,64.6,64.9,61.5,17.36875,305.8449,126.661896,49.67159,418.243744,4.6116,184.722214,82.6,83.9,87.6,76,16.5374985,20.3075,26.0262489,19.9037514,6175.22,83.3,82.1,5.67375,8.5225,8.98,86.4,86,2.10895,46.6906242,26.15937614
61.4,64.5,65,61.6000023,17.3585949,306.278931,126.106812,49.5023155,418.65,4.623,185.300919,82.6,84,87.7000046,76,16.9037514,20.18625,26.18875,19.94375,6178.3584,83.2000046,82.1,5.5925,8.8075,9.0625,86.3,85.9,2.10975,46.6906242,26.46562386
61.5,64.6,65.2000046,61.7,17.328125,305.8449,127.465942,49.40828,418.65,4.5823,184.259262,82.6,84.2000046,87.6,76.2000046,17.0275,20.7550011,26.4324989,19.94375,6178.3584,83.8,82.6,5.51125,8.5625,8.8575,86.7000046,86.2000046,2.104875,46.8125,26.06875038
61.2,64.5,65.4,61.7,17.3179684,305.555542,126.150558,49.8784752,417.634369,4.61,184.143509,82.8,84.2000046,88,76.1,17.14875,20.4712486,26.1074982,19.9849987,6178.3584,83.9,82.7000046,5.63375,9.1325,8.98,86.8,86.4,2.107325,46.751873,26.61249924
61.4,64.6,65.3,61.7,17.328125,305.121521,129.430145,49.7844353,418.143738,4.66695,184.143509,82.6,84.2000046,87.5,76.2000046,17.23,20.43,26.35125,20.27,6176.765,84.4,83.1,5.47,8.5225,8.735001,87.2000046,86.7000046,2.1065,46.8531265,26.31562424
61.4,64.5,65.5,61.8,17.3128128,305.555542,128.428818,49.76563,418.7531,4.61485,184.490738,82.7000046,84.2000046,87.7000046,76.2000046,17.435,20.51125,26.18875,20.06625,6172.082,84.4,83.2000046,5.43,8.44125,8.5725,87.2000046,86.8,2.107325,46.955,25.73125076
61.3,64.4,65.6,61.9,17.328125,305.9896,129.3653,49.48351,419.056244,4.61,184.837967,82.5,84.2000046,87.2000046,76.2000046,17.23,20.83625,26.5549984,20.31,6165.75732,84.5,83.3,5.51125,8.685,8.40875,87.3,86.8,2.107325,46.935,25.35625076
61.3,64.3,65.6,61.9,17.36875,304.832184,128.745743,50.1041679,417.431244,4.61485,183.449066,82.7000046,84.2000046,87.9,76.2000046,17.23,20.67375,26.2699986,20.10625,6178.3584,84.3,83.1,5.3475,8.72625,8.65375,87.1,86.7000046,2.1065,46.935,25.81875038
61.4,64.4,65.7000046,62,17.4145317,305.2662,129.3705,49.7280121,418.3469,4.6165,184.027771,82.6,84.3,87.5,76.3,17.0675,20.79625,26.2699986,20.1475,6175.22,84.5,83.4,5.51125,8.72625,8.53125,87.2000046,86.7000046,2.107325,47.01625,25.69375038
61.3,64.3,65.6,61.9,17.36875,305.9896,129.152664,49.4647026,418.7531,4.61,184.722214,82.5,84.2000046,87.3,76.2000046,17.14875,20.5525,26.4324989,20.06625,6170.489,84.4,83.3,5.43,8.5225,8.65375,87.2000046,86.7000046,2.1065,46.935,25.72187424
61.3,64.3,65.8,62,17.328125,305.2662,128.814514,49.84086,418.040619,4.5839,183.680557,82.6,84.2000046,87.6,76.2000046,17.23,19.9025,26.4324989,19.74,6175.22,84.5,83.3,5.43,8.36,8.5725,87.2000046,86.8,2.1065,47.01625,25.65625
61.3,64.4,65.7000046,61.9,17.3331261,304.542816,129.157135,49.7280121,417.8375,4.60835,183.564819,82.6,84.2000046,87.6,76.2000046,17.435,20.34875,26.35125,19.8625,6172.082,84.4,83.2000046,5.47,8.48125,8.49,87.1,86.7000046,2.107325,46.9956245,25.78125
61.4,64.3,65.6,61.9,17.36375,305.8449,129.398209,49.40828,418.65,4.6181,184.722214,82.5,84.1,87.3,76.2000046,17.0275,21.1625,26.59625,20.1887512,6167.35,84.4,83.2000046,5.43,8.48125,8.735001,87.1,86.6,2.107325,46.9756241,25.73749924
61.3,64.2000046,65.7000046,62,17.3331261,305.8449,129.658066,49.5023155,418.7531,4.5872,184.490738,82.4,84.1,87.3,76.2000046,17.19,20.9187489,26.4324989,20.025,6170.489,84.5,83.3,5.51125,8.44125,8.5725,87.1,86.7000046,2.107325,46.955,25.94375038
61.2,64.1,65.8,62,17.36875,304.832184,129.223969,49.9537048,417.634369,4.62625,184.027771,82.6,84.1,87.7000046,76.1,17.0675,20.145,25.8637486,19.57625,6167.35,84.5,83.3,5.43,8.60375,8.65375,87.2000046,86.7000046,2.10895,46.9143753,26.08124924
61.3,64.3,65.5,61.8,17.3840637,303.096069,130.061066,49.5023155,415.193726,4.6572,182.986115,82.4,84.1,87.2000046,76.2000046,17.435,20.51125,26.6775017,20.27,6168.89551,84.4,83.2000046,5.55250025,8.645,8.40875,87.1,86.7000046,2.10895,46.89375,26.08437538
61.3,64.2000046,65.8,62,17.3484383,305.2662,129.273666,49.4458923,418.040619,4.61,184.259262,82.5,84.1,87.3,76.2000046,17.5162487,21.08125,26.51375,19.9849987,6170.489,84.4,83.3,5.5925,8.36,8.5725,87.1,86.7000046,2.107325,46.9956245,26.15312576
61.2,64.1,65.8,62,17.34328,305.8449,129.531509,49.9349,418.853119,4.61,184.837967,82.5,84.1,87.5,76.1,17.14875,20.7550011,26.18875,20.10625,6172.082,84.5,83.4,5.51125,8.278749,8.5725,87.1,86.7000046,2.110575,46.8737526,26.1875
61.2,64.3,65.7000046,61.8,17.3229675,303.819458,128.730255,49.5963554,417.8375,4.61,182.986115,82.6,84,87.6,76.1,17.5162487,20.79625,26.3112488,20.025,6164.212,84.4,83.2000046,5.51125,8.645,8.65375,87.1,86.6,2.107325,46.9143753,26.70937538
61.3,64.3,65.9,62,17.3179684,305.2662,128.514084,50.2922478,418.446869,4.6637,185.069443,82.7000046,84.1,88,76.1,17.435,20.83625,26.1074982,20.1887512,6175.22,84.5,83.3,5.43,8.5225,8.5725,87.1,86.6,2.107325,46.9956245,27.50625038
61.5,64.4,65.7000046,62,17.3739071,305.555542,129.324524,49.4647026,418.956238,4.5937,185.069443,82.5,84.1,87.2000046,76.3,17.475,21.40625,26.75875,20.35125,6172.082,84.6,83.4,5.47,8.36,8.49,87.2000046,86.8,2.10325,47.0775,28.34375
61.8,64.8,66.2000046,62.3,17.4298439,305.9896,129.04863,49.4647026,418.040619,4.623,184.490738,82.7000046,84.3,87.5,76.6,17.14875,21.08125,26.4324989,19.9849987,6170.489,84.7000046,83.6,5.43,8.5625,8.5725,87.3,86.8,2.095925,47.545002,29.00624847
61.7,64.8,65.7000046,62.1000023,17.3535938,305.8449,129.830032,49.5587425,419.259369,4.6165,185.300919,82.6,84.1,87.2000046,76.5,17.3112488,21.40625,26.59625,20.1475,6167.35,84.6,83.6,5.51125,8.19625,8.40875,87.3,86.9,2.10245,47.30125,29.23437309
61.8,64.9,65.7000046,62.1000023,17.3179684,304.398132,128.230682,50.1041679,416.818726,4.60675,183.449066,82.9,84.1,88.1,76.5,17.435,21.4475,26.18875,20.06625,6175.22,84.7000046,83.6,5.3475,8.4,8.327499,87.3,86.9,2.098375,47.3618736,29.48749924
62.1000023,65.3,65.5,62.1000023,17.328125,305.4109,129.716766,49.57755,418.446869,4.61485,184.722214,82.8,84.1,87.5,76.7000046,17.10875,21.3249989,26.5549984,20.22875,6170.489,84.8,83.8,5.51125,8.36,8.40875,87.5,87,2.095925,47.484375,30.45937347
62.1000023,65.5,65.4,62.1000023,17.36375,305.8449,130.083,49.5399323,419.056244,4.60675,185.185181,82.7000046,84.1,87.2000046,76.7000046,17.14875,21.4475,26.51375,19.94375,6168.89551,85,83.8,5.47,8.48125,8.40875,87.6,87.1,2.09755,47.545002,30.96875
62.2,65.6,65.3,62.1000023,17.3382816,304.6875,128.938782,49.9537048,417.734375,4.61,184.027771,83,84,87.8,76.7000046,17.23,21.24375,26.35125,19.8625,6168.89551,84.8,83.7000046,5.5925,8.36,8.49,87.6,87.1,2.09755,47.60625,31.17187691
62.3,66,65.1,62.1000023,17.328125,304.832184,129.7588,49.65278,418.65,4.62625,184.027771,83,84,87.6,76.8,17.3525,21.40625,26.4324989,19.74,6168.89551,84.9,83.8,5.5925,8.4,8.49,87.7000046,87.2000046,2.095925,47.6675,31.09687614
62.5,66.1,65.1,62.1000023,17.36875,305.4109,130.123535,49.5963554,419.1594,4.60675,185.300919,82.9,84,87.3,76.8,17.435,21.4475,26.798748,20.22875,6172.082,84.9,83.8,5.5925,8.2375,8.40875,87.7000046,87.2000046,2.0943,47.6875,30.95625114
62.7,66.3,65.4,62.3,17.328125,304.832184,129.443954,49.84086,418.040619,4.61,184.027771,83.2000046,84.1,87.8,77.1,17.475,21.12125,26.2699986,19.9849987,6170.489,85.1,84.1,5.51125,8.5225,8.40875,87.8,87.3,2.0943,47.9931221,31.67499924
62.7,66.4,65.3,62.3,17.3331261,304.832184,129.336975,49.7280121,418.040619,4.61325,184.027771,83.2000046,84.1,87.8,77.1,17.435,21.08125,26.51375,19.8625,6165.75732,85.2000046,84.1,5.71499968,8.5625,8.327499,87.9,87.4,2.09105,48.075,34.64687347
62.6000023,66.3,64.9,62.1000023,17.3382816,305.121521,129.275543,49.74682,418.7531,4.6165,184.722214,83,84,87.5,76.9,17.19,21.40625,26.5549984,19.8625,6175.22,85,83.9,5.51125,8.44125,8.49,87.8,87.3,2.095925,47.7081223,36.23125076
62.5,66.3,64.6,61.8,17.328125,305.555542,129.574951,49.38947,418.65,4.63275,185.069443,82.9,83.9,87.2000046,76.8,17.5162487,21.24375,26.6775017,20.025,6178.3584,84.7000046,83.6,5.51125,8.48125,8.5725,87.7000046,87.2000046,2.1008,47.5043755,34.29999924
62.2,66,64.1,61.4,17.3382816,304.832184,130.0831,49.5399323,418.65,4.60835,184.722214,82.7000046,83.6,87,76.4,17.14875,21.24375,26.51375,19.82125,6168.89551,84.5,83.4,5.43,8.5625,8.5725,87.7000046,87.2000046,2.1057,47.03625,35.53749847
62,65.8,64,61.3,17.328125,304.398132,129.158264,49.7844353,417.634369,4.6002,184.143509,82.9,83.6,87.5,76.3,17.3112488,21.28375,26.51375,20.1475,6170.489,84.4,83.3,5.5925,8.36,8.65375,87.6,87.1,2.107325,46.8531265,36.10625076
62,65.9,63.9,61.2,17.3229675,305.2662,129.564453,49.76563,418.65,4.6051,184.490738,82.9,83.6,87.4,76.3,17.27125,21.08125,26.35125,20.025,6170.489,84.4,83.2000046,5.43,8.685,8.89875,87.6,87.2000046,2.10895,46.7718735,35.74062729
62,65.9,63.8,61.1000023,17.328125,304.832184,129.100082,49.6903954,418.446869,4.6116,184.259262,82.9,83.7000046,87.6,76.3,17.14875,20.5925,26.47375,19.82125,6183.042,84.3,83.1,5.43,8.93,8.89875,87.5,87,2.107325,46.6906242,34.95000076
62.1000023,66,64,61.2,17.3382816,305.2662,129.4457,49.48351,418.040619,4.6181,184.490738,82.8,83.7000046,87.3,76.3,17.10875,21,26.798748,20.31,6178.3584,84.3,83.1,5.51125,8.5225,8.735001,87.5,87.1,2.107325,46.8531265,31.98437309
61.9,65.7000046,63.8,61,17.3382816,305.4109,129.308136,49.5587425,418.446869,4.60675,184.606476,82.7000046,83.7000046,87.2000046,76.1,17.3525,21.56875,26.798748,20.10625,6178.3584,84.2000046,83,5.51125,8.645,8.65375,87.5,87.1,2.108125,46.58875,30.65937424
61.6000023,65.1,64,61.1000023,17.3078117,305.121521,128.738068,50.1041679,418.3469,4.62625,184.606476,82.8,83.7000046,87.6,76,17.475,21.04,26.1487522,20.025,6173.627,84.3,83,5.5925,8.72625,8.53125,87.5,87.1,2.113025,46.4668732,28.18750191
61.4,65,64.1,61,17.3331261,304.832184,129.245911,49.5963554,418.140625,4.63275,184.027771,82.7000046,83.6,87.4,75.9,17.55625,20.5925,26.4324989,20.025,6167.35,84.2000046,82.9,5.55250025,8.685,8.49,87.4,86.9,2.113825,46.385,27.27187538
61.2,64.6,64,61,17.3585949,305.2662,129.81926,49.57755,418.956238,4.6051,185.185181,82.4,83.6,86.9,75.8,17.19,21.56875,26.51375,20.22875,6168.89551,84.1,82.8,5.51125,8.645,8.89875,87.4,86.9,2.1122,46.2225,27.04062462
61.1000023,64.4,64.2000046,60.9,17.328125,305.555542,128.844849,49.6903954,418.550018,4.59045,184.259262,82.5,83.7000046,87.3,75.7000046,17.5162487,20.715,26.6775017,20.1887512,6175.22,84.1,82.7000046,5.5925,8.5225,8.735001,87.2000046,86.9,2.11465,46.1206245,26.578125
61,64.3,64.2000046,61,17.3331261,303.9641,128.809326,50.010128,417.328125,4.60675,183.680557,82.5,83.6,87.5,75.6,17.0675,21.2025,26.35125,20.31,6176.765,84,82.7000046,5.5925,8.8075,8.5725,87.3,86.7000046,2.1114,46.1006241,27.02187538
61.2,64.5,64.2000046,61,17.3484383,304.6875,130.000854,49.5587425,418.65,4.61975,184.722214,82.3,83.6,87.1,75.8,17.3525,20.43,26.51375,20.27,6172.082,84,82.8,5.43,8.685,8.49,87.2000046,86.8,2.1114,46.2631264,26.24687576
61.4,64.4,64.5,61.5,17.3585949,305.4109,131.0208,49.84086,419.259369,4.6556,186.458328,82.3,83.8,86.9,76,17.0275,20.5525,26.6775017,20.1475,6168.89551,84.3,83.1,5.3475,8.5625,8.53125,87.4,87,2.10245,46.5681267,26.16874886
61.2,64.5,64.5,61.3,17.3739071,303.819458,130.06601,49.6903954,417.125,4.60345,182.523148,82.6,83.9,87.4,75.9,17.3112488,20.715,26.63625,20.10625,6172.082,84,82.8,5.51125,8.5625,8.65375,87.1,86.7000046,2.1122,46.4262466,26.67500114
61.3,64.4,64.5,61.3,17.36875,305.555542,130.663589,49.3706627,419.1594,4.6002,185.069443,82.2000046,84,86.6,75.9,17.0675,20.51125,26.59625,20.31,6167.35,84.2000046,83,5.43,8.5625,8.49,87.2000046,86.8,2.108125,46.4868736,26.23437691
61.6000023,64.5,64.9,61.8,17.328125,304.542816,130.221344,49.57755,418.243744,4.5823,184.606476,82.5,84,87.1,76.1,17.475,20.7550011,26.88,20.35125,6179.90332,84.2000046,83,5.5925,8.44125,8.735001,87.2000046,86.7000046,2.10325,46.7718735,26.03437614
61.2,64.1,65,61.5,17.36375,304.398132,129.2618,50.1417847,417.431244,4.62465,184.143509,82.5,84.1,87.6,75.9,17.3525,20.34875,26.2699986,20.1475,6179.90332,84.2000046,83,5.47,8.60375,8.5725,87.2000046,86.7000046,2.1057,46.5481262,25.36874962
61.2,64.1,64.9,61.5,17.36875,305.121521,131.048,49.65278,419.056244,4.623,185.185181,82.3,83.9,86.8,75.9,16.945,21,26.9212513,20.71875,6179.90332,84.2000046,83,5.43,8.318749,8.81625,87.2000046,86.7000046,2.10895,46.5275,25.234375
61.2,64.2000046,64.9,61.6000023,17.36875,305.2662,130.181564,49.29543,418.65,4.62625,184.606476,82.3,84,86.8,76,17.3525,20.67375,26.9212513,20.06625,6175.22,84.2000046,83,5.43,8.5625,8.735001,87.1,86.7000046,2.1057,46.609375,25.79062653
61.2,64.1,65,61.6000023,17.3585949,305.4109,129.890686,49.57755,418.446869,4.61325,184.143509,82.4,84.1,87.2000046,76,17.23,20.3075,26.6775017,20.27,6178.3584,84.2000046,83,5.51125,8.5625,8.65375,87.1,86.6,2.1057,46.58875,25.47187424
61.2,64.1,65,61.6000023,17.3382816,304.1088,130.4664,49.7844353,417.53125,4.61,183.449066,82.4,84.1,87.3,76,17.3525,20.7550011,26.88,20.31,6178.3584,84.3,83,5.5925,8.645,8.65375,87.1,86.7000046,2.10895,46.5681267,25.5625
61.2,64,65.1,61.6000023,17.3382816,304.542816,130.592468,49.67159,417.9375,4.636,184.837967,82.3,83.9,87.1,75.9,17.39375,20.43,26.6775017,20.35125,6172.082,84.2000046,83,5.3475,8.72625,8.65375,87.1,86.6,2.107325,46.609375,25.99374962
61.1000023,64,65.1,61.6000023,17.36875,304.832184,130.142792,49.5399323,418.65,4.59855,184.722214,82.3,83.9,86.9,75.9,17.10875,20.5525,26.75875,20.10625,6167.35,84.3,83,5.3475,8.5225,8.695,87.1,86.7000046,2.10975,46.58875,26.03749847
61.2,63.9,65.1,61.6000023,17.3382816,305.8449,129.9756,49.5399323,419.056244,4.5823,184.606476,82.3,83.9,87,75.9,16.945,20.7550011,26.7174988,20.025,6178.3584,84.3,83,5.51125,8.48125,8.65375,87.1,86.7000046,2.110575,46.58875,26.31875038
61.2,64,65.1,61.6000023,17.3535938,304.1088,130.656677,49.5399323,417.8375,4.636,184.259262,82.3,83.9,86.9,75.9,17.10875,20.9187489,26.6775017,20.27,6167.35,84.3,83.1,5.43,8.5625,8.5725,87.1,86.6,2.10975,46.58875,26.265625
61.2,64,65.1,61.6000023,17.3484383,304.1088,130.3456,49.7280121,417.734375,4.6051,183.680557,82.4,83.9,87.1,75.9,17.475,20.39,26.4324989,20.1475,6178.3584,84.3,83.1,5.51125,8.5225,8.735001,87,86.6,2.1122,46.5681267,25.85000038
61.3,64.2000046,65.4,61.8,17.3535938,304.1088,130.142548,49.76563,417.9375,4.62465,184.722214,82.5,84.1,87.2000046,76.2000046,17.19,20.8775,26.59625,20.1475,6178.3584,84.3,83.1,5.5925,8.645,8.735001,87.1,86.7000046,2.10245,46.8331261,25.76875114
61.1000023,63.9,65.2000046,61.7,17.4043751,304.832184,131.250641,49.5399323,418.65,4.61,184.837967,82.2000046,83.8,86.8,75.9,17.14875,20.633749,26.75875,20.1887512,6170.489,84.3,83.1,5.51125,8.4,8.49,87.1,86.6,2.1122,46.609375,25.86874962
61.1000023,63.9,65.3,61.7,17.3535938,305.2662,130.262161,49.4647026,418.550018,4.6051,184.606476,82.2000046,84.1,86.8,75.9,17.3112488,20.5925,26.798748,19.9849987,6172.082,84.4,83.1,5.51125,8.4,8.40875,87.1,86.7000046,2.113025,46.609375,26.10937309
61.1000023,63.8,65.4,61.7,17.3331261,304.6875,129.946426,49.74682,417.734375,4.6165,183.680557,82.4,84.1,87.3,75.9,17.19,20.4712486,26.18875,19.8625,6170.489,84.3,83.1,5.5925,8.48125,8.65375,87.1,86.6,2.110575,46.67,26.04374886
61.1000023,63.8,65.3,61.7,17.3585949,304.1088,130.595764,49.74682,418.040619,4.6214,184.490738,82.3,83.9,87,75.8,16.7825,20.5925,26.35125,20.025,6168.89551,84.3,83.1,5.47,8.48125,8.49,87.1,86.6,2.1114,46.609375,26.11874962
61,63.8,65.2000046,61.6000023,17.3535938,304.6875,129.978546,49.6339722,418.446869,4.60675,184.606476,82.3,83.9,87,75.8,17.27125,20.39,26.59625,20.31,6172.082,84.3,83,5.43,8.5225,8.65375,87,86.7000046,2.110575,46.5481262,25.67499924
61,63.8,65.3,61.7,17.36375,304.6875,130.549347,49.57755,418.3469,4.6051,184.606476,82.3,84.1,87,75.9,17.3112488,20.715,26.59625,20.10625,6175.22,84.3,83.1,5.3075,8.5225,8.5725,87.1,86.6,2.1065,46.609375,25.81562424
61.1000023,63.8,65.3,61.7,17.3382816,305.4109,130.430588,49.4647026,418.853119,4.5937,184.722214,82.2000046,84,86.9,75.9,17.19,20.83625,26.51375,19.9037514,6172.082,84.4,83.1,5.51125,8.645,8.5725,87.1,86.7000046,2.107325,46.58875,26.5625
61.2,64,65.6,61.9,17.328125,302.662048,129.076172,50.3298645,416.615631,4.59045,183.101852,82.6,84,87.9,75.9,17.14875,20.9187489,26.0262489,20.06625,6167.35,84.4,83.2000046,5.5925,8.72625,8.5725,87.1,86.7000046,2.10895,46.8331261,27.44687462
61.3,64.1,65.3,61.8,17.44,305.4109,130.399353,49.8596649,418.956238,4.6556,185.416656,82.3,84,87.1,76,16.8225,21,26.35125,20.1475,6168.89551,84.5,83.3,5.43,8.7675,8.5725,87.2000046,86.7000046,2.10895,46.751873,28.34375
61.5,64.4,65.2000046,61.8,17.4501553,306.5683,130.36145,49.29543,418.956238,4.6165,185.069443,82.3,84.1,86.9,76.2000046,17.55625,21.08125,26.75875,20.025,6178.3584,84.4,83.2000046,5.43,8.48125,8.53125,87.1,86.7000046,2.104075,46.955,28.90937614
61.5,64.5,65.3,61.9,17.4348431,305.555542,130.395386,49.48351,418.040619,4.61325,184.259262,82.5,84.1,87.1,76.3,16.945,20.83625,26.75875,20.1475,6178.3584,84.4,83.3,5.43,8.48125,8.40875,87.2000046,86.7000046,2.104075,46.9756241,29.50937462
61.6000023,64.6,65.2000046,61.9,17.4451561,305.2662,129.6314,49.6339722,418.446869,4.59855,184.490738,82.5,83.8,87.1,76.2000046,17.0275,21.40625,26.59625,19.9037514,6173.627,84.6,83.4,5.5925,8.4,8.5725,87.3,86.9,2.107325,47.0568733,30.359375
61.8,64.9,65.1,61.9,17.40953,305.555542,129.797958,49.84086,418.853119,4.6165,184.490738,82.7000046,84,87.4,76.3,17.19,21,26.51375,19.9849987,6172.082,84.7000046,83.5,5.51125,8.72625,8.5725,87.5,87,2.1057,47.1181259,30.83437347
62,65.3,64.8,61.8,17.4145317,305.555542,130.2303,49.3706627,419.056244,4.6214,185.300919,82.6,83.8,86.8,76.4,16.98625,21.4875,26.6775017,20.22875,6178.3584,84.6,83.5,5.3475,8.318749,8.5725,87.4,87,2.1008,47.1381264,31.44062424
62.1000023,65.5,64.7000046,61.8,17.3585949,305.2662,130.207657,49.1073532,418.65,4.57255,184.143509,82.6,83.7000046,86.8,76.5,17.0275,22.05625,26.9212513,20.025,6176.765,84.5,83.4,5.51125,8.60375,8.49,87.4,86.9,2.10325,47.24,31.94687271
62.1000023,65.6,64.8,61.8,17.3484383,304.832184,129.720016,49.74682,418.040619,4.57415,183.680557,82.8,83.9,87.5,76.5,16.98625,21.7725,26.51375,20.06625,6168.89551,84.7000046,83.6,5.51125,8.48125,8.53125,87.6,87.1,2.1008,47.2806244,32.46249771
62.3,65.9,64.7000046,61.8,17.3484383,304.6875,129.885422,49.5399323,417.8375,4.60675,183.680557,82.9,83.9,87.3,76.6,17.76125,21.975,26.6775017,20.10625,6168.89551,84.7000046,83.7000046,5.67375,8.5225,8.5725,87.7000046,87.2000046,2.095925,47.4231262,32.46875
62.2,66,64.4,61.6000023,17.36375,304.1088,130.2782,49.76563,417.228119,4.63115,183.912033,82.9,83.8,87.5,76.4,17.3525,21.4875,26.2699986,20.1475,6172.082,84.6,83.4,5.51125,8.44125,8.735001,87.6,87,2.104075,47.1787529,32.35312271
62.2,65.8,64.3,61.6000023,17.3382816,304.6875,130.286835,49.76563,418.446869,4.62625,185.069443,82.8,83.8,87.3,76.4,17.475,21.04,26.6775017,19.9849987,6172.082,84.5,83.4,5.5925,8.36,8.695,87.6,87.1,2.107325,47.1587524,32.68125153
62,65.7000046,64,61.2,17.36875,305.2662,130.512939,49.5399323,418.956238,4.61325,185.300919,82.6,83.6,86.9,76.2000046,17.19,20.7550011,26.75875,19.8625,6175.22,84.3,83.1,5.3475,8.4,8.735001,87.4,87,2.108125,46.6906242,32.96562576
62,65.6,63.9,61.2,17.3331261,305.4109,129.932648,49.5587425,418.446869,4.6051,184.606476,82.7000046,83.6,87.1,76.1,17.0275,20.95875,26.35125,20.06625,6179.90332,84.3,83.1,5.51125,8.44125,8.89875,87.5,87,2.107325,46.67,35.28125
62,65.6,63.9,61.2,17.3382816,304.832184,129.997131,49.7280121,417.9375,4.59205,184.259262,82.7000046,83.7000046,87.3,76.2000046,16.945,20.5925,26.5549984,20.1475,6178.3584,84.4,83.2000046,5.43,8.685,8.5725,87.5,87.1,2.107325,46.6906242,37.03125
62.1000023,65.9,63.6000023,61,17.3942184,304.832184,132.896469,49.5587425,419.056244,4.6002,184.722214,82.4,83.4,86.2000046,76.1,16.86375,21.73125,26.9212513,20.27,6172.082,84.6,83.4,5.51125,8.4,8.65375,87.8,87.4,2.10895,46.6293755,36.62812424
62.1000023,65.8,63.6000023,61,17.3484383,303.096069,132.416916,49.5963554,418.040619,4.636,184.259262,82.5,83.5,86.6,76.1,16.9037514,20.95875,26.9212513,20.1475,6172.082,84.5,83.2000046,5.55250025,8.685,8.735001,87.7000046,87.2000046,2.108125,46.65,35.13750076
61.8,65.3,63.6000023,61,17.36875,303.674774,133.1006,49.822052,417.8375,4.60835,183.912033,82.5,83.4,86.5,76,17.0675,21.24375,27.49,20.55625,6176.765,84.7000046,83.4,5.43,8.645,8.49,87.9,87.4,2.110575,46.4868736,28.97812462
61.6000023,65,63.6000023,60.9,17.3739071,304.1088,133.2315,49.8784752,419.056244,4.60835,184.722214,82.3,83.4,86.3,75.9,16.945,20.5525,27.2462482,20.31,6175.22,84.6,83.4,5.51125,8.5225,8.65375,88,87.5,2.1114,46.2631264,29.01875114
61.5,64.7000046,63.7,60.9,17.3840637,304.1088,133.663284,49.7280121,418.853119,4.6279,184.490738,82.2000046,83.4,86.1,75.8,16.86375,21.65,27.6537514,20.5962486,6175.22,84.6,83.3,5.5925,8.685,8.49,87.9,87.4,2.1122,46.2225,29.27499962
61.5,64.7000046,63.7,61,17.36875,303.096069,133.500183,49.5399323,417.8375,4.60835,183.449066,82.2000046,83.4,86.1,75.8,16.7825,21.40625,27.3275,20.22875,6178.3584,84.5,83.2000046,5.5925,8.5225,8.5725,87.7000046,87.2000046,2.1122,46.2225,27.72499847
61.3,64.5,63.7,60.9,17.3840637,303.240753,134.242325,49.74682,418.040619,4.6409,184.143509,82.1,83.6,86,75.7000046,17.39375,21.24375,27.164999,20.515,6168.89551,84.6,83.2000046,5.5925,8.5625,8.49,87.7000046,87.2000046,2.110575,46.14125,27.42187309
61.3,64.4,63.7,60.9,17.3739071,303.9641,134.232773,49.40828,418.446869,4.623,184.606476,82,83.6,85.7000046,75.8,17.14875,21.1625,27.4087486,20.3925,6172.082,84.4,83.1,5.51125,8.5625,8.65375,87.6,87.1,2.113825,46.1006241,26.5625
61.2,64.2000046,63.8,61,17.3739071,304.398132,133.859741,49.40828,418.853119,4.5823,184.259262,81.9,83.6,85.7000046,75.8,17.0275,21.08125,27.97875,20.71875,6179.90332,84.5,83.2000046,5.43,8.48125,8.49,87.7000046,87.1,2.110575,46.1006241,26.46875
61.2,64.1,64,61.1000023,17.3789063,303.096069,133.550232,49.6903954,417.53125,4.60675,183.449066,82,83.7000046,86.2000046,75.7000046,17.10875,21.08125,27.164999,20.515,6179.90332,84.4,83.2000046,5.43,8.72625,8.327499,87.6,87.1,2.1122,46.14125,26.41249847
61.1000023,64,64,61.1000023,17.38922,303.240753,133.581787,49.8596649,417.8375,4.61,183.680557,82.1,83.6,86.3,75.7000046,17.435,21,27.2462482,20.1887512,6175.22,84.6,83.3,5.55250025,8.645,8.40875,87.6,87.2000046,2.110575,46.079998,26.35312462
61.2,64.1,64.1,61.1000023,17.38922,303.819458,133.726532,49.5963554,418.243744,4.6393,184.722214,82,83.6,86.1,75.7000046,17.5975,21.56875,27.897501,20.6775,6178.3584,84.5,83.2000046,5.5925,8.60375,8.327499,87.6,87.1,2.110575,46.1818771,26.46562386
61.1000023,64,64,61,17.3739071,304.542816,133.375549,49.40828,419.056244,4.6018,184.722214,81.8,83.6,85.8,75.7000046,16.98625,21.08125,27.2462482,20.515,6168.89551,84.5,83.2000046,5.47,8.5225,8.5725,87.6,87.1,2.1114,46.079998,26.40625
61.2,64.1,64.1,61.1000023,17.36875,303.674774,133.1586,49.3518524,418.243744,4.5823,183.449066,81.9,83.6,85.9,75.8,17.0675,21.40625,27.6537514,20.758749,6179.90332,84.5,83.2000046,5.5925,8.5225,8.5725,87.6,87.1,2.110575,46.14125,25.99687576
61.3,64.3,64.3,61.3,17.36875,302.517365,133.223267,49.67159,417.431244,4.623,183.333328,82.2000046,83.6,86.4,75.8,16.98625,21.1625,27.0025024,20.35125,6170.489,84.6,83.4,5.43,8.36,8.49,87.6,87.1,2.104875,46.4056244,25.97187424
61.5,64.5,64.6,61.6000023,17.36875,303.240753,133.152435,49.822052,417.8375,4.61,183.680557,82.3,83.9,86.6,76.1,17.0275,21,27.2062511,20.3925,6178.3584,84.8,83.6,5.43,8.685,8.327499,87.6,87.2000046,2.10895,46.65,25.98749924
61.5,64.5,64.6,61.5,17.36875,304.1088,133.066925,49.4458923,418.446869,4.6214,184.606476,82.1,83.9,86.2000046,76.1,17.6375,21.08125,27.8162518,20.3925,6183.042,84.7000046,83.5,5.5925,8.72625,8.327499,87.5,87.1,2.1057,46.6293755,25.94375038
61.4,64.4,64.8,61.6000023,17.3840637,303.3854,133.468536,49.8784752,417.8375,4.60675,184.027771,82.2000046,83.8,86.7000046,76,17.27125,20.7550011,27.0837479,20.1475,6170.489,84.8,83.6,5.3475,8.5625,8.327499,87.6,87.1,2.104875,46.73125,26.05000114
61.5,64.5,64.7000046,61.6000023,17.4145317,303.819458,133.8476,49.5963554,418.446869,4.6295,184.490738,82.1,83.9,86.2000046,76.1,17.39375,21.28375,27.2062511,20.22875,6172.082,84.8,83.6,5.3475,8.48125,8.40875,87.6,87.1,2.1065,46.7718735,26.20937538
61.4,64.3,64.9,61.7,17.3229675,303.819458,131.954315,49.40828,418.040619,4.60345,183.912033,82.2000046,83.9,86.5,76,17.0275,20.79625,27.0025024,20.31,6172.082,84.8,83.5,5.3475,8.645,8.49,87.6,87.1,2.1057,46.751873,25.83124924
61.4,64.2000046,65.2000046,61.8,17.3382816,303.096069,132.208023,50.066555,417.431244,4.6393,184.143509,82.4,84,87.1,76,17.5975,20.9187489,26.63625,20.27,6178.3584,84.8,83.5,5.47,8.97,8.5725,87.6,87.1,2.108125,46.7925,26.03749847
61.3,64.2000046,65.2000046,61.8,17.3585949,303.674774,132.686615,50.02894,417.8375,4.65885,184.722214,82.4,84,87.1,76,17.475,20.9187489,26.9612484,20.6375,6179.90332,84.7000046,83.6,5.47,8.318749,8.40875,87.5,87.1,2.108125,46.7925,25.671875
61.4,64.2000046,65,61.8,17.3789063,304.832184,133.73822,49.4647026,419.1594,4.68485,185.995361,82,84,85.9,76.1,17.19,21.28375,27.49,20.515,6178.3584,84.8,83.6,5.51125,8.278749,8.40875,87.5,87.1,2.107325,46.8125,25.75312614
61.4,64.3,65,61.7,17.3789063,304.832184,133.612732,49.2578163,419.056244,4.6393,185.416656,81.9,84,85.7000046,76.1,17.7200012,21.89375,27.9374981,20.71875,6179.90332,84.9,83.7000046,5.3475,8.4,8.49,87.6,87.1,2.1057,46.7718735,25.69687271
61.5,64.3,65,61.8,17.328125,304.542816,133.133484,49.1073532,418.853119,4.62625,185.069443,82,84,85.7000046,76.1,17.0675,21.3249989,27.49,20.35125,6186.228,84.8,83.5,5.51125,8.48125,8.40875,87.4,87,2.107325,46.751873,25.765625
61.3,64.1,65.1,61.8,17.3382816,303.674774,132.9485,49.4647026,417.9375,4.61,184.259262,82.1,84,86.3,76,17.5162487,20.8775,27.49,20.515,6175.22,84.9,83.7000046,5.3475,8.4,8.327499,87.5,87,2.10895,46.751873,25.73749924
61.3,64,65.2000046,61.8,17.3789063,303.096069,132.125916,49.65278,417.025,4.6018,183.333328,82.2000046,83.9,86.7000046,76,17.7200012,20.67375,27.0837479,20.3925,6175.22,84.8,83.6,5.3475,8.5625,8.327499,87.5,87,2.10895,46.751873,24.95000076
61.2,63.9,65.2000046,61.8,17.3789063,303.674774,132.554031,49.74682,417.634369,4.63765,184.027771,82.2000046,83.9,86.7000046,75.9,17.39375,20.4712486,27.0025024,19.8625,6173.627,84.7000046,83.5,5.47,8.5625,8.49,87.4,87,2.107325,46.7106247,25.29062653
61.2,63.9,65.3,61.8,17.40953,303.9641,132.443146,49.6903954,417.634369,4.6556,184.606476,82.2000046,84,86.7000046,75.8,17.0275,20.9187489,26.75875,19.94375,6165.75732,84.7000046,83.5,5.51125,8.318749,8.49,87.4,87,2.10895,46.6293755,24.97812462
61.2,63.9,65.3,61.8,17.3840637,304.1088,132.865585,49.65278,418.040619,4.6523,184.837967,82.1,84,86.5,75.9,16.9037514,21.04,26.9612484,20.31,6170.489,84.8,83.5,5.43,8.48125,8.367499,87.5,87,2.108125,46.751873,24.8125
61.1000023,63.9,65.3,61.7,17.3078117,303.819458,131.154037,49.65278,417.8375,4.61485,184.259262,82.3,84.1,87,75.8,17.7200012,21.04,26.63625,20.1475,6175.22,84.5,83.2000046,5.51125,8.8075,8.5725,87.2000046,86.7000046,2.10895,46.6293755,25.02812386
61.2,63.9,65.5,61.8,17.3229675,303.9641,131.138779,49.7280121,418.040619,4.65065,185.069443,82.2000046,84,87,75.9,17.23,20.715,26.51375,20.06625,6165.75732,84.5,83.3,5.5925,8.8075,8.327499,87.2000046,86.8,2.1057,46.751873,25.23125076
61.1000023,63.7,65.5,61.9,17.34328,305.2662,129.366562,49.7280121,419.056244,4.623,185.069443,82.4,84,87.4,75.8,17.27125,20.9187489,26.3112488,20.10625,6167.35,84.1,82.9,5.43,8.48125,8.735001,86.8,86.5,2.10895,46.7106247,26.05937386
61.2,63.9,65.4,61.8,17.3484383,305.555542,129.179871,49.65278,418.65,4.61,184.722214,82.4,84.2000046,87.5,75.9,16.98625,20.18625,26.2699986,19.94375,6175.22,84.1,82.9,5.3075,8.318749,8.5725,86.9,86.4,2.104875,46.7106247,26.82187653
61.4,64.3,65.6,62,17.3484383,305.8449,129.757,49.5023155,418.853119,4.60675,184.837967,82.4,84.3,87.2000046,76.1,16.741251,20.9187489,26.8400021,20.22875,6168.89551,84.4,83.2000046,5.43,8.318749,8.53125,87,86.6,2.10325,47.0975,27.61562538
61.4,64.2000046,65.4,61.9,17.3739071,304.832184,129.983871,49.6903954,418.65,4.59205,184.722214,82.4,83.9,87.4,75.9,16.98625,20.95875,26.51375,20.025,6168.89551,84.3,83.1,5.55250025,8.44125,8.40875,87,86.5,2.10245,46.9143753,27.91875076
61.7,64.7000046,65.4,62,17.3585949,305.2662,129.718658,49.5963554,418.243744,4.61975,184.259262,82.7000046,84.3,87.4,76.3,16.98625,20.79625,26.75875,20.1475,6176.765,84.4,83.3,5.43,8.4,8.49,87.1,86.6,2.099175,47.1787529,28.57500076
61.7,64.8,65.2000046,61.9,17.3585949,305.2662,129.444427,49.40828,418.65,4.6051,184.143509,82.6,84.2000046,87.3,76.3,16.9037514,21.12125,26.4324989,20.10625,6179.90332,84.3,83.2000046,5.3475,8.72625,8.81625,87.1,86.7000046,2.1008,47.1381264,29.24687576
61.9,65.1,65,61.9,17.4043751,304.398132,130.060959,49.5587425,417.8375,4.6002,183.564819,82.6,84,87.2000046,76.3,16.86375,20.715,26.59625,19.9849987,6172.082,84.5,83.3,5.51125,8.4,8.5725,87.3,86.8,2.1008,47.1993752,30.06562614
62,65.2000046,65,61.9,17.3942184,305.555542,129.98616,49.5399323,418.65,4.62625,184.722214,82.7000046,83.9,87.2000046,76.3,16.5775,20.7550011,26.51375,19.9037514,6172.082,84.5,83.4,5.5925,8.645,8.65375,87.4,86.9,2.1008,47.2606239,30.67187309
62.1000023,65.3,65,62,17.3331261,304.832184,128.9599,49.5587425,418.040619,4.59045,183.912033,82.9,84,87.6,76.4,16.945,21.28375,26.4324989,19.8625,6172.082,84.4,83.3,5.51125,8.645,8.65375,87.3,86.8,2.1008,47.3618736,30.42187309
62.1000023,65.5,64.9,61.9,17.40953,306.134247,129.774384,49.84086,419.056244,4.64905,185.185181,82.8,84,87.5,76.4,17.19,21.1625,26.35125,19.82125,6168.89551,84.6,83.5,5.51125,8.48125,8.65375,87.5,87,2.1008,47.3618736,30.42812729
62.5,65.9,65.1,62.1000023,17.3179684,304.832184,128.519882,49.67159,418.040619,4.60345,183.680557,83.1,84.1,87.8,76.7000046,17.19,21.1625,26.1074982,19.7799988,6168.89551,84.6,83.6,5.43,8.88875,8.695,87.5,87,2.0951,47.72875,30.703125
62.2,65.7000046,64.8,61.9,17.3382816,304.6875,129.562119,49.74682,418.243744,4.61485,184.606476,82.8,83.7000046,87.5,76.4,17.19,21,26.35125,19.94375,6172.082,84.6,83.5,5.43,8.48125,8.65375,87.5,87,2.1,47.3825,31.79999924
62.3,65.9,64.7000046,61.9,17.3535938,305.2662,129.58902,49.65278,418.446869,4.6002,184.722214,83,84,87.5,76.5,17.14875,21.1625,26.63625,19.8625,6178.3584,84.6,83.5,5.43,8.4,8.5725,87.5,87,2.098375,47.4437523,32.03125
62.4,66.1,64.7000046,61.9,17.3382816,305.4109,129.657227,49.5587425,418.446869,4.6181,184.722214,82.9,84,87.4,76.6,17.3112488,21.28375,26.35125,19.9037514,6168.89551,84.7000046,83.6,5.5925,8.44125,8.5725,87.6,87.1,2.098375,47.484375,31.55624771
62.4,66.1,64.7000046,61.9,17.3535938,305.555542,129.494247,49.5023155,418.243744,4.5953,184.490738,83,84,87.5,76.5,16.9037514,20.9187489,26.18875,19.82125,6175.22,84.6,83.5,5.3475,8.645,8.5725,87.6,87.1,2.099175,47.484375,32.66562653
62.3,66.2000046,64.9,61.9,17.26703,306.857635,123.005157,49.6903954,419.259369,4.50905,184.722214,83.1,83.7000046,88.2000046,76.4,17.475,21.24375,26.0262489,20.06625,6172.082,83.9,82.9,5.67375,8.7675,8.89875,86.9,86.5,2.09675,47.484375,32.390625
62.5,66.4,64.6,61.8,17.3585949,304.542816,126.147469,50.2358246,417.228119,4.623,183.680557,83.2000046,83.7000046,88.3,76.4,17.10875,20.34875,25.7012482,19.6575,6175.22,84,82.9,5.43,8.685,8.940001,87.1,86.6,2.1008,47.4637527,32.984375
62.7,66.8,64.2000046,61.6000023,17.4348431,304.6875,126.997566,49.6903954,418.040619,4.6881,184.490738,83,83.7000046,87.8,76.5,17.19,21,26.3112488,19.9849987,6175.22,83.8,82.7000046,5.43,8.5225,8.89875,86.9,86.5,2.099175,47.5043755,32.97187424
62.6000023,66.9,64.4,61.6000023,17.3331261,305.121521,124.806335,49.822052,418.243744,4.61975,184.027771,83.1,83.7000046,88.2000046,76.5,17.23,20.34875,25.945,19.82125,6178.3584,83.7000046,82.7000046,5.55250025,8.5625,8.98,86.9,86.4,2.10245,47.4437523,33.00312424
62.5,66.5,64.5,61.7,17.2925,306.278931,124.990685,49.8784752,418.65,4.60345,185.300919,83.1,83.7000046,88.2000046,76.4,17.5162487,21.24375,26.0262489,19.9849987,6179.90332,83.8,82.7000046,5.67375,8.8075,8.940001,86.9,86.4,2.09675,47.5043755,31.44062424
62.5,66.4,64.4,61.7,17.3382816,306.278931,125.086372,49.40828,418.853119,4.61,185.300919,83,83.7000046,87.9,76.4,17.27125,20.79625,25.945,19.7799988,6175.22,83.6,82.6,5.63375,8.60375,8.81625,86.7000046,86.3,2.1008,47.3825,30.34687614
62.9,66.7000046,64.9,62.1000023,17.3382816,305.8449,125.252457,49.67159,417.9375,4.61,184.722214,83.4,84,88.1,76.8,17.55625,21.1625,25.9849987,19.82125,6172.082,84,83,5.5925,8.685,8.65375,87,86.6,2.095925,47.8506241,30.36875153
62.1000023,66,64.3,61.5,17.328125,305.555542,124.701767,49.822052,417.8375,4.6165,184.606476,83,83.7000046,88.1,76.2000046,17.475,20.67375,26.0262489,19.94375,6176.765,83.5,82.5,5.51125,8.685,8.89875,86.7000046,86.3,2.107325,47.0775,29.87500191
61.9,65.6,64.2000046,61.3,17.3078117,305.4109,124.397591,50.02894,417.8375,4.61,184.606476,83,83.6,88.2000046,76,17.39375,20.9187489,25.9849987,20.025,6173.627,83.3,82.2000046,5.51125,8.645,8.98,86.6,86.2000046,2.110575,46.7925,29.67812347
61.8,65.5,64,61.1000023,17.24672,306.134247,124.740707,49.8784752,418.65,4.6295,185.069443,82.8,83.6,88,75.9,17.3525,20.4712486,26.18875,19.94375,6175.22,83.2000046,82.1,5.5925,8.685,8.89875,86.6,86.2000046,2.113025,46.609375,29.43125153
61.8,65.7000046,63.8,61,17.36875,306.857635,125.393608,49.3706627,419.259369,4.61325,185.763885,82.7000046,83.5,87.6,75.8,17.10875,20.34875,26.1074982,19.74,6175.22,83.1,82,5.55250025,8.72625,8.89875,86.6,86.2000046,2.107325,46.5275,29.21562576
61.6000023,65.2000046,64,61,17.328125,304.398132,124.205887,50.3110542,416.818726,4.61975,184.027771,82.9,83.5,88.3,75.7000046,17.3525,20.39,25.8637486,19.82125,6173.627,83.1,81.9,5.5925,8.5625,8.735001,86.5,86.1,2.11545,46.4668732,28.91874886
61.7,65.6,63.8,60.9,17.328125,305.9896,125.337257,49.3518524,419.056244,4.6214,185.185181,82.6,83.5,87.6,75.8,17.0675,20.715,26.2699986,20.1887512,6178.3584,83,81.9,5.5925,8.36,8.98,86.5,86.1,2.1122,46.4262466,28.49062347
61.5,65,64,61,17.328125,306.278931,125.0478,50.02894,418.7531,4.6018,185.648148,82.7000046,83.6,88,75.6,17.435,20.34875,26.0262489,20.025,6178.3584,83.1,82,5.67375,8.48125,9.1025,86.6,86.2000046,2.1122,46.4056244,28.34687614
61.6000023,65.3,64.1,61.1000023,17.3128128,306.5683,125.509712,49.40828,419.259369,4.61,185.416656,82.7000046,83.6,87.6,75.8,17.23,20.145,26.18875,19.7799988,6168.89551,83.2000046,82,5.51125,8.44125,9.14375,86.6,86.2000046,2.107325,46.609375,27.97187614
61.4,64.7000046,64.2000046,61.1000023,17.3179684,305.8449,124.99855,49.84086,417.9375,4.6116,184.837967,82.6,83.6,87.9,75.6,17.3112488,20.145,26.0675011,20.025,6172.082,83.2000046,82,5.5925,8.48125,8.5725,86.5,86.1,2.1114,46.3443756,28.44375038
61.3,64.6,64.3,61.2,17.3331261,305.2662,125.235909,49.7280121,417.634369,4.61485,184.490738,82.6,83.6,87.8,75.6,16.9037514,20.18625,25.7825,20.025,6170.489,83.1,82,5.5925,8.5625,9.14375,86.5,86.1,2.1114,46.385,28.11250114
61.4,64.7000046,64.4,61.2,17.3179684,305.8449,125.180161,49.5587425,418.446869,4.6393,185.185181,82.5,83.6,87.8,75.7000046,17.19,20.105,26.1074982,20.1475,6179.90332,83.1,81.9,5.67375,8.36,9.0625,86.4,86,2.113025,46.4668732,28.63437462
61.6000023,64.8,64.6,61.5,17.3128128,306.5683,125.615631,49.65278,418.853119,4.636,185.995361,82.6,83.7000046,87.7000046,75.8,17.14875,20.43,26.06625,19.82125,6170.489,83.4,82.2000046,5.67375,8.60375,8.65375,86.5,86.1,2.1057,46.73125,27.88749886
61.7,65,64.9,61.7,17.328125,305.9896,125.018456,49.67159,418.3469,4.623,185.185181,82.7000046,83.8,88,76,17.14875,20.51125,26.18875,20.1887512,6176.765,83.4,82.3,5.43,8.48125,8.81625,86.4,86,2.104075,46.9756241,27.734375
61.7,65,65.1,61.8,17.3078117,305.121521,125.063522,49.8596649,417.634369,4.61325,184.143509,82.8,83.8,88.1,76.1,17.23,20.34875,25.9849987,19.69875,6164.212,83.5,82.4,5.67375,8.645,8.81625,86.6,86.1,2.107325,47.1181259,27.16562462
61.9,65.1,65.2000046,61.9,17.3382816,305.8449,124.895409,49.57755,418.243744,4.6295,185.069443,82.8,83.9,88,76.2000046,17.39375,20.2675,26.2699986,19.7799988,6175.22,83.5,82.4,5.51125,8.645,8.89875,86.4,86,2.1057,47.1787529,26.53437614
61.9,65.2000046,65.1,61.9,17.2976551,306.857635,125.051033,49.5963554,419.465637,4.61325,185.879623,82.7000046,83.9,87.8,76.2000046,17.0675,20.5925,26.1074982,20.1887512,6175.22,83.7000046,82.6,5.51125,8.72625,8.89875,86.5,86.2000046,2.104875,47.2193756,26.49062538
61.8,64.9,65.4,62,17.2823429,304.398132,124.003662,49.9725151,416.818726,4.60675,183.449066,82.9,83.9,88.4,76.2000046,17.10875,20.67375,25.945,19.9037514,6175.22,83.6,82.5,5.5925,8.72625,8.735001,86.5,86,2.107325,47.2193756,26.37499809
61.7,65,65.1,61.8,17.3128128,306.278931,125.090652,49.4647026,418.853119,4.6165,185.300919,82.7000046,83.8,87.9,76.1,17.0275,20.83625,25.945,20.1475,6178.3584,83.5,82.4,5.51125,8.5225,8.89875,86.4,86,2.104075,47.0975,26.47812271
61.7,64.8,65.3,61.9,17.3026562,306.712952,125.442673,49.65278,419.259369,4.60675,185.648148,82.7000046,84,87.8,76.1,17.14875,20.145,26.2699986,19.82125,6179.90332,83.5,82.4,5.51125,8.7675,8.65375,86.4,86,2.10895,47.1181259,26.49687576
61.7,64.7000046,65.1,61.9,17.3789063,305.2662,127.3566,49.8596649,417.9375,4.5937,183.680557,82.7000046,83.8,87.8,76,16.945,20.5925,26.1487522,20.1475,6175.22,83.7000046,82.6,5.51125,8.7675,8.735001,86.6,86.2000046,2.104075,47.0568733,26.546875
61.8,64.6,64.9,62,17.4145317,304.542816,130.694122,49.8596649,418.143738,4.6458,184.490738,82.5,84,87.3,76.2000046,16.61875,19.6175,26.6775017,20.10625,6179.90332,83.8,82.7000046,5.43,8.645,8.89875,86.7000046,86.2000046,2.107325,47.0975,26.10000038
62.1000023,64.9,65,62.1000023,17.40953,305.2662,130.9009,49.2013931,418.243744,4.60675,184.490738,82.4,84.1,86.7000046,76.4,16.66,20.18625,26.9212513,20.025,6178.3584,84,82.9,5.43,8.645,8.695,86.7000046,86.3,2.10245,47.3618736,26.18125153
61.4,64.1,64.9,61.8,17.38922,305.121521,129.687851,49.9725151,418.040619,4.58065,183.912033,82.3,83.8,87.3,75.8,16.66,20.02375,26.18875,20.025,6170.489,83.8,82.7000046,5.3475,8.645,8.89875,86.7000046,86.3,2.113025,46.751873,26.11562538
61.2,64.1,64.5,61.4,17.38922,304.6875,130.6407,49.76563,418.243744,4.6214,184.027771,82.2000046,83.7000046,87.1,75.6,16.5374985,20.18625,26.2699986,19.7799988,6168.89551,83.6,82.4,5.43,8.645,8.81625,86.7000046,86.3,2.10895,46.4462471,25.93437386
61.4,64.4,64.3,61.3,17.40953,303.240753,130.5378,49.1825829,416.818726,4.61325,182.754623,82.1,83.7000046,86.6,75.8,16.70125,19.9425,26.9212513,20.1887512,6179.90332,83.5,82.3,5.43,8.97,8.89875,86.5,86.1,2.110575,46.4462471,25.94687653
61.4,64.8,63.9,61,17.4145317,305.8449,131.780579,49.0697365,419.259369,4.69465,186.458328,81.7000046,83.5,86.2000046,75.7000046,17.0675,21.1625,27.4087486,20.35125,6175.22,83.4,82.2000046,5.5925,8.48125,8.735001,86.7000046,86.2000046,2.11465,46.30375,25.97187424
61.2,64,64.8,61.5,17.3484383,303.674774,128.878586,50.34867,416.209381,4.59045,183.101852,82.5,83.7000046,87.8,75.6,17.10875,20.22625,25.945,19.9037514,6167.35,83.6,82.5,5.51125,8.645,8.81625,86.8,86.4,2.110575,46.5075,26.80312347
61.2,64.2000046,64.3,61.2,17.40953,303.674774,130.516174,49.2578163,416.818726,4.60675,182.870361,82.1,83.7000046,86.7000046,75.6,17.10875,20.51125,26.51375,19.9849987,6173.627,83.4,82.2000046,5.5925,8.72625,8.5725,86.6,86.2000046,2.113025,46.30375,27.38125038
61.2,64,64.5,61.3,17.4451561,305.8449,130.343323,50.1417847,419.056244,4.65885,185.763885,82.1,83.7000046,87.3,75.5,16.945,20.633749,26.18875,20.06625,6176.765,83.7000046,82.5,5.51125,8.44125,8.65375,86.8,86.3,2.113025,46.3649979,27.75312424
61.3,64.3,64.4,61.3,17.40953,303.819458,130.27565,49.7844353,417.634369,4.623,183.333328,82.3,83.7000046,87.4,75.6,16.70125,20.5925,26.18875,20.10625,6178.3584,83.5,82.3,5.43,8.93,8.81625,86.6,86.2000046,2.108125,46.4262466,28.40625
61.3,64.3,64.4,61.4,17.4451561,303.9641,129.08728,50.8941,418.040619,4.61325,183.101852,82.5,83.7000046,88.1,75.5,16.375,19.9025,25.7012482,19.82125,6178.3584,83.6,82.5,5.43,8.7675,8.940001,86.7000046,86.3,2.1122,46.4868736,29.14999962
62,65.6,63.3,60.9,17.3179684,300.202545,99.31716,49.9725151,418.446869,4.76955,189.236115,81.5,82.7000046,86.6,75.5,21.63375,26.6525,26.1074982,20.9625015,6175.22,80.3,79.3,6,8.15625,9.5525,84,83.7000046,2.110575,46.4056244,29.69687653
63.3,68,62,60.3,17.6434364,294.4155,125.709625,50.9129066,408.6844,4.5774,175.347214,82.5,82.9,88.2000046,76,18.9425011,22.7075,25.6199989,19.69875,6175.22,81.6,80.6,5.51125,8.15625,9.47,85.6,85.2000046,2.113825,46.4262466,29.69375038
62.5,65.1,62.7,61.1000023,17.4246864,304.1088,135.209015,49.2202,419.3625,4.61,185.069443,81.5,83.8,84.8,76.3,18.289999,23.6025,27.8162518,20.47375,6175.22,83.7000046,82.5,5.5925,8.685,8.89875,87.1,86.6,2.107325,46.4462471,31.46562576
62.1000023,65,63.3,61.2,17.4348431,302.228,133.565552,49.9349,417.53125,4.73045,185.069443,82.1,83.7000046,86.5,76,18.616251,22.62625,26.9612484,20.47375,6178.3584,83.7000046,82.6,5.47,8.645,8.81625,87,86.5,2.10975,46.5275,33.62812424
61.8,65.2000046,63.8,61.1000023,17.3331261,304.398132,125.413742,49.4458923,418.3469,4.6523,186.34259,82.4,83.5,87.7000046,75.7000046,19.3100014,23.6825,26.0262489,20.35125,6179.90332,82.8,81.7000046,5.51125,8.48125,9.0625,86.1,85.8,2.110575,46.4868736,33.54999924
61.9,65.4,63.5,60.9,17.4909382,305.4109,124.834076,49.84086,419.056244,4.6181,185.995361,82.4,83.9,87.6,75.8,18.289999,22.7075,26.0262489,20.27,6167.35,82.3,81.2000046,5.75499964,8.318749,9.3075,85.9,85.5,2.1122,46.4262466,33.75312424
61.9,65.6,63.3,60.8,17.3484383,303.9641,124.344986,49.6339722,418.243744,4.59045,184.490738,82.5,83.8,87.8,75.7000046,18.3312511,22.78875,26.1074982,20.4325,6167.35,82.3,81.2000046,5.63375,8.5625,9.0625,86,85.6,2.110575,46.3649979,35.01874924
62.1000023,66,63.6000023,61.1000023,17.4196873,305.2662,126.560486,49.6903954,418.956238,4.67185,186.574066,82.6,84,87.5,76,18.73875,22.9925,26.4324989,20.4325,6168.89551,82.8,81.7000046,5.51125,8.72625,9.38875,86.2000046,85.8,2.1057,46.73125,35.91249847
62.3,66.3,63.8,61.3,17.3739071,304.1088,125.282631,49.6339722,417.8375,4.61325,185.069443,82.8,84,87.8,76.2000046,18.78,22.7475,26.06625,20.515,6168.89551,82.8,81.7000046,5.5925,8.685,9.3075,86.1,85.7000046,2.104075,46.935,36.56874847
62.4,66.5,63.8,61.2,17.3535938,303.819458,124.658272,50.010128,417.8375,4.61,184.606476,82.9,84.1,88,76.2000046,19.3100014,22.62625,26.1074982,20.515,6178.3584,82.9,81.9,5.51125,8.685,9.47,86.2000046,85.8,2.1057,46.9956245,36.890625
62,66.2000046,63.4,60.7,17.328125,304.6875,124.113243,49.57755,418.65,4.61,185.763885,82.6,83.8,87.8,75.8,19.065,22.78875,26.2699986,20.31,6178.3584,82.5,81.4,5.71499968,8.7675,9.38875,86.2000046,85.8,2.1122,46.4056244,36.53750229
62.2,66.7000046,63.5,60.9,17.3078117,304.1088,124.594574,49.67159,418.140625,4.60675,185.300919,82.8,83.9,87.9,76,19.595,23.0325,26.18875,20.22875,6179.90332,82.7000046,81.6,5.51125,8.5625,9.3075,86.2000046,85.8,2.10895,46.6906242,36.27499771
62,66.3,63.2,60.6000023,17.328125,304.542816,124.961609,49.67159,418.243744,4.6051,185.416656,82.6,83.8,87.7000046,75.8,18.78,22.95125,26.06625,20.35125,6172.082,82.6,81.5,5.55250025,8.7675,9.3075,86.3,85.9,2.1114,46.3649979,37.09062576
62.1000023,66.5,63.3,60.7,17.3179684,303.819458,124.640739,49.74682,417.8375,4.59695,184.837967,82.7000046,83.8,87.9,75.8,19.02375,22.545,25.8637486,20.5962486,6179.90332,82.5,81.4,5.51125,8.8075,9.3075,86.1,85.7000046,2.10895,46.4462471,34.375
62.2,66.7000046,63.5,60.9,17.3179684,302.372681,123.3934,50.1041679,417.228119,4.61,184.027771,82.9,83.9,88.2000046,76,19.147501,22.8699989,25.7825,20.35125,6179.90332,82.5,81.5,5.47,8.93,9.47,86.2000046,85.8,2.110575,46.6293755,32.484375
62.1000023,66.6,63.2,60.7,17.3179684,305.555542,125.014717,49.6339722,419.259369,4.61,186.458328,82.5,83.8,87.6,75.9,19.51375,22.78875,26.1074982,20.35125,6179.90332,82.6,81.5,5.75499964,8.7675,9.224999,86.3,85.9,2.1122,46.4462471,31.85625076
62.6000023,66.9,63.8,61.3,17.3382816,303.9641,124.458115,49.6903954,418.040619,4.58065,184.722214,83,84.1,87.9,76.3,18.9425011,22.7475,25.945,20.4325,6170.489,82.9,81.8,5.5925,8.84875,9.3075,86.3,85.9,2.1,47.0975,30.83125114
62,66,63.3,60.8,17.3179684,303.9641,125.451523,49.9160919,418.3469,4.6116,185.300919,82.6,83.5,87.8,75.7000046,18.86125,22.95125,25.945,20.22875,6167.35,82.8,81.7000046,5.75499964,8.5625,9.0625,86.5,86,2.108125,46.4262466,30.70625114
