TI831061A,TI831061B,TI831060A,TI831060B,PZI831003,TI831001,FI821002,PI821019,TSI821017,PZI831006,TI831002,TI831063A,TI831063B,TI831062A,TI831062B,VSI831091A,VSI831091B,VSI831090A,VSI831090B,SZI831090,TI831064A,TI831064B,VSI831092B,VSI831093A,VSI831093B,TI831065A,TI831065B,PSI831047,TSI831042,OutsideTemperature
66.16384125,69.23184204,64.79574585,61.26527786,13.81422901,280.2254333,130.0005493,49.19810867,416.1751099,4.801692009,151.2080078,82.15021515,89.15396118,86.50204468,82.08984375,14.64207077,17.80338669,28.07041168,25.9314537,6177.433594,86.25698853,93.34255219,6.514787674,10.12040997,8.312397003,90.82316589,87.04033661,2.084072351,47.24133301,23.25361633
66.00847626,69.35307312,64.73324585,61.22527695,13.87440205,278.9802551,130.6959534,49.54673767,414.0338135,4.82490015,149.7924805,82.17980957,89.17796326,86.68086243,82.07085419,14.8285284,17.78100395,28.04610062,25.3008194,6179.472656,86.19893646,93.37828827,6.496951103,10.17646694,8.328658104,90.91143799,87.03237915,2.083982468,47.21061707,23.89608955
66.14035797,69.58724213,64.6678009,61.21121216,13.88327217,277.7021484,130.825119,49.12534714,412.4038696,4.824033737,148.8824463,82.06951141,89.06736755,86.35431671,82.05187225,14.68706608,17.70269394,27.98575401,25.44530296,6182.9375,86.09827423,93.24163055,6.645495892,10.34852409,8.371860504,90.76522827,86.91594696,2.083703518,47.21802139,24.0053215
66.15825653,69.53239441,64.64565277,61.2416687,13.86403847,278.3822021,130.8038025,48.82463837,413.8583069,4.806631088,149.5287323,81.97322845,89.03715515,86.11014557,82.03288269,14.45041847,18.08541489,27.9929142,25.58203697,6179.799316,86.07714081,93.27352142,6.648957729,10.12416363,8.329860687,90.79954529,86.95933533,2.082872629,47.15325165,23.9761734
66.17794037,69.45635223,64.61978149,61.27212524,13.84304905,279.6894836,130.6049042,48.51749039,415.1566772,4.79774189,150.891983,81.81471252,89.1151123,85.89781952,82.01389313,14.37275982,18.17377281,28.3886013,25.45140266,6178.838379,86.09021759,93.18937683,6.600668907,10.05456829,8.247398376,90.70175171,86.8887558,2.082069159,47.15737152,23.96331978
65.96365356,69.05252838,64.86444092,61.29091263,13.96790123,280.7419739,131.5330963,49.18369293,415.7028503,4.818399906,151.0696106,82.01514435,89.19011688,86.1348114,82.09063721,14.27659702,17.54729271,27.98594856,25.45240593,6179.6875,86.34911346,93.5,6.545771122,9.931501389,8.394241333,91.04956055,87.1388092,2.084263563,47.14915085,24.23806381
65.8274765,68.95044708,64.80651855,61.18557358,13.71447849,279.1264038,129.305191,49.72116089,414.1053467,4.818286896,149.9587402,82.19172668,89.07640839,87.02059937,82.07615662,14.65767288,17.77898598,27.58702469,25.80541229,6179.17334,85.90000153,92.97164154,6.607675076,10.2360754,8.319556236,90.56964111,86.70828247,2.085888624,47.11198425,24.42744637
65.91362762,69.57271576,64.69165039,61.08097076,13.59696484,277.0350342,128.4381256,49.36326218,411.9920654,4.79885006,148.2679596,82.17761993,88.91005707,86.95940399,82.02697754,14.76209068,18.1818676,27.66837883,25.68311691,6180.196289,85.5109024,92.61910248,6.589478016,10.53915882,9.285445213,90.20536041,86.40908813,2.082498312,47.08679199,24.24822235
66.07543182,70.19394684,64.62393951,61.02801132,13.79874992,277.1654663,130.4299316,48.53285599,412.5536804,4.802849293,148.913681,81.83004761,88.828125,86.04155731,81.97664642,14.56998825,18.07553101,28.03750229,25.43062401,6179.89209,85.87847137,92.87371826,6.72635603,10.13218117,8.319992065,90.48939514,86.65856171,2.087774992,47.02883148,24.13995552
65.93314362,69.7493515,64.6789856,61.08206558,13.82421494,279.4691162,130.2299957,48.26510239,415.5063477,4.802138805,151.1587982,81.71791077,88.86364746,85.74771118,81.92491913,14.89517307,18.26755714,28.00107765,25.74258614,6177.013672,85.90131378,93.01364136,6.635242462,9.994942665,8.282470703,90.5218277,86.73638916,2.085027695,47.01696777,23.94808197
65.7093811,69.16763306,64.78495789,61.13379669,13.85227871,279.9943848,130.5249481,49.13232422,415.2845154,4.799393177,150.9816895,81.96359253,88.98179626,86.39691162,81.90309143,14.47266102,17.87263489,27.91875076,25.12774849,6178.470703,86.13092804,93.28139496,6.621504307,10.02493095,8.238074303,90.81365204,86.98223877,2.084090471,47.05649948,24.0837059
65.84319305,69.04415131,64.71598816,61.19901657,13.92272758,278.7070923,131.5322723,49.05945587,413.1323853,4.795233727,149.4198914,81.89951324,88.94433594,86.11817169,82.02155304,14.62882233,18.22617722,28.06571007,25.41689873,6179.260742,86.2505188,93.43148804,6.648655415,10.14011002,8.312469482,90.98703766,87.07558441,2.086758137,47.07011795,24.14897919
65.71835327,68.9295578,64.85852814,61.23156357,13.80390549,278.3687439,130.1086426,49.1484108,413.9718628,4.820897579,149.8405762,82.0335083,88.99921417,86.48728943,82.06599426,14.75697136,18.1803093,27.91276932,25.62309456,6176.727051,85.93041229,93.02230072,6.651530266,10.0325079,8.269922256,90.54779816,86.76302338,2.088039875,47.0727272,24.24133682
65.7730484,69.00236511,64.98490906,61.27628326,13.67671871,278.3189392,128.9186554,49.11720276,414.2875671,4.805058479,150.0185699,82.07628632,89.06351471,86.65566254,82.07527161,14.77071571,17.76443672,27.52087021,25.2010994,6178.59668,85.79704285,92.74214172,6.81115675,10.11378479,8.323596954,90.28350067,86.69396973,2.087750673,47.17754745,24.17097282
65.7909317,69.18725586,64.88267517,61.17110443,13.65048122,277.7050781,128.5996094,49.1637764,413.4737854,4.815149784,149.5706024,82.09999847,88.97683716,86.65039825,82.05936432,15.04268646,18.1803112,28.08956146,25.80849648,6179.487793,85.63473511,92.69046021,6.640810966,10.28025246,8.413064957,90.18502045,86.46904755,2.088742733,47.09934998,23.98314667
65.7121048,69.39365387,64.83095551,61.14931488,13.61225986,277.374054,128.2095642,48.95806885,413.178894,4.808016777,149.5904388,81.9562149,88.92420197,86.63629913,82.03831482,14.78771973,17.45456123,27.74282837,25.0541687,6176.765137,85.52381897,92.52038574,6.689208508,10.21289539,9.09660244,90.01595306,86.35482025,2.086777925,47.13812637,23.89878082
65.79673004,69.46651459,64.90705872,61.14431381,13.70451927,277.7782288,129.1652985,48.92225647,413.8244324,4.799472809,149.7863159,81.99966431,88.95048523,86.50952911,82.01950073,14.55305386,17.40936852,27.62825966,25.09037781,6179.42041,85.70854187,92.77561188,6.729789257,10.14612007,8.400828362,90.38027954,86.51026917,2.084493637,47.09909439,24.26668739
65.70298004,69.33293152,64.92712402,61.15122223,13.74241829,277.9983215,129.5981293,48.96175003,413.5758362,4.822837353,150.1127319,82,88.99025726,86.46372223,82.05283356,14.85029316,17.93416595,27.92568398,25.4582119,6178.456055,85.70487213,92.78179932,6.725832939,10.20473003,8.400832176,90.36340332,86.65122223,2.083936691,47.12890244,24.23899078
65.79016113,69.21255493,64.94718933,61.17258072,13.70398521,278.0056152,129.1919403,49.20632553,414.0938416,4.822169781,149.9624329,82.09547424,89.06442261,86.70578766,82.08616638,14.90634727,18.48153496,27.55408287,25.72595024,6176.890625,85.62377167,92.78137207,6.609875679,10.11196804,8.323440552,90.36994934,86.51287842,2.086344481,47.13263702,24.1291008
65.79503632,69.35940552,64.96725464,61.12570572,13.68738174,277.3703918,129.077713,49.07048416,413.069519,4.803937435,149.4120789,81.95898438,89.06691742,86.5477829,82.01486969,14.99632645,18.2418232,28.18212891,25.722826,6179.308594,85.71858215,92.74636078,6.682271957,10.14639759,8.417273521,90.36840057,86.61221313,2.084358215,47.11619949,24.26296997
65.70000458,69.30684662,64.98732758,61.17000198,13.74158764,277.5749512,129.3661194,48.97757721,413.3895569,4.82269001,149.6719513,81.9929657,89.0980835,86.51908875,82.06703949,15.18312454,18.48212624,28.02343178,25.99599838,6176.733887,85.79666901,92.79800415,6.607622147,10.12222767,8.372179985,90.33167267,86.62714386,2.085361004,47.10076523,23.94088936
65.83165741,69.4552536,64.96492004,61.26999664,13.7017746,277.3820801,129.0701752,49.26753616,413.2485046,4.810926437,149.3627625,82.07062531,89.1700058,86.83000183,82.14420319,14.75507355,17.85239792,27.81352615,25.81234741,6176.828613,85.74300385,92.74899292,6.617413521,10.39085007,8.366074562,90.21930695,86.69664764,2.080288649,47.24167252,23.940382
65.88314819,69.57640839,64.90473175,61.17703247,13.63362026,276.909729,128.4883881,49.18220139,412.1734924,4.802100182,148.6459961,82.08425903,89.18540192,86.78135681,82.06999969,14.73558903,18.41270065,27.88926125,25.93448639,6178.228027,85.40145111,92.68384552,6.623607159,10.0650177,8.167933464,90.17841339,86.31377411,2.08709836,47.17989349,23.78525925
65.87709045,69.79030609,64.91957855,61.12618637,13.68902302,276.7809448,129.0457611,48.88999176,412.2553101,4.814332485,148.9535522,81.97613525,89.13085175,86.5238266,82.00814056,15.02405739,17.47913551,27.79961586,25.27008247,6179.114746,85.61186218,92.64551544,6.644181252,10.49961376,8.400453568,90.20000458,86.46496582,2.084226847,47.19852448,23.64053345
65.83158875,69.63605499,64.93443298,61.20604324,13.67840958,277.2640381,129.0400543,48.91779327,413.4103088,4.804788589,149.5129242,81.95515442,89.17700195,86.51185608,82.00514221,14.72704124,17.92545891,27.8309021,25.8891449,6177.724121,85.74559021,92.65579224,6.579603672,10.53897095,8.394589424,90.14244843,86.50257111,2.085303783,47.16041565,23.76636887
65.85519409,69.44358826,64.94928741,61.22724533,13.67305088,277.6327209,128.8661957,49.08076096,413.6361694,4.812364578,149.7836151,82.0200882,89.14056396,86.6674881,82.02979279,15.12598801,18.0152626,27.7918396,25.88623238,6178.538574,85.61579895,92.67251587,6.725328922,10.24092102,8.606313705,90.18376923,86.5504303,2.086815596,47.16043091,23.94796753
65.8483429,69.44577026,64.96413422,61.24844742,13.68975925,277.3696899,128.9698792,49.15080643,413.1733398,4.818399906,149.4888,82.07008362,89.13619232,86.77607727,82.07842255,14.72796917,17.96458626,27.81389236,25.65668297,6179.122559,85.68276978,92.62984467,6.588191986,10.3094492,8.998639107,90.11836243,86.45606995,2.083994865,47.18078995,24.08584404
65.80012512,69.47593689,64.97898865,61.26964951,13.77713013,276.9829407,129.9125977,49.08359528,412.4577637,4.821455956,148.9342346,81.96133423,89.15058899,86.52210999,82.06381226,15.63367462,17.97568703,28.08553123,26.09099388,6175.352051,85.75887299,92.76947784,6.572676659,10.06453419,8.189567566,90.25958252,86.69895172,2.087774992,47.19849396,24.15921783
65.86908722,69.42847443,64.99383545,61.29084778,13.64109421,277.2532043,128.5670319,48.95094681,413.102356,4.805843353,149.4391327,81.94844818,89.11256409,86.61929321,82.05498505,14.73075294,17.76349068,27.34473991,25.24385834,6174.605469,85.53764343,92.60345459,6.629699707,10.47187424,8.417369843,90.15319061,86.43215942,2.084525108,47.1605072,24.11404037
65.82866669,69.41053772,65.07631683,61.23798752,13.68673038,277.9026794,128.9582977,48.73771286,413.9021606,4.810929775,149.4051971,81.94738007,89.2893219,86.49176788,82.16184998,15.0815773,17.55242538,27.93096733,25.64066887,6176.855957,85.64698029,92.63648224,6.534404755,10.60831833,9.018854141,90.12411499,86.54737854,2.07701993,47.26238632,24.23222351
65.71018219,68.92946625,65.09562683,61.28658676,13.58986664,278.7904968,127.991394,49.12818146,414.6394958,4.800272942,150.4893646,82.00201416,89.20178986,86.79902649,82.09642792,14.76556396,18.13510132,27.24546242,25.87581825,6176.412598,85.52214813,92.5189209,6.719247341,11.61024284,9.095525742,90.14698029,86.55404663,2.081431627,47.22878265,24.24220657
65.76059723,69.07621765,65.03179932,61.24214172,13.65965843,278.0756531,128.7855682,49.36192703,413.8968201,4.819016933,149.7666473,81.994133,89.26472473,86.85405731,82.04425049,14.52957916,17.64519882,27.34505653,25.64929199,6177.491699,85.71261597,92.61454773,6.645969868,10.20880699,8.410977364,90.17778778,86.54208374,2.079546928,47.22120667,24.23709869
65.70000458,69.36318207,65.0117569,61.20863724,13.79874992,277.0954895,130.2475128,49.11154175,412.4241333,4.804609776,148.6697235,81.90841675,89.21135712,86.51113892,82.02397156,14.44864559,17.40941238,27.48557281,25.32180595,6177.749512,85.98828125,92.87038422,6.648071766,10.15449524,8.372544289,90.45693207,86.76626587,2.081656694,47.17936707,24.17033958
65.78012085,69.46569824,65.05555725,61.21204376,13.71780777,277.5198975,129.2888641,48.82762527,413.5566101,4.800903797,149.3760376,81.90379333,89.22096252,86.45890045,82.03651428,14.60347939,17.36034966,27.72608185,25.18646049,6179.76416,85.72701263,92.70691681,6.648039341,10.43067837,8.385682106,90.2365036,86.57781219,2.08161974,47.23907471,23.98265266
65.70117188,69.27454376,65.09934998,61.31282806,13.72947407,277.7843323,129.5256805,48.99450302,413.9861755,4.812146187,149.9398804,81.97696686,89.30000305,86.58803558,82.09723663,14.28647709,17.54330063,27.36795044,25.50374222,6178.498535,85.8467865,92.72022247,6.661473274,10.15911102,8.413234711,90.29779816,86.64537811,2.083995819,47.23550034,24.2399044
65.77037811,69.03835297,65.1399231,61.36737442,13.79337025,278.4563599,130.2294312,48.90198517,414.1379395,4.806241512,149.986084,81.94525909,89.21517181,86.32592773,82.08086395,14.31390381,17.51221275,27.67185402,25.6981411,6175.500977,85.81114197,92.88767242,6.622395992,11.26730251,9.252774239,90.45265961,86.72223663,2.084525108,47.22126389,24.2402401
65.77633667,68.95669556,65.19302368,61.45040131,13.79968834,278.0938721,130.1061096,49.21496964,413.8166809,4.821725368,149.9091949,82.04830933,89.40045166,86.65618134,82.090065,14.33623314,17.98630905,27.40968704,25.5769558,6177.488281,85.93212891,92.8144989,6.580365658,10.31728554,8.404121399,90.49385834,86.73387909,2.081801891,47.24190903,24.39006042
65.73783112,69.02108002,65.11857605,61.40777588,13.68227005,277.7399292,129.1065521,49.20526123,413.3373718,4.797065735,149.3018341,82.00566101,89.39949036,86.90000153,82.11062622,14.8298521,17.82445335,27.53143501,25.56381989,6180.76123,85.82958221,92.5786972,6.697706223,10.15933323,8.469501495,90.17605591,86.6654129,2.081418753,47.36655045,24.31481552
65.85256195,69.27183533,65.06274414,61.32985687,13.61384201,277.1009521,128.4481201,49.11702728,412.8634033,4.80304575,149.095047,81.99542236,89.28857422,86.82550812,82.12095642,14.47369194,17.94118309,27.68087006,25.9114399,6180.001465,85.6988678,92.47954559,6.715257168,10.39087772,8.508634567,90.01011658,86.49072266,2.085041285,47.28529739,24.5167408
65.83921051,69.48977661,65.0056076,61.30982208,13.62078094,277.1243896,128.496582,48.90156937,413.0998535,4.824716091,149.4559326,81.90718842,89.21946716,86.7639389,82.08442688,14.73698807,17.85469246,27.83209038,25.75069618,6182.993164,85.59194946,92.31689453,6.61652565,10.29776669,8.989466667,89.9306488,86.342453,2.081556559,47.26447296,24.51698685
65.89461517,69.45080566,65.09060669,61.32817078,13.64162731,277.422699,128.6316223,49.00372696,413.6493225,4.804111481,149.6591034,81.97603607,89.16259003,86.74423981,82.06169891,14.75788307,17.46351433,27.64211082,25.15188026,6181.443359,85.60164642,92.50541687,6.634253502,11.1804781,9.196726799,90.09038544,86.57079315,2.082074642,47.26089478,24.83239174
65.81330109,69.40000153,65.04077148,61.34651947,13.67049122,277.7145386,128.8119049,48.97642136,413.6018066,4.813018799,149.8040466,81.96569824,89.2855835,86.66906738,82.03897095,15.22033405,17.65093803,27.45408249,25.59966469,6183.348145,85.64774323,92.58435822,6.653659821,10.57742691,8.739712715,90.05096436,86.54798126,2.084682226,47.26610565,25.00903511
65.77013397,69.25672913,65.08106232,61.36486816,13.71724701,277.9204407,129.1251984,49.12725449,413.7180176,4.82490015,149.8846436,81.93460846,89.23922729,86.71512604,82.01624298,14.90945148,18.04135895,27.83102608,25.39367867,6178.458008,85.85426331,92.68883514,6.706485271,10.27094555,8.399273872,90.21108246,86.66064453,2.079009295,47.24199677,24.51923943
65.75293732,69.08067322,65.11078644,61.38321686,13.74464512,277.6538696,129.58638,48.93439102,413.2378845,4.825144291,149.7960358,81.9523468,89.10627747,86.50045013,82.02548981,14.22518349,17.44986534,27.40221024,25.04144478,6166.871094,85.76144409,92.78653717,6.580788136,9.930170059,8.182973862,90.29497528,86.66279602,2.083649635,47.28262711,24.49871635
65.80000305,69.10321808,65.19781494,61.39174652,13.66631126,278.0099792,128.6923523,49.07388306,414.2599182,4.816295624,150.0316162,81.98872375,89.29069519,86.7481842,82.15084839,14.77902126,18.68880653,27.79697037,25.90725327,6169.983887,85.786026,92.6267395,6.561644554,9.961352348,8.630430222,90.19514465,86.60295105,2.079649925,47.30857468,24.43657875
65.73027802,69.15009308,65.08837128,61.30519867,13.72303677,277.6707153,129.376709,49.09061432,413.5176392,4.804592133,149.4437103,81.90538788,89.21984863,86.61880493,82.06385803,14.70740318,17.6505909,27.41843033,25.21956062,6178.046875,85.94799805,92.74449921,6.535467625,10.33443737,8.322217941,90.30699921,86.79953003,2.077759027,47.3305397,24.52867508
65.74401855,69.19697571,65.01940155,61.36100388,13.72790623,277.5571289,129.5066986,49.00997162,413.3381042,4.795599937,149.3055573,81.91252136,89.14801025,86.59700012,82.15018463,14.72210979,18.34499168,27.47300339,25.34804153,6175.140625,85.91867065,92.72239685,6.544669628,10.05314922,8.40550518,90.27799225,86.74240112,2.081274986,47.29231262,24.38171196
66.20419312,69.59397888,64.79216766,61.30109406,14.2608099,279.5114441,134.1950531,48.4596138,412.3529663,4.836501598,148.9062958,81.49022675,89.18560028,84.52407837,82.12188721,14.45268536,18.07614136,28.32331467,25.45426369,6176.371582,86.89398193,93.99398041,6.473276615,10.2010231,8.216730118,91.49398041,87.74398804,2.081213236,47.26961517,24.23950577
65.64356232,68.73822021,65.23851776,61.45339203,13.96165085,279.3721313,131.8497162,48.93532562,415.1855469,4.801265717,150.3513336,81.83358765,89.24932861,86.09999847,82.00080872,14.89252949,17.7700634,27.90732956,25.60840607,6174.342773,86.35086823,93.29023743,6.553749084,10.1401701,8.304379463,90.80134583,87.19200897,2.07894659,47.28551865,24.39145851
65.52529907,68.43170929,65.2875061,61.43755722,13.94834709,279.1865234,131.776123,49.36538696,414.2513123,4.821351528,149.9343872,81.98271179,89.34695435,86.4151535,82.04397583,14.47742081,18.14261627,27.6932869,25.91741943,6172.082031,86.40000153,93.38893127,6.499884129,10.50792789,8.176819801,90.85305023,87.13886261,2.078151703,47.28273773,24.4100666
65.62523651,68.46471405,65.29203033,61.50300217,13.91806698,277.9469604,131.379303,49.09638977,412.4637451,4.807572365,148.8649445,81.88404846,89.39618683,86.2169342,82.08713531,14.22317886,17.18128967,27.55236244,25.17374229,6174.500977,86.22750854,93.18959808,6.608790398,10.37501717,8.403753281,90.69625854,87.09273529,2.081986189,47.30072021,23.94066048
65.68385315,68.46292114,65.25479889,61.56069565,13.92519093,278.1793823,131.4904633,48.90596008,413.3649902,4.795628071,149.2574615,81.80510712,89.40000153,86.06460571,82.01235962,14.48359585,18.10278893,28.14459801,25.85716629,6174.670898,86.34710693,93.25124359,6.500044823,10.30847263,8.357992172,90.76476288,87.18562317,2.081274986,47.32021332,24.25934219
65.70584106,68.38482666,65.329422,61.56322479,13.96046162,280.2113647,131.7746887,48.34831238,415.0667419,4.813771248,150.9514923,81.75562286,89.39053345,85.63171387,82.19063568,14.66766167,18.23937607,28.12106323,26.4491291,6179.415527,86.3884964,93.21770477,6.50009346,10.03884315,8.281118393,90.73942566,87.21327972,2.078000069,47.40051651,24.464571
65.45832825,67.93003845,65.42784119,61.58527374,13.95246124,280.5326233,131.4388123,49.38792038,415.5668945,4.821650028,150.6956329,81.93073273,89.38314819,86.3768692,82.00772858,14.58132267,18.09773254,27.75523758,26.4274292,6179.849121,86.49295807,93.2851181,6.5037117,10.13648224,8.312731743,90.80000305,87.27178192,2.08274889,47.30291367,24.39210892
65.40291595,67.98947906,65.48343658,61.53367233,13.92960453,278.915741,131.379364,49.47829437,413.7119751,4.81539917,149.6416168,81.90830231,89.30539703,86.54492188,82.04084778,14.71595669,17.94300652,28.01963234,26.00059319,6175.746094,86.33211517,93.24264526,6.58470583,10.15631866,8.443167686,90.72179413,87.24744415,2.08204174,47.33049393,24.28397751
65.5153656,68.19476318,65.34306335,61.49022675,13.83062077,277.3041077,130.4038239,49.37117386,412.4187622,4.810482502,148.6771393,81.94577026,89.36144257,86.6513443,82.07396698,14.76680756,18.12264442,27.54188538,25.60121727,6179.095703,86.10865021,92.92713165,6.605663776,10.60794258,8.494456291,90.49230194,87,2.080806017,47.31260681,24.39332199
65.6091156,68.41005707,65.23288727,61.45318985,13.90684986,277.8147888,131.2852631,48.8624382,412.3553467,4.816234112,148.8693695,81.80000305,89.26352692,86.18309784,82.06536865,14.4642086,17.66463852,27.4815197,25.37384605,6178.590332,86.21092987,93.09015656,6.629096508,10.49202824,8.473046303,90.60748291,87.02812195,2.08096242,47.29784393,24.38892555
65.67888641,68.47824097,65.22886658,61.41615295,13.8881588,278.5900879,130.9855652,48.81947327,413.6712952,4.80441761,149.6117706,81.86917114,89.27175903,86.06564331,82.08798981,14.48329544,17.60352898,27.96563148,25.78270721,6178.630371,86.2849884,93.17028809,6.609080315,10.16977882,8.358815193,90.6844101,87.17028809,2.078423738,47.340168,24.68718338
65.78386688,68.40181732,65.19232941,61.52560425,14.12576771,280.1763611,133.1947937,48.66633606,414.0652466,4.821962357,149.903183,81.72140503,89.20068359,85.47122955,82.06517792,14.83962917,18.28489304,28.36275291,25.55357742,6183.959961,86.59347534,93.5538559,6.553735256,10.34235477,8.320768356,91.06756592,87.46081543,2.084354639,47.31548691,24.69141769
65.51315308,68.20000458,65.34613037,61.53243256,14.07915688,279.9571533,132.8191376,49.29889297,414.7443237,4.811178684,149.7524261,81.85466003,89.31919098,86.07698822,82.0714035,14.53339767,17.96399307,27.87789536,25.79684448,6180.161621,86.53843689,93.68197632,6.553714275,10.46423531,8.320897102,91.1985321,87.40958405,2.079814911,47.28538895,24.64398575
65.59203339,68.24404907,65.40328979,61.6157608,14.01911926,278.5679932,132.4154663,49.35866547,412.5067749,4.806261539,148.7104645,81.90875244,89.30317688,86.27149963,82.0302124,14.68969631,17.48160744,27.46930504,25.35310936,6179.644531,86.59936523,93.48977661,6.53668499,10.28794479,8.483530998,90.96884918,87.37953186,2.080711365,47.4420929,24.97262192
65.51531219,68.29404449,65.2407608,61.44962692,13.89401531,278.0132141,131.2270966,48.94113541,412.4181824,4.803814888,148.7756042,81.82933807,89.22021484,86.11608887,82.05574799,14.49214363,18.05506325,27.87586784,25.56388283,6172.706543,86.32398987,93.10162354,6.553683758,10.17823696,8.340512276,90.72037506,87.12248993,2.081430674,47.31741714,24.70947075
65.92131042,68.76158142,64.92654419,61.43844986,14.38278484,279.6919861,135.8946991,48.60072327,413.1678772,4.807029247,148.7268524,81.5,89.22236633,84.50522614,82.18771362,14.87683773,18.89024734,28.77970505,26.03571892,6173.044434,87.17700195,94.18100739,6.564852715,10.25330925,8.314676285,91.6868515,88.06403351,2.080963612,47.27982712,24.64085007
65.55200958,68.13933563,65.24365997,61.48461914,14.05223846,280.3134155,132.5725403,48.79626846,414.8497009,4.801249504,150.1392517,81.75244904,89.2430954,85.63777924,81.95697021,14.28221226,17.74172592,27.974226,25.38533974,6174.313965,86.46066284,93.61022186,6.474776745,10.35942268,8.232212067,91.12023163,87.3835907,2.080365658,47.27210999,24.60642242
65.30983734,67.9353714,65.46980286,61.46022797,13.97294426,280.1202698,131.6187134,49.33156204,414.8917236,4.809390545,150.4079437,81.90110779,89.26499939,86.24608612,81.91820526,14.41199875,17.89603806,27.55992889,25.55853844,6172.930664,86.50502014,93.4053421,6.508971214,10.15326595,8.214795113,90.93500519,87.43820953,2.08301568,47.28388977,24.69115639
65.32285309,67.98091125,65.36283112,61.43583679,13.97367382,278.7460938,131.7470856,49.40631866,412.8901672,4.827394962,149.2241974,81.97902679,89.2078476,86.38091278,81.97943115,14.86947632,18.19530106,27.94091988,25.90712738,6169.755371,86.41274261,93.32696533,6.496208191,10.4880476,8.415151596,90.87949371,87.30098724,2.081449032,47.26963043,24.44161224
65.47620392,68.23894501,65.32377625,61.41144562,13.93609428,277.7427063,131.4355927,49.0891304,412.210022,4.81909132,148.6095123,81.87174225,89.26403809,86.24214935,82.02908325,14.30138969,18.19598961,27.52156258,25.35267448,6172.574219,86.28460693,93.20143127,6.496355534,10.37284374,8.443500519,90.72598267,87.12461853,2.076932192,47.26699448,24.65690804
65.58655548,68.38106537,65.37522888,61.53590393,13.99571609,278.6705017,132.0853882,48.74154282,413.4406128,4.81292963,149.4460297,81.8285675,89.28775787,85.8170929,82.05384064,14.69695282,18.02711678,27.82873344,25.31727791,6174.769531,86.34101105,93.23969269,6.565001488,10.14711761,8.391357422,90.87859344,87.29904175,2.081763268,47.31846237,24.51675224
65.42797852,68.18078613,65.34214783,61.4878273,13.99621201,279.6304932,131.9506378,48.82523346,414.2486572,4.822113514,150.1665192,81.80317688,89.26171112,85.87902832,81.94380951,14.14243221,17.79085922,27.93519974,25.54684067,6173.525391,86.33810425,93.27258301,6.496373177,10.20717335,8.287866592,90.80924988,87.22097778,2.079645395,47.28652954,24.51551628
65.46530151,68.14229584,65.30786133,61.46624374,14.05708599,279.4461365,132.647934,49.16693878,414.2373962,4.81242609,149.7992554,81.8059845,89.27619934,86.02404785,81.94918823,14.46371651,17.85820389,27.75948906,25.77763367,6175.461914,86.59220886,93.56929779,6.502364159,10.34583664,8.431539536,91.0978241,87.43847656,2.077790499,47.28681946,24.2505188
65.46714783,68.19586182,65.3525238,61.44466019,13.93609428,278.4995422,131.5638885,49.14766312,413.1750488,4.805557251,149.2254333,81.91825867,89.22491455,86.26100159,82.0088501,14.56314087,17.94475174,27.77918053,25.66675377,6177.354004,86.27983093,93.24175262,6.564976215,10.23869896,8.373865128,90.78718567,87.1843338,2.080038071,47.26272583,24.39267349
65.43237305,68.29641724,65.30000305,61.42307663,13.85588169,277.7997437,130.5745697,49.09346771,412.9639282,4.805595875,148.2816925,81.90620422,89.24765778,86.409729,82.02939606,14.63944149,17.63730621,27.56000519,25.50855637,6174.973145,86.07479095,93.02196503,6.558943272,10.20267391,8.302697182,90.59340668,86.97850037,2.082900047,47.26165771,24.53242302
65.4487381,68.3792572,65.33165741,61.40149689,13.71844959,277.8779297,129.4027863,48.97569656,413.3045044,4.803863049,148.860199,81.97942352,89.26763916,86.59429169,82.04994965,14.46655655,18.70155525,27.72872353,25.76719284,6175.299316,85.84354401,92.727005,6.648394108,10.28471756,8.447480202,90.34433746,86.71504974,2.086023331,47.27758026,24.79430008
65.40037537,68.347435,65.34766388,61.44872284,13.84070206,278.2043152,130.4621735,48.97569656,413.5344238,4.81752491,148.9405212,81.94161987,89.24421692,86.28856659,82.07049561,14.75928593,18.07743454,27.64037323,25.44282532,6174.325195,86.07911682,93.01425171,6.524974346,10.31977272,8.404634476,90.52627563,86.94537354,2.083867073,47.26152039,24.67187691
65.48564148,68.36816406,65.39229584,61.44814682,13.79681778,278.3357544,129.7944946,48.94884491,413.5075073,4.817261219,149.2418976,81.98886108,89.29938507,86.39506531,82.09104156,14.64861488,18.16809273,27.7443428,25.8075676,6171.491699,85.93978119,92.8254776,6.512773991,10.12020588,8.362490654,90.40422058,86.82846832,2.080716372,47.28230667,24.69454765
65.57595062,68.43364716,65.32488251,61.47913361,13.88452816,277.9981079,130.9599762,49.18815613,413.5105286,4.819174767,148.6484985,81.90000153,89.20592499,86.49746704,82,14.50035286,18.08341408,27.62923622,25.6888237,6177.006836,86.24868011,93.18292236,6.565080643,10.39233494,8.502350807,90.65164948,87.04227448,2.080771208,47.36422348,24.52448845
65.54055023,68.50215912,65.37325287,61.4512291,13.71698093,277.6330872,129.279953,49.02677155,412.6521606,4.822622299,148.674469,81.98727417,89.29708862,86.59999847,82.0381012,14.59331131,17.793396,27.69945908,25.72919846,6178.731934,85.84526825,92.65097809,6.501786709,10.41402626,8.713046074,90.21950531,86.71950531,2.080847263,47.30419159,24.46664429
65.59140015,68.61682892,65.30000305,61.42332458,13.75181293,277.6533508,129.5562286,49.01599503,413.336792,4.817398071,148.7318268,81.9380188,89.28105164,86.56890869,82.07976532,14.5818243,17.40990067,27.52595329,25.45480537,6182.304688,85.91231537,92.70720673,6.595096588,10.42250252,8.83365345,90.33610535,86.742836,2.082900047,47.32431412,24.517519
65.51759338,68.66521454,65.38467407,61.46286011,13.76259995,277.6784363,129.6805115,49.12477875,413.3328552,4.826758862,148.9569855,81.97161102,89.21458435,86.61725616,82.06614685,14.43380451,17.89690208,27.54862213,25.90854836,6177.452148,85.93952942,92.77684021,6.646484852,10.31974602,8.548622131,90.35183716,86.80210876,2.08221674,47.33297729,24.69024277
65.60868835,68.82141876,65.27587891,61.40578079,13.81349468,277.0502319,130.2342529,49.20627213,412.5542297,4.804677963,148.051178,81.90086365,89.10873413,86.70000458,82.01144409,14.28920555,18.34913445,27.75721931,25.87374306,6174.083496,86.05134583,92.99853516,6.559479713,10.16774559,8.419686317,90.44723511,86.85964966,2.082765102,47.30988693,24.68284607
65.60162354,68.97743225,65.20755768,61.43769455,13.77920532,276.9076843,130.0419769,48.72220993,412.0037231,4.80185318,148.0922546,81.81182098,89.10037231,86.25183868,82.00476074,14.44117451,17.50846481,27.40995598,25.1862011,6175.102051,85.97859192,92.80730438,6.640752792,10.38906574,8.548825264,90.37973022,86.7849884,2.081970453,47.31635284,24.69289589
65.61248779,68.86215973,65.25426483,61.46961212,13.79951286,277.7595215,129.9924469,49.01196671,413.6127319,4.808599949,148.8853455,81.93069458,89.22422028,86.5,82.05354309,14.5341568,17.63066483,27.61338425,25.70081329,6177.753418,86.05721283,92.8611908,6.614202499,10.17885876,8.420257568,90.49381256,86.89422607,2.079464912,47.30411911,24.65264511
65.69698334,68.75904083,65.39836121,61.49488068,13.71054554,277.936615,129.130127,49.02508545,413.9031982,4.798967838,149.9442596,81.99162292,89.29738617,86.66492462,82.09487915,14.4526825,17.83425903,27.39188194,25.36256981,6179.736328,85.96867371,92.70000458,6.573223591,10.55150032,8.548874855,90.37207794,86.82967377,2.076845884,47.33885193,24.83148766
65.58418274,68.69721222,65.30245972,61.42746735,13.74532986,277.7431946,129.6408539,49.12452698,413.3765564,4.809544086,149.4840851,81.9863739,89.24868774,86.67978668,82,14.7561512,17.75973129,27.62035942,25.39767647,6181.716797,85.87336731,92.7258606,6.646915436,10.40796185,8.534464836,90.3143158,86.72955322,2.081845522,47.3446579,24.6899128
65.50417328,68.67282104,65.32121277,61.41072083,13.6564064,277.4134521,128.6443329,49.0247612,413.2380981,4.822905064,149.7502747,81.98881531,89.18460083,86.71864319,82.08482361,14.66022491,18.16781235,27.54548264,25.76699257,6178.483398,85.80000305,92.59999847,6.663134098,10.45712566,8.689383507,90.09999847,86.6167984,2.081835508,47.33018875,24.69091988
65.53193665,68.64842987,65.33995819,61.4759407,13.77437496,277.7660828,129.7600861,48.97697449,413.5569458,4.818399906,149.6264038,81.93805695,89.11792755,86.54621124,82.04869843,14.39563942,17.63593102,27.42814064,25.39410019,6179.45752,85.92227173,92.75710297,6.728254795,10.18570042,8.45538044,90.32341766,86.76754761,2.082881212,47.30125046,24.84340477
65.51343536,68.6240387,65.35871124,61.40449905,13.73087502,277.757843,129.4430084,48.95412445,413.664093,4.800239563,149.736618,81.99260712,89.15123749,86.52371216,82.05702209,14.59493256,17.71162605,27.58238792,25.77794838,6181.678711,85.96952057,92.77331543,6.647009373,10.38672256,8.46261692,90.31555176,86.80670166,2.081934214,47.30400467,24.95985413
65.51113892,68.59515381,65.37745667,61.48269272,13.85046768,278.1183472,130.4769745,48.97399902,413.3558044,4.829379559,149.6860504,81.90377808,89.17089844,86.36443329,82.02820587,14.66989517,17.7137413,27.74585342,25.42514992,6184.733887,86.06263733,92.92369843,6.647064209,10.1967392,8.480112076,90.47821045,86.91026306,2.080990553,47.29584122,24.96255302
65.46012878,68.42608643,65.39620972,61.53133392,13.87174034,278.2069702,130.6116943,49.07793808,413.8291931,4.823393822,149.8512726,81.98272705,89.20140839,86.38589478,82.037323,14.35474968,18.16679192,27.57790375,25.5280838,6179.477539,86.11410522,93.01612854,6.594830513,10.25629139,8.480147362,90.53017426,87.01322937,2.083585262,47.31369781,25.25226402
65.40297699,68.45677185,65.42630005,61.57419205,13.78040981,277.9323425,129.894165,49.0288353,413.4745178,4.805113792,149.5124359,81.88655853,89.29818726,86.47785187,82.07814026,14.4665308,17.75656128,27.51164436,25.37824249,6179.268555,86.02809906,92.94503784,6.546192169,10.34658909,8.468520164,90.40373993,86.96294403,2.080286026,47.30415344,25.29142952
65.65628815,68.5206604,65.45926666,61.55496216,13.9513073,278.6598511,131.8109436,48.68536377,413.3095703,4.814056873,149.529068,81.8054657,89.27094269,85.90131378,82.05110168,14.51861858,17.91118622,27.76977539,25.29163742,6176.800293,86.19945526,93.22843933,6.560640335,9.973940849,8.174358368,90.74563599,87.15740967,2.081274986,47.42045593,25.29539108
65.45708466,68.18900299,65.49223328,61.60000229,13.90426445,280.0153503,130.9528503,48.61012268,415.8095703,4.807500839,151.0390625,81.86458588,89.26041412,85.84379578,82.08576202,14.47362137,17.75683403,27.96279144,25.34329605,6179.696289,86.28632355,93.07189178,6.493542194,10.03521156,8.479355812,90.67969513,87.15807343,2.081274986,47.37973785,25.3497715
65.32096863,68.04383087,65.57060242,61.55778885,13.82993984,279.4928284,130.2275848,49.57509232,415.2004089,4.820836067,150.6222992,82.06129456,89.36508179,86.79854584,82.08288574,14.60768318,17.80628967,27.50076866,25.65913391,6180.587891,86.21459198,93.06739044,6.495336056,10.14181805,8.480414391,90.60656738,87.04515839,2.081852674,47.36547089,25.59407997
65.45446777,68.23595428,65.50241852,61.51163483,13.79465389,277.7102661,130.3046722,49.45790863,412.5616455,4.798402309,148.6959686,82.04837799,89.25089264,86.77921295,82.03084564,14.72059155,17.62057877,27.2567482,25.48574257,6185.779785,86.18304443,92.98801422,6.565918922,10.26453686,8.500660896,90.57050323,86.98716736,2.081979752,47.36519623,25.59266281
65.56700134,68.59945679,65.4202652,61.51905823,13.74796867,277.0737,129.6600494,48.88214493,412.3088379,4.808709145,148.8425903,81.96253967,89.2403717,86.43790436,82.09931946,14.64442635,17.79609299,27.460392,25.32218552,6177.944824,85.88249207,92.63392639,6.594943523,10.44484234,8.484736443,90.23065186,86.73440552,2.082099915,47.38508987,25.70498657
65.51274872,68.51148987,65.47851563,61.55609894,13.75812531,278.2382507,129.6348572,48.82852936,414.1706848,4.813054562,150.075882,81.92566681,89.21798706,86.42836761,82.09512329,14.83500862,17.75185585,27.83518028,25.36910248,6180.11084,85.97225952,92.80757141,6.51072073,10.41081142,8.591877937,90.38395691,86.8374939,2.077892303,47.38507843,25.59388161
65.48800659,68.42206573,65.48470306,61.59313583,13.76160622,278.4570618,129.5778503,49.11441422,414.1815491,4.823230743,150.3111877,82.01124573,89.22195435,86.66170502,82.09999847,14.73232651,17.7105751,27.19575882,25.50957298,6180.526855,86.04290771,92.84070587,6.581502914,10.26318073,8.398496628,90.44018555,86.82246399,2.080192089,47.38385773,25.74672508
65.509758,68.49614716,65.44274139,61.58068466,13.77688217,277.9332886,129.8713226,49.20139313,413.489502,4.82334137,149.6604156,82.09696198,89.2729187,86.70243835,82.04685211,14.73789597,17.81232071,27.63772583,25.86927223,6178.307129,86.05249786,92.96250153,6.581421852,10.17090511,8.444584846,90.5,86.8282547,2.078466892,47.39247513,25.78092766
65.51250458,68.61936951,65.40078735,61.50189972,13.74441814,277.0319824,129.6542816,49.17950821,412.4094849,4.819803715,148.8575745,82.0078125,89.22200012,86.78036499,82.13345337,14.26996613,17.57399178,27.44353294,25.53087234,6178.142578,85.97847748,92.75885773,6.647382736,10.14570236,8.479821205,90.31560516,86.8125,2.080753088,47.43836975,25.89422607
65.64608765,68.81335449,65.34497833,61.44924164,13.77431488,277.1973572,129.9117279,48.95763397,412.6134644,4.815149784,148.943512,81.9121933,89.14530945,86.52940369,82.16814423,14.48058319,17.67287445,27.39906502,25.41296959,6180.796387,85.99039459,92.7967453,6.601613998,10.20766258,8.480865479,90.35822296,86.83966064,2.082163811,47.38892746,26.19276237
66.09378052,69.44406891,64.95593262,61.41252518,14.46394444,278.0496826,137.4903107,48.60407639,412.6743469,4.76390934,148.2688446,81.60621643,89.07318878,84.63618469,82.29751587,14.72364712,18.79859734,29.73928261,25.74505234,6183.507324,87.08811951,94.1876297,6.525052071,9.870102882,8.24841404,91.68812561,87.97525787,2.080518007,47.35652542,26.49358368
65.67353058,68.66372681,65.39691925,61.53751755,13.94897938,278.5842896,131.6693573,48.88716125,413.7737427,4.806800842,149.6277008,81.92537689,89.20588684,86.09999847,82.12692261,14.82116127,17.57378197,27.87127876,25.56741333,6186.333984,86.22683716,93.29794312,6.499968529,10.16012192,8.322410583,90.86969757,87.15542603,2.078305483,47.4205246,26.64446068
65.61632538,68.61727142,65.48467255,61.55794144,13.81051445,278.1977844,130.1719513,49.37729645,414.0556335,4.815149784,149.6238098,82.0040741,89.2620163,86.77674103,82.17071533,14.64758587,18.05222321,27.58239174,25.715065,6184.835449,86.18153381,92.94119263,6.566227913,10.20267296,8.428685188,90.56848145,86.97541809,2.075206041,47.37990189,26.62934875
65.6869278,68.74636078,65.34933472,61.483078,13.70098782,276.9849243,129.3924866,49.38615036,412.0424194,4.802782536,148.3869476,82.0369339,89.19731903,86.88922882,82.15276337,14.67584991,17.90673828,27.7448864,25.73013306,6179.709473,85.90081787,92.71057129,6.581135273,10.07331085,8.509922981,90.30040741,86.79647064,2.079649925,47.40053558,26.69169235
65.79962158,69.14884186,65.21144867,61.40990448,13.77264881,276.2973633,130.1759949,48.90159988,411.6374207,4.787901402,148.0697021,81.91056824,89.11160278,86.53725433,82.17628479,14.46742916,17.92830658,27.48430061,25.13154221,6179.708496,86.02210999,92.82943726,6.581027985,10.10022163,8.492495537,90.39698029,86.85762787,2.081073046,47.42056656,26.79364204
65.86812592,69.21201324,65.32424927,61.59601974,13.79236794,277.2668762,130.1425629,48.69468689,413.068634,4.800714493,149.1840363,81.92349243,89.2117691,86.31600952,82.15578461,14.35576344,17.7902298,27.63408852,24.9060955,6182.196289,86.07748413,92.86377716,6.647592068,10.21076298,8.418640137,90.46244049,86.88291168,2.078396559,47.46418381,27.23732376
65.76234436,68.9135437,65.3764267,61.55490494,13.78030968,278.2496338,129.7477417,48.97260666,414.2620544,4.818418026,150.0776672,82.00245667,89.30000305,86.56567383,82.15746307,14.42452049,17.88476372,27.50941086,25.39912605,6184.82959,85.96437073,92.77732086,6.647613525,10.28212452,8.485165596,90.35663605,86.8477478,2.082103968,47.42230988,27.39723206
65.78144836,68.96570587,65.30397797,61.55566406,13.63520622,277.8203735,128.3127441,49.39758682,413.2836609,4.824710369,149.5739441,82.18039703,89.39408875,87.09072113,82.18118286,14.84210682,18.2379818,27.44675064,25.47074699,6187.197754,85.7514267,92.60463715,6.576089859,10.1512289,8.25475502,90.21247101,86.64957428,2.080120325,47.42498779,27.38084412
65.85808563,69.20444489,65.20576477,61.44857788,13.68237686,276.577179,128.9300079,49.1222229,411.7626343,4.82754612,148.6650848,82.02588654,89.20196533,86.82218933,82.14784241,14.70261192,17.98833847,27.30377388,25.31495667,6178.165527,85.802948,92.60061646,6.647714615,10.0380106,8.718873024,90.20062256,86.65878296,2.079528093,47.40792084,27.39073563
65.95072937,69.49516296,65.2276001,61.46950531,13.65804577,276.8585815,128.8049164,48.82049942,412.9024658,4.809289455,149.1851654,81.94747925,89.22009277,86.62845612,82.11450958,14.46057892,17.80359077,27.48049927,25.43919373,6179.328613,85.79901886,92.59868622,6.703589439,10.41881943,8.927568436,90.18989563,86.65602112,2.077147722,47.42264557,27.49415207
65.86248779,69.3732605,65.26534271,61.46763992,13.69167519,277.8080139,128.9484253,48.79782867,414.0606689,4.813121796,149.9982605,81.90617371,89.28070068,86.54785919,82.10582733,14.41894341,17.75809097,27.70653915,25.31792259,6179.71875,85.82221985,92.71520233,6.714871883,10.200737,8.60081768,90.35787964,86.69075012,2.080207586,47.38412476,27.72828674
65.87325287,69.17847443,65.29411316,61.54494476,13.69438267,278.2394714,128.9596863,49.029953,414.5354004,4.818600178,150.3946228,82.06866455,89.28954315,86.75632477,82.2223587,14.49399376,18.08439255,27.5041256,25.62903404,6181.905762,85.89916992,92.70858002,6.719624519,10.21361828,8.418118477,90.30705261,86.7930603,2.077374458,47.43078995,27.75377274
65.97956085,69.24307251,65.22182465,61.59900284,13.66376305,277.8274231,128.8333282,49.26091003,413.5675964,4.809792042,149.5604248,82.18354797,89.21896362,86.8653717,82.29735565,14.39504433,18.54151154,27.35928154,25.94734955,6186.180664,86.02222443,92.75185394,6.719716549,10.18656921,8.355566025,90.34052277,86.82222748,2.076375008,47.46140289,27.99652672
65.94126892,69.24320984,65.21870422,61.50426483,13.56746769,277.4311829,128.1087494,49.11839676,412.6315002,4.793479919,149.2713318,82.10281372,89.29094696,86.9851532,82.23277283,14.77613449,17.79402924,27.41960144,25.33306313,6180.089844,85.71780396,92.32228851,6.613605499,10.52241325,8.944545746,89.92227173,86.56890869,2.076249599,47.5390892,28.18580055
66.09843445,69.56021118,65.16769409,61.5234642,13.58971214,277.7176208,127.9626923,49.09934616,413.8374023,4.805349827,149.6121674,82.19238281,89.27529907,86.96238708,82.24221802,14.69333649,17.61378098,27.58166504,25.41962624,6187.227539,85.70000458,92.20000458,6.622435093,10.46072006,8.836371422,89.80000305,86.55539703,2.078883171,47.49695969,28.13463211
66.06600189,69.56333923,65.13301086,61.5473671,13.6833849,277.7035522,128.8489685,48.92173004,413.4274902,4.809507847,149.81073,82.00482178,89.23616791,86.64112854,82.20691681,14.42114258,18.42983627,27.81165504,25.74353409,6178.930176,85.85290527,92.4184494,6.601280689,11.00921535,9.161337852,90.01844788,86.76138306,2.07714057,47.54271317,28.48702621
66.03356934,69.51206207,65.1685257,61.5712738,13.69703197,277.7929382,129.0064545,48.82627487,413.7171936,4.809585094,149.9634094,82.00372314,89.17569733,86.52385712,82.24887848,14.5307827,17.63821793,27.7980957,25.34565735,6176.885742,85.9678421,92.53962708,6.766939163,10.68368721,9.270908356,90.13513184,86.71785736,2.076375008,47.52042389,28.64507675
66.00114441,69.40328979,65.19586945,61.5951767,13.74396896,278.4570618,129.0759583,49.04893875,414.6695862,4.834514618,150.4568939,82.00278473,89.22764587,86.65788269,82.29084015,14.36781597,18.048563,27.6147995,25.4172039,6177.489746,86.01580811,92.6621933,6.657025814,10.83805084,8.934865952,90.24217987,86.84217834,2.074083567,47.53375244,29.34528542
66.00602722,69.47147369,65.1320343,61.55552673,13.68506718,277.7793884,128.8947449,49.4654808,413.2511902,4.822508335,149.4489594,82.18508911,89.38752747,87,82.30555725,14.97531796,18.14361382,27.84390831,25.77515984,6176.85498,86,92.58887482,6.742860317,10.09218121,8.413272858,90.18819427,86.79273224,2.073155403,47.53239441,29.19883156
66.24364471,69.82431793,65.04022217,61.53588867,13.77887058,276.5490417,130.0561523,49.15535355,411.6888733,4.814738274,148.3066559,82.11223602,89.22226715,86.71206665,82.36215973,14.39412975,17.60599709,27.80738068,24.98237419,6178.785645,86.04623413,92.75793457,6.76930809,10.31826401,8.482100487,90.31790161,86.93379211,2.074357986,47.54387283,29.34194565
66.45357513,70.15632629,65.04859924,61.53668976,13.65045166,276.3169861,128.8009949,48.96726227,412.1736755,4.807456017,148.6096039,82.10424042,89.2179184,86.76912689,82.35856628,14.26426601,18.08240509,27.36268234,25.20055389,6176.941406,85.82030487,92.40029907,6.661261559,11.34432602,9.474473,90.00028992,86.65466309,2.076375008,47.63659286,29.32720184
66.42657471,70.08469391,64.98258972,61.48330307,13.71602345,277.1330261,129.2945251,48.81855392,413.2167358,4.808534145,149.3813477,82.0443573,89.23684692,86.52442932,82.33843231,14.47084045,17.92195702,27.68878555,25.54497528,6178.182129,85.97756958,92.59783173,6.656901836,10.71568775,8.870704651,90.1710434,86.79272461,2.076338768,47.57962036,29.54872513
66.47657776,70.0295639,64.94644928,61.45188904,13.63178062,277.5338135,128.3132019,49.2655983,413.5015564,4.81691885,149.5968933,82.2125473,89.28214264,87,82.40289307,14.89524269,18.67145157,27.7814579,26.29478455,6179.764648,85.87245178,92.43817139,6.725084782,10.59542561,8.927742958,90.03002167,86.68772888,2.074459791,47.57700729,29.62490273
66.51622009,70.28244781,64.91030121,61.42047501,13.65473461,276.5747681,128.8180695,49.25831604,412.0099182,4.795659065,148.3846741,82.16702271,89.28998566,87.01100922,82.43230438,14.25251102,18.03546906,27.39183807,25.1538105,6179.73584,85.9289856,92.49867249,6.730883598,11.19334126,9.173941612,90.08776093,86.73893738,2.072927713,47.58772659,29.64027596
66.68023682,70.6987381,64.88391876,61.48947906,13.63573837,276.0965271,128.602005,48.88779831,411.7238464,4.800000191,148.5082855,82.14833069,89.15428162,86.74853516,82.4617157,14.34074783,17.25603485,27.4114933,24.97030449,6182.764648,85.77365875,92.40750122,6.661047935,10.71145058,9.070408821,89.99475861,86.61610413,2.071621656,47.60409546,29.94675255
66.66207123,70.61422729,64.85626984,61.49951553,13.68462849,276.9205627,128.9956818,48.93560791,413.1539612,4.825989246,149.3420563,82.12104797,89.11798859,86.83931732,82.49112701,14.5440836,18.16095734,27.76882744,25.32318497,6183.084961,85.80838013,92.43421173,6.647828579,10.85941315,9.090298653,90.00688934,86.60837555,2.074198484,47.60450363,30.00506783
66.74978638,70.66316223,64.82862091,61.46725845,13.58551979,277.1068115,127.8149414,49.1258316,413.1192017,4.824656487,149.45784,82.27625275,89.29792023,87.04929352,82.53675079,14.98108864,18.50081062,27.83831215,26.03580856,6178.69873,85.63507843,92.37265015,6.648257256,10.28093719,8.726563454,89.96316528,86.44557953,2.073848248,47.63931274,30.27762032
66.87270355,70.89085388,64.80097198,61.43500137,13.54077053,276.5152893,127.489624,49.22364044,412.1009827,4.820465565,148.7866516,82.20104218,89.22637177,87.15605164,82.58937836,15.02809143,18.97170067,27.40078735,25.6117115,6179.739746,85.68689728,92.22232056,6.607893467,11.17598534,9.353832245,89.8306427,86.48526001,2.073124886,47.66319656,30.54888725
66.92459106,71.42333984,64.80000305,61.40274048,13.48751259,276.1946411,127.1112823,48.99489212,411.8260803,4.799499989,148.5691376,82.17401886,89.12212372,87.11026001,82.51129913,14.76180649,18.40048218,27.68964958,25.67396927,6177.48291,85.69867706,92.10093689,6.635409832,11.27555847,9.324170113,89.70061493,86.49656677,2.073124886,47.78719711,30.52104187
67.09999847,71.71889496,64.67798615,61.41415024,13.51977062,276.6390076,127.3714218,48.90046692,412.8374329,4.813418865,149.281189,82.21316528,89.11444092,86.9232254,82.58555603,14.59949589,18.0877037,27.75854492,25.32346153,6177.091797,85.61043549,92.26519012,6.644272804,11.9247961,9.43405056,89.84460449,86.41054535,2.073925018,47.72308731,30.7408905
67.14770508,71.7657547,64.64981079,61.42961502,13.55976391,277.1502075,127.8033447,49.00736237,413.3609009,4.815516472,149.4369659,82.25727844,89.17739868,87.05857086,82.58686066,14.23832893,17.72130585,27.14930153,25.10720253,6179.578613,85.67588806,92.33398438,6.58763504,10.26846695,8.730967522,89.92929077,86.48065186,2.072500944,47.69895554,30.70278358
67.20000458,71.79263306,64.62164307,61.4450798,13.4797163,277.0554504,126.7607498,49.20233917,412.9662476,4.816282749,149.3334808,82.29000092,89.12192535,87.28365326,82.60128784,14.58092022,18.24830055,27.62099075,25.73855209,6178.518066,85.60220337,92.15398407,6.575352192,11.741642,9.829545021,89.71218109,86.37419128,2.071749687,47.72409058,30.80709839
67.32688904,72.07949829,64.61166382,61.46054459,13.56143093,276.6322937,127.7588959,48.89620972,412.5906067,4.802834511,149.0703735,82.22342682,89.17809296,86.92905426,82.62783813,14.87888336,18.50760841,27.71072388,25.71964645,6175.786621,85.73685455,92.35472107,6.608043194,10.79319859,9.119474411,89.84207916,86.44039154,2.071203232,47.72874832,30.84579659
67.35577393,72.0189743,64.67049408,61.47600555,13.56961441,277.3424072,127.7603912,48.92441177,413.8073425,4.813576698,149.8473969,82.26369476,89.18895721,86.93151855,82.65438843,14.46916676,18.08644295,27.4780407,25.31936455,6177.209961,85.7301712,92.4258194,6.566950798,10.43704605,9.119585991,89.99637604,86.58938599,2.07266736,47.72978592,31.44587898
67.39109039,71.91532135,64.60699463,61.49147034,13.51467228,278.0374756,127.2045975,48.83956909,414.4997253,4.799461365,150.0787659,82.20442963,89.13189697,86.98704529,82.68093872,14.83534241,18.51486588,27.90138435,25.56336021,6176.610352,85.67731476,92.27268219,6.648533821,10.60884953,9.013878822,89.85808563,86.48178864,2.072840452,47.7565918,31.66043472
67.43707275,71.95727539,64.78438568,61.47016144,13.50890636,277.9407654,127.1548767,49.24754715,414.4907532,4.82490015,150.1776428,82.33635712,89.25460052,87.29891968,82.67085266,14.88756657,18.57178879,27.60058975,25.33543205,6176.925781,85.72315216,92.28097534,6.615608215,10.98518848,9.262238503,89.85660553,86.50657654,2.070653439,47.87262344,31.78429222
67.46864319,71.99923706,64.5823288,61.40577698,13.54869461,277.4349365,127.5588684,49.18854904,413.3149109,4.803454399,149.3643951,82.26378632,89.15454865,87.1570282,82.60757446,14.82698345,18.6911602,27.76149559,25.87421036,6177.635742,85.82811737,92.35312653,6.648575783,10.58585262,9.046770096,89.91321564,86.66976166,2.071106434,47.81069565,31.77589226
67.50909424,72.30966949,64.51566315,61.42513275,13.62980938,276.744751,128.5161743,49.07619858,412.4884949,4.816586018,148.8182983,82.23040771,89.1476059,87.03761292,82.61266327,15.30773544,18.73107147,27.7847023,25.91690063,6179.750977,85.98181915,92.52891541,6.644642353,10.21482658,8.905946732,90.09393311,86.65389252,2.070277214,47.79039764,32.18909073
67.69809723,72.45214844,64.50476074,61.44448471,13.58881378,277.0158997,128.1293945,48.93807983,413.1495667,4.809514046,149.185257,82.20253754,89.19051361,87.01259613,82.73053741,14.85710144,18.42467499,27.58166885,25.31196594,6179.339844,85.89904785,92.48910522,6.563961029,10.30604172,8.954504967,89.98847961,86.58724976,2.069699526,47.82169724,32.06726456
67.73581696,72.46425629,64.52690125,61.46384048,13.47887802,277.2825928,126.9328003,49.0098877,413.4200745,4.801481724,149.459549,82.24338531,89.16837311,87.14628601,82.76583099,14.75714493,18.32205963,27.62329483,25.4069767,6179.200684,85.70020294,92.34922028,6.575062275,10.62410545,9.29993248,89.94936371,86.54218292,2.070887327,47.80417633,32.11243439
67.72093964,72.41067505,64.54904175,61.48319626,13.53437519,277.4988098,127.4760971,48.98473358,413.2362366,4.814640522,149.7462463,82.30484772,89.19067383,87.1155014,82.70652008,15.37165451,18.80909538,28.06757927,25.54205513,6176.791016,85.81024933,92.34307861,6.578828335,10.62359238,9.013670921,89.90000153,86.5448761,2.07222724,47.86857224,32.53336716
67.87068176,72.5037384,64.57118225,61.41280365,13.52770901,277.4291077,127.5129395,49.10634232,413.6095276,4.808106422,149.5054626,82.35402679,89.11230469,87.16202545,82.82178497,14.34469604,18.50857162,27.77377129,25.66866112,6179.199707,85.8792038,92.38253021,6.650626659,11.03001595,9.213704109,89.99272156,86.5544281,2.070681334,47.88437271,32.74596786
67.94051361,72.64547729,64.59332275,61.41363144,13.50105095,277.1684265,126.8773727,49.27321625,413.161438,4.818158627,149.4216614,82.39694214,89.12716675,87.42057037,82.88428497,14.34729385,18.4262867,27.37432861,25.6126709,6185.117676,85.74752808,92.25523376,6.578687191,10.29858971,8.973509789,89.85018921,86.4675293,2.069196224,47.8843689,32.52274704
68.06523132,73.02462006,64.44264221,61.41444778,13.44796944,276.4980469,126.6777039,49.21764755,412.6660156,4.802100182,148.8829956,82.35168457,89.12158966,87.40235901,82.81835175,14.90006638,17.99081993,27.28840828,25.3497982,6184.151367,85.79428864,92.27442932,6.645158768,10.71265888,9.217622757,89.86063385,86.49047089,2.066013813,48.03187943,32.8033905
68.2020874,73.3818512,64.32475281,61.41936874,13.50466728,276.3893433,127.2049103,49.00645828,412.1498413,4.810870171,148.7713013,82.30874634,89.12971497,87.17314148,82.90396881,14.317029,18.29308128,27.25355339,25.2078228,6181.348633,85.72727203,92.24208832,6.574921131,10.55019474,9.077111244,89.84122467,86.4327774,2.070239782,47.91749954,32.73958206
68.29930878,73.54107666,64.32870483,61.4417572,13.4819603,276.603241,127.0880432,48.85974503,412.9090271,4.80186367,149.2739868,82.34171295,89.1361084,87.11354828,82.92397308,15.12094307,19.44050598,27.84541702,25.96539307,6182.898438,85.76916504,92.26145172,6.627753735,10.82302475,9.009868622,89.83644867,86.49598694,2.071500063,47.92857742,32.94813156
68.25800323,73.3657074,64.36791992,61.46414566,13.52652836,277.3248291,127.4043198,48.88055038,413.7557983,4.800987244,149.8238525,82.37467957,89.19326019,87.07826233,82.94396973,14.92594051,18.5510788,27.39735031,25.24147987,6185.212402,85.88893127,92.44548798,6.578399181,10.66197872,8.987258911,90,86.63970184,2.067168474,47.93341827,33.2609787
68.21038818,73.10569763,64.39312744,61.48653412,13.56998062,277.4536133,127.7196198,49.19459152,413.7028198,4.824872971,149.7912903,82.34587097,89.23423767,87.24468231,82.963974,14.96704388,18.77833176,27.80170441,26.0019474,6180.663086,85.92823792,92.43244171,6.493623257,10.45465469,8.972730637,90.01796722,86.61940002,2.069875002,47.9561615,32.98309708
68.33503723,73.22609711,64.32336426,61.49941635,13.42288589,276.5500488,126.3386002,49.37011719,412.4852295,4.813446999,148.9604187,82.5,89.13910675,87.63513184,82.98397064,14.59289455,18.0395813,27.3475666,25.44752312,6180.38916,85.71227264,92.19189453,6.650136948,11.50908756,9.524035454,89.78176117,86.45834351,2.065170765,47.98357391,33.72100449
68.55415344,73.86574554,64.22325134,61.32144547,13.36304855,275.5185547,125.8705597,49.16459274,411.8371277,4.800208569,148.286377,82.49137115,89.16618347,87.60016632,83.02019501,14.53047085,17.73524094,27.26027489,25.13882065,6180.31543,85.61355591,92.00032043,6.626141548,10.61508656,9.083647728,89.6003952,86.32460022,2.065424442,47.98944092,33.7770462
68.75603485,74.35134888,64.26808167,61.36788177,13.43225765,276.2752686,126.5863876,48.63283157,412.4188843,4.802152634,149.1693573,82.31600952,89.17350006,87.10061646,83.05044556,14.36928654,18.42700195,27.50049782,25.16032219,6179.194336,85.82883453,92.19550323,6.645536423,11.07054329,9.048465729,89.79962921,86.53877258,2.067425013,48.09620667,33.66316986
68.59262848,74.00106049,64.26834106,61.40196609,13.50857067,277.4862976,127.2634964,48.97489548,413.9634094,4.82712698,150.2758942,82.33834839,89.17003632,87.14601898,83.01105499,14.403759,18.59653854,27.40645027,25.25884628,6175.86377,85.83834839,92.31720734,6.615108967,10.53347969,8.955900192,89.91239166,86.59163666,2.068578005,47.99490356,33.72841644
68.66934967,73.82269287,64.22958374,61.41901398,13.57534504,277.5409241,128.0718689,49.20386505,414.0761108,4.816029549,149.6977997,82.43405151,89.19895172,87.33641815,83.05271912,14.43469429,17.87523651,27.62278175,25.41210747,6175.493652,85.94432068,92.56358337,6.642218113,10.36403179,8.891870499,90.16439056,86.75674438,2.070214987,48.01493454,33.7783432
68.76052856,74.03945923,64.21153259,61.43605804,13.4696188,276.3483887,126.864357,49.2997818,412.2820129,4.807784557,148.7116547,82.45423126,89.15207672,87.51225281,83.09438324,14.38716793,18.68764305,27.33426666,25.89459991,6175.352051,85.89975739,92.49094391,6.650234699,10.30300903,8.942539215,90.02191925,86.66603088,2.06380105,48.06747055,33.57824326
68.93988037,74.4675827,64.11680603,61.45310211,13.49831867,276.3049622,127.2229004,48.92077637,412.1624756,4.813551426,148.6480255,82.39345551,89.07757568,87.20349121,83.0724411,14.42760658,18.1762352,27.40544891,25.1270504,6176.902832,85.81923676,92.37258911,6.614998817,10.8962307,9.163964272,89.95103455,86.5643692,2.06795454,48.07322311,33.43468094
68.98110962,74.46413422,64.22844696,61.47014999,13.4779501,276.6529846,127.0127563,48.93048859,413.0042114,4.819956303,149.3627777,82.34387207,89.04618835,87.26926422,83.03562927,15.06663036,18.21029663,27.85961914,25.94333267,6178.489258,85.87398529,92.39569855,6.614848137,10.87717533,9.116990089,89.99167633,86.61279297,2.067581177,48.0761528,33.05265808
68.90516663,74.39339447,64.26332855,61.48719406,13.59300613,277.2947693,128.1266785,48.7079277,413.6342468,4.811825275,149.7061615,82.30000305,89.1545639,86.85127258,83.0029068,14.76911926,17.76132202,27.35233879,25.35619164,6176.898438,86.03512573,92.76219177,6.52755785,10.27746201,8.744868279,90.25919342,86.8866272,2.069006443,48.13215256,33.44846725
68.8080368,73.77104187,64.29821777,61.56069565,13.66012478,277.9386292,128.6379395,48.9814949,414.3624573,4.806103706,150.190567,82.46959686,89.11541748,86.95201111,83.09381866,14.46743965,18.38972473,27.80972672,25.73178864,6176.443359,86.29488373,92.92134857,6.507482529,10.18958473,8.415275574,90.46155548,87.0447464,2.066785097,48.13438034,33.15339279
68.71791077,73.17253876,64.30686188,61.61946106,13.63249493,278.042572,128.2499695,49.07684326,414.1103821,4.821104527,150.1112823,82.40019226,89.20960236,87.02466583,83.01396179,14.70578957,17.74831009,27.69712257,25.57621002,6175.154785,86.24394989,92.90200806,6.574505329,10.19431496,8.53235054,90.44154358,87.02150726,2.067015171,48.21220016,32.96896362
68.7829895,72.94543457,64.33415222,61.64151764,13.69469738,277.3526611,129.0231628,49.20671844,413.2058716,4.820791245,149.3723907,82.52640533,89.27411652,87.09616852,83.06274414,14.43343163,17.80352592,27.34343147,25.4456234,6176.350098,86.39962769,92.9618454,6.493127823,10.15645027,8.346656799,90.59463501,87.08019257,2.066827774,48.16630554,33.34137344
68.66719055,73.02585602,64.37587738,61.66357803,13.57692909,277.4128418,128.0795441,49.07310104,413.3294678,4.804610729,149.4305573,82.4289856,89.18916321,87.13582611,83.01796722,14.65458488,17.83374214,27.61409378,25.44005966,6175.472656,86.23601532,92.8344574,6.413822174,10.27593899,8.691113472,90.31373596,86.90085602,2.064599037,48.16875839,33.30893707
68.62522888,73.04927826,64.42736816,61.68563461,13.63757706,277.224823,128.7715912,48.91927338,413.1515198,4.81487608,149.5764771,82.5,89.24402618,86.88780212,83.09872437,14.45750046,17.72481537,27.81853676,25.29503441,6175.220215,86.37065887,92.86339569,6.494132042,10.11978149,8.659576416,90.41373444,87.00843811,2.065114975,48.17082977,33.35301971
68.65473938,72.77307892,64.48046112,61.71744156,13.69390106,277.758728,128.7612457,48.94057465,414.0127258,4.814285755,150.0169373,82.52451324,89.25138092,86.91750336,83.01325989,14.41437244,17.96695518,27.79309464,25.88214874,6174.095703,86.37594604,92.98075867,6.610331059,10.04106808,8.493142128,90.44829559,87.04692078,2.067938089,48.19795609,33.15320587
68.62786102,72.60189056,64.51810455,61.7674408,13.7309103,277.8513794,129.2993469,49.03197861,413.7588196,4.819153309,149.8750305,82.57536316,89.21549988,86.9569397,83.01012421,13.98717117,17.99921036,27.51753998,25.58055687,6177.503906,86.46553802,93.05690002,6.496109486,10.07796097,8.4276371,90.66746521,87.15139771,2.061491013,48.24756622,33.04805374
68.68191528,72.56960297,64.57871246,61.73249435,13.59492207,277.6914063,128.0606689,49.25851822,413.5289917,4.819067955,149.5610962,82.65727997,89.20261383,87.22304535,83.14906311,14.54202175,18.05657387,27.41479301,25.69317245,6175.464844,86.31575775,92.82327271,6.569706917,10.30770683,8.731962204,90.34667969,87.02304077,2.064301968,48.25418472,33.45352936
68.85837555,73.0866394,64.50267029,61.72354507,13.692976,276.909729,129.0795593,49.11498642,412.4002991,4.803918362,148.6619263,82.54795837,89.23210907,87.09793091,83.17111969,14.28195286,18.29411888,27.71697235,25.21101379,6176.886719,86.49482727,93.03664398,6.614285946,10.41706371,8.7405653,90.59082031,87.25476074,2.064398289,48.39793015,33.23526764
68.78256226,73.17794037,64.4934845,61.7264328,13.64838696,276.9305115,128.4959564,48.99651337,412.7133484,4.813764572,149.253067,82.57944489,89.26379395,87.0723877,83.18186951,14.47511196,18.50697708,27.81205368,25.82658577,6173.968262,86.30667114,92.90016174,6.585709095,10.39204216,8.628552437,90.46334839,87.10566711,2.065048456,48.31150818,33.53533554
68.74859619,73.12483978,64.49420929,61.76172638,13.6748867,277.0350952,128.7205048,48.91373444,412.7979431,4.812962532,149.2849426,82.59632111,89.29976654,86.98863983,83.12317657,14.59594345,18.43450737,27.85960197,25.72905159,6182.98291,86.44573975,92.90668488,6.572708607,10.34619808,8.575403214,90.52371216,87.11785889,2.063746929,48.31722641,33.74577332
68.70180511,72.9529953,64.47238922,61.79701996,13.71863842,277.462677,129.2034454,48.8981514,413.6110535,4.821071625,149.7819977,82.50725555,89.20240021,86.85179901,83.15888977,14.15756226,17.69408798,27.81306648,25.4634285,6175.279785,86.41628265,93.01948547,6.614572048,10.11207199,8.454410553,90.60144043,87.30000305,2.065191984,48.33779144,33.77962875
68.60504913,72.66915894,64.45056915,61.7765274,13.70089054,277.8588257,128.9920349,49.01287079,413.7471008,4.827243328,149.9951019,82.5954895,89.20863342,86.91866302,83.1946106,14.60977268,18.60129929,28.04291725,25.85604858,6167.388672,86.46741486,93.08133698,6.641109943,10.15328407,8.566718102,90.60044098,87.21089935,2.065794468,48.35923004,33.85189056
68.69963074,72.70668793,64.42874908,61.72610474,13.60302448,277.608551,127.9939957,49.37608337,413.2134094,4.814387321,149.3728485,82.70000458,89.22010803,87.36985779,83.15057373,14.35204411,18.87359428,27.6337471,25.88609314,6165.876465,86.37401581,92.97981262,6.609245777,10.28109837,8.81051445,90.5174408,87.18475342,2.063687086,48.3797493,33.05755234
68.82237244,73.30000305,64.40693665,61.74549866,13.61525345,276.2135925,128.3858032,49.09521103,411.3934937,4.805696011,148.3264771,82.56611633,89.1754837,87.11356354,83.19018555,14.9746027,18.86163521,27.95632172,25.68997002,6166.501465,86.37447357,92.88712311,6.658106804,10.35935783,8.740608215,90.43841553,87.06320953,2.0613451,48.35036469,33.27420044
68.95658112,73.85316467,64.44248199,61.76690674,13.63631153,276.3735046,128.7375336,48.79402161,412.5453796,4.809479713,148.8641968,82.51107025,89.12462616,86.90678406,83.12425232,14.51506138,18.52131844,27.48448563,25.40043831,6167.705566,86.42179871,93.03191376,6.730950832,10.58927155,8.968887329,90.53649902,87.17153168,2.064373732,48.47912598,33.25111389
68.89924622,73.59323883,64.49659729,61.67718124,13.64145279,277.3902588,128.2443848,48.9932251,413.616333,4.818818092,149.9705658,82.59591675,89.26569366,87.04371643,83.20000458,14.55639839,18.37156868,27.64267921,25.61791039,6168.840332,86.32411957,92.92259979,6.647005558,10.23440647,8.895960808,90.46686554,87.06349182,2.065389872,48.34547043,33.36758423
68.8210907,73.50734711,64.417099,61.64289474,13.7432127,277.2322998,129.3596344,49.21068954,413.0401917,4.823740482,149.276825,82.54833221,89.18881226,87.04194641,83.11758423,14.62179565,18.06448746,27.63809395,25.183321,6165.794434,86.45042419,93.14665222,6.647661209,10.25372982,8.589770317,90.64709473,87.2504425,2.065132141,48.37048721,33.11170578
68.99253082,73.74917603,64.37963867,61.60860825,13.54441261,276.5159912,127.7067413,49.19497299,412.1018372,4.795908928,148.6127167,82.5838623,89.1627121,87.30899048,83.23164368,14.57851791,18.53762245,27.659132,25.38372421,6166.603516,86.29242706,92.87754059,6.639781952,10.49777031,8.974619865,90.39242554,87.07398224,2.06204319,48.36069489,32.93830109
69.08600616,74.27022552,64.31512451,61.62143707,13.62095451,276.196167,128.3379364,48.92073059,412.091156,4.823698997,148.8414612,82.53224182,89.19673157,87.02349854,83.26890564,15.07820702,18.78260803,27.62307167,25.69784164,6165.811035,86.25823212,92.85032654,6.613933563,10.53208447,8.821616173,90.4187851,87.01318359,2.065556049,48.37723923,32.84047318
69.18824005,74.36283875,64.32040405,61.65284729,13.62662125,276.7963562,128.3791809,48.99699402,413.0088196,4.800607681,149.0541229,82.53137207,89.10311127,87.10509491,83.20973969,14.42476368,18.10721779,27.27005386,24.92939377,6176.792969,86.3770752,92.96598816,6.652499676,10.51893139,8.9040308,90.49332428,87.09710693,2.064676285,48.36070633,32.6221962
69.25138855,74.39892578,64.43991089,61.68426132,13.58698177,276.7004089,128.0304871,49.11408615,412.7465515,4.804841042,149.0114594,82.68617249,89.17654419,87.29185486,83.29450989,13.98443604,18.77509689,27.36480904,25.47959709,6183.041992,86.35638428,92.80491638,6.568608284,10.46840668,8.893467903,90.45906067,87.0075531,2.064985275,48.42034912,32.75889587
69.23876953,74.3911972,64.47968292,61.65171814,13.71734333,276.4790344,129.4410248,49.0262413,412.1304016,4.821650028,148.7272797,82.62471008,89.1059494,86.98210907,83.22784424,14.38645172,17.81488609,27.48750687,25.3472538,6178.40918,86.58776855,93.19377899,6.576311588,10.42744637,8.739829063,90.68084717,87.2668457,2.062768459,48.54177475,32.69557571
69.1831665,74.02375793,64.43035889,61.6940155,13.59531212,276.8464966,128.2694702,48.9005661,412.7884521,4.799538136,149.2146759,82.51708984,89.16970062,87.0085907,83.26863098,14.42766285,18.43494034,27.42139435,25.5510025,6167.450684,86.37055969,92.93878937,6.647457123,10.59501743,8.888586998,90.48238373,87.09999847,2.064975023,48.43861008,32.66039658
69.0141449,73.81609344,64.46350098,61.67281342,13.69399929,277.3236389,128.9245758,48.85291672,413.3688049,4.82107687,149.8297729,82.50122833,89.19387817,86.81283569,83.26230621,14.29877377,17.89634323,27.88999557,25.34749031,6169.195313,86.45076752,93.03259277,6.611504555,10.11995602,8.495041847,90.66118622,87.12116241,2.062602282,48.42195129,32.82926941
68.94117737,73.52088165,64.4966507,61.65161133,13.58768559,277.8691711,127.7982864,49.08063889,414.2489929,4.804965019,149.9119263,82.5786438,89.13188934,87.12538147,83.25758362,14.83117771,18.6762619,27.71251488,25.76211166,6167.416016,86.38924408,92.90061951,6.59044075,10.19378281,8.739989281,90.44412231,87.15510559,2.063429356,48.40128326,33.01860809
68.93145752,73.64053345,64.46479034,61.63040924,13.59354782,277.616394,127.7966309,49.13832474,413.4749146,4.814092636,149.4968567,82.54396057,89.1561203,87.27789307,83.21576691,14.31692696,18.39140129,27.37238884,25.5542469,6168.995117,86.31510162,92.91747284,6.647651672,10.40223503,8.739912987,90.4980011,87.11753845,2.062562704,48.41614532,32.8329277
68.93121338,73.84473419,64.41410828,61.60921097,13.59778976,277.2746277,128.0097046,49.0765419,413.3505554,4.807078838,149.3706207,82.50928497,89.14341736,87.10166168,83.21936798,14.72694874,18.76794624,27.80422974,26.03248787,6165.953125,86.3757019,92.97932434,6.593796253,10.43265247,8.812478065,90.53765106,87.17310333,2.065614939,48.42062759,32.42248535
68.9067688,74.05283356,64.46720886,61.64140701,13.57299995,277.1838074,127.7557602,49.20729065,412.8519592,4.82490015,149.265976,82.65693665,89.1472702,87.26569366,83.27761841,14.24086475,18.45625305,27.22749519,25.56324768,6168.099121,86.2312088,92.84365845,6.608942509,10.47156239,8.894001961,90.40877533,87.0087738,2.064253092,48.3993721,32.75302887
69.15636444,74.46497345,64.36842346,61.64639282,13.57005215,276.5502319,127.9758987,49.19122696,412.1099854,4.827864647,148.7116852,82.62389374,89.13237762,87.38790131,83.24645996,14.94050312,18.49731255,27.66067696,25.33678246,6172.145508,86.2754364,92.80019379,6.645503044,10.31839085,8.937644958,90.37733459,87.00953674,2.058110476,48.495224,33.55068588
69.19814301,74.67297363,64.28717804,61.50620651,13.54321671,276.1937866,127.831398,48.82283401,411.9404297,4.804429531,148.6850739,82.50292206,89.00189972,87.09322357,83.19794464,14.60867977,17.92029953,27.37101936,24.84679794,6167.396973,86.1782074,92.73314667,6.647894382,10.33689308,8.90232563,90.31272888,86.92336273,2.06415391,48.37473679,32.53853607
69.15253448,74.61453247,64.26307678,61.55308151,13.66446495,277.0052795,128.728363,48.85640335,413.3764648,4.821650028,149.6507568,82.55407715,89.05496216,86.84576416,83.09999847,14.84825802,18.40834236,27.60126495,25.39075851,6167.257324,86.36556244,93.05981445,6.575730324,10.27925587,8.889719963,90.57836914,87.07221222,2.065688133,48.35939789,32.475811
68.96300507,74.07319641,64.23898315,61.59996033,13.65821171,277.7117615,128.5726166,49.05702209,413.6738892,4.821650028,149.8669128,82.5,89.06390381,87.06039429,83.13232422,14.7933836,18.38952446,27.48778152,25.29755211,6167.161133,86.34751129,93.09143066,6.631623268,10.19009876,8.499082565,90.59814453,87.065979,2.064690113,48.3175354,32.11283112
68.95851898,73.87475586,64.2148819,61.52445984,13.54453182,277.1440125,127.4787903,49.30725861,412.8263855,4.809457779,149.1584625,82.57704926,89.02519226,87.39252472,83.16928864,14.75710106,18.38739395,27.35631371,25.22945595,6169.147461,86.15011597,92.80257416,6.566822052,10.55191517,8.98458004,90.33069611,86.92337799,2.067555428,48.28614426,31.85015678
69.04759216,74.2710495,64.21897125,61.43287277,13.57641983,276.4977722,128.0081635,49.01989746,412.1846313,4.81022644,148.8048859,82.49193573,89.01902008,87.10089874,83.11158752,14.72838116,18.2779541,27.47691536,25.29683685,6169.652344,86.16436005,92.81135559,6.624061584,10.4219141,8.962483406,90.31830597,86.93443298,2.064176083,48.25793076,33.24226761
69.04920959,74.39946747,64.26855469,61.49732208,13.55949593,277.0057983,127.7269592,49.01495361,413.0889282,4.803842545,149.2023315,82.4572525,89.00559998,87.11140442,83.11558533,14.58774281,18.30969238,27.52905464,25.33460808,6168.955566,86.05117035,92.7883606,6.645974159,10.54231834,8.971276283,90.31038666,86.88154602,2.065807104,48.22327042,33.03715134
69.03121948,74.31854248,64.26166534,61.45238495,13.58806515,277.5553894,127.8928146,48.7627449,413.6547852,4.821650028,150.0574646,82.42256927,89.08120728,86.91588593,83.10017395,14.57842255,18.64959335,27.42132759,25.56282616,6168.895508,86.11779785,92.71316528,6.644156456,10.23667145,8.747579575,90.35610962,86.82064819,2.065928936,48.29929352,32.4229126
68.95901489,74.01364136,64.17432404,61.42051697,13.66627979,278.1707153,128.4291687,49.01302338,414.4897156,4.823075771,150.4343872,82.50328827,89.04974365,86.9765625,83.0140152,14.7066679,17.73542213,27.43381691,24.93771362,6167.718262,86.28853607,92.98700714,6.562313557,10.23373127,8.739168167,90.46543121,86.9752121,2.068649769,48.16607285,32.94494247
68.86965942,73.88874817,64.1314621,61.41500092,13.4272337,277.5870972,126.3306808,49.38329697,413.993103,4.806132793,149.8849335,82.55739594,89.00736237,87.68096924,83.05142212,14.24276543,17.71030617,26.8751297,25.43045998,6166.59082,85.99502563,92.52787018,6.518360615,10.47013283,9.139692307,90.14968109,86.77019501,2.069991589,48.15413284,33.90488434
69.29747009,74.74777222,64.01026154,61.31136703,14.09278774,276.5956116,133.4995422,48.84594345,411.4652405,4.796262264,147.6872559,82.22612,88.9365921,86.15222931,83.09873199,14.05715466,17.83567429,27.52074432,24.67084885,6166.173828,86.99497223,93.94776917,6.651472092,10.02667427,8.410804749,91.39497375,87.73179626,2.069671869,48.09764862,33.8908844
69.03043365,74.54496002,64,61.28359604,13.45281696,276.6908264,126.6651535,48.97045517,413.327179,4.804592609,149.2386322,82.4723053,88.93863678,87.25959015,83.0740509,14.51992416,18.89435768,27.31153679,25.92185974,6164.374023,85.87548828,92.5422821,6.569223404,10.38898373,8.900775909,90.0800705,86.60163879,2.066989899,48.07393646,34.0383873
68.98862457,74.50009155,64.09773254,61.24250031,13.38315392,277.6345825,125.5603333,48.98786163,414.1708679,4.828101158,150.3472137,82.54273987,88.94534302,87.39878845,83.01404572,14.0539093,18.16638184,26.88589478,24.8767643,6168.735352,85.70069885,92.32606506,6.639361858,11.43487549,9.458210945,89.92087555,86.4822464,2.069875002,48.08135605,34.19873428
69.08769989,74.78862762,64.05536652,61.20140457,13.4618206,277.3401489,126.8057098,49.14251709,413.8745422,4.810238838,149.6588135,82.46589661,88.95419312,87.37159729,83.00234222,14.42512512,18.26551247,26.97073555,24.93778419,6163.705078,85.89663696,92.58795929,6.561367989,10.2343626,8.820596695,90.16640472,86.69922638,2.070828915,48.01293564,34.65828705
69.2266922,75.09975433,63.95754242,61.24393845,13.45795631,276.8001404,126.6013718,49.10632324,412.8051758,4.812428474,149.2259216,82.56173706,88.90014648,87.44769287,83.09038544,14.5873127,18.19091988,27.36128235,25.24032021,6166.935059,85.82846069,92.55239868,6.491877556,10.27439594,8.902484894,90.07067108,86.65198517,2.066613674,48.15523529,33.57514191
69.28609467,75.28914642,63.86254501,61.15684509,13.35690498,276.3635559,125.7133942,49.21136856,412.9655151,4.800701141,149.0109253,82.56199646,88.99923706,87.56312561,83.07434082,14.97653008,18.47969818,27.28932953,25.85650063,6172.452148,85.75540161,92.34072876,6.650630951,10.51996708,8.820175171,89.93982697,86.43474579,2.072589874,48.01960373,34.40864944
69.34803009,75.61571503,63.79853439,61.09680939,13.48351097,276.3963013,127.0885696,49.03211975,412.2571411,4.824026585,148.9754639,82.40260315,88.87893677,87.25418091,83.0582962,14.32395077,17.84383774,27.28847504,24.89238167,6167.387207,85.74787903,92.52467346,6.45058012,10.27970982,8.704039574,90.09350586,86.58427429,2.070828438,47.97305298,33.91500092
69.41278076,75.59310913,63.76882935,61.06928635,13.44268513,276.4663086,126.5385818,48.99368286,412.6351318,4.815006733,149.1827393,82.44496918,88.82389832,87.39985657,83.04225922,14.4681778,18.68349457,27.40162849,25.13885307,6166.796387,85.68961334,92.42514038,6.529048443,10.21107483,8.888072968,89.99311066,86.48295593,2.072114468,47.99121094,33.71261597
69.44937134,75.53370667,63.73912811,61.04176331,13.40758991,277.0180664,126.0777512,49.00428391,413.5505981,4.803443432,149.4488373,82.41838074,88.88935852,87.31685638,83.0262146,14.36068726,17.7653923,27.09417534,24.89270592,6172.061035,85.79358673,92.47201538,6.569502831,11.29638672,9.367789268,90.0195694,86.47662354,2.07191205,47.95436478,33.57422256
69.48595428,75.57985687,63.70942688,61.01423645,13.37512207,276.6880493,125.9070816,49.10387039,413.2247009,4.805037498,149.3637543,82.44408417,88.83110809,87.45015717,83.01016998,14.37104321,17.52692413,27.16151047,25.15677071,6175.791992,85.69857025,92.35657501,6.4908638,9.957966805,8.648489952,89.95510864,86.45148468,2.070135355,47.93258286,32.72834396
69.4213562,75.49562073,63.75319672,61.02914429,13.49686432,276.799469,126.9479752,49.03366852,412.6363831,4.82490015,149.3644714,82.46778107,88.92751312,87.24964142,83.09455872,14.02852345,17.88722038,27.4053688,25.15702248,6170.902344,85.76690674,92.53205872,6.551377773,10.15733719,8.817965508,90.08765411,86.49246979,2.074749947,47.95159912,33.4071579
69.42020416,75.46505737,63.75938797,61.17035675,13.41734409,276.6204834,126.2992706,49.11635208,413.2608948,4.810257912,149.3456421,82.46286774,88.98873901,87.40000153,83.08439636,14.93906689,18.92269516,27.20120621,26.02263641,6167.384277,85.65918732,92.43855286,6.412545681,10.31539726,8.65628624,90.03044128,86.49931335,2.070547104,48.00878525,33.09909821
69.48426819,75.53404999,63.71495056,61.0498085,13.40991116,276.5390625,126.1337585,49.10533905,412.9562378,4.803712845,149.0304718,82.5,88.84825897,87.36496735,83.04689789,14.49731064,18.22715187,27.29942131,25.60009384,6165.895508,85.72827911,92.47676849,6.530557632,10.68161392,8.976718903,90.07731628,86.46652985,2.074403763,47.91099548,32.0724144
69.42334747,75.51324463,63.75087738,61.02697372,13.49861431,277.0265503,127.0017853,48.69905472,413.2373657,4.807613373,149.5077515,82.34951019,88.89606476,86.95861816,83.00939941,14.29982471,17.83390236,27.40234756,25.07447433,6173.131836,85.81289673,92.49973297,6.449158192,10.17245007,8.754300117,90.08446503,86.55417633,2.072971821,47.88119125,31.63601875
69.21784973,74.96291351,63.7868042,61.10087585,13.44085121,277.8129272,126.4071655,49.04441452,414.4805908,4.818437576,150.41716,82.4730835,88.80369568,87.30805969,83.00710297,14.61326981,18.46758842,27.1297493,25.95282936,6168.830566,85.71355438,92.4220047,6.529195786,10.26931763,8.737713814,90.01379395,86.41986084,2.073889017,47.86539841,31.5602169
69.16552734,74.6159668,63.81724167,61.12766266,13.45616913,277.9852295,126.6407166,48.99450302,414.5502625,4.808599949,150.1828613,82.39258575,88.85054016,87.19677734,83.03081512,14.85558605,18.55847168,27.2508316,25.88529396,6168.096191,85.76981354,92.56296539,6.529248238,9.916191101,8.581619263,90.04111481,86.52996063,2.073545218,47.84978485,31.35559082
69.07697296,74.5333786,63.84769821,61.15444946,13.49860954,277.7778625,127.0996323,49.03258133,414.0217896,4.811927319,149.9730377,82.32875824,88.88899994,87.14253235,83.05452728,14.29950905,17.5822773,27.24923897,25.01772118,6168.361816,85.86994171,92.64801788,6.519682407,10.15450859,8.814323425,90.18742371,86.58995819,2.073925018,47.83110809,32.27840805
69.00004578,74.38788605,63.87815857,61.18123627,13.5355835,278.4876404,127.4187241,48.90957642,414.7239075,4.82490015,150.6229095,82.37408447,88.88622284,86.99983978,83.07824707,14.38793468,18.11981201,27.32458878,25.41456985,6166.837891,85.88303375,92.63144684,6.463395119,10.09889317,8.562506676,90.15859985,86.58036041,2.074339151,47.83731842,31.98345757
69.07507324,74.27065277,63.87023163,61.1700592,13.56809711,278.2858276,127.8154678,49.17023849,414.5590515,4.802371979,149.8846741,82.4107132,88.99993896,87.20000458,83.09999847,14.41893196,18.03706741,27.01122856,25.21081924,6167.288574,85.9758606,92.86773682,6.410453796,10.06728745,8.65080452,90.37168884,86.78035736,2.073414803,47.93766022,31.98110199
68.95108795,74.1490097,63.84537506,61.11746597,13.56096745,277.9605713,127.7257233,48.92850876,413.7764282,4.812657833,149.9205933,82.38787079,88.89697266,87.06571198,82.97438812,14.85757923,17.99239731,27.411623,25.16666412,6167.370117,85.87904358,92.74971008,6.529288292,10.10817623,8.729249954,90.29418945,86.69273376,2.073124886,47.89029694,31.46978378
68.92572784,74.09999847,63.8248558,61.18921661,13.54303169,278.2687988,127.6871338,48.98519135,414.8861389,4.803554058,150.1109314,82.34104156,88.83574677,87.06034088,82.92310333,14.51288986,18.23656082,27.33031082,25.79367828,6171.716797,85.92414093,92.71925354,6.487146378,10.11423683,8.600417137,90.29961395,86.69969177,2.070269346,47.83499908,31.16720963
69.20000458,74.15856934,63.72645569,61.16478348,14.10906219,279.2955322,133.3492737,48.70221329,413.7759094,4.81040144,149.4220276,82.02017212,88.90958405,85.62059784,82.83535767,14.34577274,18.28180695,28.12182236,25.5767231,6172.041992,86.97097778,94.07939911,6.410256863,9.867964745,8.083856583,91.54953003,87.74953461,2.073387623,47.82236099,31.17144775
68.68110657,72.96814728,63.98205185,61.28298187,13.66576385,278.7070007,129.0478668,49.20159531,415.1282654,4.796123505,150.2561493,82.40225983,88.93606567,86.96774292,82.90122986,14.98080635,18.57629013,28.03888512,26.1160717,6168.923828,86.17430878,92.99891663,6.48711586,10.03928757,8.411576271,90.56574249,86.92431641,2.073841333,47.82855606,30.78924561
68.66117096,72.85774231,63.93517685,61.23854065,13.56462097,277.9645081,127.8239212,49.44804001,413.5505066,4.802100182,149.4610596,82.45271301,88.96572113,87.27298737,82.97717285,14.41545105,18.08690643,27.36482811,25.84704971,6168.92334,86.01789856,92.94563293,6.47396183,10.0921154,8.652428627,90.42286682,86.83989716,2.074302435,47.78953552,30.74583054
68.66759491,73.15077972,63.90306854,61.20487213,13.7225008,277.24823,129.4999237,48.78783417,412.4680786,4.809417248,149.214386,82.32085419,88.93136597,86.59513092,82.81390381,14.53747082,17.43496704,27.87504768,25.07498932,6165.784668,86.15129852,93.06197357,6.410028934,9.983745575,8.492753983,90.50051117,86.83437347,2.076375008,47.82861328,30.48269081
68.67156982,72.93089294,64.09941864,61.39831924,13.74847412,277.7581482,129.5031586,48.98325348,413.7303467,4.82490015,149.7677307,82.42582703,89.00406647,86.76859283,82.89608002,14.53376198,18.05134964,27.41498756,25.41123772,6172.028809,86.2334671,93.11832428,6.529613495,10.10749817,8.330000877,90.62702179,87.03359222,2.072677135,47.89102173,30.09659958
68.41194153,72.41024017,64.06370544,61.30147934,13.64590931,278.1641541,128.6076355,49.16349792,414.2338867,4.804768562,150.1159668,82.4643631,88.98517609,86.97024536,82.86237335,14.6648922,18.07964325,27.73978615,26.17175293,6169.283691,86.15813446,92.96637726,6.497797489,10.19225216,8.54572773,90.57542419,86.9648819,2.075555563,47.85027695,29.94661713
68.42259216,72.46626282,64.02799225,61.30141068,13.68750191,277.5618896,128.9345093,49.28294373,413.0874329,4.821650028,149.3059998,82.40280914,88.92577362,87.07542419,82.82866669,14.86048508,18.47014809,27.64687347,25.48312378,6170.439453,86.15014648,92.91743469,6.570103645,10.18981361,8.567903519,90.53923798,86.96173859,2.073944092,47.83063889,29.80208778
68.49401855,72.66412354,64.03217316,61.31089783,13.70701981,276.5966492,129.3935394,49.00709534,412.1465759,4.805173874,148.6114044,82.34250641,88.91424561,86.76533508,82.82805634,14.22179699,17.98428154,27.32865334,25.24342155,6168.103516,86.17508698,93.01909637,6.570672989,10.02720261,8.492329597,90.51654053,86.90514374,2.075014114,47.84368896,29.64900208
68.3295517,72.63037872,64.05844879,61.3327179,13.66159916,276.9366455,128.8216553,48.92688751,412.8193359,4.823552132,149.1898193,82.33139038,88.99996185,86.76010132,82.81987762,14.30697346,18.48415375,27.49437332,25.50307655,6167.396973,86.07229614,92.8867569,6.570524693,10.02983856,8.57356739,90.40026855,86.84013367,2.077596903,47.76957703,29.65140724
68.20461273,72.3392334,64.12584686,61.35453796,13.62988377,277.7052917,128.3188934,49.01306152,413.6182861,4.809300423,149.9037018,82.39418793,88.99267578,86.87252808,82.85302734,14.58994102,18.2391777,27.61504745,25.85640144,6166.296387,86.06661987,92.86934662,6.490536213,10.07311153,8.538842201,90.4048996,86.83190918,2.075694799,47.78810883,29.64537048
68.1437912,72.22226715,64.16033173,61.37635803,13.68218136,277.5785217,128.8530273,49.13142395,413.3970337,4.82490015,149.6572723,82.34418488,88.99745178,86.89993286,82.88617706,14.97303867,18.38374519,27.60310555,25.6498642,6167.396484,85.96863556,92.97661591,6.56916523,10.10583115,8.355172157,90.51434326,86.77583313,2.0766747,47.76968002,29.52037048
68.2959137,72.43291473,64.19482422,61.39817429,13.88515091,277.1509705,130.9866028,49.00408936,412.5524292,4.811781883,148.7268524,82.33673096,88.82013702,86.44045258,82.83207703,14.57429981,17.82158279,27.72905159,25.04049873,6166.570313,86.47109222,93.39951324,6.531416893,10.23048115,8.387555122,90.88480377,87.27109528,2.074223042,47.77614975,29.54030037
68.2052002,72.57086182,64.10559082,61.3000412,13.65725613,276.7549438,128.7868958,49.12500763,412.7506714,4.805349827,148.8015747,82.42492676,88.90018463,86.9331131,82.8024292,14.86332512,18.591259,27.60181999,25.47125053,6170.444336,86.03005981,92.8301239,6.648621559,10.14710617,8.654734612,90.42247772,86.83341217,2.07447505,47.8578186,29.48978996
68.26311493,72.76392365,64.15686035,61.26079941,13.61908627,276.9376526,128.3066254,49.11050415,412.7189026,4.816211224,149.120636,82.39142609,88.943573,87.0005722,82.86260986,15.11277008,18.63844872,27.7312603,25.96879005,6178.337891,85.92712402,92.63521576,6.627922535,10.43547535,8.870710373,90.22614288,86.72449493,2.071638107,47.79040909,29.51780128
68.26864624,72.87793732,64.04496765,61.22158051,13.46065903,276.8332825,126.5747375,49.01467896,412.7904968,4.808638096,149.2612305,82.3269043,88.9668808,87.2767868,82.81681061,14.34647942,18.07398033,27.32378578,25.28419304,6170.478027,85.74989319,92.32154846,6.653864861,10.69019985,9.065299988,89.92154694,86.55617523,2.073687077,47.78993607,29.38598824
68.65054321,73.32885742,63.95698929,61.27100754,14.11590099,278.403717,133.2865753,48.43042755,412.579834,4.82545805,149.0037231,82.04270172,88.84466553,85.42459869,82.72696686,14.01859665,18.32188034,28.23109818,25.57212067,6166.148438,86.73860931,93.85027313,6.650785923,9.789761543,8.325758934,91.36039734,87.54180145,2.073124886,47.76971436,29.34800911
68.21440887,72.49052429,64.21705627,61.39420319,13.65626526,278.142334,128.7312317,49.16641998,414.428894,4.806806087,149.7920837,82.43114471,89.09465027,86.93838501,82.81571198,14.70595169,18.54371643,27.73154259,25.56866837,6168.935547,86.12461853,92.90052795,6.521958828,10.0700016,8.599299431,90.5268631,86.91641235,2.073257923,47.82341766,29.22620964
68.27210236,72.52494812,64.25234985,61.37815857,13.62055111,277.9715576,128.3039093,49.27939987,413.7017212,4.803715706,149.537323,82.43299866,89.06268311,87.10703278,82.91044617,14.70880318,17.83691978,27.33380127,25.25997162,6172.38916,86.04833221,92.87463379,6.591256142,10.11313915,8.70195961,90.366745,86.8360672,2.074074984,47.81754303,29.3450222
68.31756592,72.84990692,64.28764343,61.32623672,13.56241035,277.1368103,127.8607635,49.12615967,412.7816467,4.821650028,149.1824799,82.44329071,89.05873108,87.1811676,82.98021698,14.87264442,18.3742981,27.55494118,25.33151054,6172.082031,85.90917969,92.60533905,6.611052513,10.35854626,8.897127151,90.15574646,86.70878601,2.072897673,47.83299637,29.32622719
68.4164505,73.14143372,64.25566101,61.41060257,13.56771278,277.2545166,127.7754669,48.73865509,413.463623,4.819489002,149.8508453,82.44256592,89.05981445,86.88794708,82.98209381,14.93568516,18.71217918,27.64784431,25.6868515,6172.117676,85.92506409,92.60011292,6.65200758,10.51699734,8.900240898,90.1835556,86.70006561,2.0688591,47.99403381,29.34539223
68.396492,73.04597473,64.24120331,61.42443848,13.5420866,278.047821,127.5639114,49.14824295,414.4223022,4.818399906,149.9200592,82.46083832,89.08712769,87.14247894,82.91428375,14.82649708,18.47216415,27.33567619,25.54801178,6177.933105,85.97373962,92.59338379,6.512992382,10.34259605,8.711825371,90.18614197,86.76411438,2.070942163,47.92179871,29.34609032
68.47432709,73.18375397,64.23485565,61.43827057,13.56950951,277.7173767,127.8678665,49.03136444,413.6395569,4.815351963,149.6241302,82.41096497,89.0716629,87.02661133,82.91596222,14.62729454,18.30416107,27.26971436,25.04828262,6174.715332,85.94707489,92.69297028,6.568348408,10.48504639,8.842828751,90.15477753,86.79437256,2.071232557,47.98767853,29.34160423
68.52970886,73.43313599,64.24920654,61.45210648,13.54377747,277.2555237,127.4279327,49.18701172,413.1960144,4.820547581,149.3599548,82.51287079,89.07850647,87.21292114,83.03189087,14.57465744,18.19992065,27.19386673,25.50274849,6175.501465,85.92845154,92.58509827,6.633207798,10.56265831,9.05076313,90.19591522,86.68222809,2.069875002,48.00061417,29.52014923
68.63977814,73.72676849,64.21526337,61.46594238,13.519063,277.0362549,127.3195648,49.02069473,412.7749329,4.813294411,148.9894867,82.55513,89.03375244,87.1462326,83.07415009,14.87623024,18.17506981,27.04810143,24.92905426,6178.07666,85.83866119,92.52576447,6.582667351,10.6200695,9.014723778,90.09107971,86.61244965,2.069531202,48.05255127,29.34502602
68.6286087,73.96070862,64.29634094,61.47977448,13.42466259,276.7533264,126.3310165,49.17988968,413.0219727,4.819312096,149.221756,82.59738159,89.09999847,87.51757813,83.12156677,14.85417271,18.56484222,27.26398277,25.81038094,6179.339844,85.70114136,92.25443268,6.521485806,11.35972691,9.377584457,89.85398102,86.44859314,2.068778753,48.0375061,29.6050663
68.88996887,74.31427765,64.26013947,61.49361038,13.50431728,276.628479,127.225563,49.185112,412.5643616,4.821994305,148.9437256,82.50993347,89.04914093,87.34708405,83.17712402,14.99359989,18.43131447,27.25805664,25.26332092,6177.345703,85.88967896,92.45885468,6.506743908,11.5107336,9.172654152,90.05874634,86.57349396,2.068249941,48.11003494,29.52027512
69.07686615,74.72991943,64.27419281,61.5,13.41898346,276.0790405,126.3515015,49.11028671,412.1177368,4.81159687,148.6244507,82.62604523,89.06219482,87.53528595,83.13809204,14.76783752,18.15322113,27.15385437,25.39616776,6177.807617,85.71916962,92.35606384,6.629135609,11.16183472,9.412127495,89.9552536,86.52362823,2.066515207,48.27260208,29.44691467
69.13421631,75.06077576,64.08944702,61.39456177,13.42277336,275.5841064,126.4357605,49.26611328,412.0044556,4.806900978,148.2051849,82.66687012,89.08376312,87.56541443,83.19584656,14.87685108,18.01878166,27.06624603,25.2921772,6179.237793,85.85519409,92.33534241,6.563475132,11.46993256,9.499355316,89.965065,86.54411316,2.067718744,48.13316727,29.35069466
69.13491821,75.30318451,64.03337097,61.2522316,13.14350128,274.8644714,123.4646378,49.31784058,411.6983337,4.824565887,148.5224915,82.68118286,88.90307617,88.05490112,83.11458588,14.56935024,17.75846481,26.70094109,24.99533653,6174.784668,85.3451004,91.77845001,6.576272488,10.52718353,9.043723106,89.39682007,86.08706665,2.067973375,48.17312622,29.53820992
69.47280121,76.17554474,63.9408493,61.20637512,13.18741035,274.0688477,124.3193817,48.90578461,411.2527161,4.808840275,148.2393341,82.59251404,88.95713806,87.73381805,83.23459625,14.77170277,17.72404671,27.21111107,24.845047,6171.64502,85.39679718,91.80090332,6.547703743,10.39059162,8.877000809,89.47745514,86.12021637,2.067325115,48.16811752,29.45586586
69.55040741,76.42482758,63.94660187,61.25252914,13.33633518,275.4329834,125.694191,48.68529129,412.4804688,4.821061134,149.0997009,82.51186371,88.96795654,87.30286407,83.24507904,14.41063118,18.03686905,26.94987297,25.08841896,6174.782227,85.60035706,92.04303741,6.542636395,10.51559639,9.002421379,89.70000458,86.30693817,2.07025671,48.15511703,29.64254951
69.51924133,76.09759521,64.01914215,61.29868317,13.28699493,276.9302979,124.9527664,48.84846878,414.4914551,4.820491791,150.4487152,82.59518433,89.01136017,87.57527161,83.21737671,14.62306976,18.16339684,27.06010056,25.45604897,6174.065918,85.67632294,92.04839325,6.513649464,10.2183094,8.774430275,89.64413452,86.34490967,2.067137718,48.15904999,29.61374092
69.56006622,75.8122406,64.07574463,61.36616898,13.50328445,277.5393982,127.1799622,49.07858276,414.3781433,4.804840565,149.881073,82.5856781,89.09355927,87.34951782,83.30000305,14.67408085,18.23501587,27.43227386,25.43289948,6177.521973,86.05675507,92.68712616,6.507236481,10.83182144,8.880647659,90.22681427,86.78118896,2.063312531,48.23376083,29.53410721
69.59999847,75.63394165,64.16356659,61.47452164,13.40766525,276.5440369,126.1201019,49.36761093,413.0431519,4.808599949,148.9490967,82.65653229,89.05451202,87.73866272,83.37213135,15.18844318,18.75267792,27.06559372,25.33916473,6177.369629,85.85326385,92.47582245,6.513689518,10.57470131,8.820306778,90.04116058,86.63510895,2.061687231,48.37508011,29.52105331
69.58280945,75.78085327,64.00170898,61.42398453,13.42250061,276.2283936,126.4788208,48.89271164,412.1348267,4.80960083,148.8226624,82.56907654,89.04316711,87.33358765,83.32154846,14.86096478,18.12143707,27.36101913,25.06267166,6178.729492,85.92029572,92.46829987,6.524172783,10.38534355,8.581804276,89.99271393,86.67505646,2.065522671,48.28188705,29.79559898
69.51540375,75.63528442,64.10916138,61.45969772,13.48126984,276.5996094,127.0028687,48.98886871,413.0865173,4.825847149,149.3617249,82.61707306,89.04187775,87.30728149,83.3536377,15.02712154,18.67396545,27.53806877,25.61606407,6172.519531,85.85649872,92.58997345,6.518076897,10.16739941,8.502005577,90.07055664,86.58831787,2.063168764,48.33565521,29.63943291
69.5368042,75.38716125,64.1450882,61.49541092,13.39275169,276.9058838,125.8960724,49.0526886,413.301178,4.817546368,149.6419983,82.68537903,89.05197144,87.54074097,83.3857193,14.43911457,18.05520821,27.17437553,25.61484337,6174.774902,85.81867218,92.35120392,6.547292233,10.31807232,8.725992203,89.93357086,86.54319763,2.064975023,48.3542366,29.59805107
69.56349182,75.31897736,64.18101501,61.45856094,13.59559727,277.0262756,128.2393951,48.83240891,413.2974243,4.799467564,149.276947,82.5,89.13374329,87.01000214,83.28513336,14.61121082,18.07907295,27.20035744,24.95590401,6178.580566,86.16291046,92.893013,6.487602711,10.74150467,8.768600464,90.46626282,86.89363861,2.064975023,48.336483,29.52695274
69.44283295,74.83942413,64.23823547,61.56932831,13.6014204,277.4396057,128.0589752,48.8942337,413.8467407,4.79885006,149.7360077,82.52892303,89.11550903,86.99581146,83.23634338,14.60736084,18.53978348,27.42702293,25.62936783,6177.785645,86.10585785,92.93254089,6.516439915,10.33776283,8.536817551,90.45729828,86.84592438,2.064975023,48.32164383,29.53125954
69.24725342,74.23858643,64.33248901,61.65825653,13.65352917,278.2806396,128.5544586,48.91843033,414.5227356,4.82490015,150.5727692,82.61514282,89.20917511,86.99069977,83.2097702,14.51378536,18.25413895,27.63648033,25.49323082,6177.280273,86.25061798,93.054039,6.493907452,10.07670784,8.502044678,90.51498413,87.05673218,2.063456059,48.36718369,29.64327621
69.23339844,73.7313385,64.49498749,61.75400162,13.59963894,278.1246643,128.1052094,49.27731705,414.3569336,4.811900139,149.9759827,82.72327423,89.27718353,87.29344177,83.34944153,15.23371124,18.76216698,27.64080048,25.86437035,6178.635254,86.36238861,93.048172,6.48512125,10.22096634,8.538738251,90.55934143,87.05284119,2.06128931,48.53752136,29.64655685
69.10739136,73.64728546,64.42758179,61.79182816,13.55880737,277.7157898,127.9084625,49.1317215,413.3183289,4.802607536,149.4606018,82.63288116,89.29261017,87.20631409,83.30000305,15.04552269,18.47887039,27.57597542,25.37122726,6178.481445,86.15506744,92.96630096,6.432098866,9.949976921,8.465773582,90.50328827,86.96434021,2.061898708,48.40638351,29.52263069
69.0563736,73.69882202,64.47445679,61.75961304,13.64583969,277.1723938,128.5458832,48.95962524,413.1235352,4.820376873,149.414917,82.63938904,89.12296295,87.03049469,83.22134399,14.67063999,18.19756699,27.57504463,25.43389511,6177.217773,86.35533142,93.05183411,6.501997948,10.83780384,8.903072357,90.55735779,87.03520203,2.060273886,48.46040726,29.51480675
69.03171539,73.39813995,64.47253418,61.772686,13.57334328,277.9288635,127.8286285,48.90233612,414.4372253,4.803433895,150.2284851,82.65659332,89.2700119,87.08694458,83.23001099,14.49395275,18.25811958,27.54046631,25.79187965,6181.04248,86.27249146,92.94369507,6.552382469,10.65525436,8.844986916,90.47000885,87.03315735,2.063416481,48.45449448,29.62355423
69.64271545,73.84490204,64.25535583,61.75947571,14.5049324,279.8962402,136.7532501,48.4343605,413.6015625,4.834497929,148.9186401,82.04296112,89.26837921,84.24603271,83.23851776,14.48818779,18.84821129,28.99190712,25.54306221,6178.760742,87.84490204,95.04489899,6.543061256,9.935111046,8.11068821,92.44490051,88.64630127,2.063349962,48.44696426,29.33187866
69.09537506,72.62133026,64.55432892,61.96761322,14.10239601,280.6368713,133.1492004,48.58776474,415.5279541,4.818245888,150.8846283,82.31732941,89.21451569,85.72093201,83.12309265,14.98701382,18.53876114,28.43843269,25.65772629,6177.675293,87.17797089,94.19134521,6.561697006,9.948703766,8.119398117,91.57796478,87.97796631,2.062461615,48.46738052,29.19490433
68.47136688,71.72844696,64.80590057,62.07227707,13.86146832,280.1844177,130.7345734,49.30773163,416.078125,4.82308197,151.2111206,82.66334534,89.39685059,86.81635284,83.15679932,14.3950882,18.01638412,27.73968124,25.5618248,6178.358398,86.93624878,93.70605469,6.518120766,10.0017767,8.191870689,91.20973206,87.74267578,2.062730551,48.45837784,29.04672432
68.45384979,71.65560913,64.8598175,62.06359482,13.86500072,278.635437,130.9206543,49.47166061,413.499176,4.821805954,149.6361084,82.77308655,89.32387543,86.91312408,83.25057983,14.73122406,18.450737,27.76690865,25.78186989,6174.103027,86.93055725,93.71796417,6.546578407,10.01622391,8.270051003,91.21761322,87.71945953,2.05961442,48.61848831,28.87374496
68.64363098,72.01507568,64.68132019,62.00648499,14.07059002,277.1598511,133.5625153,49.12047577,412.1524963,4.783018589,148.0735779,82.56726837,89.30387878,86.46908569,83.19812012,14.56230927,18.30500603,27.90282631,25.52592659,6177.154785,87.06546021,93.93091583,6.514681339,10.04099846,8.322518349,91.43021393,87.86545563,2.061008692,48.47315979,28.75416565
68.57875061,72.04827881,64.73580933,62.0533638,13.85862446,277.8251038,130.8573151,48.81641388,413.0114136,4.803436279,149.2349548,82.51978302,89.34767151,86.41544342,83.07006836,14.73116398,18.26176453,28.1107502,25.38008881,6173.155762,86.84886169,93.60606384,6.583447933,10.2447052,8.462204933,91.15733337,87.65189362,2.060292244,48.48893356,28.73701859
68.42880249,71.79862213,64.8422699,62.10000229,13.87810421,278.7108459,130.7541504,48.93315506,414.0625,4.809652805,149.866394,82.52841949,89.39146423,86.42131805,83.02952576,14.57377338,18.54076004,28.03319931,25.62741852,6173.929688,86.86359406,93.77766418,6.537107468,10.45137024,8.435788155,91.28325653,87.75506592,2.060223818,48.50048447,28.44569778
68.21582031,71.50055695,64.89663696,62.09807205,13.78563881,278.7018127,129.8899994,49.05816269,414.0394897,4.820487976,150.181778,82.67537689,89.38989258,86.78853607,83.0933609,14.58575153,18.42876244,27.79041672,25.80561447,6173.243164,86.71147156,93.5,6.684143543,10.32596111,8.544330597,90.97467041,87.51146698,2.064377785,48.49628067,28.60156631
68.27611542,71.61704254,64.84976196,62.00983429,13.71834755,277.91922,129.4323578,49.31623077,413.5437622,4.805559158,149.4026031,82.6355896,89.32847595,87.03126526,83.03019714,14.79645348,18.44667816,27.72881508,26.10997009,6173.869141,86.60572815,93.32824707,6.60671711,10.54479694,8.867603302,90.96651459,87.4052887,2.062405348,48.47521591,28.62005234
68.24365997,71.80828857,64.80288696,62.05437851,13.74529648,277.055603,129.6361389,49.07218552,412.1488342,4.820943356,148.8713837,82.62239075,89.31130981,86.82639313,83.09999847,15.15417862,18.33403587,27.78501892,25.39605331,6171.926758,86.56025696,93.27175903,6.589036465,10.46977711,8.598767281,90.8687439,87.36026001,2.064297676,48.46023941,28.5061779
68.32367706,71.96793365,64.86178589,62.06017685,13.75425339,277.2641602,129.7876434,49.1137085,413.0562439,4.806950092,148.9782867,82.65869141,89.37809753,86.89795685,83.08532715,14.41116714,18.4659996,27.54061317,25.66950035,6170.864258,86.69625092,93.40171051,6.627386093,10.28524971,8.597613335,90.95224762,87.48216248,2.061143637,48.55239105,27.69545555
68.22444916,71.96659851,64.77344513,61.96643448,13.77693558,277.2242432,129.771698,49.04199982,412.7266541,4.817044258,149.2228699,82.66740417,89.34490967,86.89028168,83.04615021,14.78898239,18.22456169,27.76250648,25.32054901,6172.791016,86.54402161,93.29779816,6.620331287,10.36655331,8.666553497,90.81372833,87.34402466,2.062441826,48.42366409,27.69380188
68.31030273,72.11029816,64.70201874,61.81232834,13.96413898,277.2543945,132.3518677,48.96401596,412.6157837,4.773137569,148.7097626,82.49229431,89.22078705,86.46842957,83.09073639,14.64012909,18.02633476,27.86671638,25.27343941,6173.907715,86.9154129,93.7154007,6.579617023,10.16601658,8.433982849,91.17713165,87.7154007,2.063880205,48.38747406,27.69379807
68.15444183,71.90487671,64.73686218,61.85025787,13.72326279,277.2357483,129.3742981,48.99803925,413.1990356,4.799201012,149.2220764,82.53422546,89.26885223,86.79794312,82.92588806,14.51768875,18.29501152,27.79094124,25.66670227,6169.366699,86.5187912,93.20633698,6.633944035,10.42563057,8.829099655,90.73848724,87.31879425,2.065095186,48.32118607,27.87091827
68.03468323,72.0398941,64.70568848,61.78066254,13.7408247,277.1713867,129.5904236,49.259758,412.7288208,4.811253071,148.9231415,82.55104065,89.28227997,87.02155304,82.93115234,14.66695309,18.28746033,27.4016037,25.14597511,6174.854492,86.48716736,93.25267029,6.585113049,10.82210922,8.932071686,90.77236176,87.28640747,2.063622952,48.28996658,27.99704552
68.05615234,72.13615417,64.62780762,61.70000076,13.74615765,276.589325,129.6848602,49.02441788,411.8499146,4.803028584,148.5967407,82.58959198,89.26407623,86.81972504,82.87394714,14.52715397,17.86262703,27.74141884,25.17952728,6175.0625,86.35263062,93.28682709,6.627025127,10.41236877,8.566815376,90.78295898,87.1805954,2.065028667,48.18282318,28.08334541
68.05263519,72.13602448,64.63523865,61.75716782,13.79137421,276.8026123,130.1526947,48.92509842,412.414032,4.802955151,148.699646,82.43843842,89.23135376,86.64095306,82.81453705,14.64473534,18.21310806,27.77301216,25.37844658,6178.859863,86.44210052,93.27045441,6.601554871,10.298419,8.49641037,90.78074646,87.24210358,2.065165281,48.12168884,27.69032669
68.03669739,71.97925568,64.68830872,61.768013,13.79240036,277.9594116,130.1095886,48.67179871,413.4299316,4.817482948,149.8869171,82.43659973,89.21125031,86.46907043,82.86238861,14.76632977,18.18102264,27.6493988,25.32229233,6177.241699,86.43741608,93.29312897,6.631082058,10.12040997,8.546472549,90.79857635,87.29560089,2.064623117,48.20902252,28.44085121
67.79664612,71.62399292,64.64250946,61.67277527,13.69703197,277.9939575,129.0207672,49.25420761,414.3265686,4.806895733,149.9254913,82.48445892,89.25784302,86.99510956,82.87309265,14.48819542,17.65508461,27.51820183,25.46429634,6176.227539,86.44873047,93.14932251,6.643967152,10.21695423,8.683602333,90.61050415,87.25400543,2.067046881,48.0696373,28.14779282
67.73604584,71.67321014,64.59999847,61.60826492,13.78859329,277.2659912,130.0484009,49.23589706,412.4110107,4.805602551,148.9139557,82.42731476,89.26950073,86.83729553,82.70344543,14.66014862,17.66329765,27.53806686,25.1810379,6178.19873,86.40783691,93.23268127,6.596913338,10.16292858,8.516058922,90.75559998,87.26651764,2.06978035,47.9971962,28.14562225
67.76611328,71.6415863,64.52455902,61.53771973,13.78011513,276.9751282,129.9329071,49.00083542,412.2711792,4.812588692,148.7519531,82.3747406,89.18714905,86.61804962,82.66998291,14.82154179,18.2233963,27.54199982,25.39714813,6175.686035,86.36284637,93.12689972,6.634596825,10.32410336,8.775154114,90.74963379,87.21927643,2.069414854,47.97932053,28.04989624
67.62401581,71.48252106,64.57694244,61.53364182,13.76591873,277.8451538,129.601181,48.81611252,413.0465698,4.821404457,149.7760468,82.25357819,89.16422272,86.5089035,82.61057281,14.82960129,17.96605873,27.78874779,25.56273651,6171.424316,86.17738342,93.10286713,6.584070683,10.08416557,8.626037598,90.73815918,87.08214569,2.071920156,47.91907501,27.98635483
67.5,71.19834137,64.60031128,61.59517288,13.81406212,278.6654358,130.1816254,48.79097366,414.2802429,4.819652557,150.4109344,82.28217316,89.19577789,86.40413666,82.58691406,14.44947433,17.93094254,27.65101624,25.26985168,6166.658691,86.35762024,93.25621033,6.579825401,10.01562023,8.54624176,90.77558899,87.16513824,2.071101427,47.8358345,27.99671745
67.31188202,70.91558838,64.659729,61.51936722,13.82280445,278.595459,130.1785889,49.27344894,414.4935608,4.811209202,150.0520172,82.39775085,89.26805878,86.72801971,82.56262207,14.43154716,18.07336998,27.60144424,25.43809509,6165.854004,86.49942017,93.40052795,6.613369942,9.986229897,8.462558746,90.90399933,87.29455566,2.072842121,47.81092834,28.1519928
67.46656036,71.0719223,64.64479828,61.56192017,13.83420563,277.8721313,130.6331329,49.17168045,413.1022034,4.806748867,149.2603607,82.30613708,89.19857788,86.59754944,82.53833008,14.37355804,17.93789482,27.57631493,25.30023193,6166.241699,86.37464905,93.49362183,6.616689205,10.1374054,8.353551865,90.96677399,87.19108582,2.071364403,47.89796448,27.91341591
67.39361572,71.13904572,64.54018402,61.49082565,13.77138233,277.2680664,130.0132141,49.07273483,412.7104492,4.79885006,148.8697662,82.28336334,89.13406372,86.62398529,82.51403809,14.46522331,17.99190521,27.53857422,25.36644363,6175.267578,86.34094238,93.14318848,6.637123585,10.11462212,8.565923691,90.69645691,87.14438629,2.072677374,47.75504684,27.72906685
67.31596375,71.05317688,64.59138489,61.46908569,13.77902889,277.8430481,129.9119568,48.90497971,413.2709045,4.810736656,149.7559052,82.31843567,89.18143463,86.5832901,82.58403778,14.7086792,18.23661613,27.70843887,25.52230644,6179.335938,86.23155975,93.03342438,6.634532452,10.14939213,8.516530037,90.60340118,87.02920532,2.072341204,47.74003983,27.54433441
67.33411407,71.08244324,64.54942322,61.44734573,13.81333351,277.8497925,130.2998199,49.12070465,413.2947388,4.809216499,149.3475342,82.38226318,89.11120605,86.63340759,82.55973053,14.81344795,17.88520432,27.56823921,25.49574852,6181.275391,86.35409546,93.19771576,6.584697723,10.39590359,8.503206253,90.73720551,87.15618134,2.074749947,47.72241592,27.0213604
67.38135529,70.98155212,64.50746155,61.42560577,13.8626194,277.8721008,130.7888641,48.98195648,412.8630371,4.804801464,149.3004608,82.20594025,89.23114014,86.4107132,82.50423431,14.51041126,17.66250992,27.9770813,25.19167328,6182.946777,86.34850311,93.29802704,6.598232746,10.30517101,8.462924957,90.76506805,87.14855194,2.072624922,47.67967987,26.94568443
67.27030182,70.93196106,64.52281952,61.40386963,13.80035973,277.7278748,130.2774353,49.11153793,413.1593628,4.796794415,149.1955719,82.31610107,89.2335434,86.6127243,82.53891754,14.92114735,18.27567291,27.81472969,26.11793518,6179.888672,86.33869934,93.19441223,6.589463234,10.32758522,8.572769165,90.70805359,87.1332016,2.076281309,47.68133545,26.94293594
67.29627991,70.9703064,64.55537415,61.5,13.79490185,277.2423401,130.0438232,49.27713013,412.500061,4.805704594,148.9583282,82.37902832,89.26675415,86.80403137,82.57359314,14.592803,18.02980423,27.57269478,25.54402733,6178.880859,86.26806641,93.13766479,6.590706348,10.19299698,8.517642975,90.66350555,87.08597565,2.074316263,47.64687347,26.85261726
67.3865509,71.30180359,64.56790161,61.46920013,13.77690792,276.28302,129.8441162,49.20559692,411.4638672,4.820376396,147.5130768,82.35038757,89.25741577,86.79888916,82.57347107,14.67531395,17.68803787,27.60089874,25.13418388,6177.808594,86.18062592,93.01934814,6.62046957,10.25642872,8.63941288,90.5430603,86.98210907,2.073124886,47.71286774,26.79212379
67.4708252,71.52219391,64.40811157,61.38661194,13.89524174,276.3867493,131.1712036,48.8755455,411.1361694,4.801546574,147.1362,82.16669464,89.15552521,86.31671906,82.47427368,14.74291611,17.93693542,27.83143234,25.09563637,6175.486328,86.38603973,93.31478119,6.625967503,10.16347027,8.463653564,90.81664276,87.18604279,2.074352741,47.6284256,26.94212341
67.32564545,71.29870605,64.460289,61.37077713,13.89427567,277.7706604,130.9207306,48.73424911,412.4049988,4.821671009,148.3645935,82.19393921,89.18789673,86.10814667,82.40142059,14.35190868,18.52289391,28.00799179,25.66800499,6164.112793,86.30607605,93.30667877,6.625370026,10.62525177,8.54550457,90.81522369,87.12083435,2.068707228,47.64228439,26.94241333
67.23343658,71.10497284,64.49319458,61.33283615,13.836092,277.9582214,130.2587585,49.0970726,413.5323181,4.821650028,148.9138947,82.2855072,89.27822876,86.5166626,82.46524811,14.10456944,17.68055916,27.55914116,25.60199165,6165.516113,86.27884674,93.2741394,6.62479496,10.30020523,8.435429573,90.79592896,87.08889008,2.075841904,47.62687302,26.84498215
67.26708221,71.19451904,64.42867279,61.39185333,13.65390778,277.2289734,128.7235107,49.3394928,412.6066589,4.79885006,148.257843,82.34443665,89.28666687,86.93175507,82.47788239,14.32153511,18.12464142,27.30080414,25.44353676,6165.881836,85.97749329,92.87476349,6.637945652,10.53080463,8.843356133,90.46186829,86.77407837,2.072652578,47.61757278,27.05741501
67.36297607,71.73335266,64.35945892,61.2171669,13.69870377,276.1119385,129.1296997,49.14873886,411.4360046,4.80455637,147.3280334,82.26576233,89.28337097,86.84244537,82.42333984,14.23910236,17.79862976,27.27243805,25.32674599,6168.365723,85.90836334,92.97879028,6.62536335,10.46253109,8.804121017,90.48788452,86.70880127,2.072267532,47.59782028,26.96006012
67.46796417,72.10415649,64.3274765,61.24488068,13.66506195,276.2449341,128.7560272,48.89337921,411.8808899,4.819746494,147.9933929,82.25956726,89.09999847,86.71282959,82.40266418,14.49992466,17.881073,27.64014816,25.49086952,6166.849121,85.84385681,92.75834656,6.543587685,10.81572151,9.04889679,90.2109375,86.63907623,2.076375008,47.59996414,27.10767555
67.54585266,72.23332214,64.41291809,61.29183578,13.57491493,276.7381287,127.9060898,49.11214066,412.6841431,4.79885006,148.2370911,82.41082001,89.28024292,86.97434998,82.59503937,14.75623703,18.3836937,27.46328163,25.5578804,6176.553711,85.84170532,92.63340759,6.613110542,10.69255638,9.00677681,90.23704529,86.65835571,2.075740576,47.64056396,26.94212723
67.45477295,72.20471954,64.34667206,61.17723083,13.14812565,275.239563,123.4327087,49.48979568,412.4743652,4.808012486,148.257782,82.49524689,89.13487244,87.99337006,82.4041214,14.57955647,17.40737534,27.05617714,25.32619476,6172.578613,85.00603485,91.61483765,6.543890476,10.28590584,8.871350288,89.21392059,85.81027985,2.074749947,47.59267807,26.7048893
67.81013489,73.52229309,64.10389709,61.002285,13.41766548,274.7446899,126.6480179,48.99658203,410.831543,4.801681995,147.1160583,82.30473328,89.06913757,87.32213593,82.57865143,14.48502731,17.94933891,27.17872238,25.17780876,6174.360352,85.41485596,92.02675629,6.624972343,10.93672085,9.240028381,89.60472107,86.18673706,2.07519722,47.58147049,26.76285744
67.82385254,74.04763794,64.02489471,60.90000153,13.33833981,275.2936096,125.6341629,48.69356918,411.8708496,4.808150768,148.0514832,82.20552063,89.00926971,87.13937378,82.57298279,15.11043358,18.2071209,27.62664795,25.70790672,6171.913086,85.26535034,91.89941406,6.544372082,10.21831131,8.897709846,89.40000153,86.04834747,2.078862906,47.55907059,26.6654129
67.80000305,73.95303345,64.08139038,60.97177124,13.34433651,277.3314209,125.4228821,48.64026642,414.5910034,4.821650028,150.0033569,82.27090454,89.06652069,87.16332245,82.52125549,14.58035278,17.77307129,27.13743782,25.2177372,6174.134766,85.22638702,91.80000305,6.544232368,10.35431385,8.762631416,89.46662903,86.02626801,2.077531576,47.55297089,26.64106178
67.73888397,73.94939423,64.03138733,60.91597366,13.33069229,276.6811523,125.352829,49.54833221,414.2426758,4.824415684,149.2608185,82.32156372,89.06891632,87.77546692,82.53966522,14.50135612,17.92083359,26.94911957,25.43556404,6169.97998,85.26262665,91.97360992,6.517279625,10.27308846,8.831108093,89.57245636,86.06343079,2.076497793,47.53172302,26.64090538
68.00837708,74.5541687,63.93431854,60.83626556,13.30546951,275.3670654,125.4172668,49.27312851,411.802002,4.807161808,147.8009186,82.2990799,88.93139648,87.54033661,82.53359985,14.79677105,17.92198372,26.89323235,24.97375107,6174.328125,85.20824432,91.98210144,6.64367342,10.42094326,8.938854218,89.50476837,86.00314331,2.079256773,47.53172302,26.53774834
68.18335724,74.96166992,63.97916794,60.86934662,13.27504349,275.4075928,124.882637,48.88586044,412.1520691,4.818399906,148.1574249,82.31983948,89.05114746,87.42236328,82.68357849,14.52631664,18.09807968,27.04358673,25.36705589,6173.987793,85.01863861,91.74239349,6.583975792,10.16397476,8.951860428,89.33882141,85.95372772,2.077414989,47.54339981,26.64401436
68.20316315,75.03819275,63.90427017,60.80976868,13.22572136,275.8194885,124.5467834,48.98409271,413.7130432,4.802187443,148.9284058,82.31096649,89.02197266,87.52895355,82.60540771,14.32473564,17.77644348,27.05915642,25.45151138,6172.010254,85.08325958,91.70959473,6.543908119,10.13684368,8.708539009,89.3095932,85.88326263,2.076375008,47.6157341,26.65218925
68.28424072,75.09644318,63.8142128,60.78274918,13.27947617,276.0853577,124.8738861,49.10823441,413.393219,4.806041241,148.7289276,82.28720856,89.09272003,87.51660156,82.64437103,14.34972477,17.66583633,26.97597504,25.51786995,6176.26709,85.18436432,91.8738327,6.516104221,10.23124599,8.924847603,89.46893311,85.99525452,2.076596022,47.55458069,26.79279518
68.30173492,75.09783173,63.79639816,60.76370239,13.35018921,275.8830261,125.7547913,49.06973648,412.9784546,4.799709797,148.52565,82.20502472,88.92017365,87.39916229,82.68334198,14.46446514,17.70931435,27.3272171,25.38148689,6169.04248,85.2542038,92.13340759,6.523438454,10.06735802,8.87049675,89.68685913,86.06201172,2.075842857,47.53186417,26.98319244
68.33282471,75.00106049,63.76231003,60.74465179,13.31506062,275.8857422,125.4862518,49.08230209,412.7193298,4.818399906,148.559494,82.29454041,88.9030838,87.49062347,82.60437012,14.51247311,17.53110313,26.86619949,25.08607864,6177.273438,85.18987274,92.10176849,6.490000248,9.933525085,8.617053986,89.66661835,85.99016571,2.081090927,47.48707962,26.94608688
68.36390686,75.04431152,63.72821808,60.72560501,13.26984406,275.641571,124.9244308,49.10803604,412.8388062,4.819475651,148.5725708,82.21681976,88.90483093,87.65101624,82.64009094,14.96909809,17.86268425,27.1098938,25.37723732,6169.97168,85.03543854,92.01637268,6.503564835,10.19295216,8.844227791,89.53543854,85.84014893,2.083800554,47.47044754,26.79291534
68.39499664,75.15608215,63.74807739,60.70655823,13.14886856,274.9246216,123.6241302,49.25957489,412.5363159,4.805715561,148.1949005,82.33319092,88.90153503,87.8564682,82.67580414,14.55406284,18.05524826,26.89355087,25.73272324,6176.868652,84.90338135,91.8028183,6.503740788,10.00156307,8.707300186,89.40897369,85.7026062,2.077955961,47.46839142,26.79431152
68.43408203,75.44146729,63.68202972,60.75793457,13.24062824,274.9077148,124.6946564,48.99907303,411.8006897,4.810986042,148.100174,82.20726776,88.9697113,87.58602905,82.66592407,14.77457905,17.55630684,27.03561592,24.92097855,6174.479004,85.00538635,92.04167175,6.580420971,10.16347218,8.626555443,89.50198364,85.82954407,2.079288006,47.48053741,26.90748215
68.66467285,75.54794312,63.65972519,60.73974991,13.30720711,275.2939453,125.2701874,48.99450302,412.7686157,4.806560993,148.2734833,82.23332214,88.92176819,87.445755,82.78712463,14.87274647,18.15178108,27.16274071,25.22139359,6173.394531,85.23947906,92.17050934,6.562018394,9.853555679,8.54610157,89.72789764,86.0209198,2.075796843,47.57929611,26.94420052
68.51034546,75.26473999,63.63742065,60.71628571,13.26558304,275.6209106,124.779892,49.10863113,412.9484558,4.817769527,148.6433716,82.21694946,88.97306824,87.59811401,82.68772125,14.90817928,17.5945797,26.86999321,25.46481514,6175.145508,85.16236877,92.13241577,6.557130337,10.04573154,8.667869568,89.63340759,85.94043732,2.080783367,47.48324966,27.05521202
68.55685425,75.11107635,63.61511612,60.77825165,13.24902725,275.4826355,124.6917572,49.09583282,412.4723816,4.819978714,148.4314423,82.20000458,88.88446045,87.61672211,82.66797638,14.48993206,17.55923462,26.86872101,25.33959961,6176.681641,85.04254913,91.99738312,6.516441345,9.944611549,8.567806244,89.57395935,85.83829498,2.075638533,47.47067642,27.02902031
68.59999847,75.2817688,63.60519791,60.72205734,13.23087502,274.8885803,124.4784241,49.00606918,412.211731,4.802820206,147.8771515,82.20250702,88.83361053,87.54750061,82.64823914,14.51161194,17.65123749,26.8119297,25.58230972,6174.161621,85.07527924,92.02113342,6.517957687,10.25305939,8.786488533,89.57678986,85.8688736,2.077283382,47.49099731,27.29078102
68.54458618,75.05606842,63.66344452,60.77044296,13.34513664,276.0174255,125.5626144,48.69357681,412.9214172,4.814024925,148.7568207,82.10140991,88.81301117,87.12070465,82.62850189,14.65250206,18.01801872,26.89603806,25.27344894,6169.782715,85.17714691,92.17792511,6.516381741,10.14620399,8.772023201,89.68325043,85.87585449,2.083588123,47.45715714,27.11281967
68.35923004,74.72015381,63.68542099,60.74018478,13.32664776,276.4592285,125.1148148,49.11370468,414.0689087,4.819243908,149.2705841,82.29144287,88.86522675,87.52454376,82.60876465,14.591712,17.80784988,26.89319038,25.4141922,6172.209961,85.19192505,92.1987381,6.546112537,10.28047466,8.650400162,89.76850891,85.99517059,2.083245516,47.45713806,26.6452713
68.36457825,74.51146698,63.63500595,60.7747612,13.24564075,275.7695618,124.4869995,49.31101227,413.5035095,4.807361126,148.7544403,82.2625351,88.81349945,87.65048981,82.64108276,15.05885315,17.66446686,26.86785698,25.72115326,6176.252441,85.04228973,92.09999847,6.624372005,10.03006935,8.791687965,89.66674805,85.89142609,2.083724976,47.43690872,26.87499237
68.56529999,74.77774811,63.67353058,60.73309708,13.41755867,275.7185669,126.5253296,49.02887344,412.0885315,4.809497833,147.8920898,82.26530457,88.87837982,87.27867126,82.79454803,14.90946865,18.01486397,27.03069305,25.27902985,6172.449707,85.36091614,92.4434433,6.557271481,10.00639915,8.674339294,89.96679688,86.03692627,2.082900047,47.50887299,26.79307175
68.37277985,74.53099823,63.63944244,60.80166626,13.3173418,275.8487854,125.3586426,48.90820694,412.3468628,4.823522091,148.5339508,82.24327087,88.87906647,87.31442261,82.68225098,15.15899467,18.19151497,27.38819122,25.71035194,6174.157715,85.12230682,92.12433624,6.525382042,9.785984039,8.57392025,89.72298431,85.91982269,2.080240726,47.42908478,26.70549202
68.26147461,74.26661682,63.67547607,60.82035828,13.2820406,276.1965637,124.9053497,49.1577034,413.4788513,4.807425976,148.7509613,82.27841187,88.82159424,87.46660614,82.6272049,14.97587585,17.82129097,27.16887856,25.83453751,6176.267578,85.14651489,92.14807129,6.502914906,10.07730579,8.494317055,89.76360321,85.94515991,2.081504107,47.42312622,26.40884781
68.30000305,74.22579956,63.6313591,60.83905029,13.25635433,275.7523193,124.6664963,49.12607956,412.9442749,4.8033638,148.5336761,82.26502228,88.85490417,87.51739502,82.6650238,15.24489117,18.35063171,27.23225784,25.80320168,6174.233398,85.09421539,92.09077454,6.600126266,10.20567989,9.035679817,89.67970276,85.88898468,2.079935789,47.41643524,26.4885807
68.28881836,74.21510315,63.62414932,60.85774231,13.42243576,275.8643799,126.3564224,48.99390793,412.4012146,4.824050426,148.3303375,82.16157532,88.80795288,87.21073914,82.62729645,15.0193243,18.25884819,27.05365753,25.48835754,6169.162598,85.12989044,92.26644135,6.57289362,10.10748005,8.608773232,89.8980484,85.92588806,2.080466032,47.39606094,26.48051453
68.20000458,74.02108765,63.74543762,60.87643433,13.38350201,276.466095,126.1860886,48.73958969,413.5069275,4.801850319,149.0408325,82.10799408,88.86510468,87.06608582,82.65080261,14.91893673,17.54893494,27.25917816,25.41655922,6174.692871,85.20848083,92.25871277,6.561778069,10.06431103,8.737624168,89.80233002,85.99504852,2.08214426,47.393013,26.10817528
68.11057281,73.60916901,63.79594421,60.89512634,13.29702759,276.7121887,125.1845551,49.17636871,414.3425903,4.801231384,149.3055573,82.27119446,88.89621735,87.54348755,82.62330627,15.14857864,18.1145916,27.16025543,25.88142014,6174.163574,85.12202454,92.11657715,6.518664837,10.21529198,8.774036407,89.7607193,85.98249054,2.079786777,47.40943909,25.84786987
68.18653107,73.68300629,63.79296494,60.87599564,13.36140728,276.3120117,125.8293228,49.25982666,413.2716675,4.811900139,148.6059113,82.22712708,88.81938171,87.45053864,82.612854,15.0774498,17.9473629,27.19352531,25.44699669,6177.297852,85.2305069,92.33026123,6.518730164,10.23456669,8.927480698,89.88283539,86.08144379,2.082099915,47.38946152,26.04136848
68.10688019,73.75041962,63.71416855,60.81296158,13.33149338,275.5955505,125.7226639,49.11036682,412.3613892,4.808801651,148.0650024,82.21377563,88.81233978,87.43115997,82.61556244,15.04628086,18.09285164,26.9192524,25.4172554,6171.027344,85.28247833,92.12731934,6.55664587,9.894207001,8.45168972,89.71554565,86.09721375,2.074749947,47.5381279,26.06848526
68.09999847,73.77957916,63.70301437,60.81345749,13.27410507,275.5835571,124.8891525,49.06561279,412.9681091,4.805349827,148.365387,82.25441742,88.89186096,87.47563934,82.66461182,15.07756805,17.74715233,26.84502029,25.22170639,6169.962402,85.01970673,92.0404892,6.600090027,10.01916981,8.763756752,89.52675629,85.84836578,2.079787731,47.40284348,26.49443626
68.09803772,73.70899963,63.77994156,60.82888412,13.32982349,276.3241882,125.2159576,48.9270401,413.2322083,4.830132484,148.9765778,82.17861938,88.8522644,87.37982178,82.61139679,14.96194363,17.9376297,26.94723892,25.37333107,6173.611328,85.03085327,92.04879761,6.534493446,10.08995247,8.714241982,89.61647034,85.81919098,2.077466488,47.36676407,26.78628731
68.02587128,73.62988281,63.70456314,60.84430695,13.31573296,276.1598816,125.1874161,49.1460762,413.5168762,4.820142746,148.8109589,82.21176147,88.80971527,87.46039581,82.6207962,14.85120964,18.2173214,26.91797638,25.83084297,6172.496094,85.09778595,92.17423248,6.518797874,10.16799545,8.677004814,89.66017914,85.8979187,2.084144831,47.38645172,26.63425827
68.06429291,73.73070526,63.73099518,60.85973358,13.32847595,275.6398315,125.4854431,49.14883804,412.5265808,4.80354023,148.2086334,82.17194366,88.87948608,87.42057037,82.64293671,15.16223907,18.37698936,27.08953285,25.93852997,6166.637695,85.13873291,92.22563171,6.542238712,10.18546772,8.85193634,89.7794342,85.93739319,2.081987858,47.34846115,26.57423401
68.1362381,73.70436096,63.75742722,60.8751564,13.36961079,275.6509399,125.9673691,49.10601044,412.3164673,4.821773052,148.2982788,82.14309692,88.79303741,87.40756989,82.66507721,15.09808064,17.82136345,27.10060501,25.34657478,6171.185547,85.13484955,92.23644257,6.519128799,10.09727859,8.699286461,89.72252655,85.92755127,2.082900047,47.37797546,26.50623894
68.17623901,73.76435852,63.78385925,60.89058304,13.31141853,275.6771851,125.2708817,49.09563446,412.6321411,4.821650028,148.373764,82.11425018,88.71512604,87.40365601,82.68722534,14.86095333,18.25212669,27.00987816,25.64067078,6168.829102,85.05139923,92.04655457,6.544818878,10.27076054,8.68273735,89.63519287,85.84460449,2.081274986,47.37911224,26.47430801
68.20000458,73.73179626,63.75790405,60.85549164,13.27151108,275.8948059,124.8678894,48.71680069,412.9606934,4.802100182,148.7496185,82.14092255,88.7400589,87.23474121,82.65702057,14.92466164,18.13043213,26.95846748,25.19699097,6167.880859,85.06490326,92.06472015,6.585628033,10.08357716,8.998262405,89.67073059,85.87271881,2.08351469,47.4570694,26.41309738
67.91464233,73.33091736,63.79725647,60.78115082,13.28690624,276.5078125,124.8992844,49.17661285,414.2097778,4.826625824,149.404007,82.23121643,88.78442383,87.52145386,82.55139923,15.07315254,17.70247459,26.8996048,25.17566681,6166.796387,84.93174744,92.17725372,6.593831062,9.859045029,8.301308632,89.63545227,85.80683136,2.082169533,47.37539291,26.36121178
67.9544754,73.35345459,63.72748947,60.74725342,13.27044678,275.8052063,124.9136429,49.43480682,413.3882751,4.805349827,148.5432434,82.26721954,88.72727966,87.6518631,82.52947998,14.87559414,18.26994514,26.89200211,25.78700066,6170.112305,85.08876801,92.12451935,6.5072155,10.54815578,8.869051933,89.76830292,85.89821625,2.080972433,47.37545395,26.42001152
68.06583405,73.70240784,63.65338516,60.71335602,13.2540884,274.7613525,125.0546722,49.19699097,411.5428467,4.807423115,147.5834045,82.21799469,88.77644348,87.54546356,82.64748383,14.63619614,18.04846191,26.81056213,25.53589249,6172.082031,84.93015289,92.05899048,6.558188438,10.2065506,8.802454948,89.57008362,85.73473358,2.08137393,47.33947754,26.27801514
68.17369843,73.98945618,63.67201233,60.72624207,13.24541092,275.098114,124.5993118,48.82184982,412.4834595,4.804255962,148.1355438,82.13222504,88.708992,87.32798767,82.61241913,15.29281902,17.94636917,27.12845993,25.75735474,6175.556641,84.9440155,91.92359924,6.541802406,10.08551121,8.600274086,89.54927826,85.7353363,2.084707499,47.30560684,26.36094856
68.06843567,73.52049255,63.74401855,60.85345459,13.38009167,277.2116394,125.6688309,48.28659439,414.4050903,4.826962948,150.0389862,82.00241089,88.82517242,86.78346252,82.68032074,15.06612968,17.65045547,27.37220573,25.21603203,6174.545898,85,92.13903809,6.563806057,10.29466248,8.861369133,89.74360657,85.8290863,2.08353591,47.30472565,26.18688965
67.76482391,72.72424316,63.85440826,60.88694382,13.33418846,277.1944885,125.3274994,49.51602173,415.0863953,4.818399906,149.6134949,82.29628754,88.89597321,87.66695404,82.58421326,15.00671482,17.62838936,26.81378174,25.53486252,6170.059082,85.18979645,92.3060379,6.493389606,10.24346352,9.069759369,89.88538361,85.98979187,2.081247568,47.33404922,25.99227524
67.91532135,72.9561615,63.89471817,60.84183121,13.30010319,275.5396729,125.329277,49.59806824,412.5315857,4.807881832,147.9031982,82.39876556,88.89579773,87.73884583,82.60150909,14.95178413,17.42902565,26.72527504,25.45139885,6173.363281,85.16884613,92.24630737,6.545645237,10.2253561,8.772906303,89.74653625,85.96884155,2.079649925,47.35536194,26.24412727
68.06286621,73.47477722,63.70461655,60.80379486,13.3668499,274.97052,126.1589279,48.99219513,411.5075073,4.815244675,147.4431,82.17665863,88.86573792,87.32630157,82.65897369,14.84163952,17.75525093,27.20652008,25.30501747,6181.294434,85.07855225,92.23193359,6.552312851,10.40157032,8.919981003,89.71897888,85.88883209,2.082597256,47.3861084,26.31258392
67.94379425,73.21363831,63.7868042,60.85597229,13.32358265,276.2369995,125.2230072,48.79502487,413.1716614,4.820772171,149.0478821,82.1762619,88.80632782,87.23358917,82.59075165,15.10638428,18.31203651,26.8917141,25.51173401,6169.931152,84.99536896,92.04543304,6.519538403,10.40664196,9.178963661,89.63490295,85.79736328,2.079180241,47.35538101,26.27779579
67.85299683,72.88990021,63.78232574,60.89184952,13.22537422,276.5897217,124.4889984,49.02267075,414.3781433,4.802100182,149.3216858,82.1816864,88.89329529,87.49472046,82.55685425,15.21354294,18.04137611,27.07537842,25.69027138,6177.044922,84.95909119,91.94561005,6.515523434,10.34062004,8.833913803,89.54734802,85.7456131,2.0809412,47.30557632,26.04346848
67.85436249,72.83135986,63.76127243,60.83135986,13.39264393,276.5142517,126.0805664,49.07170105,413.5656433,4.81158638,148.8148804,82.10134888,88.845047,87.25453949,82.52295685,14.93277454,17.31856918,26.92509651,25.0222187,6171.723145,85.17198181,92.27467346,6.602866173,10.62116528,9.113840103,89.88267517,85.96579742,2.084577084,47.3142128,25.9820919
67.72793579,72.82145691,63.74021912,60.80272293,13.31127167,275.8357239,125.2291565,49.27217102,412.8623657,4.806817532,148.3796234,82.16523743,88.70654297,87.47048187,82.51373291,14.71669579,17.76150513,26.87594795,25.52374077,6169.583008,85.09007263,92.16868591,6.504920483,10.19309711,8.644394875,89.66352081,85.89029694,2.083881855,47.30830765,26.0419178
67.83792877,72.95541382,63.71916962,60.80358887,13.30367374,275.6196289,125.1906738,49.07468796,412.4598083,4.811900139,148.2825928,82.1027298,88.77670288,87.44944,82.58248138,14.87215042,17.76634407,27.01476479,25.45059967,6169.925293,84.97485352,92.0298233,6.575292587,10.19716644,8.84675312,89.59999847,85.78240204,2.082900047,47.28780746,26.04421043
67.87902832,73.05509949,63.78014755,60.8674202,13.26461601,275.6270447,124.7940826,48.99645996,412.7790833,4.813216686,148.3796234,82.15537262,88.73100281,87.38946533,82.50930786,14.87443924,17.68924522,26.88488197,25.53298569,6169.177734,84.90077209,91.93320465,6.51538229,10.67197037,8.695485115,89.51216888,85.70346069,2.082900047,47.28842163,26.04195404
68,73.02407837,63.86728287,60.84754181,13.36218357,276.3395996,125.5565948,48.73557281,413.4839172,4.825214863,148.9700775,82.1177597,88.74939728,87.10283661,82.66196442,14.77868938,17.94112206,26.97657967,25.43513298,6171.54248,85.15424347,92.06093597,6.545894146,10.2121067,8.959608078,89.67700195,85.98419952,2.079892874,47.39579773,25.90721321
67.65477753,72.66296387,63.79999924,60.8836937,13.36832809,276.9657288,125.7757416,49.06973648,414.3625488,4.800551414,149.1929016,82.17305756,88.79050446,87.27656555,82.58257294,15.01895714,18.13333702,26.97189522,25.68558884,6170.94873,85.19584656,92.27814484,6.558393478,10.25166321,8.8057127,89.84549713,86.00817108,2.083643913,47.31464005,25.99007225
67.64537048,72.42559052,63.83688736,60.86415482,13.41372204,277.0434875,126.3925781,48.99301147,413.5656433,4.821755409,149.2311249,82.15307617,88.7739563,87.14581299,82.54580688,15.28050137,18.15570641,27.32302094,25.58893394,6174.82373,85.11092377,92.23427582,6.622391701,10.51626968,9.067489624,89.80000305,86.06268311,2.08063674,47.30803299,25.94128227
67.52077484,72.26004028,63.82124329,60.81456757,13.3567276,276.6465454,125.8729401,49.09729004,413.9407654,4.800030231,148.7881775,82.08924103,88.79257965,87.30478668,82.55995178,14.92632961,18.19919395,26.91051102,25.62293053,6167.449707,85.16821289,92.2934494,6.61040926,10.21646595,8.673046112,89.84583282,86.02770996,2.081406116,47.26704788,26.02859688
67.50733948,72.1210022,63.89680862,60.89477921,13.49970818,277.1647339,127.1505814,48.98957443,413.5180054,4.825094223,148.9675446,82.08371735,88.80000305,87.00532532,82.51693726,14.94749928,18.24959183,27.30763435,25.87227058,6169.617188,85.29467773,92.42345428,6.546021461,10.03277874,8.729823112,90.01035309,86.12879944,2.083631516,47.27346039,25.90449524
67.51593018,71.95775604,63.83955765,60.83652878,13.46497631,277.5628662,126.7096405,48.96403122,414.3218079,4.802333832,149.2031097,82.00733185,88.73397827,87.06045532,82.59287262,14.94037056,17.94959641,26.9517765,25.35247421,6173.852539,85.29144287,92.40533447,6.576020718,10.21700287,9.158711433,89.9837265,86.12966156,2.083661079,47.25251389,26.06411934
67.28274536,71.44068146,64.00246429,61.00067902,13.41519165,278.4519653,125.8133621,48.85107803,413.7940369,4.831846237,149.8209839,82.00533295,88.8136673,86.8186264,82.50234222,15.20744705,18.2694416,27.3080864,25.83644295,6174.091309,85.2813797,92.53097534,6.621971607,10.06405544,8.55152607,90.06194305,86.18138123,2.085099697,47.22308731,26.1102562
67.27383423,71.02780914,64.11992645,61.11223221,13.57170391,278.6399536,127.8521042,49.01472473,415.184082,4.810299397,149.8455658,82.09999847,88.99523926,86.87434387,82.58172607,15.31896687,18.06995583,27.56138802,25.80020714,6175.597656,85.5854187,92.67519379,6.589623451,10.34212208,8.942980766,90.30000305,86.4413681,2.081456423,47.32373047,25.90084076
67.0423584,70.6007309,64.10621643,61.10282135,13.48859406,278.4437866,126.8124008,49.19788361,414.7335205,4.824162483,149.6388702,82.05427551,88.89427185,87.09999847,82.49066925,14.93808365,17.57919502,27.32263947,25.617836,6177.782715,85.26757813,92.45862579,6.566107273,10.22152901,8.739555359,89.99272919,86.16294861,2.081459284,47.27848816,25.89577675
67.07121277,70.68856049,64.14252472,61.11767197,13.55555725,277.8098145,127.8503494,48.95170975,413.7812805,4.803244591,148.963562,82,88.85171509,86.84687042,82.44149017,15.2332325,18.07349396,27.38459015,25.6660347,6179.711914,85.47939301,92.57694244,6.621809483,10.88653755,9.213616371,90.06642914,86.25862122,2.080297232,47.29389572,25.8740921
67.07292175,70.61538696,64.12030029,61.13252258,13.62256527,278.0061646,128.2041168,49.07484436,414.6832275,4.821650028,149.3488007,82.06210327,88.84476471,86.76412964,82.40827942,15.12966919,18.25341797,27.56541824,25.90682411,6177.716309,85.40440369,92.76107025,6.543137074,9.967829704,8.337843895,90.29657745,86.31880188,2.084042311,47.25218582,26.04328728
66.95134735,70.40236664,64.23087311,61.1473732,13.52102375,278.2322388,127.2143173,49.040802,414.5086365,4.799734592,149.4463806,82.0851059,88.93888092,86.98110199,82.48621368,15.20694923,18.25343323,27.26565361,25.85426903,6177.778809,85.42380524,92.52163696,6.62617445,11.13824368,9.287321091,90.11768341,86.20989227,2.08236289,47.24656296,26.04584885
66.83325958,70.37167358,64.26837158,61.16222382,13.56745052,278.1624451,127.9373779,49.06973648,414.5649109,4.805349827,149.2097321,82.06629944,88.88957977,86.90000153,82.39026642,14.88194752,18.59376526,27.19221115,25.93836212,6173.964355,85.51990509,92.65588379,6.552240849,10.57690811,8.71538353,90.21133423,86.34487915,2.085891724,47.22441483,26.04200363
66.8117981,70.30484009,64.23069763,61.17707825,13.54730225,278.0284119,127.511322,49.03674316,414.0392761,4.818858147,149.361084,82.07221222,88.89258575,86.94760895,82.41612244,15.03846455,18.55177879,27.43426323,26.08283424,6170.197754,85.48355103,92.54732513,6.577309132,10.56964874,8.782619476,90.19528198,86.29621124,2.078099728,47.22750854,26.01771164
66.87998199,70.39055634,64.20523071,61.19192886,13.47328186,277.5722046,126.9183884,49.34384537,414.013855,4.803566933,148.8808899,82.10433197,88.82281494,87.25952148,82.46875763,14.66501045,18.32145882,27.00818634,25.64045525,6169.905273,85.25387573,92.57024384,6.540116787,9.890443802,8.226494789,90.12448883,86.14910126,2.086058855,47.22591019,26.0446949
66.96099854,70.85237885,64.24049377,61.07052231,13.58015633,276.7266235,128.0657349,49.11023331,412.2507629,4.817371368,147.947403,82.0773468,88.89278412,86.91619873,82.44920349,14.86010551,17.78256035,27.21132088,25.15731621,6169.295898,85.42037964,92.68492126,6.555451393,10.9306612,9.201086044,90.15055084,86.32772064,2.083121061,47.30859375,26.20047188
66.9956665,71.00952911,64.18771362,61.01704788,13.53975296,276.6627197,127.6749344,48.84915543,412.9711304,4.79885006,148.2993164,81.95509338,88.83196259,86.78264618,82.40898132,14.97294426,18.95728111,27.52873993,25.47834396,6174.1875,85.40474701,92.52381897,6.532493114,10.57215786,9.011126518,90.0769043,86.22382355,2.083933592,47.23453522,26.21022606
66.93053436,70.86347961,64.16744232,61.07587433,13.51243496,277.4990845,127.136322,49.01091385,413.8040161,4.824010372,149.2289886,82.0943222,88.85205841,86.91389465,82.42379761,15.09753323,18.54122734,27.50046921,25.77206421,6172.577148,85.29653168,92.48014832,6.596055031,11.01376152,9.15669632,90.00272369,86.09681702,2.081368208,47.23619843,26.15924644
66.96633911,70.76383972,64.14717102,61.04743958,13.42890263,277.2187195,126.1204453,49.1734848,413.6627808,4.820636749,149.0557861,82.18424225,88.87969208,87.30000305,82.43861389,14.80985928,18.0626049,26.90271187,25.63444138,6174.21582,85.15343475,92.23744965,6.545918465,11.00839996,9.288190842,89.83229828,86.02036285,2.083562613,47.23566818,26.04411507
67,70.97652435,64.12689972,61.01669312,13.54603481,276.9532471,127.7582703,48.9818306,412.6838684,4.812000275,148.515274,82.01522827,88.84794617,86.95289612,82.45343018,15.03269196,18.0535183,27.31531715,25.40320206,6177.921875,85.3331604,92.48644257,6.581654072,11.23188686,9.183047295,90.02404785,86.13434601,2.085490942,47.20567322,25.91138649
66.97220612,71.03369904,64.10662842,61.04581833,13.37409687,276.7895508,126.0189133,49.20519257,413.7532959,4.801697731,148.6196899,82.11521149,88.81620026,87.31304932,82.46824646,15.15378666,18.14642525,27.34646797,25.77146149,6177.660156,85.06958008,92.23987579,6.4960742,10.84857368,9.238399506,89.82826996,85.91280365,2.086149931,47.25413895,25.77117348
66.94149017,71.02711487,64.2209549,61.07494736,13.51008511,277.3100891,127.1425552,48.81012344,413.0806885,4.823336124,149.2261658,82.06059265,88.9362793,86.84146118,82.48306274,15.05427265,18.77245331,27.18247414,25.83763885,6174.793457,85.23147583,92.36476135,6.581681252,11.18115711,9.207182884,89.91192627,86.02008057,2.084053993,47.21937561,25.75442505
66.98229218,70.8842926,64.29323578,61.06517792,13.395401,277.7149658,126.1971588,49.07215118,414.510498,4.800876141,149.341507,82.18596649,88.98991394,87.19774628,82.4978714,14.99339962,18.218256,26.99523544,25.55343246,6174.05127,85.19747162,92.28354645,6.63932991,11.17834473,9.256454468,89.878685,85.98991394,2.085223675,47.22584534,25.84361649
66.90773773,70.90138245,64.20110321,61.02581024,13.46294498,277.462616,126.8327026,49.1637764,413.9046936,4.804055691,148.9081268,82.1302948,88.85614014,87.26683044,82.40290833,14.89787388,17.97493744,27.14942932,25.44292068,6177.42041,85.27575684,92.33911896,6.546626091,10.72448826,9.361613274,89.89742279,86.08407593,2.082443237,47.28965378,25.95692825
67.05825806,71.18816376,64.20864105,61.02926636,13.50161266,277.0003052,127.2787018,49.03973007,412.9626465,4.802100182,148.4007263,82.0406723,88.90087891,87.01241302,82.48733521,15.2281208,18.53479195,27.48610878,26.08167076,6184.783691,85.37253571,92.45330048,6.55319643,11.18153095,9.339177132,89.99378967,86.16592407,2.085003138,47.25416565,25.90304947
66.94454956,71.08584595,64.22904968,61.06125641,13.51369095,277.026947,127.1084671,49.08158875,413.003479,4.82490015,148.7058716,82.07594299,88.97696686,87.07907104,82.45661926,15.1645298,18.39812469,27.32101059,25.93410683,6181.247559,85.27674103,92.31642914,6.603369713,11.15006447,9.411294937,89.94031525,86.07673645,2.083543301,47.24773026,26.00309753
66.95632172,71.0493927,64.24945831,61.02478027,13.55732155,277.2870178,127.7378693,48.90046692,413.4970093,4.815599918,148.840332,82.02779388,88.90634918,86.85359192,82.41199493,15.1055727,18.26261139,27.29224777,25.51886177,6180.501465,85.34501648,92.54270935,6.60453701,10.93154716,9.274424553,90.0341568,86.14692688,2.082950115,47.23225784,25.96465683
66.95571136,70.95288086,64.26986694,61.04514313,13.37787247,277.1761475,125.8331604,49.1170578,413.8099365,4.808133602,149.0021362,82.08145142,88.90000153,87.2900238,82.46199036,14.93645859,18.14428711,27.47664833,25.55050468,6175.70166,85.04716492,92.25873566,6.595738411,10.95044041,9.457954407,89.7279129,85.85071564,2.083816767,47.25191879,25.92815781
66.93929291,70.94325256,64.29027557,61.09485626,13.5147028,277.2322083,127.2233429,49.09037399,413.3172302,4.81555891,148.7709198,82.00917053,88.94848633,87.07920837,82.37320709,15.14192295,18.39105797,27.27817154,25.79435921,6180.086426,85.36621094,92.42089081,6.555425167,11.0652914,9.282457352,89.96108246,86.132164,2.083488703,47.24183655,25.89112854
67.00975037,71.17967224,64.20214844,61.00394058,13.40428257,274.794281,126.9339523,49.01731873,413.9829712,4.762978077,148.7628479,82.12014008,88.87718964,87.3605957,82.41075134,15.22599888,18.26463699,27.147686,25.68571854,6180.576172,84.93901825,91.9786911,6.566717148,10.14305019,8.748285294,89.53920746,85.73984528,2.085191488,47.26904678,25.92881966
67.17207336,70.96501923,64.30435944,61.22124481,13.81457138,278.8043213,129.9276733,48.35100937,413.7077332,4.829930782,149.5010834,81.83773041,88.90859222,85.7699585,82.40145111,14.50030708,17.7212429,27.86334991,25.60538101,6182.84668,86.01501465,93.14021301,6.522080898,10.08503723,8.302276611,90.6650238,86.82002258,2.081585884,47.38510513,26.19386673
66.81000519,70.25080109,64.47542572,61.35105133,13.7388258,278.7853699,129.5105743,49.35747528,415.5939026,4.815149784,149.7348022,82.15753174,89.17087555,86.84327698,82.43250275,15.16659546,18.29364967,27.60637093,26.07350731,6185.925781,86.00608826,93.12846375,6.555385113,9.937364578,8.302755356,90.65903473,86.81478119,2.081274986,47.37823105,26.48361397
66.83625793,69.91238403,64.54212952,61.38473892,13.63303471,278.2938538,128.4335022,49.36973953,413.8492432,4.810583115,148.9822388,82.16036987,89.1982193,87.07292938,82.4752121,15.16986847,18.7303009,27.46585274,26.01093864,6180.509277,85.72599792,92.8216629,6.522198677,10.45512486,8.892465591,90.41140747,86.57336426,2.078389168,47.43097305,26.64920044
66.7565155,69.92420959,64.59130859,61.41116714,13.7346735,277.7169189,129.4321899,48.88165665,413.2305603,4.808599949,148.8870697,82.02266693,89.17024994,86.54795074,82.41763306,14.67924595,18.02360153,27.47626877,25.44139862,6174.233887,85.92177582,92.96495056,6.587114334,10.29964733,8.736635208,90.53762817,86.76034546,2.077441216,47.45422745,26.99905205
66.71616364,69.70925903,64.64083862,61.46522522,13.63817215,278.2939453,128.4085846,49.09434509,414.398407,4.812082767,149.4312897,82.12186432,89.17219543,86.83708954,82.4648819,14.96165466,18.49508286,27.93115616,26.10981369,6169.047363,85.85774994,92.76034546,6.603460789,10.84804153,8.835536003,90.34345245,86.67229462,2.082796574,47.47119522,26.94715309
66.75589752,69.78425598,64.65501404,61.46704483,13.69981098,278.0127563,129.257309,49.10586166,413.9479065,4.817142487,149.7868958,82.12960052,89.11092377,86.70988464,82.41805267,14.69493389,17.81103325,27.52366257,25.31023788,6170.161133,86,92.86632538,6.620396137,10.11853886,8.392270088,90.47068024,86.77164459,2.080131292,47.46892929,27.40249634
66.79563141,69.87332153,64.72470093,61.43989182,13.5850563,277.7003174,128.0239563,49.12115097,413.424469,4.809151173,149.5057373,82.10372162,89.12376404,86.98257446,82.47200012,14.80092812,18.1830101,27.39232254,25.59657097,6177.016113,85.641716,92.6320343,6.603654385,11.04501152,9.487179756,90.14334106,86.43688965,2.078628778,47.48820877,27.38588333
66.85958099,70.13851166,64.77687836,61.52809906,13.69101143,277.4535217,129.2157745,48.91927338,413.2419739,4.809531689,149.4697113,82.16221619,89.20220947,86.74966431,82.44799042,14.36912727,17.876194,27.22226715,25.16382027,6183.348145,85.85912323,92.75408173,6.619963646,10.41101837,8.548108101,90.36139679,86.6663208,2.076156139,47.5123024,27.68741989
66.82861328,70.12109375,64.72698212,61.53783798,13.58515644,277.7808533,127.8338089,49.01107407,414.0295105,4.819058895,149.9599304,82.21022797,89.21999359,86.97738647,82.53498077,15.11866093,18.1206398,27.91384315,25.89053154,6185.632813,85.65248108,92.32162476,6.579277039,11.55875301,9.372168541,89.91144562,86.43924713,2.076296329,47.63469315,27.90469933
66.90000153,70.18344879,64.68605804,61.51290131,13.69480991,277.7851868,128.9294739,49.18816757,413.7603455,4.822272778,149.6548004,82.27544403,89.28018188,86.93199158,82.55674744,14.74319553,18.24975586,27.54725838,25.67843819,6179.307129,85.86397552,92.56820679,6.542244434,10.50771046,8.750591278,90.16614532,86.66858673,2.076170206,47.58721542,28.39990425
66.91221619,70.30308533,64.66876221,61.52856445,13.7655344,277.3328552,129.7435608,49.01888657,413.0728455,4.800782204,148.96521,82.10199738,89.21802521,86.67189789,82.4557724,14.62040901,18.1969471,27.80000496,25.51556778,6177.207031,86.06803894,92.80667114,6.546619415,10.17449474,8.555880547,90.36000061,86.86000061,2.076741457,47.60625076,28.50757027
66.99013519,70.43481445,64.651474,61.54423141,13.58084774,277.389801,127.8469925,49.01887894,413.4037476,4.802480221,149.4397125,82.25611115,89.20740509,86.96805573,82.58281708,14.99483776,18.42853928,27.81572342,25.97818184,6177.07373,85.71463013,92.33653259,6.619894505,11.35468483,9.356203079,89.95191956,86.46831512,2.073884964,47.63912964,28.75463295
67.05999756,70.60222626,64.63417816,61.55989838,13.54916859,277.4197693,127.5151367,49.12400436,413.3844299,4.806223392,149.3802185,82.20000458,89.211586,87.0765152,82.53146362,14.55511665,17.85470009,27.4986515,25.51444054,6178.607422,85.79154968,92.33784485,6.533173561,11.64062881,9.50331974,89.98970032,86.55467224,2.071768999,47.6393013,28.8580246
67,70.77992249,64.61688232,61.57556534,13.62856007,277.225647,128.4459839,48.98232269,413.1868591,4.8114748,149.4514923,82.28419495,89.27992249,86.93000793,82.57048035,14.44915676,17.81327248,27.40802002,25.10659027,6190.166504,85.86095428,92.45227814,6.506316662,10.95737267,8.963681221,90.04334259,86.64962769,2.074749947,47.65489578,29.05438423
67.25505066,70.774086,64.60783386,61.5912323,13.99330425,277.7965698,132.1368713,48.87406921,413.3052673,4.797290325,148.9673462,82.09999847,89.20183563,86.17984009,82.52799988,14.58150578,17.81225204,27.76777077,25.36982918,6190.76123,86.44677734,93.31008911,6.549342632,9.914754868,8.384253502,90.77050781,87.24689484,2.069875002,47.68004227,29.50969124
67.18935394,70.53352356,64.77687836,61.63437271,13.542099,277.8830872,127.3493881,49.14447021,413.8631897,4.816939831,149.8612061,82.32157898,89.35993958,87.16801453,82.67703247,14.55705166,18.56103134,27.72830582,25.9818306,6178.496582,85.78840637,92.33350372,6.554889202,11.21128178,9.097852707,89.92852783,86.54090118,2.071500063,47.77547073,29.5434761
67.11100006,70.6672287,64.68395233,61.56007767,13.52985191,277.4389954,127.3430328,49.21763229,413.3146973,4.809317589,149.4585419,82.32205963,89.24077606,87.24008942,82.65259552,14.71749306,18.53375435,27.62566566,25.6458683,6174.481445,85.65839386,92.26329803,6.532697678,10.96557617,9.260464668,89.85993958,86.45993805,2.071853399,47.71440125,30.16892815
67.24401093,71.17754364,64.6214447,61.43159866,13.40585995,276.4935913,126.1146698,49.17694855,412.4225769,4.825818539,149.2401428,82.39024353,89.27466583,87.4550705,82.61901855,14.52438545,18.2357235,27.11693573,25.33826065,6177.743164,85.41225433,91.907341,6.562882423,11.53572273,9.645417213,89.5177002,86.157341,2.069297314,47.74722672,30.53074646
67.38040924,71.7673645,64.51432037,61.38130188,13.39485836,276.5992126,126.1994476,48.91398239,413.2038879,4.805687428,149.3517761,82.25564575,89.11380005,87.2583847,82.69194794,14.8045702,18.30410385,27.5752182,25.35983086,6177.390625,85.46273041,91.94930267,6.636044979,11.26623154,9.210272789,89.55699921,86.22707367,2.073071718,47.7206459,30.12761879
67.47414398,72.05853271,64.55521393,61.34869385,13.41777611,277.3067322,126.4140549,48.8665657,413.8520203,4.812006474,150.0423737,82.26470947,89.11447144,87.24002075,82.62672424,14.9265461,18.64728546,27.45448685,25.71679878,6181.155273,85.36105347,91.90461731,6.521802902,11.56962967,9.600440979,89.50777435,86.12427521,2.07268548,47.71437836,30.38221359
67.53821564,72.21852875,64.4983902,61.316082,13.37832832,277.3482971,126.0582504,49.1980629,414.7564697,4.799276829,150.2665253,82.3502655,89.17998505,87.51463318,82.66300201,14.40616035,18.01250458,27.11292267,25.3228302,6191.121094,85.42358398,91.90815735,6.619167805,10.8327589,9.01384449,89.52825165,86.18044281,2.068161249,47.74054337,30.33450127
67.57453156,72.37970734,64.43021393,61.28383636,13.33876896,276.9429016,125.539711,49.25337982,413.3145752,4.825257778,149.7870789,82.38832092,89.10585022,87.63357544,82.59999847,14.68588161,18.25695992,27.40690422,25.81304359,6178.633789,85.33901978,91.81990051,6.554630756,11.31463146,9.5691185,89.46234894,86.07421875,2.071824312,47.73479843,30.36376572
67.72966003,72.78408813,64.33207703,61.2115593,13.34199333,275.7461853,125.5941696,49.19884109,412.7030334,4.807651997,148.8657684,82.30499268,89.07466888,87.57591248,82.70669556,14.27566147,17.32552719,26.95464134,25.12011337,6168.587402,85.34109497,91.95290375,6.556778431,11.22228718,9.177139282,89.55290222,86.1081543,2.076267719,47.74103928,30.06395721
67.95870972,73.35701752,64.33258057,61.23060989,13.2632885,275.7167664,124.7906952,49.09848785,412.825531,4.814498425,149.2237396,82.33323669,89.04451752,87.67951202,82.74777985,14.83722115,18.1390686,27.1367054,25.34401894,6178.65918,85.38204956,91.77436066,6.547033787,10.52920532,8.966368675,89.33264923,86.04428864,2.072394133,47.84653473,29.96425056
67.95285797,73.60746002,64.23046875,61.16867447,13.26081276,275.5529785,124.4770966,49.15830231,413.0526428,4.818021297,149.3889618,82.37278748,89.01436615,87.65598297,82.79399872,14.78946209,17.91879082,27.2177639,25.25444221,6175.526855,85.14704895,91.75336456,6.523504257,10.82384777,9.371740341,89.35430145,85.98685455,2.071234703,47.78719711,30.13703346
68.13554382,73.87561798,64.14478302,61.12215805,13.30004501,275.7388611,125.159111,48.92213058,412.4996643,4.817091942,149.3665771,82.3131485,89.01371765,87.43692017,82.78477478,14.35278034,17.88076019,27.0261116,25.09649467,6169.854492,85.26122284,91.77794647,6.538466454,10.08781147,8.734049797,89.45375824,86.06604767,2.074571133,47.76387787,30.26442528
68.17990112,73.92562866,64.13220978,61.15067673,13.32144642,276.215271,125.4242096,48.90943146,413.303894,4.811900139,149.4940186,82.33273315,88.94289398,87.42684174,82.73999786,14.63015461,17.73229027,27.24364662,25.25124168,6168.35498,85.30967712,91.85012054,6.513035297,10.77007103,9.273337364,89.44943237,86.0766983,2.074393272,47.76319122,29.82322884
68.15140533,73.82875824,64.13420105,61.14723206,13.25377083,276.291687,124.4247818,49.07566833,413.8599243,4.810952187,149.9105988,82.39523315,88.97754669,87.62042236,82.80339813,14.63142681,17.94799423,27.16193008,25.71486092,6166.713867,85.28224945,91.83172607,6.523623943,10.60236549,8.985404968,89.45678711,86.0861969,2.069008112,47.78396606,30.16586876
68.27603912,73.93054199,64.11760712,61.22374725,13.24927139,276.0651855,124.7338943,49.08743286,413.5367737,4.801331997,149.5601807,82.34945679,88.94421387,87.62939453,82.84954834,14.46872616,17.93282318,26.99889755,25.26568222,6173.125,85.28907776,91.78142548,6.635321617,10.59514809,9.147041321,89.34044647,85.98044586,2.069225073,47.78137589,30.0242691
68.34265137,74.10237122,64.13742065,61.25989151,13.23262024,276.1035461,124.269165,49.10322189,413.6502991,4.814887047,149.7164459,82.44541931,88.91088104,87.75589752,82.89570618,14.32152367,17.9869442,26.95144463,25.25191307,6179.181641,85.28347778,91.73887634,6.537385941,10.60185242,9.096092224,89.31977081,85.93429565,2.0741539,47.79471588,30.52498817
68.46185303,74.21778107,64.19742584,61.29603577,13.21317959,275.6575928,124.2861938,49.19088745,413.5264587,4.805020332,149.3929901,82.47924805,89.08825684,87.7641449,82.95162964,15.02497101,17.89826202,27.21826172,25.25621414,6183.994629,85.28691864,91.78805542,6.537282467,10.20063496,8.473138809,89.396698,85.92075348,2.069224596,47.83578491,30.16576576
68.52168274,74.3715744,64.09812164,61.20134354,13.31074524,275.6597595,125.2296982,49.12783051,412.7350769,4.805131912,148.9713135,82.38574982,89.0038681,87.60919952,82.91178894,14.71976471,18.01296425,26.98523521,25.42198753,6181.77832,85.35012817,91.88993073,6.618764877,10.33700848,9.067881584,89.48963165,86.19463348,2.06843996,47.87941742,30.70936966
68.53994751,74.31549835,64.07258606,61.21619415,13.32578087,275.8943481,125.5052948,48.92857742,412.6355896,4.819540024,149.3920288,82.30222321,89.0821991,87.56119537,82.91034698,14.52589226,18.02119637,27.1587944,25.27672005,6178.710938,85.35288239,91.76567841,6.605184555,10.3682394,9.075358391,89.47626495,86.02376556,2.06955266,47.88116455,30.47331619
68.52876282,74.3629303,64.04705048,61.23104477,13.18343735,275.5256348,124.0537186,49.16732025,413.5270386,4.808599949,149.3963623,82.42636871,89.04520416,87.86199951,82.95404053,14.70392227,18.01229858,27.1569519,25.44571495,6178.982422,85.18097687,91.62091827,6.545095921,10.51105595,9.077335358,89.35417938,85.927948,2.069215059,47.90985489,30.29729271
68.64199066,74.54006958,64.02152252,61.2458992,13.276371,275.5856628,125.1591797,49.08932495,412.6612854,4.809063435,149.2062836,82.45346832,89.03014374,87.70637512,83.00369263,14.6605072,17.55523491,27.15481377,25.19985771,6182.40625,85.2694931,91.8892746,6.383570194,10.51036549,8.785926819,89.47921753,86.09043121,2.069696665,47.90377808,30.423563
68.77075195,74.56658173,64.07447815,61.26074982,13.2472744,275.6552124,124.6089935,49.02003479,412.8387756,4.805156708,149.1924591,82.49814606,89.01226044,87.7469101,83.03000641,14.4842186,18.17222023,27.10704994,25.46847153,6183.98877,85.2848587,91.7638855,6.466143608,10.3521452,9.010977745,89.45611572,86.07536316,2.069875002,47.92841339,30.55407524
68.77909851,74.51300812,64,61.27560043,13.29531288,275.6903992,124.9345779,49.12077332,413.1593628,4.822360992,149.4750824,82.40259552,89.0017395,87.7874527,83.05632782,14.44039536,18.19337654,27.16499901,25.54798126,6182.125,85.33312225,91.71510315,6.494916439,10.48361397,8.800251961,89.33882904,86.04070282,2.067687988,47.90916443,30.76678085
68.79364777,74.60164642,64.09107208,61.29045105,13.18626022,275.4837036,124.0074539,49.07353973,413.087677,4.819461346,148.968277,82.48574066,89.05714417,87.8781662,83.0826416,14.51621914,17.75230217,26.88591385,25.22798347,6182.246094,85.20225525,91.59999847,6.512888432,10.58154202,8.968887329,89.20831299,85.90627289,2.068279505,47.94710541,31.24186134
68.94286346,74.75922394,64.05740356,61.25878906,13.27914143,275.6160583,125.0126953,48.96226501,413.1593628,4.801714897,148.6723785,82.40714264,89.09142303,87.60634613,83.06071472,14.70874405,18.04802895,27.10142899,25.30634308,6178.449707,85.49251556,91.89852142,6.498706341,10.17964745,8.712143898,89.49567413,86.22460938,2.067257166,48.01967239,31.51377487
68.88300323,74.75378418,63.97069168,61.1724968,13.19774532,275.5315857,124.128746,49.15840912,413.1053467,4.809583664,148.7268524,82.48662567,89.04291534,87.84715271,83.02857208,14.80764675,17.92645454,27.23477745,25.6362114,6180.845215,85.2738266,91.77301025,6.431037426,10.18505573,8.479026794,89.36785126,86.05708313,2.069536209,47.94432449,31.68288422
68.99886322,74.89286041,63.90883636,61.11642075,13.19470406,274.9039917,124.4753113,49.2376442,412.9416809,4.792029381,148.3677826,82.40970612,89.04922485,87.90872192,83.09598541,14.57428551,18.20880127,26.82867622,25.36736298,6181.529297,85.3957901,91.73575592,6.505432129,10.29039001,8.846853256,89.39672852,86.09796143,2.06922245,47.95976639,31.68979454
68.98394012,74.57254028,64.00504303,61.25237274,13.1511488,275.4777832,123.6870651,48.84136581,412.5791931,4.793512821,148.7881927,82.40812683,89.02845764,87.62745667,83.09880829,14.47562981,17.91625214,27.06125069,25.70134926,6185.479004,85.22861481,91.61076355,6.507231236,10.4302702,8.886788368,89.24861908,85.97758484,2.068065882,47.97645187,31.70109177
68.90162659,74.21960449,64.09327698,61.27680588,13.36517143,276.9927063,125.5518494,49.16648102,414.3849792,4.82511282,149.3668213,82.45687103,89.03587341,87.59999847,83.04880524,14.65881824,18.36120415,27.33942604,25.58878899,6185.900391,85.61234283,92.02973938,6.501683712,10.78303337,9.073122025,89.60513306,86.30743408,2.069010735,47.97008896,31.85870171
68.80226898,74.14441681,64.03858185,61.2415123,13.32311916,276.3778381,124.9966202,49.4855423,413.5166016,4.830746651,148.8366394,82.46273041,89.03408813,87.90240479,83.07837677,14.47049332,17.8750782,26.88611221,25.39778137,6176.447266,85.5982666,92.00681305,6.509100437,10.59263992,9.002110481,89.60681152,86.32118988,2.06808424,47.98171997,32.08899307
68.98885345,74.51791382,63.94916916,61.2062149,13.20795631,274.7855225,124.3709869,49.28317642,411.7167664,4.816551685,147.7972412,82.41925049,89.03916931,87.86232758,83.10810852,14.5588026,17.83191299,27.0728817,25.34869766,6171.753418,85.42563629,91.82297516,6.553650856,10.19413185,8.781059265,89.42089844,86.14055634,2.068939447,47.99454117,31.97122002
69.17861938,74.94397736,63.99838257,61.29858398,13.27580547,275.1070251,124.877327,48.81877518,411.54245,4.805372238,148.1122284,82.48574829,89.09433746,87.48127747,83.19245911,14.38344479,18.15128517,27.34638786,25.36574173,6169.158691,85.55240631,91.92861938,6.521806717,10.32567596,8.72428894,89.52868652,86.24868774,2.067643166,48.00556564,32.82310104
69.09649658,74.65706635,64.05036926,61.20413971,13.37681007,276.6082458,125.9811707,48.69930267,413.6309814,4.80829525,149.9924622,82.30176544,89.01358795,87.2565155,83.10141754,14.69047642,18.07501602,27.33341599,25.51186752,6171.422363,85.62464142,92.03125763,6.514728069,10.03019238,8.462023735,89.6312561,86.3245697,2.068117857,48.06619644,32.51077652
69.01971436,74.31304932,64.09797668,61.27891922,13.30933571,276.9700317,124.9551086,49.19431686,414.331665,4.820500374,150.1673737,82.54605865,89.04355621,87.6858902,83.16082764,14.49195194,18.02139473,27.15617943,25.99961472,6177.42627,85.57074738,92.01881409,6.495808125,10.83822346,8.902586937,89.61881256,86.3756485,2.069875002,48.00997925,32.35833359
69.05218506,74.48696136,64.01346588,61.25432968,13.27499962,275.8903198,124.8209381,49.33927155,413.2738342,4.82642746,149.5923462,82.59316254,89.00259399,87.86505127,83.12524414,14.65216446,18.0493412,26.95670891,25.3018322,6177.74707,85.58229065,91.97489929,6.514364243,10.50769901,8.867586136,89.5691452,86.28205109,2.068083763,48.04541016,32.82620239
69.24943542,74.89296722,63.93363571,61.22974014,13.25299168,274.8323975,124.9708786,49.28191757,412.4694214,4.79591608,148.714798,82.53063965,89.02349854,87.89125824,83.20000458,14.43763638,17.86302376,27.17520332,25.44427299,6175.546875,85.55728149,91.91093445,6.47148037,10.37800503,8.827431679,89.52874756,86.2739563,2.068249941,48.05845642,32.52574539
69.40258026,75.30548096,63.92731094,61.2051506,13.13249969,274.5174866,123.6381683,49.05445099,412.234375,4.800046444,148.7580566,82.56389618,89.04440308,87.91952515,83.28142548,14.40231037,17.99536133,27.14899826,25.34581566,6185.099121,85.37316895,91.71109009,6.425385475,10.17241478,8.46751976,89.3622818,86.07260132,2.067272186,48.08082962,32.56031036
69.43379974,75.59390259,63.94168854,61.22812653,13.33455086,275.6989441,125.3935471,48.86361694,413.0939636,4.823954582,149.383606,82.5146637,89.06530762,87.53201294,83.25036621,14.64690304,18.08115768,27.28190231,25.20936584,6177.592773,85.55975342,91.98800659,6.535348415,10.01970577,8.699373245,89.57040405,86.25981903,2.069875002,48.10713577,32.42327881
69.45129395,75.22073364,64,61.34157562,13.23209381,275.9606323,124.2063675,48.94162369,413.5203552,4.82258749,149.9463348,82.59159088,89.08621216,87.67388916,83.27080536,14.43992043,17.89270973,27.08055687,25.48016739,6174.89209,85.44933319,91.86524963,6.553397179,10.32149696,8.791075706,89.43821716,86.26355743,2.068797588,48.0965004,32.22805405
69.3763504,75.01226044,64.04862213,61.34502411,13.13885212,276.0450134,123.5577393,49.17212677,414.160614,4.802728653,150.1903992,82.63600922,88.99164581,87.91440582,83.26229095,14.3278265,17.8116684,27.01442528,25.25211334,6170.768555,85.48171997,91.8731842,6.512437344,10.3781538,8.928095818,89.48030853,86.25183868,2.067425013,48.2418251,32.82531738
69.3953476,75.09017944,63.94152451,61.25532532,13.14653206,275.4325562,123.257309,49.41104507,413.1593628,4.820686817,149.4332428,82.65589142,88.93223572,88.09866333,83.23933411,14.24958801,17.93085289,26.91167831,25.54308319,6174.550293,85.32843018,91.71949005,6.629798412,10.08694458,8.736650467,89.35054016,86.1173172,2.068249941,48.13142395,32.61333084
69.59015656,75.6453476,63.85014343,61.28604889,13.15253258,274.3872681,123.7113266,49.10458374,411.8066406,4.802177429,148.7694855,82.58924103,88.96176147,87.97441864,83.29242706,14.55822754,18.09957886,27.1426754,25.4453125,6175.382813,85.33798981,91.70677948,6.569358349,9.999009132,8.640868187,89.32398987,86.15581512,2.067499876,48.15227127,32.44454956
69.67852783,75.87284088,63.84825897,61.23445892,13.196805,274.9822998,123.9479523,48.82872772,412.5980835,4.814294338,149.3125153,82.5,88.90518951,87.73126984,83.26994324,14.55297089,17.94905853,27.20096207,25.44471359,6173.73291,85.35348511,91.71730804,6.507705212,10.31777668,8.770963669,89.34155273,86.10113525,2.066600084,48.13882065,32.7168808
69.67852783,75.80617523,63.862957,61.27243042,13.28651142,276.2364197,125.0056915,48.91927338,414.1647339,4.80356884,149.9834442,82.55448914,88.98769379,87.64378357,83.30673218,14.46266651,17.58364487,27.00647354,25.26408958,6178.576172,85.59999847,91.9777832,6.553238392,10.0464859,8.790117264,89.57884216,86.26420593,2.066483498,48.12717056,32.73137283
69.64068604,75.62407684,63.93407059,61.30591202,13.18743992,276.1973877,123.9512558,49.15890121,414.5123901,4.808362007,150.1772003,82.66529846,88.94972229,87.91841888,83.34202576,14.421422,18.02621078,27.14276123,25.59418488,6182.884766,85.48963165,91.84290314,6.535171032,10.4893961,9.016963005,89.46962738,86.24289703,2.06703949,48.09698105,32.31184387
69.71877289,75.74127197,63.97380447,61.3609581,13.22049713,275.6008301,124.3259811,49.26083374,413.0619812,4.821420193,149.4250031,82.67223358,88.91174316,88,83.37731934,14.69351578,17.86400795,27.11089897,25.28168869,6181.793457,85.44542694,91.90292358,6.508073807,10.18226528,8.513361931,89.51980591,86.24591064,2.06720829,48.14382172,32.69128799
69.90000153,76.02802277,63.92950058,61.32772064,13.16852951,274.85672,123.9849701,49.10943985,412.6442261,4.803643703,149.0415497,82.65216064,88.98338318,87.91149902,83.36302948,14.60721302,18.26995468,27.01134491,25.44425583,6179.575195,85.44399261,91.81386566,6.521089077,10.14171696,8.698795319,89.4077301,86.19587708,2.067563772,48.28396606,32.76697159
69.87232208,76.17314148,63.82232285,61.25627899,13.24154854,274.862915,124.6244659,49.13354874,412.7180786,4.825107574,148.9127808,82.69107819,88.92623901,87.97346497,83.3901825,14.47317886,17.92666054,27.03877449,25.54880524,6177.06543,85.43081665,91.85025787,6.562041759,9.969643593,8.594644547,89.43040466,86.13663483,2.064588785,48.17917252,32.08761215
69.92462921,76.28684235,63.80200958,61.23004913,13.06725216,274.7834778,123.1728363,48.810112,412.8823547,4.795830727,149.6049347,82.63881683,88.98552704,87.83502197,83.38943481,14.51455402,17.70989227,27.1093502,25.22682381,6174.306641,85.2817688,91.57411957,6.503567219,10.08300781,8.789115906,89.27931213,85.97412109,2.063510895,48.23199844,31.71225739
69.81822968,76.02835083,63.88534546,61.29127121,13.24263573,276.3687439,124.3804169,48.82733917,414.0349731,4.826680183,150.4112701,82.60694885,88.98683929,87.64044189,83.30042267,14.41908073,18.13357925,27.09351158,25.40983009,6169.521973,85.47383881,91.87537384,6.534849644,10.63615036,8.99729538,89.48368073,86.24195862,2.069349766,48.18735886,32.26976776
69.72402954,75.72612762,63.87350845,61.27529907,13.1747427,276.4116516,123.592308,49.20269394,414.7374573,4.819019318,150.4924927,82.70000458,88.95484924,87.97414398,83.35649872,14.07877636,18.13533974,26.84827423,25.42671394,6174.879395,85.455513,91.81410217,6.507963657,10.11994362,8.712621689,89.46939087,86.19626617,2.067212105,48.2492981,31.62471199
69.84560394,75.86090088,63.83692169,61.24269104,13.28044319,275.7132874,124.815834,49.30656052,412.8826294,4.826292515,149.353653,82.67433167,88.91986847,87.96579742,83.30345917,14.64540291,18.51527214,27.19135666,26.2959137,6172.844238,85.61985016,92.03852844,6.452915668,9.984022141,8.535415649,89.64194489,86.36107635,2.068094015,48.20074081,31.89068604
70.00180054,76.27042389,63.80033493,61.21008301,13.16201591,274.1815491,123.9162827,49.25191498,411.9516602,4.809247971,148.4640045,82.64655304,88.91353607,88.05796814,83.42726898,14.82530308,17.93986702,26.94730186,25.41649055,6180.871094,85.45098877,91.86017609,6.511976242,10.05480099,8.676412582,89.42417908,86.25250244,2.066600084,48.20851898,32.26743698
70.17776489,76.57170105,63.8850975,61.28023529,13.25468731,274.9558105,124.7259674,48.91524887,412.1986084,4.805349827,148.7945099,82.61877441,88.93877411,87.73166656,83.53449249,14.62621498,18.17795563,27.14920616,25.65893555,6181.458984,85.60501099,91.98219299,6.502224922,10.04279613,8.801019669,89.67743683,86.33118439,2.062550306,48.33641434,31.99858665
70.04124451,76.32920074,63.83231735,61.23630142,13.2784853,275.7053833,124.8180008,48.75232315,413.0803528,4.813100338,149.5041351,82.65403748,88.91500854,87.6364975,83.49217224,14.56585598,17.73848343,27.13404465,25.25588608,6182.163574,85.67105865,92.02817535,6.502303123,10.12992954,8.699818611,89.6337204,86.38047028,2.067919493,48.28702545,32.11713409
69.91510773,75.95043182,63.88336945,61.27747726,13.28515625,276.2368469,124.912056,49.14666367,413.9472046,4.818567753,149.926712,82.71485138,88.95454407,87.84048462,83.40956879,14.46547985,18.12258911,27.09136963,25.57845306,6178.600586,85.61423492,92.01454926,6.444881916,10.95464611,9.055714607,89.62757111,86.38287354,2.067228079,48.24903488,32.29008102
70.02337646,76.05414581,63.83685684,61.25069046,13.23023605,275.0678101,124.3434372,49.4017601,412.7713318,4.807753086,148.776413,82.77268982,88.97268677,88.0868988,83.4994812,15.02890682,17.92303658,26.83220673,25.42307854,6191.601563,85.60321045,91.97546387,6.4449296,10.45737839,8.883584023,89.59772491,86.32165527,2.065322638,48.2895546,31.91908646
70.11043549,76.32437134,63.80793381,61.22390366,13.26264095,274.3319397,124.7640533,49.09067917,411.1199646,4.82490015,148.3514709,82.6840744,88.87358856,87.90501404,83.43130493,14.69922352,17.9456749,27.11328316,25.47864914,6183.041992,85.50710297,91.89793396,6.44470787,10.6013031,9.054699898,89.50397491,86.22403717,2.06609273,48.25835037,32.01760101
70.18451691,76.4905777,63.84614944,61.24552917,13.19332886,274.2366943,124.1344299,49.07059097,412.0087585,4.802138805,148.4615784,82.62220764,88.80299377,87.85965729,83.50038147,14.65098381,18.27074051,26.9285183,25.50452423,6178.437988,85.40123749,91.90910339,6.445061684,9.984484673,8.502518654,89.59418488,86.27719116,2.063152075,48.31109619,32.24559784
70.09842682,76.33272552,63.8843689,61.32629013,13.30194283,275.4955444,125.2155762,48.80593872,412.2209473,4.825408459,149.3079529,82.61812592,88.84237671,87.60944366,83.55080414,14.65084362,17.97569466,27.08825493,25.23841667,6177.74707,85.52573395,92.09088135,6.441270351,9.969260216,8.438325882,89.66159821,86.3314209,2.06515193,48.29580688,32.04704285
70.07726288,76.16201782,63.99021912,61.39105606,13.25911522,275.8495178,124.7315063,49.02414703,413.4363403,4.81267786,149.6362915,82.79619598,88.8822937,87.80792999,83.58178711,14.61833954,18.17370987,27.20208931,25.9640789,6182.623535,85.60559845,92.08206177,6.420053005,10.40498066,8.53483963,89.68379211,86.3228302,2.065220118,48.37128067,32.52518845
69.9238739,75.91548157,63.89268875,61.30909729,13.24453068,275.5187988,124.6261978,49.1966095,412.9931335,4.807015896,149.3128052,82.74252319,88.80334473,87.8372879,83.40787506,14.75420475,17.97080421,27.03964233,25.51237869,6178.532715,85.62255859,92.06571198,6.429892063,10.48124504,8.802952766,89.65425873,86.33714294,2.064279079,48.3509903,32.6338501
69.9604187,75.99656677,63.85072708,61.3075676,13.27785683,274.8883972,125.009758,49.19368744,411.856781,4.813592911,148.6440735,82.64941406,88.81732178,87.81362152,83.4125824,14.72675991,17.89520073,26.99304771,25.31537056,6173.422363,85.79033661,92.10352325,6.509667397,10.06197548,8.750569344,89.76516724,86.48032379,2.065609694,48.30999756,31.95566368
70.08357239,76.04668427,63.80876923,61.35556793,13.38446999,275.1894836,126.1636047,48.82959366,412.0382996,4.800125122,148.6909027,82.55297089,88.87335968,87.42201996,83.45405579,14.8812294,18.65684319,27.19563293,25.43495941,6175.678711,85.88972473,92.27690125,6.552598476,10.38661861,8.841373444,89.88045502,86.59774017,2.068118811,48.31281281,31.73693466
69.83816528,75.61399841,63.9571991,61.40000153,13.3998785,276.3458862,125.8451538,48.85269165,413.3684082,4.804012299,149.5119019,82.62718964,88.83243561,87.48583984,83.40048218,14.70901585,17.96393967,27.14990997,25.4585743,6171.188477,85.83850861,92.35134125,6.519196033,10.82708645,8.712496758,89.83243561,86.51283264,2.064552307,48.3129921,32.43873978
69.71882629,75.23258972,64.05208588,61.47164154,13.51686192,277.0201721,127.2140961,49.08805084,413.5814819,4.81836462,149.6795807,82.68659973,88.91983032,87.37434387,83.42319489,14.84101772,18.57858467,27.20243073,25.59731483,6176.283203,85.95384979,92.57762909,6.451992989,10.73826885,8.686778069,90.19551086,86.65180206,2.06423831,48.32800293,32.6733017
69.7561264,75.15418243,64.07926941,61.44614029,13.26360607,275.6211243,124.8606033,49.46226501,412.8267822,4.819658756,148.9454956,82.72306824,88.99211884,88.06558228,83.44033813,14.6497097,17.92119217,27.01525688,25.73829651,6183.120117,85.68180084,92.04711914,6.426526546,11.2117281,9.143639565,89.67521667,86.37980652,2.064153671,48.350914,32.07406998
70.01821899,75.79103851,64.09822083,61.49158096,13.24453068,274.1122131,124.6302032,49.16630554,411.0416565,4.805541992,148.0489655,82.74938202,88.95854187,87.95126343,83.59738922,15.32058239,18.34950447,27.23950768,25.4273243,6186.387695,85.60768127,91.97606659,6.46410656,10.17829704,8.597525597,89.69586945,86.40925598,2.061347008,48.36883163,32.26496887
70.00447845,76.01867676,63.92692947,61.40309906,13.35125065,274.8707886,125.6940536,48.86273956,411.6856384,4.82795763,148.5371094,82.64308929,88.9164505,87.56828308,83.49718475,14.75683594,18.37204742,27.19660568,25.27718544,6177.117188,85.73538208,92.08171082,6.511480331,10.56438446,9.055807114,89.68375397,86.43537903,2.060311079,48.38287735,32.29620361
70.09390259,75.92676544,63.91787338,61.41931534,13.2643652,275.4927673,124.735321,48.85985184,413.1766052,4.812832355,149.4141388,82.6227951,88.98027802,87.66845703,83.46625519,14.60533142,18.19605446,27.22740746,25.56052971,6178.759277,85.62664795,92.08414459,6.429612637,10.18871784,8.460943222,89.68536377,86.34702301,2.065686226,48.36443329,32.37436295
69.9059906,75.77799225,63.97486115,61.43553162,13.28445053,275.8314514,124.9948807,49.08078766,413.4345093,4.821770191,149.6509094,82.72496796,88.90892792,87.8159256,83.43532562,14.38441658,18.05389595,26.94561195,25.30075645,6181.711426,85.72577667,92.01338959,6.445813179,10.50639629,8.80060482,89.60752106,86.42451477,2.060444355,48.36177826,32.86159897
69.88267517,75.70610809,63.93564606,61.45174789,13.25269127,275.639801,124.3608246,49.19181061,412.8806152,4.833494663,149.4989471,82.79163361,88.90132904,87.89926147,83.40440369,14.67033195,18.19594383,27.08938789,25.86599922,6175.506348,85.69335938,92.05069733,6.470802307,9.985305786,8.496305466,89.67906952,86.4033432,2.063470364,48.36407471,32.82526398
69.90666962,75.81267548,63.99007797,61.46796417,13.30324173,275.2229004,125.0719223,49.19658279,412.2918091,4.827014446,148.2497406,82.76866913,88.96379852,87.86380005,83.4098587,14.49595356,17.99821281,27.2173233,25.41918182,6169.60498,85.69068146,92.11067963,6.379467487,10.28080368,8.593855858,89.72557831,86.36148834,2.064283133,48.39084244,32.8464241
70.09999847,76.05521393,63.93041992,61.48418045,13.25813389,275.2915649,124.8445587,48.67369461,412.5966797,4.81026125,149.3801575,82.61777496,88.95666504,87.55666351,83.47296143,14.79852867,17.91954041,27.0188942,25.19113922,6171.371094,85.57434082,91.98555756,6.553455353,10.28943062,8.648355484,89.58345795,86.34984589,2.060941696,48.37036133,33.26728439
69.98987579,75.87371826,64.07365417,61.49728012,13.18286705,276.4328613,123.8012924,48.80392456,414.6625061,4.805972099,150.5598297,82.7321701,88.95779419,87.78593445,83.48921967,14.51190948,17.98475266,27.17024612,25.28891373,6169.777344,85.61898041,91.94061279,6.459729671,10.16404533,8.615749359,89.56467438,86.3372345,2.063424826,48.43001938,33.15490723
69.89219666,75.71342468,63.99193573,61.39518356,13.2670536,276.3063965,124.7506943,49.29694366,414.7181396,4.802323341,149.9345093,82.7070694,88.91861725,87.91103363,83.45314789,14.72956371,18.72365379,27.07863045,25.75944519,6176.953613,85.79266357,92.1674881,6.426825523,10.40127277,8.723978996,89.79397583,86.4538269,2.064975023,48.42524338,32.72602463
69.92492676,75.79035187,63.93479156,61.35647202,13.24550819,275.548584,124.4844284,49.3575325,412.6748352,4.822566986,149.2687836,82.73950958,88.97493744,88.05461121,83.41768646,14.67371845,17.96689987,27.13809586,25.50509834,6175.913086,85.67424774,92.09329987,6.446208477,10.58507729,8.672805786,89.70663452,86.41519165,2.063184023,48.37551498,33.02565002
70.04013824,76.0382309,63.91630173,61.31776047,13.19594002,274.8874207,124.2488937,48.97190857,412.1448975,4.814039707,149.1487274,82.66209412,88.86122894,87.81060028,83.42668152,14.35095596,17.63404655,26.84975624,25.18313789,6170.84668,85.5,91.94063568,6.460178375,9.951788902,8.495539665,89.54831696,86.32254791,2.065487146,48.37550735,33.8377533
69.95824432,76.02849579,63.95796585,61.35334778,13.25959682,275.4979248,124.7240829,48.88165665,413.3662109,4.815282345,149.4317017,82.65520477,88.80000305,87.650177,83.40132141,14.67395687,18.32318306,27.11725807,25.45174789,6169.665527,85.68398285,92.07965088,6.497590065,10.04758167,8.649004936,89.68408203,86.39688873,2.066417456,48.33404541,34.24284363
69.83396149,75.78470612,63.99963379,61.40930939,13.15296936,275.9009705,123.6373444,48.99131012,414.0263367,4.810049057,150.2200928,82.6738205,88.81496429,87.8805542,83.41979218,14.54368687,18.11878586,26.90209007,25.4923439,6170.645508,85.5138855,91.8396225,6.451093197,10.12277222,8.777928352,89.51490784,86.20240784,2.064975023,48.32872391,34.32288742
69.82160187,75.70470428,63.93962479,61.4540863,13.3226099,276.429718,125.2547607,49.03013611,413.6805725,4.825919628,149.9376984,82.60063934,88.93657684,87.66793823,83.45752716,14.51895809,18.20371437,27.19569588,25.51849556,6165.426758,85.70586395,92.13626099,6.508900642,10.65662193,8.888854027,89.74537659,86.4368515,2.063349962,48.35534668,34.38898087
69.96052551,75.86473846,63.95741653,61.49885941,13.13716602,275.0750122,123.650032,49.46915436,413.3238831,4.804369926,149.3161163,82.85858154,88.98005676,88.19818115,83.49526978,14.61188221,17.9602623,26.9640522,25.28846169,6169.184082,85.68464661,91.99039459,6.42923069,10.14188194,8.750164986,89.65892029,86.37960815,2.062759876,48.4018631,34.65265656
70.16437531,76.32354736,63.88586044,61.30088806,13.16866016,274.3071289,123.980484,49.13763809,412.0631104,4.804512024,148.6695862,82.76535034,88.89008331,87.96526337,83.49956512,14.57818413,17.94727135,26.84147835,25.19205856,6177.486816,85.48660278,91.95603943,6.429193497,10.11420727,8.546599388,89.63661194,86.23644257,2.066533089,48.39125824,34.74484634
70.29875183,76.57511139,63.79999924,61.33703232,13.23398304,274.8316345,124.6353226,48.82536697,412.3661499,4.810024738,148.8531036,82.63033295,88.85162354,87.72626495,83.44451904,14.75719166,18.06983566,27.08782768,25.39731789,6176.934082,85.69098663,92.01340485,6.499499321,10.02608967,8.675086975,89.67720032,86.39292908,2.064811468,48.3757019,34.49097061
70.02174377,76.22046661,63.88893509,61.37318039,13.21580505,275.8746643,124.1368866,48.91434097,413.7687378,4.815149784,149.973587,82.71277618,88.81315613,87.7927475,83.48950958,14.72380829,18.0326252,27.03462791,25.03905296,6175.049316,85.55034637,92.0499115,6.421921253,9.794567108,8.3403759,89.65081787,86.34072876,2.065122604,48.35571289,34.88114166
69.9029541,75.90301514,63.85484314,61.38809204,13.22434044,276.1261597,124.2132263,49.28993225,413.9580383,4.827450752,149.899704,82.78594971,88.81803131,87.95595551,83.42831421,14.63901329,18.12961006,27.19987297,25.34206581,6168.054199,85.65373993,92.02176666,6.381962299,9.990041733,8.582028389,89.6440506,86.36349487,2.065590382,48.34498978,35.00543976
70.00669098,76.07798004,63.82075119,61.31155014,13.15666771,274.6793823,123.7677612,49.30841446,412.2630005,4.814731598,148.8752899,82.7678299,88.81136322,88.04772949,83.45787048,14.7493124,17.99369049,26.93846893,25.36997032,6167.37207,85.48769379,91.88490295,6.446877003,10.05709362,8.824282646,89.50991058,86.21591187,2.066402912,48.32188797,34.66549301
70.14025116,76.43645477,63.82898331,61.35632706,13.15349865,274.2654419,123.7030792,48.98523712,412.0944519,4.807934284,148.6810303,82.66418457,88.81044006,87.86884308,83.48742676,14.62484169,17.87710571,27.02520561,25.27796555,6164.23291,85.40976715,91.80595398,6.424920082,10.51800346,8.787975311,89.42697906,86.12697601,2.065067768,48.32063675,34.39632797
70.26268005,76.42095184,63.90550995,61.39736176,13.2763319,275.7327271,124.8585434,48.59593964,413.3006897,4.813130379,149.7791138,82.67887878,88.96945953,87.5280838,83.4686203,14.86974621,18.13155937,27.2851429,25.64268112,6168.044922,85.69139099,92.06837463,6.499575138,10.31729794,8.80706501,89.68985748,86.41317749,2.063577652,48.3552742,34.91310883
69.91267395,75.85520935,63.93102646,61.38264847,13.26333904,277.1903687,124.6450043,48.83350754,415.2312927,4.821490288,151.0401917,82.64648438,88.93440247,87.67494202,83.40368652,14.52935791,18.33313942,26.9622097,25.69604111,6168.616699,85.70000458,92.05029297,6.494796276,10.38188171,8.742312431,89.71660614,86.45846558,2.064975023,48.36917496,34.40797424
69.82209778,75.40799713,63.96865463,61.36480713,13.24528027,276.7428894,124.3037491,49.46307373,414.9692993,4.82490015,150.4733887,82.78268433,88.93100739,88.03914642,83.43777466,14.44538021,18.13022804,26.9436779,25.49970627,6169.62793,85.76740265,92.17598724,6.550136566,10.22541237,8.689546585,89.75197601,86.49177551,2.06038022,48.36102295,34.61286545
69.91392517,75.68201447,63.91410828,61.32929993,13.15194225,275.0400696,123.6679916,49.42298508,412.7407227,4.809212685,149.0948944,82.73860931,88.99048615,88.18725586,83.47186279,14.56139755,17.88799477,26.94415855,25.42336464,6168.143066,85.56903839,91.93704224,6.414636135,10.02196026,8.604799271,89.58853912,86.29794312,2.064828873,48.38772964,34.30720901
70.12496185,76.25654602,63.84217072,61.3029747,13.19912815,274.4477234,124.1286697,48.98783493,411.785675,4.812566757,148.7001343,82.6810379,88.95179749,87.835495,83.41606903,14.37833786,17.61706352,27.02679253,25.20291138,6168.617676,85.50863647,91.90892792,6.449253559,10.67558002,8.907569885,89.50745392,86.21461487,2.062141657,48.37077713,33.98391724
70.11678314,76.21643829,63.87911987,61.35425949,13.28376961,275.8235474,125.0754089,48.71044159,413.4522705,4.826066971,149.8023529,82.6302948,88.9990387,87.55926514,83.42879486,14.43960762,17.69555473,27.00805664,25.33245277,6166.125,85.61685944,92.04244232,6.45017767,9.927588463,8.695781708,89.63833618,86.32512665,2.066061735,48.32827377,34.22377014
69.91208649,75.87419891,63.95583344,61.33916855,13.23510361,276.4172974,124.2956772,49.05621338,414.3881226,4.816353798,150.3565826,82.67416382,88.97200775,87.8290329,83.44263458,14.40225887,17.7978363,26.96051979,25.07642746,6164.819336,85.69283295,92.08745575,6.509634495,10.11511993,8.692800522,89.6938324,86.39170837,2.066600084,48.35045624,34.22366714
70.10322571,76.00322723,63.99933624,61.49310684,13.29299545,276.2585449,125.0512238,49.1685257,413.7377014,4.79885006,149.6734619,82.76848602,88.97304535,87.84394836,83.50706482,14.47042751,17.84111786,27.10470009,25.11929703,6176.585938,85.82473755,92.21211243,6.447454929,10.00717068,8.574446678,89.82473755,86.54140472,2.063006401,48.35647202,34.95797729
69.95013428,75.93952179,63.91714478,61.40125656,13.17328072,275.4740295,123.9045105,49.18742371,413.0742188,4.806231022,149.3432465,82.74219513,88.97029877,87.96586609,83.40990448,14.68067455,18.01727486,27.03949165,25.47424889,6170.242188,85.6217804,92.03242493,6.438132286,10.02632809,8.669502258,89.63047028,86.31142426,2.063313723,48.43181992,34.40604019
70.01049805,75.90091705,63.98633957,61.41806412,13.30893326,275.9917908,125.0163422,49.01641846,413.0105286,4.826128483,149.5714874,82.7685318,89.01424408,87.72972107,83.51144409,14.6583643,18.30612946,27.0260601,25.70494461,6173.629395,85.72514343,92.17028046,6.469969273,10.05051422,8.592223167,89.75857544,86.43514252,2.064238071,48.3714447,34.59173584
70.08491516,75.98628235,63.93413925,61.43487167,13.24384212,275.835907,124.4055634,48.98865891,413.762146,4.808969975,149.773407,82.70811462,89.04322815,87.7841568,83.52883911,14.56881618,17.95699692,26.88171577,25.45920563,6175.975098,85.66096497,92.03193665,6.469559193,10.44652843,8.819069862,89.6322403,86.4042511,2.063693047,48.36473465,34.47417831
70.04872131,75.91701508,63.96218491,61.45167923,13.25193787,275.8918152,124.6384811,49.10218048,413.3766479,4.821270943,149.7541046,82.78141022,89.07221222,87.89572906,83.5462265,14.60323238,18.09134674,27.12333298,25.55553818,6173.546387,85.6750946,92.06446838,6.438171387,10.091259,8.530194283,89.65641022,86.39043427,2.064911842,48.3706665,34.23954391
70.09268188,75.97553253,63.93162918,61.46848297,13.25223637,275.9519348,124.7383575,49.02652359,413.6184082,4.805349827,149.6519775,82.70465851,89.00095367,87.78223419,83.56362152,14.33658409,17.74591637,27.12533188,25.45578194,6174.885742,85.72976685,92.13779449,6.443716526,10.10841274,8.663820267,89.72559357,86.48677826,2.064086437,48.36309052,34.07735443
70.04095459,75.91303253,63.95212936,61.48529053,13.34200764,276.3239746,125.531929,48.98120117,413.3278809,4.812504292,149.5498505,82.74611664,89.0943222,87.69767761,83.58100891,14.58452415,17.92592049,27.06511116,25.41986847,6170.912598,85.72814941,92.25016022,6.469837189,10.59902668,8.794612885,89.85852051,86.46743774,2.060040236,48.40999222,33.28723145
70.1820755,75.89313507,64.08026886,61.49271011,13.34353256,277.0297852,125.709465,48.81933212,414.4536133,4.809474468,150.4237061,82.79263306,89.07210541,87.53723907,83.59840393,14.4177084,18.21500015,27.43061256,25.59375,6172.572266,85.90000153,92.2885437,6.499795437,10.8350296,8.732297897,89.8959198,86.59300232,2.063349962,48.41256332,31.64329147
69.92516327,75.53137207,64.00615692,61.49640274,13.3246069,277.0320435,125.3421478,49.23141098,414.8384399,4.823266029,150.3996582,82.70613098,89.00575256,87.85095978,83.47966766,14.56352901,18.19390488,27.00404549,25.59446907,6173.036133,85.87871552,92.24510193,6.524905682,10.40203476,8.738758087,89.8451004,86.59215546,2.061724901,48.49155807,31.55832481
70,75.64994812,64.03952026,61.43454742,13.24132061,275.6629639,124.5478821,49.57354355,413.3046265,4.811171532,149.2483826,82.85447693,89.00257111,88.15424347,83.49726868,14.62349796,17.80571747,26.8000927,25.16733742,6171.894531,85.8499527,92.15965271,6.476012707,10.18981934,8.693659782,89.76114655,86.55660248,2.062510252,48.44968033,30.7057476
70.20923615,76.26417542,63.89880753,61.37394714,13.32099438,274.3901672,125.5300674,49.26243973,411.1773987,4.805812836,148.0471344,82.77134705,89.0149231,87.90000153,83.51204681,14.84727478,18.59538078,27.30650711,25.67672729,6174.390625,85.87541199,92.25016785,6.514245033,10.3078146,8.732981682,89.82923889,86.55846405,2.062951565,48.40591431,30.69630241
70.38470459,76.69113922,63.85080719,61.310112,13.26122952,274.3511963,124.735321,48.93287277,411.5762939,4.815149784,148.3635406,82.70000458,88.93487549,87.82289124,83.53363037,14.55910587,18.62150955,26.96128273,25.4888134,6174.468262,85.70000458,92.08358002,6.449027061,10.16884708,8.754435539,89.70000458,86.37109375,2.064361811,48.42257309,30.55186844
70.38507843,76.78831482,63.80280304,61.3030014,13.15564632,274.8494873,123.5314713,48.94331741,412.905365,4.802100182,149.2435913,82.71605682,88.96832275,87.90830994,83.55521393,14.80419064,18.15035439,27.12491035,25.48838425,6173.42334,85.59641266,91.9649353,6.488838673,10.12928009,8.612588882,89.58607483,86.25066376,2.063723326,48.41117096,31.15571213
70.37470245,76.85852051,63.81235504,61.37529373,13.18309212,274.9600525,124.1646423,49.03831482,413.0523376,4.817715645,149.3808899,82.82034302,88.94415283,88.03707886,83.57679749,14.55708027,18.18667412,27.12296104,25.50896645,6172.825195,85.5898819,91.85437775,6.55086422,9.925539017,8.674613953,89.58117676,86.29012299,2.064975023,48.42551041,31.71953011
70.49906158,77,63.87809372,61.39145279,13.15375996,274.5544434,123.5653534,49.17734909,412.5924683,4.819740295,149.0681458,82.89011383,88.95425415,88.05619049,83.59838104,14.56145382,18.08166695,27.12395859,25.10301399,6177.770996,85.59999847,91.91236877,6.469585896,10.29416466,9.020000458,89.59999847,86.28160858,2.062458277,48.42604828,30.99420166
70.51344299,77.12330627,63.79959106,61.29983902,13.02078152,273.9266663,122.4673309,49.20044327,412.7011108,4.805778503,149.1936493,82.80284119,88.90000153,88.15341949,83.50635529,14.90652466,17.78652573,26.90044785,25.12558174,6180.691895,85.24504852,91.71040344,6.408829212,10.08985996,8.428222656,89.34261322,86.01313782,2.063455343,48.50239182,30.42148209
70.65011597,77.48612976,63.75000381,61.28035736,13.17219353,274.2950439,123.7139282,49.02745056,412.2696838,4.825121403,148.9846039,82.78253937,88.93707275,88.02445984,83.56253052,14.60080528,18.17221642,27.10414124,25.40927124,6177.182617,85.44311523,91.85742188,6.353720188,10.07917595,8.53067112,89.47175598,86.24968719,2.063556433,48.43099213,30.75515747
70.54277039,77.46766663,63.70041656,61.2608757,13.14971733,274.3503418,123.8189468,48.93496323,412.5748596,4.821650028,149.3428497,82.71025085,88.98324585,87.92116547,83.58239746,14.45768261,18.0721283,27.08331108,25.55066299,6173.626953,85.49895477,91.89317322,6.468419552,10.15172195,8.754982948,89.49723816,86.19886017,2.063414574,48.40449905,30.86059761
70.572052,77.17662048,63.73667145,61.24139786,13.08702469,274.8690491,122.8670044,49.02784729,413.6936646,4.800757885,149.8641052,82.7561264,88.99116516,87.93691254,83.46536255,14.47852993,18.01207924,27.12386322,25.30730438,6167.256348,85.41664886,91.84642029,6.469468117,9.844742775,8.34741497,89.46943665,86.10621643,2.065858364,48.40062714,30.56702614
70.4431076,77.11048889,63.75003815,61.2219162,13.17643261,275.4456482,123.6611557,49.11204147,413.1529236,4.828149796,149.8078766,82.71670532,88.94107819,87.95908356,83.42250061,14.49901962,17.46232224,27.00214386,25.18531418,6166.138184,85.48958588,91.9206543,6.530269623,9.967813492,8.613036156,89.55370331,86.203125,2.065104485,48.3898735,30.41179276
70.53362274,77.18457031,63.71089935,61.20243454,13.08871269,274.2132874,123.1008301,49.28187943,412.8242188,4.820754528,149.2562714,82.84224701,88.98749542,88.19167328,83.43358612,14.4174757,17.92941093,26.96187592,25.53129196,6167.752441,85.39807892,91.82045746,6.469370842,9.966895103,8.714969635,89.4431839,86.12187195,2.064975023,48.38560486,30.09915543
70.69286346,77.50714874,63.78782272,61.29479218,13.10216713,273.8518066,123.2738037,49.08383942,411.7859497,4.812632561,148.6521149,82.88876343,88.9499588,88.03751373,83.53889465,14.68232059,17.6449852,27.16480446,25.15369225,6170.350586,85.43205261,91.88332367,6.530657291,10.25251579,8.73506546,89.48100281,86.14302826,2.065045357,48.37202454,29.95365906
70.69062805,77.5874939,63.69689178,61.19904709,13.08370686,274.2112427,122.9538956,48.89105988,412.7017212,4.807017803,149.3080902,82.74791718,88.90609741,87.94985962,83.49285126,14.86665249,18.3359108,27.16557121,25.34659004,6169.405762,85.30000305,91.86515808,6.509944439,9.988238335,8.571761131,89.43438721,86.16490173,2.06738925,48.4383049,30.06409836
70.50921631,77.24641418,63.66299438,61.17614365,13.00560951,274.8764954,121.9720993,49.01097107,413.8009949,4.822599888,150.2852173,82.72511292,88.95487976,88,83.48326111,14.62169552,17.94812393,27.00178528,25.28571129,6170.10498,85.23001862,91.72679901,6.489735126,10.02794647,8.572235107,89.32250977,86,2.064836979,48.33861542,29.96059418
70.54971313,77.11873627,63.62909698,61.15324402,13.19608021,275.2997742,124.0743179,49.1017189,413.4143372,4.8256917,149.8178864,82.73464203,88.89754486,87.97093964,83.44343567,14.21493053,17.86836052,27.04335976,25.36820984,6170.23291,85.44309235,92.03977966,6.520021439,10.07032013,8.654221535,89.64376068,86.25002289,2.0664711,48.32868958,29.86115456
70.4161911,77.01259613,63.68169785,61.13034439,13.16186333,274.7788696,123.8124847,49.18905258,412.6877747,4.826245308,149.3627777,82.71260071,88.83872223,88.07661438,83.39855957,14.41591072,17.74501419,26.96092415,25.7727623,6170.143555,85.49739075,91.90713501,6.428080082,9.988441467,8.592972755,89.51709747,86.12967682,2.066600084,48.28862381,29.85064697
70.52783203,77.20949554,63.61392593,61.10744476,13.12853527,274.1847229,123.3175964,49.09440994,412.5856323,4.805702209,149.0694733,82.71681976,88.8719635,87.97050476,83.45876312,14.44736958,17.8501339,26.98095703,25.45121384,6170.231934,85.37602997,91.88526917,6.448793888,10.19308472,9.001801491,89.49124146,86.07498932,2.065379858,48.29319382,29.79460526
70.77509308,77.45005798,63.67578125,61.13277817,13.66870403,274.8594055,129.4829865,48.70288086,412.5284729,4.783620834,148.6707611,82.53736877,88.94109344,87.04946136,83.41868591,14.55805206,18.22877502,27.4695797,25.18349075,6169.486816,86.07527161,92.85054016,6.421394348,9.885843277,8.287004471,90.35054016,86.77527618,2.067427397,48.28875351,29.64822006
70.51473999,76.89247131,63.70579529,61.29205704,13.21390629,275.1188354,124.2983551,48.99317551,413.8187256,4.805144787,149.8173523,82.77510071,88.98090363,87.80194855,83.49913025,14.98774242,18.2263031,27.22619438,25.75555229,6168.498047,85.58354187,92.05019379,6.476424217,10.35981274,8.860660553,89.6501236,86.28354645,2.065091133,48.31456757,29.65126801
70.30448151,76.50115204,63.70220184,61.20139313,13.15553761,275.5100708,123.514061,49.15205383,413.8821716,4.819664955,150.0757904,82.73756409,88.91445923,88.06517029,83.40261078,14.56253624,18.23150826,27.04144287,25.7948513,6170.445313,85.46533203,91.88475037,6.449319839,9.926278114,8.470275879,89.49373627,86.13062286,2.064975023,48.3293457,29.65158272
70.34098053,76.6269455,63.72620392,61.22520065,13.07809639,274.9350891,122.8952179,49.1229744,413.3701782,4.811216354,149.6248016,82.75078583,88.97460938,88.0834198,83.46511078,14.6453743,17.8103466,27.12500954,25.46905518,6174.053711,85.454216,91.81671906,6.469696999,10.21474075,8.735960007,89.40725708,86.15904236,2.064770222,48.28838348,29.52160454
70.31742859,76.61708069,63.75020218,61.24901199,13.23124886,275.6045837,124.3504562,48.88520432,413.2056885,4.827400684,149.8600311,82.59999847,88.92982483,87.76078033,83.43771362,14.39858627,18.04885674,26.98289299,25.46972275,6172.665527,85.49364471,91.92890167,6.529942513,9.988864899,8.510276794,89.53416443,86.22769165,2.06431365,48.25731277,29.76675606
70.24991608,76.38208008,63.77420425,61.27281952,13.16304684,276.2368164,123.6932678,48.8392868,414.736908,4.80875349,150.4723969,82.6386795,88.9381485,87.76194,83.35449982,14.71380424,18.07274437,27.08225632,25.26600456,6173.165527,85.43405151,91.90784454,6.469125748,9.866821289,8.677149773,89.50486755,86.14035034,2.065108538,48.23951721,29.7992878
70.09999847,76.04979706,63.79820251,61.29663086,13.30049706,277.2826538,124.9647446,48.98209381,414.8667297,4.833311081,150.9340057,82.69004822,88.9100647,87.61700439,83.30532074,14.31245708,17.78604698,27.12191391,25.42834663,6167.744629,85.62483215,92.18980408,6.4484725,10.16692638,8.570221901,89.78980255,86.364151,2.067839146,48.22539902,29.80248833
70.07261658,75.95976257,63.84405518,61.21951294,13.29897785,276.4032898,125.2476196,49.27470016,414.1677246,4.814382076,149.861908,82.71222687,88.98425293,87.8372345,83.41686249,14.82590771,18.30301094,27.14365196,25.83436394,6174.959961,85.68723297,92.31162262,6.449657917,10.15330601,8.328676224,89.91477203,86.45348358,2.067425013,48.21105194,29.73104668
70.15512085,76.09389496,63.89167786,61.32061005,13.23099899,275.4941406,124.6494293,49.20494843,412.8656616,4.808776379,149.2535858,82.81002808,88.90814209,87.90465546,83.48207855,14.47730446,17.71331024,26.98171234,25.51558685,6171.270996,85.6824646,92.1722641,6.468890667,9.989417076,8.67454052,89.77297211,86.38803864,2.062874794,48.2480011,29.64967918
70.16080475,76.29408264,63.7374382,61.24874878,13.14093018,274.4772034,123.7966156,49.36873627,412.884552,4.799675465,148.8649139,82.7394104,88.90427399,88.09430695,83.38669586,14.49568748,18.46512604,26.97932625,25.69068718,6174.036621,85.48375702,91.93902588,6.468863964,10.19531345,8.858904839,89.58375549,86.25320435,2.067905188,48.28870773,29.610672
70.30000305,76.56788635,63.73144531,61.23067856,13.16309261,274.7897949,123.6087494,48.8357811,412.006897,4.815770626,149.1545105,82.65396118,88.94869995,87.77880096,83.36542511,14.74206829,18.47388077,26.96081924,25.60720062,6172.865723,85.30304718,91.83089447,6.476612568,10.03765488,8.347273827,89.50233459,86.13680267,2.066600084,48.25294113,29.49980927
70.24015808,76.49742889,63.76737213,61.26160431,13.25081539,275.8640442,124.4560013,48.88648987,413.4530945,4.818399906,149.8335266,82.68835449,88.91660309,87.69514465,83.34414673,14.41406822,17.79895592,26.91897583,25.38532448,6174.106934,85.63243866,92.12094879,6.438154221,9.903974533,8.500020027,89.71934509,86.32285309,2.068350315,48.24258804,29.52133942
70.09364319,76.14988708,63.72525024,61.29253387,13.29244709,276.3845825,124.8185196,49.07543564,414.1134644,4.82490015,150.1944885,82.71763611,88.91553497,87.80000305,83.32286835,14.42545223,18.0922718,26.7981739,25.25200462,6170.882324,85.53226471,92.20000458,6.449157238,10.05659389,8.53487587,89.80000305,86.40000153,2.066262245,48.24793625,29.19825745
70.00913239,76.01065063,63.76049805,61.2929306,13.26618481,276.0015564,124.3905258,49.25409317,413.5171509,4.829719543,149.7974091,82.78582001,88.94403076,87.88858032,83.30158997,14.40001106,17.65061951,26.85561371,25.06505394,6171.277344,85.60254669,92.16210938,6.466864586,10.36252403,8.614376068,89.74969482,86.30994415,2.065583706,48.21711731,29.19992828
70.1359024,76.11868286,63.7635231,61.23314667,13.25923634,275.6800842,124.6945343,49.02097321,412.7247009,4.826523781,149.4276733,82.73309326,88.98386383,87.79309082,83.3184433,14.46712971,17.81337547,27.27800369,25.31277084,6168.25293,85.51318359,92.08621216,6.418040276,10.00878906,8.529921532,89.6873703,86.27903748,2.068249941,48.25465775,29.19711685
70.25016022,76.35842896,63.78725815,61.28876495,13.16320038,275.1632385,123.5314941,48.92763901,412.6652832,4.808453083,149.3938599,82.78414154,88.94138336,87.8503418,83.47517395,14.2888937,17.5581398,26.84273148,25.04536629,6172.209961,85.46482849,91.94138336,6.413758278,10.19944,8.656480789,89.52946472,86.16525269,2.067019701,48.29838562,29.19725418
70.32879639,76.6661911,63.68689728,61.1876564,13.2253437,274.3598938,124.2687988,49.39271545,410.9715881,4.828149796,148.3652496,82.80235291,88.93601227,88.05025482,83.41012573,14.7680006,18.06063843,26.8713932,25.58885193,6179.132324,85.50862885,92.00482178,6.457484245,10.22896004,8.586524963,89.60482025,86.22827911,2.065897703,48.28153992,29.21779633
70.57823944,77.41296387,63.59729004,61.10070038,13.08291435,271.2131958,123.3613815,49.68795776,408.5314636,4.803768635,146.050415,82.83719635,88.82592773,88.31851959,83.47395325,15.06787109,18.4423275,27.01722527,25.52912331,6177.560547,85.30863953,91.83021545,6.531831264,10.24509811,8.633886337,89.43547821,86.03284454,2.065381527,48.26808167,29.53314781
70.96437836,78.66899109,63.50221252,61.00647736,13.05634117,269.8712463,123.2594299,48.29787827,404.361145,4.808599949,145.1736145,82.63950348,88.81908417,87.65600586,83.63053894,15.12866116,18.40006828,27.16816711,25.11187744,6179.646484,84.92467499,91.45480347,6.509220123,10.3783493,8.592018127,89.09567261,85.66401672,2.065421343,48.25786972,29.5502491
71.12943268,79.22827148,63.53995132,61.04729462,13.31569958,270.7971191,125.6057358,48.08571243,407.4169312,4.824736595,146.2383575,82.54656982,88.81733704,87.17686462,83.63872528,14.86458302,18.4665432,27.34862328,25.20273209,6178.899414,85.37886047,91.95039368,6.471225739,10.3422308,8.7772789,89.52533722,86.08149719,2.066943645,48.26795578,29.33702278
70.92089844,78.53479004,63.57768631,61.08811188,13.34242535,273.2928162,125.6721802,49.32402802,410.4764099,4.817425251,147.4537048,82.78560638,88.84361267,87.9145813,83.60318756,14.97232342,18.20787811,27.03438568,25.26982498,6176.30127,85.57733154,92.39752197,6.551782131,9.787098885,8.424110413,89.96914673,86.3979187,2.067425013,48.28254318,29.1967659
70.93873596,78.38233185,63.53188705,61.0613327,13.06851387,271.9063416,123.3565979,49.10960007,409.2459106,4.80193758,146.9962006,82.73641968,88.84927368,88.17391205,83.67914581,14.84472561,17.91229248,26.93555641,25.1057682,6177.55127,85.21643066,91.72479248,6.486054897,10.04463387,8.588030815,89.44178772,85.93162537,2.068535328,48.30860519,29.34539604
71.02752686,78.42246246,63.60821152,61.16189957,13.19359398,272.8485107,123.9739609,48.71566391,410.2626038,4.825873852,147.7286377,82.77731323,88.96695709,87.76996613,83.76494598,14.66005516,17.58983421,26.73356247,25.06339645,6176.922852,85.45444489,91.97702026,6.509104252,10.04236603,8.699834824,89.58118439,86.18430328,2.06562829,48.37693787,29.3450222
70.76825714,77.983078,63.659935,61.13467789,13.27752686,274.3296814,124.9105988,48.91877365,412.0160522,4.808763981,148.6244812,82.61659241,88.81273651,87.73592377,83.60264587,14.86937809,18.10027122,27.00620651,25.25310326,6179.748047,85.64596558,92.15518951,6.510311127,10.0847044,8.615117073,89.74679565,86.37128448,2.067312717,48.32168198,29.34342766
70.59999847,77.41230011,63.65773773,61.23863983,13.37927437,275.1167908,125.7697525,49.09779739,412.3945007,4.80095911,148.5724792,82.64047241,88.842659,87.6151123,83.64920044,15.09937668,18.05805969,27.05283165,25.56796265,6177.95752,85.88874817,92.43605042,6.484596252,10.071105,8.586691856,89.98761749,86.59262085,2.060167313,48.3261261,29.34443474
70.20594788,76.3491745,63.80964661,61.31405258,13.28499413,275.7677917,124.4465179,48.92913818,412.1953735,4.831127167,149.4792328,82.6627121,88.91223145,87.58811188,83.52033997,14.83858395,18.40090179,27.17661667,25.61808777,6169.237793,85.63687897,92.18251801,6.551938534,10.20823669,8.805445671,89.7618866,86.38251495,2.062979937,48.34960556,29.344944
70.11916351,75.99416351,63.88657379,61.3872261,13.47197247,275.51297,126.4302597,49.46023941,412.0877991,4.824739456,148.3713379,82.67053986,88.97237396,87.69737244,83.51403809,14.80543137,18.05197906,26.85247993,25.2799778,6174.817871,85.90949249,92.74915314,6.469163895,10.23811531,8.511680603,90.30474854,86.68686676,2.063052893,48.3289566,29.19125938
70.12368774,76.14433289,63.81776428,61.31494141,13.38938522,274.4429016,125.9674454,49.14476776,410.674469,4.814311028,147.7814178,82.61446381,88.93609619,87.64561462,83.56973267,14.90473652,17.87026405,27.0794754,25.62776566,6176.383301,85.87369537,92.35338593,6.482764244,10.01499653,8.696503639,89.84669495,86.57287598,2.063791513,48.35478592,29.19461823
70.18245697,76.16366577,63.81797409,61.36332703,13.29658604,274.3201904,125.2014389,48.71931076,411.4839478,4.799583912,148.2350769,82.59563446,88.90329742,87.50945282,83.57540131,14.99696827,18.84028435,27.20782661,25.66350174,6177.571777,85.64736938,92.12075043,6.479130745,10.94363117,8.741641045,89.7326355,86.40229034,2.06643343,48.33597946,29.20538902
70.10314941,76.0631485,63.99182129,61.45188522,13.60046959,275.8569336,128.3365479,48.70149994,412.7991943,4.8032341,149.072403,82.55201721,88.94722748,86.9420929,83.54454041,14.74087429,18.08312988,27.40114784,25.45612907,6177.95459,86.21389771,92.83820343,6.451035976,10.4649601,8.632205009,90.37546539,86.9382019,2.057740688,48.43616867,29.18594551
69.68357849,74.92102051,64.05284882,61.47851944,13.43598843,276.5905151,126.3468094,49.27993774,413.5153503,4.807263374,149.4933929,82.69869232,89.07136536,87.62714386,83.52688599,15.2252512,18.43828583,27.25087929,25.80201912,6178.310059,85.98420715,92.53557587,6.528309822,10.5203867,8.957366943,90.12632751,86.75786591,2.065854311,48.36101532,29.04692268
69.51764679,74.73719788,64.04608917,61.4482193,13.31304264,275.7339172,125.2417374,49.4591713,412.1292419,4.824073315,148.8510742,82.79733276,88.98605347,87.95882416,83.4850235,14.98852158,17.84691238,26.88301468,25.61993217,6177.547852,85.82048035,92.271698,6.508383274,10.30118179,8.688528061,89.87284851,86.50695038,2.059083223,48.36754227,29.30015945
69.66170502,74.9489975,64,61.41791534,13.40201283,274.9063721,126.1096268,49.12296295,411.2340088,4.828149796,148.3290405,82.65663147,88.92419434,87.63614655,83.42316437,15.28520393,18.22546196,27.16990471,25.40718079,6172.54834,85.74314117,92.30000305,6.464753151,11.04318905,8.970440865,89.89242554,86.44979858,2.064880371,48.35649872,29.04621315
69.65319824,75.15894318,64.03487396,61.40882874,13.39205837,275.3829041,126.2652435,48.7264328,411.7820129,4.812765121,148.71875,82.56175995,88.98994446,87.31049347,83.46303558,15.20757103,18.35312271,27.37562943,25.78844452,6177.54541,85.70223999,92.3275528,6.451290131,10.20560169,8.615627289,89.90340424,86.41764069,2.065864325,48.3444252,29.05887413
69.51763916,74.93216705,64.11632538,61.47656631,13.4668684,276.5803528,126.615036,48.72886276,413.4237061,4.828149796,149.8337708,82.53291321,88.92658997,87.23812866,83.40000153,15.12423229,18.95366669,27.52865219,26.19653511,6177.57959,85.87630463,92.42721558,6.464906693,11.13518715,9.100575447,89.98373413,86.65880585,2.064072609,48.34991455,29.04445457
69.40000153,74.6186676,64.18374634,61.56288147,13.72144032,277.1676941,129.2998352,48.97863007,413.5958862,4.82249403,149.4021606,82.55904388,88.94891357,86.95380402,83.30312347,15.19006252,18.54248238,27.31696892,25.67163467,6178.753906,86.31630707,93.13852692,6.431715488,9.979776382,8.403484344,90.64467621,87.02889252,2.064499378,48.32226563,29.04405022
69.39266205,74.26035309,64.26287842,61.61555481,13.43649197,276.769989,126.4047546,49.10721207,413.4174805,4.803137779,149.4204865,82.6858139,89.01834106,87.49809265,83.47150421,15.07208061,18.20700455,27.21675682,25.26217079,6177.59375,85.91178131,92.59833527,6.470751286,10.28300762,8.509248734,90.18166351,86.69884491,2.063825607,48.43622589,28.94873428
69.18212128,74.13466644,64.27605438,61.57320023,13.4543972,276.5648193,126.667923,49.08388901,412.9021606,4.817580223,149.3266449,82.57176971,89.0525589,87.45333862,83.38005829,14.95780945,18.45878792,27.25992584,25.7803669,6175.616699,85.92835236,92.49068451,6.42218256,11.25692177,9.181612015,89.97150421,86.61107635,2.065463543,48.32227707,28.74436569
69.1344986,74.16869354,64.21778107,61.51259232,13.50397205,276.6641846,127.3290634,48.95159149,412.9613647,4.799128532,149.2268372,82.5079422,89.0019455,87.24931335,83.32920837,15.08008194,18.42962074,27.35964203,25.54952431,6178.755371,86.00382233,92.6076355,6.521175385,11.28434563,9.301176071,90.18668365,86.73213959,2.065992594,48.33407211,28.84185028
69.15193939,74.01296997,64.28230286,61.60721588,13.85611916,277.4533386,130.7732086,48.58991241,413.2303467,4.814161777,149.4117432,82.30000305,89.07788849,86.27806854,83.20202637,14.75942707,18.40265465,27.55557442,25.47083282,6179.528809,86.59999847,93.35915375,6.470830917,10.08791828,8.370991707,90.86155701,87.39418793,2.065046549,48.30905151,28.75139618
68.97319794,73.07804871,64.39070129,61.71238708,13.68362141,277.924469,128.7988892,48.9563446,414.2109985,4.804140091,150.0348358,82.57804871,89.15975952,86.87413788,83.2128067,14.81027985,18.04682541,27.54679108,25.67288399,6180.348633,86.39085388,93.12723541,6.527689934,10.03946877,8.506844521,90.65244293,87.13425446,2.064288616,48.26468658,28.74541092
68.61759186,72.27805328,64.41197968,61.79030609,13.61654091,278.0909729,128.1037445,48.98524094,413.7261658,4.824340343,150.4435425,82.56811523,89.19120789,86.9256134,83.19203186,14.79045105,19.08510971,27.69977951,26.16159439,6163.441895,86.22438812,92.97438812,6.527278423,10.163064,8.484548569,90.53657532,87.00925446,2.065876722,48.28345108,28.61898994
68.57685089,72.03637695,64.46508026,61.70125198,13.65124893,277.6455688,128.6009216,49.10657501,413.5474854,4.821077347,149.7411346,82.50215149,89.14103699,87.06736755,83.11885834,15.13444424,18.93475723,27.86561584,25.78233719,6163.607422,86.22870636,93.01940155,6.426597118,10.0126667,8.512192726,90.52487183,87.02984619,2.066375971,48.26847076,28.65338326
68.56624603,72.32212067,64.46265411,61.76083755,13.60737896,277.2811584,128.133667,49.03645706,412.9978943,4.799571514,149.3246155,82.54014587,89.12472534,87.01893616,83.14690399,14.98498058,18.4343071,27.597229,25.69750595,6167.047363,86.18487549,92.96154022,6.468842983,10.21975899,8.506509781,90.48461151,86.9868927,2.064573765,48.30392838,28.7503624
68.49854279,72.4302597,64.37420654,61.59578705,13.58969975,277.2773132,128.0721436,49.08950424,413.5101624,4.801272392,149.3211365,82.51008606,89.07943726,87.09460449,83.09483337,15.09774017,18.46824265,27.56540871,25.4203968,6166.17041,86.12949371,92.89559937,6.495841503,10.15383339,8.68474865,90.44424438,86.92722321,2.064975023,48.16617584,28.62029076
68.46303558,72.59346771,64.31359863,61.52435684,13.43513393,276.9423523,126.4762955,49.12140274,412.776123,4.805503845,149.4112701,82.5674057,89.04372406,87.36507416,83.05374146,15.09093189,18.30845261,27.43396187,25.35508537,6169.500977,85.85693359,92.40859222,6.527351379,11.93538189,9.589851379,90.01080322,86.66616058,2.068249941,48.12549591,28.74681282
68.52135468,72.9597168,64.24459839,61.46548462,13.52101231,276.4836426,127.3293152,49.22914505,412.369812,4.8052001,148.7611084,82.59426117,89.00801086,87.23183441,83.01264191,15.19410419,18.55331993,27.17167854,25.36478615,6175.973145,85.9810791,92.62705231,6.608539104,10.58471394,9.043568611,90.27529144,86.77973938,2.069732904,48.03911591,28.74622154
68.53290558,73.14014435,64.20838165,61.41806412,13.5728941,276.2804565,127.9040527,48.88470459,411.7582092,4.821650028,148.8157501,82.46074677,89.0847168,87.06393433,83.07988739,14.9326067,18.28655815,27.27870369,25.47702408,6175.48877,85.89548492,92.6121521,6.452189922,10.47901344,9.106513023,90.18045044,86.66506195,2.070111275,48.03081894,28.6199398
68.44966888,72.96063995,64.2750473,61.46363068,13.67912292,276.9826965,128.8796082,48.68037415,413.2115784,4.826548576,149.5232086,82.35084534,89.01402283,86.67966461,82.91085815,14.73430729,18.22925377,27.6446991,25.22669983,6176.858887,86.02017975,92.81819153,6.527173996,10.17645264,8.591096878,90.39321899,86.81330109,2.069875002,48.01128387,28.37418747
68.34771729,72.31695557,64.22546387,61.54797745,13.60531521,278.1678162,127.9901657,48.77903366,414.7215881,4.799108505,150.4970398,82.30000305,89.04611969,86.75435638,82.91499329,15.16190529,18.870327,27.81209373,26.0388298,6180.367676,86.068573,92.83087158,6.508547783,10.42082977,8.829536438,90.37952423,86.83087158,2.068542004,47.94295502,28.29578209
68.24977112,71.7922287,64.43547058,61.67272186,14.00074196,279.2675171,132.0654755,49.00149536,414.2311096,4.824729919,150.1116943,82.36196136,89.18231964,86.26791382,82.87780762,14.76164436,18.66391945,27.90984726,25.88743019,6174.613281,86.74971008,93.72226715,6.52392149,10.12082958,8.222893715,91.21899414,87.54970551,2.068249941,48.04469299,28.29654694
67.90582275,71.11753845,64.47831726,61.67136383,13.86500072,278.6950073,130.6151886,49.01238251,413.9477539,4.809821606,149.9340515,82.38106537,89.12724304,86.48503113,82.78372192,14.68481255,18.33799362,27.72772217,25.7865448,6179.156738,86.51339722,93.41534424,6.458141327,9.969291687,8.282553673,90.93209076,87.30197906,2.068108797,47.92708969,28.44449043
67.81310272,70.76212311,64.47515106,61.60504913,13.89218521,279.3082886,130.9142151,48.70285797,414.2068787,4.812271118,150.2789307,82.20000458,89.17304993,86.05289459,82.7469101,14.80641079,17.97517395,28.10080719,25.73933029,6178.928223,86.52576447,93.41091156,6.566565514,9.910013199,8.238154411,90.94449615,87.31363678,2.068856239,47.90115738,28.45692444
67.87636566,70.47878265,64.47090912,61.70891571,14.09769821,281.3052063,132.8320618,48.53264618,415.6222229,4.812561035,151.1369629,82.14778137,89.23816681,85.54646301,82.71009827,14.67679119,18.05695724,28.37742615,25.77183914,6179.091309,86.98247528,93.97968292,6.515463829,9.973208427,8.182452202,91.48556519,87.77607727,2.071500063,47.83978271,28.39404678
67.44151306,69.82726288,64.64421082,61.80209732,13.98830223,281.4493408,131.8475952,48.89904785,416.4628601,4.800203323,151.629837,82.25007629,89.2975769,86.05455017,82.66934204,14.76955318,18.05109215,27.99384308,25.60217667,6176.816895,86.88498688,93.79204559,6.508104324,10.05782032,8.208226204,91.28701019,87.69784546,2.067925215,47.81184387,28.29666138
67.20181274,69.50069427,64.76712799,61.83760071,13.94736862,280.7131653,131.3690491,49.2908783,415.9737549,4.803432465,151.0934448,82.36074066,89.29315186,86.48287964,82.6330719,14.58452988,17.78597069,27.85296059,25.72822571,6177.605469,86.75328827,93.6470108,6.526716232,9.817317963,8.226923943,91.13970184,87.53890228,2.074449301,47.81080627,28.2574501
67.15971375,69.5766449,64.70622253,61.87310791,13.95888233,279.6904297,131.7008972,49.20351028,414.7686462,4.805222034,150.230545,82.31206512,89.20000458,86.38063812,82.66815948,14.92945576,18.17514229,27.9995079,25.71103477,6176.400879,86.78735352,93.67255402,6.547667503,10.02415085,8.219008446,91.19657135,87.58627319,2.073055267,47.77879333,28.14562225
67.25269318,69.64504242,64.88038635,61.86589432,13.79786873,279.4338379,130.0499725,49.0377655,415.0137939,4.802511692,150.5206757,82.34716797,89.25639343,86.52865601,82.6075058,14.91383648,18.11590576,27.84478569,25.85284424,6178.077637,86.55887604,93.34859467,6.508295536,10.08330822,8.342386246,90.80686951,87.33499908,2.071500063,47.87448883,28.11231232
67.14550781,69.67359924,64.77081299,61.76014709,13.88038445,279.2472229,130.8458557,48.92030716,412.5944214,4.820178032,150.085083,82.27753448,89.29325867,86.35305786,82.54214478,15.10630512,17.93710899,28.28746223,25.64753151,6179.344727,86.4549942,93.32359314,6.478654385,9.984035492,8.34239769,90.82041931,87.30249786,2.071978092,47.78467178,28.14721298
67.07450867,69.74655151,64.71496582,61.66678619,13.97484303,279.6359253,131.6892853,49.19717407,415.5369873,4.816535473,150.4834442,82.31167603,89.21837616,86.35102844,82.53567505,14.79088593,18.36879349,27.80418396,25.46228981,6174.282715,86.7170105,93.61108398,6.560052872,10.12663937,8.318490982,91.11962128,87.59809875,2.071802139,47.7588501,28.18208694
67.13764191,70.03793335,64.69750214,61.6055603,13.80688381,276.7668762,130.4099121,49.71115494,411.9959106,4.821937561,147.3674927,82.46588898,89.29030609,87.08784485,82.57396698,14.7876606,18.40269089,27.42695618,25.50379753,6177.611328,86.3414917,93.18589783,6.534850121,10.17760658,8.35495472,90.79701233,87.14816284,2.072998047,47.71907806,28.44372559
67.16728973,70.38935852,64.60072327,61.53938293,13.4519558,277.6969604,126.854744,48.34463882,414.2801514,4.79591465,150.3111115,82.24190521,89.12014771,86.74825287,82.51514435,14.28916836,17.75612259,27.43155289,25.46719933,6174.475098,85.65956879,92.24720764,6.628076077,11.96797371,9.670086861,89.85957336,86.43640137,2.067800999,47.73342514,28.61935616
67.14466095,70.43587494,64.64466095,61.54721832,13.54121304,278.6233215,127.3776169,48.45167923,416.6718445,4.821650028,151.3348389,82.24777222,89.19828796,86.59106445,82.56456757,14.77361774,18.1753273,27.70763969,25.26342392,6175.554688,85.71553802,92.28511047,6.593741894,10.86036491,9.025653839,89.90615082,86.49552917,2.074523449,47.67698669,28.61974144
67.09835052,70.49821472,64.61508179,61.53493881,13.49559975,279.1527405,127.1159821,49.36997986,416.2669983,4.79155159,150.0726624,82.39445496,89.13072205,87.3815155,82.5839386,14.97917747,17.99883652,27.38137817,25.8155098,6177.507813,85.88885498,92.55693054,6.613348007,11.1674509,9.324586868,90.15692902,86.68885803,2.068637609,47.67759705,28.65527725
67.13827515,70.55858612,64.76454926,61.62398911,13.86457348,281.8320007,130.465744,48.57361984,418.8249207,4.808253288,152.335434,82.15099335,89.10889435,86.01898193,82.45326233,14.50295734,18.08918953,27.77073288,25.29523659,6176.621094,86.48935699,93.31871796,6.546807766,10.00590134,8.363639832,90.86581421,87.28936005,2.071181536,47.75242233,28.72551727
66.73730469,69.77265167,64.90538788,61.64251328,13.73309231,282.3726501,129.3657379,48.74164963,419.0336609,4.812731743,153.6683807,82.16888428,89.25827789,86.3968277,82.38519287,14.48507881,17.90911674,27.59026909,25.78025246,6174.367676,86.33055878,93.04548645,6.607340813,10.04190731,8.481487274,90.55111694,87.15015411,2.07433486,47.69689178,28.68245125
66.61477661,69.40179443,64.99629974,61.68292618,13.86057568,282.1886597,130.8013611,50.02964783,418.6145325,4.810853958,152.2555542,82.44754028,89.23353577,87.13652039,82.42217255,14.84795952,18.01677704,27.3370533,25.72580147,6175.220215,86.62783051,93.51415253,6.497422218,10.07397366,8.263289452,91.09815216,87.45188904,2.071664333,47.66271591,28.48266792
66.72690582,69.71563721,64.86346436,61.66460419,13.79360676,280.6019592,130.0151367,50.13518906,416.5316467,4.821569443,150.4796143,82.41014099,89.22444916,87.39691162,82.4175415,14.64132309,18.3250351,27.17504501,25.87677765,6175.413574,86.50617981,93.36247253,6.606309414,10.24239063,8.275889397,90.90097809,87.3228302,2.066687584,47.66643906,28.54105186
66.81981659,70.28070831,64.77897644,61.48590851,13.63418198,280.0778198,128.3522339,49.22482681,416.806427,4.799809933,151.03685,82.29268646,89.09999847,87.00176239,82.40615845,14.83007431,18.16757011,27.44381142,25.39762688,6173.825684,86.02944946,92.80000305,6.576254845,10.19504261,8.826399803,90.3938446,86.84189606,2.073254347,47.66492462,28.44844246
67.29389191,70.99268341,64.45306396,61.42260742,14.50196934,282.398468,137.6937256,48.7647438,418.3708801,4.778387547,151.7504425,81.73741913,89.00031281,84.62442017,82.49847412,14.5552063,18.24553871,28.76273155,25.19523239,6174.456055,87.57557678,94.67557526,6.55188942,9.768789291,8.173757553,92.08782959,88.38780212,2.07530427,47.61529541,28.40183067
66.67626953,69.87702942,64.93470001,61.58317947,13.92148972,281.837616,131.2664795,49.73628235,417.955719,4.803161621,151.652832,82.33886719,89.24901581,86.80817413,82.32177734,15.357131,18.23133278,27.919487,25.98782539,6176.89209,86.67967224,93.62241364,6.492465973,10.08360291,8.219853401,91.17230225,87.49248505,2.072887182,47.62028122,28.2969532
66.73233032,69.98072052,64.98955536,61.53905869,13.72002602,280.7990112,129.4302521,49.79056931,417.0398865,4.804414272,151.0592194,82.48795319,89.24578094,87.16717529,82.49966431,15.06503201,18.23786736,27.5977459,25.73018265,6178.26123,86.45824432,93.12226105,6.532487392,10.1426878,8.337285995,90.70053101,87.25275421,2.073683023,47.66254044,28.00090218
66.75159454,70.27532196,64.80525208,61.50709534,13.83860111,280.6719666,130.5541534,49.65428162,417.4434204,4.798456192,151.1034393,82.28890991,89.14819336,86.90066528,82.36799622,14.69277287,18.14511108,27.54092216,25.67320442,6178.449707,86.57959747,93.40723419,6.535459995,10.02328968,8.399022102,90.98887634,87.39139557,2.075141907,47.66499329,28.14703369
66.71102905,70.22587585,64.86976624,61.56895065,13.95588779,281.1942139,131.6065674,49.55542755,418.0098877,4.808698654,151.4293213,82.25074768,89.16119385,86.55084229,82.34793091,14.89769268,17.69168663,27.54337502,25.11884689,6181.050781,86.76940918,93.68701172,6.547369957,10.12445545,8.310471535,91.21102905,87.58209229,2.076321602,47.6120224,28.18243027
66.60118103,69.89440918,64.88613892,61.54075623,13.77312756,281.4138489,130.0663757,49.57249069,418.2197266,4.797383785,151.7388916,82.30399323,89.25588226,86.94235992,82.34307098,14.61495972,17.67040062,27.42811775,25.67075157,6179.23877,86.40679169,93.223526,6.601640224,9.976330757,8.383266449,90.76974487,87.23203278,2.077199936,47.58864975,28.29818726
66.67791748,69.89372253,64.86005402,61.57475662,13.940341,281.194397,131.6095581,49.67048645,417.6217346,4.814745903,151.5491791,82.3494873,89.29814148,86.7212677,82.32010651,14.78672886,18.35657501,27.7015686,25.66798973,6182.858398,86.59999847,93.57896423,6.525308132,9.992860794,8.322656631,91.19586945,87.40736389,2.076238155,47.56723404,28.27488899
66.53917694,69.70037079,64.83396912,61.57804489,13.87300777,281.1415405,130.664032,49.62557602,417.5104675,4.82490015,151.6179352,82.39990234,89.20737457,86.85426331,82.39605713,14.91895485,17.5239563,27.66321754,25.31788826,6182.436035,86.53894806,93.37309265,6.580715656,10.07355499,8.317393303,90.93023682,87.3686142,2.074798107,47.60252762,27.99350357
66.62140656,69.76781464,64.80787659,61.50827408,13.73379421,280.7417297,129.5079651,49.7608757,417.2723694,4.799890995,151.0839691,82.32241058,89.20000458,87.08550262,82.3261261,14.9568634,17.65203857,27.54379463,25.46338081,6178.734863,86.37564087,93.1529541,6.571249485,10.14595604,8.332135201,90.7073822,87.17675018,2.076561928,47.59919357,28.00213623
66.68601227,69.93340302,64.91292572,61.58546829,13.84201336,280.9076233,130.5055237,49.54616547,417.600708,4.812619209,151.5764771,82.21248627,89.24082947,86.81937408,82.38159943,14.50058842,17.71235466,27.33075905,26.06002235,6170.171387,86.46469879,93.35101318,6.560997009,10.14979935,8.286488533,90.96647644,87.33336639,2.075561762,47.5656929,27.98251724
66.64983368,69.94161224,64.92484283,61.50376129,13.75307083,281.4573975,129.4668274,49.64255524,418.1372986,4.821353436,152.0485535,82.30007172,89.1999588,87.01005554,82.32320404,15.18748856,18.31339073,27.48913383,25.85588264,6175.22168,86.31575775,93.11760712,6.55099535,10.02837276,8.408208847,90.69989777,87.17491913,2.075698614,47.66296387,27.98381042
66.60533905,69.90074158,64.82337189,61.43175888,13.66791248,281.0247498,128.707901,49.76560211,417.3686523,4.808058739,151.6264191,82.36312103,89.12996674,87.28339386,82.39087677,14.74289227,17.8238945,27.24684906,25.69348335,6168.914551,86.25630188,93.00010681,6.611555576,11.36221504,9.383312225,90.55724335,87.05005646,2.077459097,47.59630585,27.9685688
66.68534851,70.12016296,64.72221375,61.5,13.70972824,280.8930664,129.0772095,49.66079712,417.3760071,4.795550823,151.525589,82.23596954,89.14206696,87,82.26325226,14.50376129,18.0309124,27.16900635,25.40940666,6164.213379,86.37149048,93.15039825,6.570583344,10.06908226,8.408416748,90.77008057,87.16675568,2.078427553,47.54909897,27.91212654
66.57698822,70.05458069,64.83177948,61.43434906,13.6311264,281.2983398,128.67659,49.56495667,418.1428528,4.794267178,151.8490143,82.30086517,89.17220306,87.10900879,82.31217957,14.62475491,18.55615044,27.40886688,25.5737133,6171.762207,86.12870026,92.9502182,6.571131229,10.19194889,8.573898315,90.52017212,86.96017456,2.075022697,47.54515457,27.92210197
66.64404297,70.21354675,64.77022552,61.42315292,13.79878712,281.3283081,129.940155,49.73750687,417.8374939,4.808606625,151.5257111,82.37672424,89.19224548,86.99099731,82.34392548,15.18627834,18.63818359,27.52895927,25.65029335,6173.342285,86.33329773,93.31651306,6.490764141,10.34993076,8.408368111,90.82495117,87.19994354,2.076375008,47.54516602,27.90059471
66.69909668,70.43756866,64.73651886,61.36402512,13.69535637,280.5506287,129.1957245,49.84083557,416.8442383,4.79925108,150.8329315,82.37263489,89.15005493,87.28556824,82.37567139,14.78290558,18.22276688,27.40452385,25.68821526,6174.598145,86.21684265,93.1099472,6.450023651,10.07063007,8.407904625,90.71263123,87.05867004,2.072856665,47.58621216,27.87251282
66.77965546,70.76004791,64.70280457,61.31139374,13.6461544,280.5238953,128.5402374,49.63388443,417.2537842,4.805344582,151.1713409,82.39890289,89.00933838,87.14639282,82.30000305,14.30352688,17.58911324,27.20490265,25.28938675,6174.432129,86.13483429,92.92862701,6.591360092,10.15090752,8.572939873,90.53874207,86.92862701,2.076375008,47.58618546,27.82569695
66.84624481,70.86960602,64.72949219,61.47126007,13.57845592,281.2776184,127.8598557,49.30675888,418.0414124,4.812614918,152.2761383,82.22039032,89.15843201,87.04994202,82.33946228,14.62457275,17.82372856,27.3678093,25.32939339,6174.415039,85.95029449,92.75506592,6.651556492,10.83776951,9.060599327,90.23373413,86.740242,2.073658943,47.66739655,27.3970108
66.74936676,70.77051544,64.79357147,61.39016724,13.69711781,281.6611023,129.0810394,49.57135773,418.350708,4.821102142,152.2640991,82.3059082,89.19937134,87.01309967,82.38336945,14.90501976,18.22555923,27.36657715,25.88979721,6174.534668,86.21790314,93.00063324,6.491024017,10.06900883,8.491664886,90.62360382,87.02507782,2.077595234,47.58619308,27.38313103
66.74002075,70.65011597,64.73852539,61.33659363,13.56783199,280.6420288,127.8287277,49.96787643,417.2281189,4.82490015,151.3886566,82.31419373,89.07998657,87.55016327,82.32527161,14.49987125,17.90489197,27.12222862,25.52847862,6173.608398,85.95822144,92.73986816,6.651394844,10.35706425,8.776165962,90.29990387,86.77763367,2.076525927,47.56537628,27.24854088
66.88267517,71.14459991,64.64701843,61.2733078,13.51195335,279.122467,127.2292709,49.94107819,416.3937683,4.802100182,150.3535614,82.41397095,89.03554535,87.6436615,82.38587189,14.62711716,17.46892357,27.00133324,25.3304348,6175.018555,85.81232452,92.63087463,6.570250988,10.48152351,9.089197159,90.25679779,86.61231995,2.077199936,47.55883789,27.10598373
66.90972137,71.42816925,64.6468277,61.24030304,13.68892479,280.0204468,129.0839996,48.90032578,416.9995728,4.811900139,151.2742004,82.12077332,89.07481384,86.58550262,82.30310822,14.7455864,17.99243546,27.33239174,25.24443054,6174.411133,85.99989319,92.85441589,6.571858883,9.952371597,8.65405941,90.39988708,86.79989624,2.075907469,47.55022812,27.17061615
66.733284,70.83730316,64.71788788,61.35929108,13.69705677,281.8912964,128.6200562,48.7314949,418.888031,4.824259281,153.4436951,82.17641449,89.12567902,86.38970947,82.36496735,14.6644392,18.43359947,27.73108101,26.05732918,6174.236816,85.9369812,92.73230743,6.623069763,10.15227985,8.733700752,90.33208466,86.74224854,2.077460289,47.54094315,27.27528191
66.70423889,70.34619904,64.7148819,61.46034622,13.68294334,281.5169067,128.7500916,49.48174286,417.8878479,4.7984519,152.1061249,82.22428131,89.10083771,86.9283371,82.30168152,14.54205799,18.43204117,27.28817177,25.89065361,6172.526855,86.12880707,92.98595428,6.569884777,10.18577003,8.436280251,90.55027771,86.94309998,2.076582193,47.53492737,27.27305412
66.75706482,70.3303299,64.73506165,61.43392944,13.73776436,281.3182068,129.5390625,49.40520096,417.8378601,4.8048172,151.8056488,82.23445892,89.13439941,86.8286972,82.34931183,14.82572556,18.22659874,27.73427391,25.6502552,6173.67627,86.14808655,93.09345245,6.509954929,10.02740955,8.568188667,90.58839417,86.95166779,2.076241732,47.62670898,27.4536438
66.67227936,70.27861786,64.76161957,61.36073303,13.47877502,280.9422607,126.9625778,49.56675339,417.921814,4.795614719,152.1984253,82.38407135,89.18689728,87.349823,82.37399292,14.55172729,17.58667564,27.32457352,25.32896423,6179.894531,85.77018738,92.56261444,6.570506573,10.88324261,9.303889275,90.16121674,86.60025787,2.079197168,47.5392952,27.54446411
66.73019409,70.55660248,64.69023132,61.30465317,13.68803978,280.5635681,128.9445343,49.94249344,417.6886292,4.815140724,151.19133,82.38253021,89.09996796,87.22463226,82.32744598,14.99107742,18.10547066,27.24473,25.77389908,6176.248047,86.18773651,93.01455688,6.527649403,10.18813133,8.490791321,90.58834076,87.00849152,2.07692337,47.50030518,27.86904907
66.70040131,70.7929306,64.64144897,61.31801605,13.719491,280.2896423,129.2168121,49.67769241,416.6977234,4.811900139,150.9343414,82.22396088,89.08724976,87.0284729,82.39966583,14.94872475,18.15392494,27.28627396,25.28866386,6175.220215,86.12772369,93.0475235,6.61267519,10.02732468,8.42978096,90.60388184,86.95643616,2.07691431,47.50432968,27.90980148
66.72183228,70.7265625,64.70056915,61.34100342,13.60644913,280.8344116,128.0154572,49.29542923,417.9908752,4.822713852,151.968689,82.28054047,89.09980774,86.99550629,82.39931488,15.01698875,18.71410942,27.2860527,25.76616096,6174.553711,85.9105835,92.71192169,6.570966244,10.59919834,9.063528061,90.30329132,86.70839691,2.074130058,47.47386932,27.87115288
66.73039246,70.65354919,64.73371887,61.3639946,13.74671459,281.4884338,129.4984436,49.58195114,418.2336426,4.810283184,152.0058594,82.27045441,89.00054169,86.96808624,82.33802032,14.94574451,18.46819496,27.48824501,25.49058723,6173.229004,86.21477509,93.21087646,6.530890942,10.07139492,8.452645302,90.73542786,87.0161972,2.076375008,47.48396301,27.86468315
66.77483368,70.72505188,64.76686859,61.38698196,13.78350639,280.8268738,129.790802,50.06613541,417.2275391,4.818116665,151.0058746,82.36006165,89.03327179,87.24809265,82.37801361,15.55051708,18.42565536,27.49254227,25.69407654,6174.257813,86.23106384,93.3212738,6.543570518,10.03331375,8.429832458,90.84475708,87.09361267,2.076368809,47.45027924,27.70493507
66.90000153,70.98646545,64.79942322,61.35089874,13.55452156,279.8515625,127.5795822,49.73041534,416.6571655,4.800979614,150.6740875,82.34329987,89.05162811,87.36914063,82.36083984,14.94561577,18.21491051,27.16876602,25.84141541,6175.995117,85.90016937,92.80000305,6.50288105,11.2406311,9.303734779,90.32196808,86.70574951,2.07582736,47.60613251,27.70820808
66.79663086,70.94750214,64.64465332,61.33057785,13.77851486,280.8241882,129.9886932,49.36680984,418.0562134,4.798047543,151.5770721,82.17381287,89.00048065,86.73254395,82.30610657,14.70444965,17.63765717,27.45389938,24.93245888,6172.116699,86.21556854,93.20020294,6.551113605,10.03165913,8.410698891,90.70000458,87.04319763,2.078737259,47.49607086,27.81529808
66.69036102,70.62469482,64.71583557,61.3861351,13.92059231,281.630188,131.0413361,49.45414734,418.5500183,4.826132298,152.2957458,82.15403748,89.09999847,86.50040436,82.20504761,14.66688347,18.9475441,27.57587242,25.89799881,6172.541016,86.44650269,93.5,6.547752857,9.986531258,8.246320724,91.03250885,87.25279999,2.075014591,47.51807404,27.54780006
66.63506317,70.24102783,64.71411133,61.35052109,13.76184654,281.2006531,129.6999207,50.16106415,417.6673584,4.818412781,151.2731476,82.43622589,89.13328552,87.3707428,82.25042725,15.18305969,17.92207527,27.31726265,24.97748184,6174.532227,86.23468781,93.21892548,6.492047787,10.02770996,8.40806675,90.72538757,87.18291473,2.075333834,47.46471786,27.5415802
66.68634796,70.47296906,64.64994049,61.29406738,13.6085434,278.7030029,128.4247284,50.8381691,416.4125061,4.818380356,149.6520538,82.56772614,89.07044983,88.06025696,82.20000458,14.50823307,17.90665436,26.91496086,25.96629143,6169.433105,86.1668396,93.16069031,6.573346138,10.0308466,8.574597359,90.70015717,87.00012207,2.078278303,47.4978714,27.49293709
66.82522583,71.24684906,64.51908875,61.17731094,13.65576458,277.9403076,128.8514862,50.60554504,415.6201172,4.821362019,148.9586029,82.47919464,89,87.86479187,82.34527588,14.61910343,17.46570396,26.998209,25.48891258,6171.105957,86.12818909,93.19947815,6.53323698,10.11323643,8.410896301,90.73947144,86.94955444,2.078453779,47.48254776,27.39438248
67.02671051,71.79714966,64.41047668,61.12636566,13.6870079,278.6755371,129.4205322,50.13357544,417.0249939,4.804152489,149.7689362,82.35890198,88.90814972,87.5,82.38747406,15.13886547,18.5876503,27.40426445,25.66275406,6175.982422,86.19142914,93.30541229,6.528896332,10.11562347,8.448253632,90.83904266,86.98904419,2.077319384,47.4442749,27.24960518
67.07714081,71.71263885,64.5405426,61.23756027,13.81623268,280.07901,130.3943939,49.47637939,416.8187256,4.818399906,150.885437,82.19992828,88.95896912,86.77746582,82.33390808,15.10479832,18.15828705,27.17422867,25.49291229,6173.298828,86.27214813,93.34366608,6.530586243,10.26557732,8.409903526,90.93972015,87.08702087,2.076375008,47.54585648,27.24343872
66.83322906,71.14963531,64.5680542,61.25477219,13.79384518,280.9130859,129.8133698,49.22035599,418.1175232,4.816471577,151.9920044,82.1489563,89.04174805,86.54411316,82.34406281,15.05926704,18.35150528,27.49120522,25.89633179,6175.220215,86.21715546,93.32537079,6.490292072,9.949872017,8.347216606,90.83104706,87.01643372,2.079651833,47.44430923,27.39504433
66.60787964,70.36231232,64.60970306,61.35671616,13.67720413,281.5391846,128.9680634,49.68241501,418.4968872,4.803037167,152.1058197,82.25405121,89.02132416,87.0140686,82.38519287,15.07607269,18.40839386,27.251091,25.85081291,6174.413574,86.19152069,93.24477386,6.409958839,10.10150623,8.407534599,90.77811432,86.99211884,2.079649925,47.48378372,27.25146866
66.69923401,70.35886383,64.65260315,61.36770248,13.73786163,280.7103577,129.6238098,49.9830246,417.3506775,4.814863205,151.0297546,82.36687469,89.15325928,87.20012665,82.34294128,14.8281374,17.92503929,27.1624794,25.70501137,6173.912598,86.2766571,93.34753418,6.506748199,10.11250305,8.382505417,90.89987946,87.09980774,2.078304529,47.492939,27.0371685
66.64982605,70.46070099,64.63236237,61.32860184,13.77229691,280.1685181,130.028595,49.58665848,416.5320435,4.806678772,150.657547,82.1686554,89.03565979,86.83282471,82.30068207,14.93975544,17.91645432,27.32664299,25.7904911,6171.671875,86.26702118,93.35203552,6.549976826,9.933990479,8.369400978,90.97929382,87.05187225,2.075960636,47.44763184,26.79469109
66.57868958,70.2747345,64.7210083,61.38983154,13.84790039,281.1550293,130.4644775,48.90016556,417.9914551,4.808599949,151.2451019,82.02419281,89.09365082,86.15796661,82.25860596,14.31471825,17.56857872,27.50311852,25.21679306,6173.63916,86.27355194,93.4440918,6.452693939,9.988163948,8.085129738,91.00813293,87.04064178,2.072025299,47.45563126,26.65776062
66.40350342,69.56854248,64.8605423,61.5,13.80902576,282.1441956,130.1692657,49.49729919,418.9683228,4.800022602,152.0815277,82.22425842,89.23342133,86.71129608,82.31880188,15.09405708,18.96370888,27.80828476,26.67517662,6176.814941,86.39194489,93.48487091,6.491304874,10.14604473,8.201004028,91.04193878,87.20939636,2.078410149,47.47930145,26.64012337
66.40167999,69.4269104,64.99992371,61.58484268,13.85284996,281.5386658,130.6890564,49.94842148,417.4803162,4.824318409,150.6554565,82.37197876,89.28299713,86.94830322,82.38565826,14.78712368,17.99958038,27.4818058,25.70046043,6171.00293,86.42384338,93.53166962,6.489307404,10.09142971,8.087962151,91.14138794,87.34590149,2.076375008,47.58559036,26.35504913
66.47415161,69.60449219,64.83319092,61.50951767,13.79406738,280.3331909,130.0901947,49.63267899,416.6209412,4.796906471,149.942337,82.24425507,89.20344543,86.89942932,82.33310699,14.93489742,18.55720329,27.41016769,25.33588791,6178.050293,86.18362427,93.30000305,6.413134575,9.830591202,8.203580856,90.89310455,87.059021,2.076192379,47.48503494,26.26383209
66.33233643,69.56403351,64.93226624,61.54749298,13.86525726,281.1801147,130.6915588,48.93438339,417.9053345,4.811325073,151.1873016,82.01155853,89.19824219,86.12695313,82.21144104,14.38918877,17.67072296,27.84766769,25.33251762,6171.67041,86.43882751,93.3394165,6.568388939,10.03733158,8.169514656,90.85603333,87.30000305,2.07896018,47.49403763,26.26935196
66.18051147,69.07981873,64.98737335,61.58546829,13.87106228,282.0378723,130.8164673,49.65345764,418.6497498,4.814530373,151.7190094,82.27636719,89.31399536,86.75036621,82.28739166,14.95632267,18.24555969,27.67289162,25.8884964,6173.145996,86.42925262,93.5,6.447260857,10.06137371,8.174432755,91.05821991,87.2587204,2.077993155,47.48366165,26.45545578
66.20204163,69.07863617,64.94013214,61.49629593,13.90583801,281.4584045,131.0176392,50.3298645,417.8074951,4.814511299,150.1915283,82.33544922,89.26423645,87.1264267,82.26565552,14.71765614,17.86380959,27.41786003,25.44515228,6175.183105,86.66697693,93.59999847,6.44798708,10.0296278,8.169839859,91.27615356,87.49971008,2.078005314,47.46448517,26.27545547
66.30844116,69.40029144,64.89611816,61.42312622,13.81139183,279.947052,130.2531433,49.68968582,415.582489,4.797244549,149.2125549,82.22710419,89.14987183,86.89905548,82.20683289,15.04533577,18.17997742,27.43928146,25.71647835,6174.25293,86.40917969,93.38349152,6.503585815,9.995202065,8.323795319,90.97870636,87.27669525,2.076636076,47.44935608,26.30209351
66.3588562,69.46089935,64.83842468,61.45969009,13.96193886,281.25177,131.9093475,48.88653946,417.8401184,4.802100182,150.9269867,81.94094849,89,85.91603088,82.24694061,14.78852654,17.89069939,27.82252312,25.06609154,6170.429688,86.59125519,93.60095978,6.528456688,10.10840797,8.203408241,91.18217468,87.44341278,2.081274986,47.4630127,26.173769
66.39055634,69.17086792,64.94313812,61.58599091,14.23283482,283.7231445,134.2555542,49.20349121,418.757019,4.818001747,151.5957184,81.98957825,89.22026825,85.56909943,82.29967499,14.29817009,18.07442093,28.34339142,25.89910889,6173.568848,87.19050598,94.26990509,6.447124958,10.03154564,8.241831779,91.88267517,88.09126282,2.075769663,47.46677017,26.21401978
65.95685577,68.44133759,65.10564423,61.6464653,13.94039154,282.694519,131.3407898,49.64356613,418.1529846,4.821598053,151.6196136,82.20012665,89.29993439,86.52914429,82.13911438,14.64454556,18.60869408,27.6855793,26.43614388,6172.282715,86.62960052,93.63960266,6.450404644,10.06712437,8.243374825,91.1595993,87.47114563,2.079649925,47.50418091,26.6409893
65.94583893,68.51308441,65.10638428,61.6033783,13.93125248,281.3946838,131.5205841,49.72724915,417.2281189,4.808599949,150.3990784,82.22862244,89.20000458,86.66530609,82.115448,14.55157757,17.60523033,27.81958961,25.73829842,6175.158691,86.68470001,93.6474762,6.409174919,10.18627357,8.389270782,91.23432159,87.54510498,2.079649925,47.46428299,26.49237823
65.9041214,68.57830811,65.16295624,61.62172699,13.87454605,281.1524048,130.6684113,49.69116974,417.3161316,4.807473183,150.4694977,82.29862976,89.25228882,86.77886963,82.18783569,14.93447399,17.73133469,27.42554092,25.23353767,6175.178711,86.51570129,93.41848755,6.490274906,10.11164761,8.324099541,91.0005188,87.44300842,2.077882528,47.47540283,26.55475807
65.87371063,68.40142059,65.2082901,61.64007568,14.02066135,281.6675415,132.2393188,49.44535828,417.5312195,4.815461636,150.9620056,82.05657196,89.24372101,86.24085236,82.11618805,14.54688835,18.0363903,27.81280708,25.8041687,6171.431641,86.67917633,93.71710205,6.486503124,10.03131962,8.326333046,91.39575958,87.57394409,2.078406811,47.44425964,26.49835014
65.83261871,68.24428558,65.27887726,61.65842438,14.03674793,282.118042,132.1293793,49.40108109,418.2788696,4.821683884,151.2420197,82.10019684,89.27362823,86.20144653,82.14172363,14.52342796,18.17620087,27.66077232,26.0506649,6171.713379,86.74892426,93.73043823,6.411064148,10.00159454,8.405212402,91.32795715,87.53913116,2.079649925,47.45396042,26.49637222
65.70000458,68.24142456,65.27584076,61.67677307,14.06349373,281.809845,132.7712402,49.91936111,418.1844177,4.806986332,150.8471222,82.10637665,89.23555756,86.6752243,82.16725159,14.87350082,17.67211914,27.86722374,25.66089439,6170.555664,86.80015564,93.98406219,6.567663193,9.991059303,8.241440773,91.48261261,87.7434845,2.078000069,47.44046021,26.37693214
65.72707367,68.29314423,65.2413559,61.69512177,13.96686459,280.7430115,131.6417084,49.96297073,416.5400696,4.811900139,149.9016876,82.27844238,89.26992798,86.77206421,82.19278717,14.84793758,17.7371788,27.59609222,25.63913345,6175.151367,86.77478027,93.79385376,6.468453407,10.11363983,8.486359596,91.30955505,87.63259888,2.08038044,47.42284012,26.81635094
65.8194046,68.43777466,65.20687103,61.61689758,13.91040516,280.4800415,131.4597778,49.36785507,416.4171448,4.799910069,150.1630402,82.12928009,89.22922516,86.4905014,82.10843658,14.73069668,17.73884201,27.72941589,25.44322205,6170.558594,86.47386932,93.5,6.528176308,10.21281147,8.24562645,91.08258057,87.33370972,2.079649925,47.52773285,26.92841721
65.73648071,68.30383301,65.28579712,61.61326218,14.03747082,282.2155762,132.2820435,49.28303528,418.5730591,4.826337814,151.5282898,82.04470062,89.29453278,86.15287781,82.00537109,14.34375954,18.02186584,27.50507545,25.6200676,6169.73584,86.73179626,93.70000458,6.508751392,10.13728428,8.248811722,91.25530243,87.55692291,2.079649925,47.42320251,26.85887527
65.69530487,68.1121521,65.38132477,61.62884521,13.97618008,281.9871826,131.7531128,49.80553055,418.1841125,4.821651936,151.1376801,82.12528992,89.25440979,86.64633942,82.04761505,14.24247265,17.76976395,27.34089088,26.14733505,6170.416504,86.76692963,93.73178101,6.56743145,10.26486397,8.404932022,91.2565155,87.67086792,2.079106331,47.41571045,26.94306374
65.68482208,68.18492126,65.30819702,61.64442825,13.98833847,280.9135132,132.3442688,49.37022018,416.3871155,4.802112579,150.2130737,82.02976227,89.2204361,86.27075195,82.00003052,14.46532726,17.55731201,27.98651695,25.77039337,6168.944824,86.63905334,93.73387146,6.551907063,10.11585522,8.326185226,91.28795624,87.54881287,2.078630209,47.40343475,26.94997597
65.62976074,68.17622375,65.37796783,61.66001511,14.00266552,282.0827332,132.102356,49.10276413,418.1581116,4.821789742,151.4494781,82.07320404,89.27869415,86.08696747,82.04228973,14.3565197,18.72903061,27.82018661,25.87776756,6169.401367,86.68943787,93.68943787,6.490968227,10.26463223,8.322691917,91.14978027,87.46879578,2.079368591,47.4011879,27.03593826
65.59918213,68.04673004,65.43040466,61.67559814,13.94868755,282.0694885,131.4470215,49.83746719,418.6183167,4.811900139,151.2723541,82.20005798,89.33906555,86.69321442,82.08454132,14.52597809,18.34625053,27.88550758,26.59234047,6170.994629,86.72274017,93.72274017,6.447731495,10.03274727,8.326992035,91.30000305,87.61511993,2.0792377,47.41931534,26.94564438
65.62619781,68.18354797,65.47485352,61.69118118,13.9920311,280.9416809,132.0117493,50.04360962,416.9463501,4.815149784,149.9609528,82.26599121,89.27598572,86.84500122,82.04223633,14.38035965,17.12887383,27.3315773,25.27367592,6168.973145,86.73389435,93.83808136,6.446695805,10.04569912,8.207007408,91.34326172,87.63388824,2.07774806,47.40409851,26.94298744
65.78271484,68.52100372,65.3577652,61.60337067,13.99222851,280.6516418,132.2935028,49.34993362,416.7595825,4.801009178,149.9749146,82.07804108,89.27722168,86.29898834,82.05073547,14.29914284,17.99414253,27.64960861,25.38505745,6174.384277,86.7793808,93.7168808,6.494143009,10.23868275,8.481714249,91.29250336,87.66139221,2.077194214,47.51857758,27.01029968
65.63243866,68.30474854,65.37317657,61.64336777,14.08108044,282.7184448,132.7845154,49.15155792,418.4118347,4.815407276,151.5969238,81.90000153,89.28456116,85.82193756,82.00713348,14.26548862,17.54878807,28.05579376,25.57973099,6175.16748,86.82930756,93.85613251,6.447686195,10.14579201,8.323226929,91.41501617,87.7008667,2.078000069,47.4148674,26.94181442
65.52455902,68.02262878,65.49121094,61.68336868,13.96117592,282.6359558,131.4053345,49.76618576,418.4465027,4.81154108,151.5265961,82.16869354,89.23691559,86.61051941,82.02848816,14.32355213,17.48668098,27.60202408,25.44667816,6171.160156,86.72457123,93.70104218,6.519523144,10.2282238,8.438668251,91.33525848,87.6008606,2.078130484,47.40413284,26.79297066
65.59468079,68.15587616,65.43296051,61.60432434,13.9684763,281.2470398,131.7046204,49.73157501,416.5122681,4.814899445,150.3552704,82.12947083,89.30007172,86.58545685,82.04984283,14.54432201,17.88933182,27.64291191,25.65155602,6175.138672,86.71552277,93.6389389,6.411855698,10.18473244,8.356014252,91.20028687,87.5567627,2.080759287,47.40628815,26.74680328
65.60805511,68.2276535,65.41473389,61.64718246,13.97203732,281.0824585,131.9644012,49.64169693,417.651947,4.814885139,150.4968872,82.19966888,89.38115692,86.57204437,82.07118988,14.37187862,17.51124382,27.42189407,25.70044518,6175.300781,86.65567017,93.66467285,6.427015781,10.18903065,8.3285923,91.23428345,87.58498383,2.079105854,47.40417099,26.68099403
65.64509583,68.27243042,65.53234863,61.69004059,13.9958477,281.4610596,131.9636078,49.77452087,418.0678101,4.819022179,150.8132477,82.2589798,89.30000305,86.65527344,82.09254456,14.45975208,17.85854912,27.70931053,25.65818405,6178.316406,86.75297546,93.79454803,6.504056931,10.16112232,8.356052399,91.24736023,87.62779999,2.07755971,47.45006561,26.65034676
65.68213654,68.36404419,65.56893158,61.69815445,13.96671867,280.9022522,131.8158112,49.73689651,417.3226013,4.80927515,150.4053802,82.2171936,89.37472534,86.6121521,82.08650208,14.23860073,17.69275093,27.62828445,25.4042511,6178.188965,86.67362213,93.6184082,6.554098606,10.34475136,8.404250145,91.18419647,87.51280212,2.078993797,47.48220444,26.79094124
65.70070648,68.47921753,65.58290863,61.78475952,13.90479088,280.9524536,130.9840088,49.29542923,417.114502,4.802868366,150.7413635,82.25270081,89.35788727,86.44120026,82.11509705,14.36708736,17.65707016,27.97184181,26.04743385,6176.603027,86.57670593,93.33271027,6.494581699,10.2713728,8.451658249,90.99717712,87.46479797,2.076375008,47.58694839,26.65642166
65.63788605,68.36653137,65.54722595,61.68816376,14.00456047,281.973938,132.0292511,49.61062241,418.4324646,4.815194607,151.1687317,82.28820038,89.42086029,86.49432373,82.16819763,14.53073692,18.1686821,27.65836525,25.63102531,6172.823242,86.7312088,93.68236542,6.492307186,10.14311504,8.23577404,91.27223969,87.65071106,2.079646111,47.56676865,26.49633217
65.63140869,68.472229,65.53490448,61.65089798,13.86706924,281.5195007,130.7845001,50.13721848,417.9039001,4.802799225,150.4848175,82.39471436,89.4019165,87.10019684,82.19992065,14.85921669,18.65325546,27.52857208,26.3109169,6176.853516,86.67220306,93.39559174,6.588439465,10.07578373,8.411081314,90.97942352,87.50235748,2.076375008,47.56676865,26.5055294
65.87524414,68.91512299,65.42788696,61.61362839,13.87115765,280.0294189,131.2644043,49.74626923,415.9224243,4.795057774,149.2664337,82.24967957,89.27864075,86.87882996,82.11296082,14.62842846,18.01931,27.52816391,25.73265648,6179.90332,86.65048981,93.34598541,6.591639996,10.3041544,8.332260132,90.89144135,87.48705292,2.073124886,47.59047699,26.50620461
65.85494995,69.03575897,65.48690796,61.70425034,13.96936226,281.3605957,131.6823425,49.16699219,417.7030029,4.813987255,150.7738342,82.05306244,89.31321716,86.15841675,82.15634155,14.65036774,18.55270195,28.14609146,26.11698723,6178.84375,86.60066223,93.56411743,6.494841576,10.22520161,8.44270134,91.06732178,87.50066376,2.077330828,47.6303978,26.5027523
65.80495453,68.71940613,65.5817337,61.7875824,14.06017685,282.8044434,132.5822601,49.38593292,418.7176514,4.823210239,151.6197968,82.13143921,89.3030014,86.15299988,82.11651611,14.73639965,18.08812332,27.80402756,25.69128609,6179.996582,86.96912384,93.78265381,6.551860332,10.18638229,8.413624763,91.26706696,87.87688446,2.076312304,47.64778137,26.64186287
65.72121429,68.43822479,65.69010162,61.86546326,13.99778938,282.1581726,131.9912567,49.95426941,418.1375427,4.81773901,151.0455627,82.32901001,89.48143768,86.75801849,82.19871521,14.7494297,17.99941254,27.50475121,25.64389038,6173.558105,86.87055969,93.64923859,6.494892597,10.22881222,8.332391739,91.17056274,87.74924469,2.074749947,47.66709518,26.77554703
65.89394379,68.67683411,65.70005035,61.89990234,14.05388069,280.8161926,132.806839,49.75422668,416.2185059,4.823983669,149.8721161,82.29988098,89.48736572,86.58869934,82.27316284,14.24385738,17.56623268,27.90250587,25.38005257,6178.786621,86.94704437,93.69116211,6.495005131,10.23496437,8.474907875,91.24081421,87.84469604,2.072672844,47.71858978,26.94238281
65.80967712,68.54947662,65.74114227,61.80153656,13.96630287,281.4056396,131.9705353,49.40827942,417.7149963,4.79885006,150.6180725,82.18466187,89.43654633,86.35575104,82.18429565,14.32815838,17.90366745,27.85434914,25.64565849,6180.466797,86.8191452,93.52256775,6.55909586,10.11766338,8.375236511,91.0293808,87.71801758,2.071454048,47.7299881,27.18452072
65.75484467,68.49684143,65.78224182,61.94005966,14.11375523,282.8177185,133.0554199,49.26971817,418.3905029,4.821690083,151.4148712,82.14893341,89.43125153,86.06825256,82.13211823,14.47558784,18.24419594,28.05486679,26.16964531,6178.453613,87.02578735,93.70775604,6.504175186,10.22989368,8.383374214,91.2702179,87.92578888,2.071961403,47.74531174,27.39423752
65.70543671,68.20397186,65.85584259,61.99720383,14.07280159,282.3920288,132.5483093,49.77753448,418.3388062,4.819229603,151.0678253,82.25484467,89.42697906,86.5145874,82.18468475,14.9920826,17.98394012,27.8870697,26.49692154,6179.928223,87.03216553,93.83165741,6.532648087,10.22985172,8.370720863,91.32357025,87.93527985,2.070161104,47.76873016,27.69683647
65.75159454,68.3335495,65.77367401,61.93675995,14.04026031,281.0820313,132.5058899,49.96611023,416.9775085,4.799866676,149.9023285,82.37705994,89.44262695,86.70000458,82.143013,14.59744835,17.80644035,27.60990143,25.62444496,6178.257324,87.05870819,93.64232635,6.633503437,10.26194,8.479439735,91.28387451,87.94675446,2.069075823,47.75300598,27.99631691
65.79774475,68.42604828,65.70381165,61.92274094,14.06652069,280.748291,133.0515289,49.6406517,416.6968079,4.800346851,149.8842621,82.1999054,89.49671936,86.3993454,82.10134125,14.38158894,17.93540573,27.96808815,25.82158089,6166.253906,87.09965515,93.79967499,6.576580524,10.21527481,8.329276085,91.3383255,87.97236633,2.073124886,47.77670288,28.29503632
65.78071594,68.48104095,65.70861816,61.96529388,14.08391857,281.7610779,132.9648285,49.39197922,418.0917358,4.795676708,150.86203,82.10758972,89.48242188,86.13867188,82.16218567,14.43648052,18.10708809,28.29833984,25.85475349,6167.246582,87.15110779,93.86132813,6.495411396,10.15274715,8.299087524,91.40820313,88.02295685,2.0719769,47.80932999,28.61542511
65.766922,68.36891174,65.86554718,62,13.98321056,282.1611633,131.9923096,49.66489792,418.4446411,4.792300224,151.0901947,82.23288727,89.40672302,86.54831696,82.24015045,14.18619251,17.41098022,27.50369263,25.5008316,6173.54834,87.08826447,93.74067688,6.603102207,10.23523045,8.332154274,91.28778076,87.95515442,2.071102619,47.82733154,28.78378677
65.82558441,68.45465851,65.84957886,62.09864044,14.02182579,281.4559937,132.2025299,49.63626099,417.1342468,4.796841621,150.4618683,82.22614288,89.51317596,86.45332336,82.28474426,14.76437092,18.57509613,28.27884674,26.00061798,6173.378906,87.13898468,93.7505722,6.529702663,10.11552429,8.333024025,91.32789612,88.02068329,2.068823576,47.9286499,29.04378128
65.88680267,68.55011749,65.83050537,62.01449203,14.00802708,281.4224243,132.1428986,49.85102081,417.7289429,4.800696373,150.4697113,82.27791595,89.58460236,86.63793945,82.21755981,14.2277298,17.64451027,27.67605019,25.56010056,6175.178223,87.17529297,93.76724243,6.498319626,10.24026012,8.326084137,91.31336212,87.98835754,2.068268061,47.89049149,29.07510185
65.89769745,68.5,65.81648254,62.03028107,14.06156921,281.409668,132.5477448,49.82118607,417.0794678,4.817198277,150.2468872,82.27790833,89.51451874,86.58663177,82.23703766,14.06691456,17.54461479,27.74061012,25.66496849,6174.670898,87.20000458,93.83699036,6.649652004,10.11845684,8.346399307,91.40000153,88.00115204,2.07134223,47.88683701,29.34422112
65.83194733,68.53359222,65.83546448,62.04607391,13.94601822,281.4900208,131.3774872,49.57889175,417.3337708,4.819830418,150.8221436,82.27741241,89.58118439,86.61338043,82.25652313,14.38197136,18.50440407,28.05714226,26.24493408,6163.131348,86.94882965,93.57859039,6.646778584,10.26387405,8.289154053,91.14824677,87.79859161,2.071357727,47.8914032,29.60102081
65.89818573,68.63661194,65.85445404,62.06186295,14.04253674,281.7494507,132.524231,49.40794373,417.5276794,4.819939137,150.8652649,82.29762268,89.42484283,86.3381424,82.27600098,14.47547245,17.61046791,27.990345,25.56032753,6166.251465,87.050354,93.74252319,6.529660702,10.0571537,8.219835281,91.26790619,87.95035553,2.069875002,47.87408447,29.85581017
65.80000305,68.66133881,65.8734436,62.07765198,13.93950367,282.1060486,131.3713684,49.7250824,418.4084167,4.817130566,151.4207916,82.38129425,89.57931519,86.72302246,82.29547882,14.60662079,17.78453827,27.87703896,25.81337738,6167.901367,86.93571472,93.6211319,6.570082664,10.26321888,8.405787468,91.09999847,87.83571625,2.069875002,47.87411118,29.94488525
65.98683167,68.83509827,65.89243317,62.09344101,13.98316956,281.0665588,131.8525696,49.87801743,416.8262329,4.798717499,149.9782104,82.34247589,89.51030731,86.77381134,82.33787537,14.05157852,17.66800308,27.74382591,25.66557693,6179.793457,87.05802917,93.68115997,6.533002377,10.26067257,8.406778336,91.20464325,87.94727325,2.069852114,47.9104538,30.09127426
66.63272858,69.69818115,65.46715546,62.06921768,14.59391308,282.6993408,137.5246429,49.0442276,416.5229187,4.842424393,148.9748688,81.884552,89.52668762,84.30731201,82.43148804,13.8934164,17.85850906,29.10266113,25.4091053,6178.563477,88.19636536,95.14634705,6.614657879,9.941491127,8.289265633,92.59635925,89.13088989,2.067652225,48.04180527,30.13114166
66.06959534,68.95671844,65.77470398,62.03236389,13.98857594,282.118927,131.7719269,49.40586472,418.492157,4.80428648,151.1712036,82.34129333,89.55820465,86.48240662,82.33339691,14.56999493,18.20969391,27.98948669,26.25795746,6179.696289,87.06877899,93.65522003,6.593057156,10.24147415,8.436758041,91.2515564,87.82733154,2.070359945,47.94535065,30.27173805
66.04626465,68.92367554,65.74378204,62.07852173,14.17325115,282.3005371,133.5959625,49.93583679,418.3709412,4.824618816,150.851593,82.39392853,89.51728821,86.4679184,82.3799057,14.28583527,17.70455933,27.82840919,25.32291031,6175.162598,87.44906616,94.14361572,6.565170765,10.07382965,8.289335251,91.64937592,88.32312775,2.069467545,47.94642639,30.42561531
66.19748688,69.10610199,65.71285248,62.00888062,14.07632065,280.8994751,132.9884644,49.81483459,416.3433228,4.814897537,149.8326721,82.38048553,89.52654266,86.63949585,82.32936096,14.357728,17.69571304,28.09047699,25.76580811,6178.93457,87.20740509,93.90402222,6.569690228,10.35686874,8.426231384,91.40769958,88.10420227,2.067435265,47.96204758,30.42246056
66.27948761,69.20766449,65.72376251,62.04203033,14.03580093,280.9271851,132.632782,49.32213593,417.3335571,4.801924706,150.3486633,82.27663422,89.51337433,86.3320694,82.36539459,14.07187366,17.86206245,28.1037178,25.22309113,6177.621094,87.0928421,93.7379837,6.637486458,10.2881012,8.411860466,91.28974152,87.95442963,2.065506458,47.98008728,30.42183876
66.15943146,69.08026886,65.76821136,62.07518387,13.97725201,282.4086304,131.8592072,49.32292175,418.6447754,4.802600384,151.5484619,82.34295654,89.59871674,86.35794067,82.34216309,14.22033691,17.73060799,28.05682373,25.56499481,6175.813477,87.09450531,93.71598053,6.570455551,10.40125942,8.390007019,91.2379837,87.9416275,2.066601038,48.03033447,30.84569168
66.10448456,69.04273987,65.82894897,62.08974457,14.00734425,282.1403198,131.9213104,49.87243652,418.0401306,4.818328857,151.1787872,82.46430969,89.61725616,86.82565308,82.3872757,14.75967979,17.84655952,27.94758797,26.06760025,6177.622559,87.19290924,93.79673767,6.57437706,10.40135384,8.333852768,91.27568054,87.97567749,2.068249941,47.97229385,31.09521675
66.36325073,69.32719421,65.77316284,62.03418732,13.92125034,280.7788696,131.3190765,49.83832169,416.4775696,4.818399906,150.016922,82.59999847,89.59628296,86.95515442,82.4658432,14.60516071,18.15525246,28.08831787,25.95749283,6180.189453,87.01586914,93.54614258,6.649291039,10.29717827,8.402370453,91.11026001,87.82733917,2.063474894,48.09659576,31.27296066
66.36052704,69.48482513,65.64087677,61.98974228,14.05239201,280.9638672,132.6989899,49.45166397,417.0601807,4.821692944,150.1247864,82.32052612,89.51102448,86.41349792,82.41907501,14.47505283,17.965065,28.07857323,25.56150436,6175.07373,87.12563324,93.72731781,6.499648094,10.21064472,8.379511833,91.33466339,87.92703247,2.063649654,48.03216171,31.44907379
66.33699799,69.40263367,65.67723846,61.96307755,14.03900909,282.1183167,132.3759308,49.4067688,418.2409668,4.823318005,151.182373,82.34671783,89.58673096,86.39163971,82.4613266,14.13788223,17.74956703,27.94081497,25.54441643,6171.830566,87.15381622,93.83267212,6.627593994,10.57709694,8.402239799,91.33280182,88.08719635,2.068249941,48.01988983,31.77301598
66.37754822,69.35632324,65.62691498,61.936409,13.81512833,282.1597595,130.3103027,49.77070999,418.3742981,4.805241585,151.4028015,82.4764328,89.50811768,87.04595184,82.48660278,14.22694206,18.59497643,27.6422348,26.11601257,6167.473145,86.8104248,93.49729156,6.508667469,10.34715366,8.452665329,90.92063141,87.62342834,2.067213297,48.05382919,31.77106094
66.49796295,69.79235077,65.55432892,61.90974426,13.98689365,280.7380371,132.0591888,49.76820755,416.7264099,4.816466331,150.0343933,82.44617462,89.54872894,86.84165955,82.44089508,14.38960934,17.69299126,28.29712296,25.86088943,6169.558594,87.04414368,93.75204468,6.574564457,10.3404932,8.409590721,91.24508667,87.99796295,2.066737413,48.07170105,31.99489975
66.60662079,70.09884644,65.51303864,61.91308212,13.99800777,280.8565063,132.2386169,49.47045517,417.092041,4.812021255,150.3485565,82.32732391,89.40663147,86.54896545,82.43016815,14.58077621,18.20046234,28.03315544,25.80282784,6174.96582,87.07324982,93.79936981,6.567842484,10.24251556,8.330854416,91.32569122,87.95832825,2.067380905,48.06868362,31.97080612
66.6558075,70.03501892,65.55883789,61.9730835,13.96702766,281.4376831,131.696228,49.50576401,418.0406189,4.804569721,150.8424377,82.33569336,89.43940735,86.60650635,82.429245,14.29842567,17.92910576,28.19550514,25.67067146,6173.448242,87.08698273,93.78611755,6.577997208,10.46607685,8.340994835,91.28767395,87.93083191,2.063631773,48.09041214,31.85788918
66.73202515,70.11241913,65.58893585,62.09778976,13.92393112,281.5116577,131.2759399,49.68350601,417.8545227,4.804468632,151.0838776,82.51971436,89.54469299,86.84165955,82.56801605,14.6409874,18.38328552,28.22871971,25.80279922,6176.505859,87.0908432,93.71736908,6.578061104,10.31654167,8.558772087,91.27349854,87.92552948,2.064975023,48.12841034,31.92211914
66.70652008,70.12670135,65.4850235,61.99632645,13.96284008,280.9441223,131.7913513,49.80080032,417.2042847,4.81612587,150.4930115,82.47743225,89.52520752,86.94088745,82.52012634,14.38315678,18.05724907,27.96493721,25.60212326,6174.932617,87.17758179,93.8130722,6.623831272,10.53678131,8.431121826,91.34929657,87.96949768,2.066803694,48.11732101,32.18417358
66.8113327,70.26699066,65.40393829,61.97808838,13.93509197,280.803833,131.5696259,49.59023285,417.2663574,4.798941135,150.3568573,82.41001892,89.44928741,86.81829071,82.50354004,14.12084579,17.62557793,27.70769501,25.37994576,6177.782715,87.08476257,93.69979095,6.650730133,10.26906776,8.426388741,91.22086334,87.8997879,2.066081285,48.13174057,32.30843353
66.87875366,70.25022125,65.49488831,61.95985413,13.90476036,281.4808655,131.0368195,49.42924118,417.9974365,4.803091049,151.2570801,82.49783325,89.53303528,86.76926422,82.53842163,14.61064148,17.92985916,27.90203857,25.56010818,6178.222656,87.06692505,93.66479492,6.726713657,10.27663612,8.520641327,91.16459656,87.8647995,2.066600084,48.10601425,32.54206467
66.82087708,70.1136322,65.45133209,61.94161606,13.9425745,281.6441956,131.4103088,49.65277863,418.1332703,4.816393852,151.9763184,82.43624878,89.50593567,86.80000305,82.57330322,14.4561224,17.89709473,28.20832825,25.75033188,6173.098145,87.1208725,93.73430634,6.615415096,10.34317493,8.558218002,91.28044128,87.97428894,2.066316128,48.14549637,32.6232872
66.88028717,70.19471741,65.4197464,61.92337799,13.7857933,281.3343811,129.8499908,49.81252289,417.5500183,4.80039072,151.5952148,82.56568909,89.57824707,87.17824554,82.55142212,14.6140852,18.76846504,27.9118309,26.24143791,6175.186035,86.86960602,93.45840454,6.574831963,10.34840393,8.447587013,91.0688858,87.76889038,2.064975023,48.1150322,32.46388626
66.94718933,70.44168854,65.32627106,61.90513992,13.7603302,280.7266235,129.8058624,49.58872223,416.8779907,4.808345318,151.2032013,82.43153381,89.43844604,87.06855011,82.55564117,14.29840183,17.82712746,28.01127243,25.67905807,6174.083008,86.83634949,93.32808685,6.654904842,10.24326706,8.497270584,90.93144989,87.63144684,2.061772108,48.11737061,32.82674026
66.93482971,70.6707077,65.39891052,61.9885788,13.86954975,281.317749,130.7963104,49.55275345,418.0577698,4.806055546,151.6569672,82.54328156,89.4978714,86.8994751,82.59103394,14.16880417,18.13908386,27.71981239,25.86097908,6178.42627,86.91365051,93.64170837,6.726468563,10.23796082,8.520260811,91.13407898,87.84804535,2.065957069,48.09858322,32.67325974
66.94221497,70.51469421,65.33891296,61.99843979,13.91533089,281.5814514,131.1224823,49.55155945,417.8146057,4.817360878,151.8303375,82.47002411,89.43664551,86.80908966,82.50791931,14.34687614,17.60587311,27.71251297,25.50058746,6170.630371,87.07819366,93.73184204,6.691298485,10.24713135,8.482684135,91.24849701,87.91299438,2.061770678,48.25600433,32.91909027
67.01563263,70.50596619,65.3843689,61.95366287,14.06736946,282.0621643,132.6786346,49.47389221,417.5874939,4.826258183,151.5761414,82.43949127,89.42824554,86.43637085,82.50434113,14.40441895,17.82378769,28.01509476,25.52723885,6173.769531,87.37272644,94.09695435,6.689423561,10.27497578,8.411224365,91.59696198,88.2303009,2.065149307,48.18523407,33.17047501
67.16994476,70.57662964,65.2494278,61.90888977,14.13337326,282.0917358,133.5463867,49.36574554,417.8008118,4.790242672,150.7009735,82.33257294,89.44781494,86.22270203,82.66700745,14.18377209,18.17429161,28.14372635,25.54938889,6179.833496,87.55152893,94.26184082,6.670242786,10.28736401,8.371862411,91.75153351,88.3727417,2.0663414,48.1564827,33.73607254
66.98769379,70.09999847,65.42046356,62.09185028,13.96015644,283.1264038,131.5300293,49.4749794,418.4100037,4.83061552,152.3463745,82.43487549,89.55019379,86.53642273,82.52298737,13.94002438,18.36531258,28.02222824,26.17016029,6176.170898,87.18634796,93.96357727,6.608108044,10.20245171,8.252593994,91.47814941,88.00029755,2.064975023,48.19626617,33.25006866
67.06690216,70.35546875,65.39597321,62.02288055,13.95687962,281.6829834,131.7065277,50.2098465,417.953064,4.810911655,151.1994781,82.64766693,89.58998108,87.22729492,82.69992828,14.24422741,17.66668892,27.52806854,25.45067215,6178.285156,87.23669434,93.9391861,6.644909382,10.27629471,8.342679977,91.45214081,88.18183899,2.06575036,48.23719406,32.87174988
67.12263489,70.8343811,65.2734375,61.93938828,13.84640598,280.2036438,130.6991272,50.27299881,416.2789307,4.807631493,149.9552612,82.64762115,89.56933594,87.45681,82.64992523,14.27411747,18.07514381,27.86682129,25.83826637,6179.759766,87.01383209,93.6495285,6.648666859,10.45701694,8.486166954,91.19609833,87.8664093,2.064975023,48.19625473,33.01257324
67.4670639,71.54550171,65.1125946,61.97162247,13.90100002,279.8933105,131.305954,49.48171997,416.3101196,4.800229549,150.3485718,82.48725891,89.3822403,86.84149933,82.59999847,14.14683533,17.56302261,27.94198418,25.37916183,6178.283691,87.078125,93.66722107,6.689265251,10.49305058,8.416482925,91.17205048,87.87158203,2.061222792,48.22332382,32.86666107
67.46560669,71.53549194,65.17518616,61.90781021,13.86555481,281.572998,130.5392914,48.95351028,418.288269,4.809609413,152.4303741,82.43424988,89.31165314,86.54730225,82.62271881,14.12343407,17.74532318,27.92775917,25.47821999,6180.775391,86.94515991,93.54652405,6.732186794,10.39884758,8.445474625,91.04389191,87.74438477,2.06391716,48.33003616,32.95041656
67.41678619,71.09965515,65.14766693,61.98763657,13.96059704,282.1416931,131.4073334,49.67219543,418.3694763,4.819947243,152.3183746,82.59134674,89.42419434,86.88096619,82.74637604,14.0658102,17.85508919,27.88181496,25.48432541,6179.803711,87.15453339,93.89516449,6.58592701,10.22270966,8.453295708,91.39543152,87.95311737,2.062292576,48.24830246,32.92150879
67.48821259,71.10046387,65.12014008,61.93500137,13.77155495,281.0637817,129.7256927,49.91487122,417.3345032,4.808506489,151.2373199,82.66518402,89.43476868,87.3950119,82.77762604,14.42541504,18.22985268,27.8737545,25.96045113,6176.917969,86.81814575,93.44939423,6.65116024,10.57375431,8.494016647,90.99156189,87.62232971,2.061957121,48.25586319,32.95231247
67.59929657,71.55460358,65.09047699,61.89199066,13.86132813,280.5784912,130.8671417,49.29184341,416.671936,4.803662777,151.1147003,82.47225189,89.40000153,86.77616882,82.71460724,14.18164063,18.19376564,27.8895092,25.59244728,6178.203613,86.8347168,93.5918045,6.666486263,10.45619774,8.335495949,91.11639404,87.6368866,2.062732458,48.24143982,32.91927719
67.5258255,71.45174408,65.05496979,61.85789871,13.85379219,281.7736511,130.3074188,49.63521576,418.5517883,4.822886467,152.3148193,82.6004715,89.40248108,87.04554749,82.79355621,14.16362,18.03465652,27.84043694,25.76818657,6174.026367,86.8469162,93.53278351,6.725688457,10.12215424,8.498185158,91.06263733,87.6424942,2.061562777,48.25347137,33.18884659
67.54949951,71.58625031,65.01947021,61.82380676,13.86216927,281.4570923,130.6490173,50.01351547,417.8340759,4.828750134,151.2845154,82.67772675,89.48874664,87.31833649,82.74544525,14.82911491,18.14857864,27.88129044,25.60486794,6177.073242,86.99833679,93.68167114,6.618379593,10.40310574,8.560279846,91.19834137,87.80731201,2.063349962,48.25440598,33.22172928
67.7345047,72.09999847,64.97286987,61.84719086,14.11613846,280.3305359,133.0858002,49.47199249,414.5617676,4.838572025,149.954361,82.47625732,89.369133,86.47286987,82.75457764,13.92440319,17.62454605,27.82842827,25.23282242,6176.92334,87.39498138,94.16331482,6.688441753,10.34558392,8.442883492,91.61726379,88.20999908,2.065050602,48.2195015,33.24539185
67.96141815,72.42995453,64.93238831,61.82303238,13.90858936,279.4813232,130.9458618,49.74515152,417.1672668,4.808659554,150.3790436,82.64656067,89.42995453,87.07004547,82.86999512,14.44924545,18.09195137,27.78947067,25.32358932,6179.915527,87.14492798,93.78657532,6.697060585,10.38264561,8.49419117,91.28657532,87.87971497,2.061034441,48.3985939,32.9897728
67.86348724,72.23982239,64.98053741,61.83226013,13.87515545,280.778595,130.9361115,49.9217186,417.5489502,4.799530029,151.0257416,82.62463379,89.3523407,87.1211853,82.87119293,14.38818741,18.12081909,27.59323692,25.64530182,6180.063965,87.07322693,93.84766388,6.652499676,10.20788956,8.417069435,91.34178162,87.88031769,2.062281847,48.23955154,32.99074936
67.81697845,72.13050842,64.85514069,61.87335968,13.88067627,280.3921814,130.8329468,49.36969376,416.6556396,4.819080353,151.1238708,82.49279785,89.30395508,86.80747986,82.72527313,14.36281395,18.22882652,27.79948425,25.71397781,6174.131348,87.08163452,93.77910614,6.648243427,10.23662758,8.518610954,91.27845001,87.7460022,2.064174891,48.27261734,33.06280518
68.13880157,72.24559784,64.77662659,61.82551956,14.26029587,282.1254578,134.7607574,49.21724319,418.2489929,4.80072546,151.5046234,82.30000305,89.42069244,85.84740448,82.8979187,14.094841,18.4935379,28.35702515,26.12142181,6174.78125,87.73005676,94.63679504,6.725345135,10.40978622,8.322844505,92.07012939,88.53005219,2.063411713,48.27871704,33.09962463
67.70000458,71.41703033,65.06942749,61.9980545,13.98994923,282.2203369,131.7967987,49.69234467,418.4336853,4.804402828,151.9989471,82.61981201,89.5,86.77762604,82.76617432,14.34039879,18.39863968,28.10754776,26.07055473,6175.541992,87.32984161,94.10093689,6.581642151,10.16270351,8.363875389,91.63591003,88.14738464,2.063512802,48.2911644,33.34371567
67.78184509,71.3812027,65.05337524,61.95987701,13.85158443,281.2849121,130.5544434,50.00956345,417.0107422,4.819254875,151.2052917,82.76368713,89.48420715,87.30131531,82.89588165,14.67928886,18.66259384,27.94876289,25.86573792,6176.019531,87.03765106,93.72631836,6.666535378,10.43934155,8.477108002,91.24079132,87.84925079,2.06446147,48.30086136,33.73508835
67.93609619,71.87106323,64.97874451,61.93252182,13.86073303,280.1301575,130.8983002,49.71414185,416.6579895,4.809732437,150.1598358,82.61315155,89.44072723,87.12893677,82.8132782,14.38063908,18.24583817,27.73932266,25.52789307,6173.793945,87.09474182,93.77281189,6.756459713,10.24114513,8.451532364,91.27709961,87.89923859,2.064145565,48.33721161,33.65813828
68.08927917,72.30038452,64.92105103,61.92094803,13.77541065,280.890564,129.8017426,49.3969574,417.7610474,4.795599937,151.4621277,82.61019135,89.38208771,87.03786469,82.89951324,14.12621689,17.43866539,27.96783066,25.17687988,6172.908203,86.91387939,93.57896423,6.604828835,10.33116722,8.40042305,91.09262085,87.7145462,2.061724901,48.42307281,33.34412003
67.93016815,72.29496765,64.9885025,61.87144852,13.84561157,281.5767822,130.4998016,49.37066269,418.4180603,4.823781013,151.6310272,82.61569977,89.38602448,86.85436249,82.86283875,14.11766148,17.56381226,27.79428673,25.42247581,6176.114258,86.93497467,93.67568207,6.661258221,10.38179493,8.426402092,91.1973114,87.73403931,2.0629282,48.34156799,33.72063065
67.9030838,72.06256104,64.93586731,61.83656311,13.79103374,281.7793274,129.7728424,49.88051605,418.4068604,4.821650028,151.385788,82.7265625,89.38735199,87.35676575,82.9101944,14.22257328,17.51544189,27.75264168,25.23147392,6169.250977,86.97776031,93.62468719,6.665848255,10.17660713,8.42209816,91.18544769,87.73369598,2.06297183,48.35889816,33.83110428
68.05978394,72.40137482,64.88349152,61.80168152,13.68904114,280.4464722,129.019043,50.44271088,416.8799744,4.822811127,149.9358978,82.83781433,89.30401611,87.99817657,82.96524048,14.16699982,18.33392715,27.22844124,25.87530899,6169.606445,86.81890869,93.4876709,6.697019577,10.27695179,8.426692963,91.02100372,87.62100983,2.064291716,48.3551712,33.8493309
68.3805542,73.40157318,64.70601654,61.71331024,13.68571758,279.1695862,129.2452087,49.2689743,415.0734253,4.800533772,149.2908173,82.56349945,89.20756531,87.13150024,82.87737274,14.41219616,17.83666801,27.54384995,25.59824371,6170.904785,86.6532135,93.26758575,6.715846062,10.54765129,8.686795235,90.82740021,87.46832275,2.064975023,48.35428619,33.57386017
68.33172607,73.43535614,64.7766037,61.77924347,13.75474167,281.0141296,129.6713104,48.81919479,418.2142334,4.799893856,151.622467,82.55943298,89.31326294,86.55826569,82.91205597,14.50790882,18.17054176,27.96070862,25.55765152,6176.939453,86.78111267,93.46555328,6.680648327,10.5027895,8.426929474,90.97123718,87.539505,2.065582037,48.34855652,33.32423019
68.24507141,72.71296692,64.87037659,61.89788818,13.70779705,282.1169739,128.9420929,49.65382767,418.7642517,4.802581787,151.7704315,82.64051819,89.38396454,87.25431824,83.00917816,14.47157955,17.73745346,27.90127182,25.61709976,6173.910645,86.81852722,93.48950958,6.751177788,10.50273514,8.570202827,91.01852417,87.59259796,2.063349962,48.36555481,33.80102921
68.34439087,72.79213715,64.82692719,61.99438095,13.64374352,281.2467957,128.5917664,49.7285347,417.6170044,4.809604645,150.9634247,82.72742462,89.31578064,87.53775024,83.02584076,14.34080315,17.63957024,27.21993446,25.4625206,6174.739746,86.73487854,93.32324219,6.629910946,10.57923508,8.575544357,90.83098602,87.53174591,2.06103301,48.50021362,33.36332321
68.37115479,73.09056091,64.77967834,61.8319931,13.72789001,280.9129028,129.1542358,49.2423439,417.3712158,4.811141491,150.9280701,82.62298584,89.33521271,86.97429657,83.02280426,14.31300354,18.3732872,27.94189453,25.91110802,6175.290527,86.72278595,93.36540985,6.616470814,10.30014133,8.590928078,90.91824341,87.51824188,2.062775612,48.36223602,34.45150757
68.30732727,72.97554779,64.75202179,61.8837204,13.76331806,281.8796387,129.3972778,49.69468307,418.793335,4.823998451,151.5474854,82.74445343,89.40000153,87.26393127,83.05123901,14.40823555,18.30573463,27.55824471,25.56822014,6178.005859,86.84602356,93.6437149,6.609559059,10.42572212,8.563093185,91.1437149,87.64429474,2.062115908,48.42062759,34.46459579
68.46317291,73.0670929,64.72437286,61.82756424,13.71234417,281.0698242,129.1453247,50.21629715,417.8345337,4.821995735,150.5901031,82.89115143,89.31047821,87.7947998,83.07967377,14.61367416,18.43006897,27.67698669,25.85910606,6173.982422,86.84677124,93.54049683,6.606658459,10.372015,8.517230034,91.06135559,87.63173676,2.063199282,48.42977142,33.24919891
68.68822479,73.67644501,64.68175507,61.73137665,13.65769196,279.7089844,128.771286,49.44156647,415.6233521,4.799071789,149.7089844,82.68295288,89.23610687,87.31264496,83.06455231,14.97729683,18.05927467,27.73025894,25.49934387,6172.117188,86.62353516,93.24208069,6.625335217,10.62049961,8.680914879,90.73309326,87.43757629,2.057281494,48.46987534,33.96543503
68.62430573,73.8143692,64.73190308,61.79359055,13.75904751,281.042572,129.590271,49.23955536,418.35849,4.79885006,151.2254486,82.61945343,89.24651337,86.85922241,82.97024536,14.21423531,18.00177574,27.39363289,25.33692741,6173.605957,86.86763763,93.56468964,6.580676556,10.47212315,8.489999771,91.07115936,87.65097046,2.064402342,48.43465805,33.51885986
68.50292969,73.33530426,64.80000305,61.87866211,13.83072186,282.1112976,130.1803741,49.74128342,418.6320801,4.821650028,151.6096039,82.75430298,89.36592102,87.16470337,83.07646942,14.5739994,18.42963791,27.69182587,25.90536118,6167.258301,87.06510925,93.85662079,6.653671741,10.66564846,8.480481148,91.35844421,87.86994171,2.061724901,48.44281387,34.1497345
68.679039,73.31513214,64.81548309,61.92284012,13.58440781,280.7257996,127.8515549,49.98038101,417.4262085,4.795991898,150.4607239,82.99695587,89.38820648,87.8117981,83.1491394,14.22333145,17.79465294,27.102911,25.19264221,6169.569824,86.72793579,93.44448853,6.606540203,10.86336517,8.94158268,90.9437027,87.53167725,2.059674025,48.61829758,33.75817871
68.86299896,73.87014771,64.65671539,61.81952286,13.68008041,280.1322021,129.0496979,49.77055359,416.7306213,4.804689884,149.9960785,82.89059448,89.24369812,87.5258255,83.12619019,14.31827259,17.8991127,27.39911079,25.33713913,6178.539551,86.72881317,93.47072601,6.623809338,10.57203102,8.594017982,91,87.57236481,2.060336351,48.51661301,33.44865799
68.87187958,74.16873932,64.63731384,61.84606934,13.71534538,280.8035889,129.3036499,49.48318863,417.4606323,4.803246975,151.368454,82.7146759,89.25423431,87.24067688,83.12934875,14.56433296,18.30051804,27.54344177,25.47535133,6175.032715,86.88908386,93.58890533,6.580952644,10.48348808,8.60826683,91.08033752,87.68592834,2.05903101,48.50249863,33.57141495
68.82642365,74.00939941,64.67879486,61.87261963,13.73690319,281.2358398,129.4470215,49.29575348,418.0426331,4.803486347,151.974411,82.74513245,89.26830292,87.03227997,83.14700317,14.09605885,18.00953674,27.4209938,25.3940239,6179.989746,86.87255859,93.50700378,6.680669308,10.66031265,8.592036247,91.01514435,87.60622406,2.061686277,48.52012253,33.51980209
68.88744354,73.61919403,64.63653564,61.89916992,13.87719822,281.9606628,130.5106964,49.67272568,418.5499268,4.825265884,152.2275696,82.7909317,89.34706879,87.07382202,83.15294647,14.93513298,18.71268082,27.86179733,25.70858574,6173.358398,87.17919922,93.97133636,6.616794586,10.57786179,8.418568611,91.46717072,87.96263123,2.061724901,48.51002121,34.14680862
69.27072144,73.97803497,64.54121399,61.84450912,14.50986099,281.9820862,137.5276794,49.76620102,417.0844727,4.824036598,149.9058685,82.53170013,89.30791473,85.80304718,83.12882233,14.03831387,18.03947067,28.32018852,25.26494026,6171.226074,88.15421295,95.46463776,6.548113346,10.3686676,8.275846481,92.87195587,88.96099091,2.062675476,48.5406456,33.68759537
68.98895264,73.64460754,64.7609787,61.98245621,13.98064518,280.038208,131.9291687,49.37539291,416.250824,4.826504707,150.426712,82.70000458,89.37458038,86.72193909,83.16516113,14.2448864,18.21382713,28.011446,25.61990738,6170.295898,87.27877808,94.09999847,6.622096062,10.46503735,8.378712654,91.56252289,88.0787735,2.060100079,48.5377655,34.57828903
68.86251831,73.33128357,64.70661163,61.90591049,13.93394184,281.3981934,131.263443,49.25343704,418.1533508,4.806439877,151.9704132,82.61734772,89.34420776,86.614151,83.10380554,14.43742371,17.96403885,27.77515411,25.06163406,6169.089844,87.3138504,94.08580017,6.606873035,10.67490292,8.485057831,91.55566406,88.10936737,2.062315941,48.63315582,34.30464554
68.65964508,72.73483276,64.86105347,61.98180389,13.97687531,282.0692444,131.7549286,49.87572861,418.7092896,4.822350025,151.8869476,82.84606934,89.3775177,87.07879639,83.17698669,14.49361897,18.55444717,27.77002335,25.79090881,6170.292969,87.48069,94.28069305,6.677419186,10.58739471,8.38538456,91.76805115,88.2982254,2.060100079,48.57500458,34.49594498
68.73036194,72.73542023,64.80402374,61.95389557,13.86223888,280.7514343,131.3829956,49.93255234,416.9089966,4.774886608,150.6511078,82.84107971,89.30870819,87.38750458,83.11607361,14.47876167,18.16828728,27.58703804,25.49547577,6175.411133,87.20625305,93.91249847,6.642345428,10.61335659,8.444844246,91.40621948,87.97083282,2.060297728,48.59421539,34.33195877
68.86302948,73.1608429,64.81218719,61.92599106,13.68078423,280.3141174,128.9617004,49.58083725,417.3043213,4.80755043,150.9861908,82.85495758,89.34249878,87.37244415,83.23543549,14.44309616,18.36680984,27.68437195,25.50512505,6179.61377,86.85817719,93.47292328,6.60676384,10.82446957,8.520777702,90.98403168,87.64663696,2.060925007,48.57085037,33.94525528
68.83193207,73.38300323,64.84249115,61.95632935,13.84697723,281.1044006,130.4809723,49.63397217,418.1556396,4.808283806,151.6347656,82.76743317,89.35272217,87.09062195,83.15222931,14.45236206,18.72154427,27.63308144,25.95830536,6176.572754,87.18364716,93.88582611,6.592512131,10.58724403,8.455153465,91.38228607,87.98748016,2.060801744,48.59812546,34.58847427
68.9389267,73.3155899,64.8727951,61.91271973,14.01106358,281.0898438,132.2104492,49.27807617,417.1341858,4.800238609,151.1152649,82.64929199,89.39129639,86.56454468,83.12239838,14.3450861,18.0055809,27.95808029,25.41908646,6176.865723,87.44585419,94.23039246,6.616497517,10.61095905,8.495610237,91.70091248,88.24127197,2.060675621,48.60886765,34.47526932
68.83479309,72.91248322,64.92785645,62.11516953,14.00282955,282.3103333,132.0375366,49.35305786,418.4247437,4.82521534,152.3466644,82.76480103,89.40075684,86.63040161,83.21251678,14.26887894,18.41666794,28.06471252,25.98801422,6172.767578,87.46348572,94.29786682,6.628888607,10.4141674,8.398333549,91.79743958,88.25273132,2.058475018,48.72363663,34.1472435
68.63381195,72.44851685,64.90203094,62.08064651,13.77116776,281.7345276,129.632431,50.29305649,418.3947449,4.816729069,151.640564,83.05273438,89.45080566,87.77661133,83.23477936,14.60220337,17.82231712,27.40018272,25.76127434,6170.691406,87.11247253,93.81249237,6.617105961,10.36954689,8.378174782,91.32151031,87.91336823,2.05911088,48.67684937,34.19364548
68.85775757,73.1688385,64.82350159,61.99731064,13.6410141,279.3944397,128.8430023,50.13470078,415.9421082,4.79885006,149.8842621,82.96627045,89.36357117,87.90603638,83.27361298,14.51462555,18.27963829,27.33802986,25.69603157,6180.305664,86.84181213,93.45544434,6.595536232,10.89207268,8.556967735,90.97570801,87.63422394,2.061148405,48.67980957,34.47407532
69.06232452,74.0355072,64.67932129,61.87858963,13.63674545,278.8745117,128.5085602,49.29296875,413.7555237,4.80646801,149.9346771,82.8371048,89.26789093,87.25849915,83.21300507,14.76249504,18.05936241,27.77366447,25.42607307,6181.291016,86.62973785,93.2053833,6.600103378,10.49499512,8.724372864,90.85884857,87.40513611,2.061724901,48.65082932,34.43294907
69.28131104,74.49744415,64.6023941,61.80358505,13.97896862,280.1572876,132.6538544,49.54810715,417.8418579,4.765878677,150.9510956,82.7311554,89.35023499,86.98688507,83.23479462,14.3842926,18.68511581,27.70704079,25.62161255,6181.393555,87.3131485,94.01309204,6.604298115,10.69713879,8.467381477,91.51311493,88.01309204,2.058592796,48.64205551,34.29592514
69.0797348,73.96836853,64.72618866,61.92866516,13.77943802,281.3798218,129.9987335,49.71346283,418.3530884,4.800580978,151.5962067,82.86141968,89.33914948,87.40000153,83.26509857,14.59434986,18.11960602,27.44709015,24.95400429,6183.094238,87,93.76264191,6.636326313,10.3906641,8.550880432,91.2522049,87.79424286,2.061262608,48.65513611,33.76580048
69.05471039,73.84288025,64.76966095,61.97152328,13.76668072,280.6836243,129.5952606,49.27130127,416.7498779,4.828149796,151.6831055,82.73646545,89.33427429,87.0514679,83.25708008,14.13642502,17.68652534,27.45196152,24.94043922,6178.149414,86.87630463,93.51509094,6.546225548,10.75820255,8.500926971,91.02148438,87.61681366,2.059170008,48.6622963,34.0870018
69.01955414,73.68359375,64.76873779,61.96854019,13.81931305,281.5123291,130.136795,49.63647461,418.463562,4.824593544,152.1522675,82.88128662,89.40000153,87.17926788,83.27418518,14.61032677,18.79815865,27.34916878,25.62965965,6169.887695,87.15133667,93.95970154,6.641665459,10.54341984,8.397914886,91.45710754,87.94667053,2.060948372,48.74357605,33.95317459
68.93751526,73.35192108,64.7838974,61.96636963,13.85760689,281.5808105,130.6110382,49.91440582,418.0016174,4.809847832,150.7077942,82.8865509,89.3313446,87.21431732,83.16191864,14.49622536,18.45672226,27.43617058,25.39782143,6165.799805,87.25481415,94.03813934,6.5767169,10.84416199,8.386722565,91.50041962,88.05432892,2.061053276,48.62526321,35.09391022
68.87910461,73.45225525,64.73376465,61.93504333,13.93943787,280.6080627,131.5755005,49.47193146,416.6515503,4.816706181,149.9295959,82.68386078,89.21261597,86.80000305,83.0772171,14.36380291,17.74748993,27.62348938,25.0397892,6161.280762,87.36985779,94.19877625,6.608138561,10.28185749,8.397762299,91.65115356,88.17076874,2.063006401,48.61433792,34.6982193
68.80593109,73.0429306,64.78830719,62.003685,13.98187447,282.0559082,131.8859711,49.202034,418.3883667,4.805509567,151.1159515,82.6803894,89.33181763,86.4930954,83.00579071,14.52645969,18.30814934,27.9436512,25.35083961,6166.252441,87.45189667,94.29773712,6.542938232,10.23793316,8.291859627,91.73127747,88.28639984,2.058863163,48.58996582,34.73299408
68.65238953,72.53448486,64.87727356,62.03106308,13.98298931,282.0320435,131.7074127,50.01064301,418.5679016,4.806359291,150.6834869,82.89763641,89.38926697,87.07726288,83.17180634,14.44223309,18.18810081,27.84963799,26.03112793,6175.007324,87.53788757,94.45490265,6.520781994,10.21915817,8.214217186,91.82842255,88.38748169,2.058401346,48.58547974,35.21046448
68.60689545,72.45813751,64.84183502,62.04624939,13.92900753,280.7592773,131.2366943,49.95284271,416.3745728,4.827008247,149.7724457,82.87522888,89.34671021,87.20153809,83.1946106,14.56503773,18.54310036,27.73568344,25.85249519,6168.185547,87.37724304,94.19655609,6.495606422,10.860075,8.33870697,91.69655609,88.2078476,2.062190294,48.60927963,35.63744354
68.75933075,72.71987152,64.83943176,62.03194427,13.89650536,280.3059692,131.3052826,49.55874252,417.1843872,4.801398754,149.057251,82.76345062,89.30416107,86.91788483,83.1014328,14.03823948,18.15875626,27.63105583,25.44842529,6172.984863,87.30069733,94.08940125,6.51160574,10.58069515,8.412503242,91.58940125,88.10231018,2.061600685,48.60454178,34.99240112
68.78604889,72.62710571,64.9745636,62.10745621,13.94329453,281.580658,131.2210388,49.69841003,418.4593201,4.801324844,150.6791992,82.89476776,89.44385529,87.05438232,83.16412354,14.68111706,18.2054863,27.59545517,25.45580673,6179.758789,87.48745728,94.2511673,6.567468643,10.35950756,8.35080719,91.73426819,88.29019165,2.057709455,48.70847321,35.3599472
68.54508972,72.35971832,64.91962433,62.12055588,14.01561642,281.3007813,132.3932648,49.74752426,417.4894409,4.80918169,150.1145935,82.80223846,89.36620331,86.89872742,83.09618378,14.15999031,17.83306503,27.44288254,25.37324142,6177.672363,87.58321381,94.35399628,6.513161659,10.65165234,8.315933228,91.88925171,88.353508,2.061052084,48.60937881,35.74907303
68.54417419,72.38568878,64.96814728,62.13365555,13.8910799,280.657135,131.1917114,49.56642532,417.032135,4.797705173,150.0671234,82.79956055,89.4324646,86.94287872,83.05891418,14.93507862,18.62302017,28.0480175,25.94260025,6170.324707,87.38864899,94.1015625,6.493813992,10.38162231,8.324595451,91.6015625,88.19380951,2.060925007,48.66996002,36.04132462
68.49150848,72.1421814,65.02011871,62.14675903,13.97893333,281.6864014,131.7473907,49.41360474,418.1131592,4.805853367,150.7901917,82.7362442,89.49307251,86.65252686,83.02165222,14.25995636,18.42015076,27.8735981,25.74650764,6171.635254,87.52856445,94.28907013,6.565496445,10.1644268,8.303949356,91.78412628,88.3341217,2.061724901,48.66644669,36.25640869
68.33849335,71.92321777,65.07011414,62.1598587,13.95140648,281.8615417,131.6651001,49.92818069,418.2644653,4.822577953,150.9798889,82.91732788,89.40356445,87.1467514,83.16706848,14.81397057,18.65868568,27.85109329,26.24225998,6163.527344,87.44898224,94.23470306,6.512846947,10.18536758,8.32161808,91.74822235,88.22857666,2.059067011,48.68417358,35.65034485
68.46857452,72.16825867,64.96636963,62.17295837,13.83513165,280.8607788,130.4544067,49.84730148,416.4559937,4.798346519,149.631546,82.88705444,89.38964081,87.25714111,83.12123871,14.61028767,18.15959358,27.65405846,25.69461823,6164.431152,87.35248566,94.05173492,6.548028469,10.09796715,8.37778759,91.551651,88.15032959,2.061724901,48.6826973,34.3707695
68.57139587,72.68569946,64.97606659,62.18605804,13.91902256,280.6919556,131.3342743,49.41248703,417.0249939,4.818733215,149.425415,82.73814392,89.40524292,86.81634521,83.17073059,14.59712124,18.33857918,27.79839706,25.79878998,6167.123047,87.39279938,94.04879761,6.606020927,10.33086872,8.339259148,91.54504395,88.17147064,2.061724901,48.63009262,35.32812119
68.52636719,72.54878998,65.06324768,62.19915771,13.95944691,281.9726868,131.7138519,49.42844772,418.4407043,4.817277908,150.7606812,82.73834991,89.44289398,86.83930969,83.11399078,14.31865311,17.88639641,27.6713295,25.52527046,6173.136719,87.47319031,94.16506195,6.583028316,10.28426552,8.43803978,91.65394592,88.27319336,2.058165312,48.79473495,35.27451324
68.47034454,72.21168518,65.0634079,62.11556244,13.90919304,281.6827087,130.9058685,49.69848251,418.0579834,4.815698147,151.9179688,82.89775085,89.49343109,87.03188324,83.17702484,14.44766331,18.10258484,27.46813965,25.35211945,6173.552734,87.41048431,94.11341095,6.545298576,10.26658154,8.466856956,91.6362381,88.22742462,2.060525894,48.69977188,35.57876968
68.40732574,72.34716034,64.99697113,62.13280106,13.95457268,281.0524292,131.6352844,50.02893829,417.3406982,4.821650028,151.0515747,82.97480011,89.40244293,87.29108429,83.12859344,14.66767693,17.9362793,27.34836388,25.39905357,6173.296875,87.41358948,94.11183929,6.513790131,10.23835564,8.427377701,91.62110138,88.21752167,2.060925007,48.67965317,35.48908997
68.56175995,72.60112762,64.93928528,62.15004349,13.88466358,280.3051147,131.2735138,49.5247879,416.4943848,4.804655552,150.6245117,82.81043243,89.36510468,86.98501587,83.10586548,14.8421402,18.67535973,28.02412796,25.6889267,6173.727051,87.27706909,93.92311096,6.634464264,10.42303753,8.484021187,91.42427063,88.08088684,2.060860157,48.66199493,35.30810928
68.59260559,72.60189056,65.01207733,62.16728592,13.89179802,281.4229126,130.9072723,49.29542923,418.1471863,4.80785799,151.8574982,82.75926208,89.37386322,86.8118515,83.14432526,14.59274197,17.78228378,27.63063049,25.23512268,6177.936523,87.23210907,94.01072693,6.565151691,10.46423912,8.41475296,91.5,88.08016968,2.058092833,48.63583755,35.01859665
68.48516846,72.30426025,65.08351135,62.18452454,13.94924355,281.8941956,131.5560608,49.60193253,418.6117249,4.813644409,152.1873169,82.8556366,89.44467926,86.95610809,83.18279266,14.25307751,17.98330307,27.72292328,25.49119949,6175.142578,87.4549942,94.18677521,6.569211483,10.25433445,8.358608246,91.68099213,88.2809906,2.055629969,48.633358,34.8613205
68.51885986,72.31791687,65.17407227,62.18861389,13.77776432,281.4536133,129.6686401,50.05038452,417.8071289,4.798801899,151.306015,83.01641846,89.59501648,87.56417847,83.29733276,14.69035912,18.0493679,27.46571732,25.72285843,6176.173828,87.27861023,93.97447205,6.640358448,10.34291363,8.402680397,91.47305298,88.07593536,2.060390949,48.74565887,35.24212646
68.56343842,72.79614258,65.00402069,62.10589981,13.82497406,279.9848633,130.419754,49.61233902,416.2628784,4.799780369,150.545166,82.84171295,89.3757019,87.12566376,83.16017914,14.61523438,18.31327438,27.74274254,25.62922096,6179.208496,87.15859222,93.84300995,6.54752636,10.45393467,8.484291077,91.36535645,87.97167969,2.058475018,48.71069717,34.95214462
68.53561401,72.79916382,65.04323578,62.13502502,13.9106245,281.2089844,131.2563934,49.38946915,418.1255493,4.811619282,151.7551117,82.75713348,89.32803345,86.84063721,83.11901093,14.57069683,18.14647293,27.69996643,25.38887596,6179.882324,87.31051636,94.06182861,6.493012428,10.44151211,8.483973503,91.52210999,88.10768127,2.058515549,48.67946243,34.56537628
68.48355103,72.44280243,65.08245087,62.16415405,13.93558693,281.9841003,131.3310699,49.29852295,418.2336731,4.811900139,152.2914276,82.71483612,89.42915344,86.74816895,83.14543915,14.44516754,18.08054733,27.80391884,25.72570419,6178.436035,87.33604431,94.02404785,6.640167236,10.35375023,8.424582481,91.52120972,88.15497589,2.061702967,48.65071106,34.91539001
68.30989838,72.09393311,65.14043427,62.19327927,13.9740324,282.0158081,131.8682251,49.33376312,418.1003113,4.816671848,152.2725067,82.75127411,89.489151,86.60381317,83.171875,14.26739979,17.57408905,27.85014534,25.57754517,6175.278809,87.45886993,94.10397339,6.558871746,10.52864933,8.339898109,91.60383606,88.26078033,2.061724901,48.66344452,34.60067749
68.24617004,71.92578888,65.12033844,62.16990662,13.88604927,281.7697449,130.8051453,50.13116837,418.4437866,4.821650028,151.8652191,82.98768616,89.47673035,87.38790894,83.19831085,14.92244816,18.77879524,27.47138023,25.81354141,6173.39209,87.36131287,94.05325317,6.513426304,10.47262478,8.37435627,91.55325317,88.16317749,2.061517,48.67082977,34.72293854
68.38459778,72.28791809,65.0579071,62.08504486,13.82859802,280.5470276,130.3851166,50.40436935,416.4750061,4.799986839,150.0823822,83,89.40192413,87.70000458,83.25789642,14.85354137,18.12131119,27.27763176,25.42165184,6172.598633,87.29897308,94.02262115,6.507182121,10.59133816,8.340014458,91.54743195,88.09940338,2.056992054,48.67688751,34.90120697
68.73419952,73.38310242,65.00738525,62.02948761,13.91604519,278.604126,131.6193085,49.59344864,413.0413818,4.805529118,148.9524231,82.8759079,89.31243896,87.08716583,83.17341614,14.71506691,18.08151436,27.52789116,25.51532745,6179.666992,87.25111389,93.95808411,6.46769619,10.54626656,8.421802521,91.45808411,88.0528183,2.059943914,48.77826309,35.14001083
68.78984833,73.50183868,64.94525909,62.04772186,13.90718555,279.6251526,131.2247314,49.11169052,416.8928528,4.799433708,150.641037,82.70372772,89.34859467,86.64611053,83.13025665,14.38388634,18.18733215,27.88488007,25.85940933,6177.923828,87.25260162,93.96926117,6.568040848,10.29778481,8.537934303,91.46926117,88.05937195,2.058047771,48.65380859,34.89710236
68.69480133,72.9801712,65.01141357,62.1101265,13.92987633,281.4416504,131.5225372,49.92696381,418.6420593,4.797886848,151.6915588,82.93359375,89.46479034,87.22763062,83.14659882,14.51403809,17.69464302,27.36563301,25.42485428,6182.556641,87.40195465,94.203125,6.536437511,11.00071716,8.333368301,91.67188263,88.2026062,2.061724901,48.68517303,34.37940979
68.62324524,72.84164429,65.03662109,62.13095856,13.83411598,280.9397278,130.2058258,50.13453293,416.9657898,4.812796593,150.9564209,82.96334839,89.40421295,87.56973267,83.28462219,14.98277092,18.13532257,27.39618683,25.51574707,6181.228027,87.21675873,93.96802521,6.564764023,10.46347523,8.455759048,91.46316528,88.04402924,2.061724901,48.70723343,34.08804703
68.65836334,73.19939423,65.06182861,62.15179062,13.87595081,279.9089966,131.123291,49.37594223,416.1849365,4.799705029,150.4629669,82.7779541,89.3578949,86.92842102,83.14009857,14.59806538,18.06070518,27.5672226,25.55438614,6180.432617,87.20040131,93.94181061,6.502837658,11.1224699,8.3403368,91.43925476,88.00040436,2.060667753,48.67370224,33.41423798
68.57138062,72.89034271,65.08704376,62.1726265,13.95730114,281.6145325,131.6242981,49.39224625,418.5587158,4.820626736,152.1868744,82.78410339,89.4281311,86.78151703,83.1444931,14.71261215,18.44355583,27.67677879,25.88032913,6182.486328,87.39163208,94.11627197,6.524173737,10.37958241,8.483640671,91.60955048,88.15794373,2.057099581,48.71841431,33.51929855
68.44018555,72.41415405,65.15450287,62.19345856,13.87943077,281.7322998,130.9351654,49.78048325,418.3683472,4.81827116,152.182312,82.90939331,89.49672699,87.17900085,83.22053528,14.65054512,18.07783508,27.61908531,26.03639984,6181.741211,87.30387115,94.00053406,6.569603443,10.57814503,8.43042469,91.5037384,88.10054779,2.058545113,48.6972084,32.82405472
68.49447632,72.46736145,65.13185883,62.13466644,13.94873524,280.8916016,131.6324005,49.77139282,417.1211243,4.821650028,150.7918854,82.86841583,89.40582275,87.12971497,83.15497589,14.64734745,18.6617775,27.74152565,25.84254837,6178.604004,87.42016602,94.11669159,6.673027039,10.97404194,8.421798706,91.67679596,88.22016907,2.057785988,48.82918549,32.95217133
68.44194794,72.36403656,65.12278748,62.19773483,13.85903168,280.7662659,130.7892761,49.55441666,417.2870789,4.820194244,151.5125122,82.81612396,89.49798584,87.06322479,83.18762207,14.72222233,18.03769112,27.59866714,25.34058571,6172.583496,87.22679138,93.92864227,6.601489544,10.84904003,8.476916313,91.43138885,88.02864075,2.05685854,48.7229538,32.4679184
68.39551544,72.31403351,65.15522766,62.18379593,13.94445038,281.348114,131.468277,49.70859528,418.0735474,4.814461708,151.6950378,82.85202789,89.45072174,87.06452942,83.10224915,14.40278339,18.07948494,27.43683624,25.39609146,6178.606445,87.41196442,94.13496399,6.598085403,10.85566521,8.443315506,91.6191864,88.21494293,2.060186863,48.71215439,32.1717453
68.34333801,72.25563049,65.18766022,62.16938019,13.8879137,281.0434265,130.9994965,49.48299789,417.1417847,4.800127983,151.4839478,82.7746582,89.47550964,86.90146637,83.12414551,14.75731754,18.58678436,28.02035141,26.04132271,6178.257813,87.38140106,94.07558441,6.622644424,10.7272501,8.372842789,91.55276489,88.17838287,2.056973934,48.70728302,32.14664459
68.32363892,72.14471436,65.19620514,62.19011307,13.9446516,281.5662537,131.436264,49.45136642,418.1369324,4.810595512,152.0833282,82.72423553,89.43037415,86.74007416,83.1460495,14.53195381,18.32144356,27.66699219,25.25844383,6175.746094,87.41442871,94.17697144,6.558008671,10.89082432,8.340732574,91.65484619,88.23227692,2.058991194,48.73681259,31.83361626
68.20000458,71.91667938,65.21006012,62.18172073,13.89566898,281.6470032,131.0310822,49.90149307,418.1927185,4.804098129,151.1304932,82.87980652,89.44799042,87.1648407,83.16794586,14.58598804,18.32178879,27.4346962,25.61157799,6170.84668,87.4850769,94.20000458,6.5033741,10.88362885,8.340872765,91.70000458,88.26329041,2.062786102,48.72541046,31.95277596
68.21165466,72.09999847,65.23005676,62.14535522,13.87561607,280.7949219,130.9478149,49.6803093,416.4555359,4.798716068,150.2637329,82.80921936,89.44896698,87.06044006,83.18984222,14.48458481,17.81344414,27.51694298,24.97953606,6169.724609,87.3631897,94.08332062,6.462188721,10.57776165,8.398875237,91.58332062,88.17455292,2.0606668,48.70729065,31.5832634
68.30000305,72.2173233,65.25006104,62.10899353,13.92983532,281.1491089,131.319931,49.48350906,417.6972351,4.81352663,151.6065521,82.80415344,89.41166687,86.87010193,83.04367065,14.34914684,17.80064201,27.62598991,25.38105965,6167.088379,87.36961365,94.11172485,6.629908085,11.08006573,8.357303619,91.61487579,88.18021393,2.060157537,48.8195076,31.46123505
68.1993866,71.99940491,65.27005768,62.20331192,13.97792912,281.89151,131.6512756,49.37944031,418.1239319,4.825686455,152.225235,82.78330994,89.47982788,86.6891098,83.05370331,15.24008942,18.9252224,28.41197205,25.63574409,6169.869629,87.41958618,94.17024231,6.512568474,10.7407999,8.374892235,91.67024231,88.25175476,2.062206984,48.75196838,30.94089127
68.09999847,71.81306458,65.29006195,62.22285461,13.9518652,281.7367859,131.6750336,49.7768631,418.3560181,4.808721066,151.7852631,82.80693817,89.41410065,86.99760437,83.02554321,14.82466793,18.91888046,27.82230949,25.61941528,6172.022949,87.57051849,94.2796402,6.53898859,11.03138256,8.415592194,91.77167511,88.37167358,2.057391882,48.70905304,30.69080544
68.10168457,71.94506836,65.20333099,62.24240112,13.87255573,280.867218,131.0787201,49.66479111,416.6621399,4.795599937,151.121582,82.83006287,89.45832825,87.0754776,83.06733704,14.54008102,18.0243721,27.53807831,25.55199814,6175.478516,87.33084106,94.03116608,6.513731956,10.78866291,8.483251572,91.53526306,88.1272049,2.060325623,48.68870544,30.46160889
68.19143677,71.9932251,65.23784637,62.26194382,13.99544811,281.2998352,131.9139557,49.4940567,417.5231934,4.82034111,151.4197845,82.87994385,89.4471817,86.78231049,83.00847626,14.64335251,18.09314156,27.70744514,25.73337555,6177.29248,87.42021942,94.20572662,6.594634533,10.82880402,8.324002266,91.70590973,88.26902008,2.059874535,48.70909119,30.44730759
68.16017151,71.82523346,65.28702545,62.28148651,14.01234341,281.9957886,132.1051178,49.35408401,417.9475708,4.809397221,151.8426361,82.71669006,89.40000153,86.62804413,83.0446167,14.78532696,18.13340378,27.85761642,25.63328934,6173.89502,87.5530014,94.25254059,6.469538212,10.83402061,8.399168968,91.79585266,88.34268951,2.057181358,48.65467453,30.61952019
68.11816406,71.7450943,65.38661194,62.29480362,14.00435162,282.0975342,131.9564362,49.69232178,418.4142761,4.82490015,152.1826477,82.89014435,89.43143463,86.88652802,83.11378479,14.70954704,18.32684898,27.76276207,25.52960968,6167.193359,87.53643036,94.34786224,6.554150105,10.85413551,8.394868851,91.84716034,88.44715881,2.059604168,48.74286652,30.32555008
68.15066528,71.89038086,65.29253387,62.19847107,14.02089596,281.0194702,132.3363037,49.97574234,417.222229,4.81121254,150.8261871,82.9241333,89.43885803,87.13668823,83.09385681,14.60206032,18.35302734,27.622015,25.91428757,6178.621094,87.64904785,94.35931396,6.596623898,10.36083031,8.451117516,91.86016083,88.44914246,2.056849957,48.73315811,30.43649673
68.20381927,72.14586639,65.23003387,62.15621948,13.92584229,280.2455444,131.3352966,49.87652588,416.730896,4.798872948,150.486969,82.88207245,89.44097137,87.15591431,83.0487442,15.18920994,18.45556068,27.98991013,25.95681,6181.276367,87.49448395,94.19297791,6.503451347,10.49026871,8.558368683,91.54868317,88.24163055,2.057108164,48.73454285,30.35233879
68.23534393,72.26718903,65.20000458,62.11396408,13.97345924,280.7781982,131.9031525,49.16052246,416.8807068,4.798186302,150.7688446,82.68013,89.49539948,86.51654816,83.00363159,14.36447906,18.44740105,28.00381088,25.59734154,6176.161621,87.45096588,94.13911438,6.537132263,10.43410683,8.473191261,91.66287231,88.21729279,2.057615995,48.73944855,30.34492302
68.09094238,71.89266968,65.30472565,62.24491119,13.97299004,282.5318604,131.5757599,49.32859421,418.8266296,4.818399906,152.5931702,82.76383972,89.45096588,86.65293121,83.05032349,15.02494049,18.32748032,27.92218971,25.84335899,6178.083496,87.48274994,94.24087524,6.575962067,10.5763979,8.374834061,91.72875214,88.33631897,2.061724901,48.72418976,30.26454544
68.08587646,71.79089355,65.29969788,62.1963768,13.83462334,281.8947754,130.3036194,50.32365799,418.441803,4.800521851,151.6103363,83.02923584,89.57063293,87.61825562,83.19021606,14.84326077,18.53598022,27.19340324,26.08128738,6177.041016,87.3695755,94.02936554,6.494734764,10.4207983,8.422945023,91.52936554,88.17391968,2.059511423,48.69266129,30.25834084
68.24485016,72.38822174,65.19320679,62.10118484,13.66744995,279.9139404,129.0345917,50.13368607,415.6411743,4.798755169,150.0545197,83.06082153,89.43649292,87.89123535,83.11754608,14.77949429,18.208004,27.39449692,25.82600975,6178.029297,87.00434113,93.61984253,6.619005203,10.49050426,8.538486481,91.10903931,87.80125427,2.05998826,48.72266006,30.26939964
68.47024536,73.29414368,65.1593399,62.13379288,13.73131847,279.8787231,129.1878967,48.98942184,416.3790588,4.807808876,151.1414948,82.75317383,89.32111359,86.99414063,83.19648743,14.9527235,18.65088463,27.65091515,25.71630859,6176.495605,86.90242767,93.56208801,6.641744137,10.4547224,8.632222176,91.05519867,87.75176239,2.057505131,48.82722473,30.28583145
68.35441589,72.82566071,65.19589996,62.16640091,13.78090668,282.0897217,129.4640808,49.16193771,418.8113098,4.825387478,152.9767761,82.79367065,89.44226837,86.88353729,83.10696411,14.65533257,18.33786011,27.54777718,26.29364014,6174.041992,87.04117584,93.62606049,6.518777847,10.49772358,8.423138618,91.12606049,87.83480835,2.057471514,48.74268341,30.43377495
68.3548584,72.51036835,65.14826965,62.19900894,13.76743603,281.7630005,129.7112885,49.87425232,418.1043091,4.818633556,152.106781,82.98994446,89.48812103,87.43971252,83.19464874,14.74602604,18.44843864,27.53352547,25.76967239,6176.858887,87.09624481,93.76029205,6.569782734,10.42056561,8.53608036,91.30000305,87.89790344,2.060689449,48.76901245,30.2696476
68.47059631,72.89087677,65.10064697,62.0889473,13.74437904,280.6571045,129.6865387,49.50119781,416.4099426,4.815149784,151.1110229,82.83731842,89.39663696,87.19915771,83.11772156,14.99239349,18.23724365,27.95360756,25.59555626,6174.063965,86.94776917,93.59851074,6.512246132,10.42418575,8.394251823,91.12548065,87.74246216,2.06013608,48.74964523,30.26977539
68.41663361,73.07191467,65.14748383,62.06766891,13.83971024,281.0866699,130.2428436,49.14279175,418.1820984,4.824552059,152.0357666,82.73432922,89.38699341,86.86090088,83.1215744,14.60667419,17.94530296,27.38602829,25.3457737,6174.296387,87.03940582,93.76138306,6.578536034,10.45427418,8.475423813,91.24910736,87.83864594,2.057811975,48.72980881,29.96461868
68.24463654,72.68018341,65.20000458,62.04639053,13.78250217,282.0410461,129.6570129,49.99471283,418.8232727,4.823211193,152.3232574,82.93483734,89.39826965,87.43934631,83.16918945,14.73860073,18.38547325,27.48280716,25.40359306,6167.066406,87.11325073,93.808815,6.5046134,10.29117775,8.270020485,91.31417847,87.90991211,2.063349962,48.72533035,30.26537704
68.42575073,72.99316406,65.12638855,62.02511215,13.71621323,280.6187439,129.4285278,50.40169525,417.3513184,4.810360432,150.5922852,83.07048035,89.31002808,87.97117615,83.23562622,14.9096632,17.94892883,27.29031372,25.49710846,6176.48877,87.03012085,93.72387695,6.532485962,10.36842537,8.442548752,91.23012543,87.85290527,2.060823202,48.69348907,29.92491913
68.75325012,73.85757446,65.00255585,62.00383759,13.71325874,279.3086243,129.4385071,49.34957886,415.4448853,4.803248882,150.0604706,82.85694122,89.29438019,87.2102356,83.20649719,15.01400471,18.73728561,27.71277618,25.6494751,6179.480957,86.87204742,93.47901917,6.567565441,10.40225983,8.62050724,90.97760773,87.69593048,2.060100079,48.81571579,30.09523201
68.5983429,73.6673584,65.06038666,61.96356964,13.5754652,281.0180054,127.7825089,49.31500244,418.4874878,4.808113098,152.3619537,82.90000153,89.22882843,87.4442749,83.15909576,14.55137539,17.95321846,27.27997398,25.08457375,6177.235352,86.65596008,93.15194702,6.630151272,10.64282799,8.93247509,90.70948792,87.44662476,2.06347084,48.72500992,30.03250694
68.5725174,73.61819458,64.97299194,61.9191246,13.45597553,280.7206116,126.716217,49.66986465,418.2683411,4.797692299,152.0014954,82.95915985,89.26972198,87.82271576,83.18873596,14.66621399,17.65830803,27.12114143,25.39644623,6175.220215,86.58279419,92.97728729,6.501833439,10.60556793,8.935035706,90.58517456,87.27404785,2.060951948,48.67343903,29.71409035
68.50166321,73.63180542,65.02379608,62.00497437,13.77894306,280.8656616,129.7130585,49.07050705,417.3009338,4.818399906,152.1044464,82.75455475,89.2372818,86.8921051,83.14492035,14.92113018,18.1002903,27.78310204,25.59806061,6177.503418,86.80000305,93.51769257,6.59529829,10.11736012,8.6206007,91.03993225,87.63993073,2.063204527,48.62641907,29.77224541
68.34945679,72.95350647,65.08721161,62.09872818,13.7043705,281.6614685,129.0511322,49.82413483,418.6209106,4.810900211,152.3448639,82.92661285,89.35761261,87.50154114,83.14929199,15.58699512,18.80235863,27.7259922,26.1184845,6177.19873,86.88835907,93.57880402,6.540697575,10.40205383,8.423863411,91.10873413,87.68184662,2.062828779,48.6621933,30.09463501
68.43836975,72.99197388,65.06047821,62.00810242,13.78405476,280.9745178,129.7832794,50.33562851,417.9955444,4.815149784,151.0882263,82.96779633,89.2946167,87.78395844,83.20030975,15.07691956,18.0201664,27.50519753,25.66221237,6176.500488,87.06263733,93.76481628,6.566222668,10.30609226,8.416290283,91.26343536,87.86343384,2.061724901,48.66120148,29.97603989
68.60116577,73.44552612,65.09999847,62.09703445,13.65624619,279.5722656,128.8591309,49.66043091,415.8450928,4.797482014,150.1218567,82.93702698,89.29767609,87.49689484,83.29866791,14.85552311,18.17533493,27.61466599,25.07720757,6179.273438,86.76589203,93.36779785,6.586394787,10.41985512,8.638605118,90.88318634,87.56725311,2.063612223,48.70944214,29.91846848
68.59003448,73.53812408,64.90374756,62.02486038,13.79979992,280.6802368,130.1327515,48.46136475,417.6533813,4.804367065,152.0204773,82.5300827,89.11161804,86.253479,83.11193085,14.69790363,17.89129066,27.94834328,25.07229233,6178.918945,86.89352417,93.52655792,6.637295723,10.24770451,8.486197472,91.03806305,87.69352722,2.060100079,48.70393753,29.97614479
68.32406616,72.64687347,65.13941193,62.10879135,13.89262009,282.1298218,130.6464691,49.75035858,418.7267456,4.826026917,152.6058044,82.85157013,89.39761353,87.00939178,83.18985748,15.49276257,18.4987545,27.76124954,25.84975624,6178.645996,87.18812561,93.91339111,6.497509003,11.02223873,8.401118279,91.41339111,87.99009705,2.055445194,48.66691971,30.00327682
68.37808228,72.436409,65.0871582,62.12892532,13.72749519,280.830658,129.3481598,50.29606247,417.6278687,4.808599949,150.2260742,82.97406769,89.3089447,87.75937653,83.1598587,15.10999966,17.94171143,27.25727463,25.73152161,6178.236328,86.9948349,93.61965942,6.493835449,10.75522995,8.479773521,91.17405701,87.79917908,2.060649157,48.68562698,30.05082512
68.49660492,72.95626831,65.01712036,62.1490593,13.70218754,279.924408,129.2768555,49.29364777,416.1864014,4.79885006,150.5701599,82.7675705,89.22116852,87.12810516,83.11370087,15.00574112,18.51350784,27.83324051,25.73866844,6179.485352,86.84173584,93.42300415,6.567374706,10.71083546,8.678277016,90.92793274,87.62536621,2.062752724,48.66888428,30.05979538
68.37004089,72.80899811,65.12772369,62.16919327,13.80545235,281.4605713,130.1037445,49.11339951,418.7445679,4.808311939,152.5866394,82.75917053,89.22877502,86.82476807,83.14058685,14.9496851,18.17826653,27.52120399,25.40515518,6177.396484,87.00991821,93.6198349,6.568152428,10.86703587,8.493930817,91.13128662,87.79632568,2.059314728,48.67726135,30.27032089
68.23933411,72.20626831,65.22234344,62.18932724,13.72043228,281.8356018,129.1982422,49.78263855,418.4493408,4.806143761,152.2178192,82.87518311,89.35393524,87.4546051,83.22885132,15.56437969,18.73931694,27.93548203,26.11142921,6179.057617,86.96507263,93.61217499,6.636964798,10.91943836,8.523872375,91.15222931,87.82814026,2.057509899,48.67917252,29.96483803
68.34719849,72.38240051,65.2101059,62.15054321,13.73265553,280.9289551,129.4963379,49.498703,416.7943726,4.808896542,151.4816589,82.8075943,89.34386444,87.13365173,83.21920776,15.17263985,18.77042007,27.84745216,25.47606087,6180.919922,87.02964783,93.51679993,6.60407114,10.68767929,8.539582253,91.02159882,87.83184814,2.055553675,48.78306961,30.06229401
68.26904297,72.27793121,65.17767334,62.16781235,13.7715683,281.203186,129.7027435,49.50593948,418.2486267,4.820225716,152.0870056,82.8377533,89.37998199,87.11325073,83.13132477,15.31055355,18.2153492,27.58020592,25.29144859,6178.65332,87.0305481,93.62207031,6.636847973,10.84150791,8.58791256,91.1259613,87.82733154,2.06039691,48.7020607,30.10009003
68.13978577,72.08106995,65.14434052,62.18066788,13.81614208,281.6088867,130.1357727,50.06150055,418.3769226,4.820721149,151.7439117,82.8788147,89.3420105,87.42687988,83.18289948,15.37321186,18.61231041,27.67990494,25.67107773,6177.070801,87.09999847,93.83677673,6.540523052,10.88436127,8.474300385,91.34312439,88.0443573,2.058578968,48.6663208,30.10564041
68.2390213,72.24765015,65.11100006,62.10561371,13.64771175,280.5412292,128.7372284,49.50048447,416.2093811,4.800452232,150.9408569,82.84008026,89.38311768,87.3155899,83.11061096,15.37279987,18.79634476,27.29365349,25.65074539,6169.615234,86.80973053,93.43226624,6.538022518,10.91634464,8.564476013,90.91706085,87.70000458,2.059961557,48.68922043,29.57232475
68.20279694,72.40904999,65.16627502,62.14670944,13.87303066,281.0297241,130.6388702,49.25469208,418.2028809,4.812182903,151.920929,82.74961853,89.31748199,86.73644257,83.00746155,14.89963627,18.67343521,27.70137024,25.53005028,6167.958008,87.20845032,93.88658905,6.563311577,10.6131773,8.400811195,91.36195374,88.0109787,2.06045723,48.681633,29.27260971
68.09999847,72.01002502,65.23645782,62.18780518,13.92500877,281.8308716,131.2297974,49.6347084,418.3847961,4.815683365,152.1282349,82.79292297,89.45549011,86.9021759,83.07561493,14.94073009,18.7387352,27.68616676,25.62303543,6171.927246,87.3624115,94.02690887,6.52266264,10.05282497,8.185525894,91.52890015,88.18978119,2.061071396,48.6848259,28.89580536
68.26782227,71.81267548,65.28955841,62.23999023,14.03265667,281.680481,132.2828369,49.45342636,416.9590759,4.820242882,151.4776459,82.75473785,89.49960327,86.57530975,83.0814209,15.01985359,18.28231049,27.94549179,25.63446236,6180.366211,87.5064621,94.30000305,6.522124767,10.14199638,8.229322433,91.70386505,88.30065918,2.062052011,48.64359283,26.78803062
68.89342499,72.19342041,64.93815613,62.22694397,14.73675823,284.0272217,138.6767731,48.92753983,418.0079956,4.853493214,150.4855957,82.03990936,89.46373749,83.63947296,83.05566406,14.27896118,18.74143219,29.50874138,25.83491135,6176.144043,88.8401413,96.18023682,6.636460781,10.01271057,8.196073532,93.58026123,89.74013519,2.061105013,48.74359131,26.34257126
68.13034821,71.22001648,65.1198349,62.2853775,14.41106224,284.2803345,136.1220703,49.43584442,418.6457214,4.820344448,151.8045807,82.55999756,89.57603455,85.50661469,82.99388123,14.75986671,18.31583405,28.59693336,25.91528511,6170.175293,88.27539825,95.30000305,6.555132866,10.15083408,8.303197861,92.67001343,89.18001556,2.063025951,48.66906357,26.34310913
67.85920715,70.77120972,65.39208221,62.3702507,14.34296894,283.4491272,135.5262451,49.82307434,417.5705566,4.81071949,151.029068,82.65787506,89.51000977,86.16888428,82.92329407,14.57237625,18.5438118,28.43387222,26.35487556,6168.482422,88.22154999,95.15394592,6.53467083,9.930656433,8.174621582,92.55235291,89.14002991,2.061101913,48.66704178,26.30628204
67.70750427,70.79652405,65.46873474,62.30949783,14.11921883,281.1285095,133.4065399,50.27344131,417.2077942,4.809981346,150.3920593,82.94763947,89.64085388,87.15225983,83.04947662,15.11049271,17.84375381,27.67800522,25.57174301,6177.720215,87.82000732,94.62332916,6.562997818,10.11812496,8.277997971,92.03399658,88.63545227,2.059769869,48.67324066,26.10293007
67.74668121,70.98875427,65.41048431,62.27054214,13.77005768,280.3105774,130.1001129,50.25248337,417.0249939,4.797544003,150.3674774,83,89.55085754,87.63427734,83.03361511,14.59681988,18.00664711,27.47401619,25.75172806,6176.146484,87.18480682,93.78715515,6.506315231,10.32973385,8.425260544,91.28715515,87.9813385,2.059856176,48.70162582,26.34178925
67.92012787,71.54728699,65.27529144,62.2353363,14.12531376,280.8232117,133.5644531,49.19381714,416.0427551,4.797281742,150.5119781,82.58998108,89.53361511,86.24497223,83.05525208,14.92284966,18.42115021,27.92995453,25.75965309,6178.199219,87.66572571,94.45251465,6.595659733,10.28885078,8.412899971,91.90815735,88.50710297,2.061724901,48.64767456,26.18313408
68.11035919,71.48306274,65.35693359,62.35171509,14.20379734,283.541687,134.1222076,48.75211716,418.0860291,4.811900139,152.2530975,82.42436981,89.57797241,85.52022552,83.05345917,14.66366291,18.59116364,28.70303535,25.86463547,6177.395996,87.87031555,94.66938782,6.540593624,10.12643147,8.376186371,92.0512619,88.69494629,2.060100079,48.77967834,26.48543549
67.54629517,70.69577026,65.57162476,62.34867096,14.09295177,282.9831848,132.9567261,49.79590225,418.9765625,4.822523117,152.3232117,82.76573944,89.63178253,86.72406769,82.93508148,14.96245575,18.43734741,27.94638062,25.6866169,6176.925781,87.70185089,94.48671722,6.554739475,10.23948002,8.392239571,91.92448425,88.54203033,2.060885191,48.66294098,26.73376465
67.54058075,70.6566925,65.52696228,62.31504822,13.958848,281.6043396,131.593811,50.90277481,417.4270325,4.810752869,150.5091095,83.08863831,89.64897919,87.80226898,83.02217865,14.80899525,18.20738983,27.18157387,25.57877922,6176.168945,87.52796173,94.30796051,6.635924816,10.2890749,8.458159447,91.77198029,88.38304901,2.056849957,48.64855194,26.94365692
67.74898529,71.32008362,65.35890961,62.15890884,13.7952919,279.2678833,130.4389191,49.86714172,414.8075562,4.801077366,149.3364563,82.83163452,89.4955368,87.32564545,82.94843292,14.57587242,17.58755302,27.52351761,25.77670479,6178.015137,87.03794861,93.69591522,6.52204895,10.24913025,8.360760689,91.19659424,87.85327911,2.058798552,48.61476135,26.85763168
67.96176147,71.75982666,65.17998505,62.1335144,13.98728657,281.500946,131.8043213,48.43396378,417.7239685,4.79885006,151.7479248,82.42710114,89.45420837,85.84658051,82.95536804,14.44268608,17.97720337,28.1208725,25.57378387,6179.67627,87.14579773,93.95470428,6.562768459,10.25579643,8.417561531,91.44803619,88,2.060315609,48.53891373,26.94096947
67.99588013,71.39484406,65.15206146,62.18614578,14.32501602,284.8668823,134.932373,48.82911301,419.1846924,4.825386524,152.9785767,82.24008179,89.51773071,85.01029205,82.8427124,14.75021076,18.44235229,28.83169746,25.66766167,6180.066406,87.86322784,94.79742432,6.562877655,10.21547222,8.228725433,92.22540283,88.74656677,2.064119339,48.50144196,26.94275093
67.30345154,70.51711273,65.4703064,62.25457764,13.98587418,282.593689,131.3829803,50.30586624,418.5849304,4.827927113,151.8363495,82.83824158,89.66069031,87.17355347,82.88767242,14.88519764,18.65495491,27.55754471,25.75400352,6178.149414,87.40293884,94.20992279,6.546738148,10.22489262,8.433633804,91.69482422,88.26322174,2.063823462,48.49752808,27.05239105
67.55548859,70.92012787,65.40715027,62.1646347,13.93808365,280.5648804,131.5480042,50.13567734,415.8567505,4.802415848,149.8842621,82.83396912,89.51113892,87.25418091,82.8846817,14.97785759,18.3941021,27.47313118,25.60526657,6168.789063,87.37922668,94.11319733,6.554346561,10.12687778,8.473043442,91.59740448,88.14356995,2.064975023,48.56856918,27.2466259
67.61283112,71.28178406,65.20282745,62.11819839,13.99729824,280.8259277,132.0987396,48.7950592,416.5364685,4.802015781,150.9957733,82.42527771,89.43041992,86.04479218,82.77083588,14.16760731,18.33564568,27.77721786,25.15885544,6167.97168,87.2507019,94.05517578,6.498466492,10.01303959,8.359648705,91.5458374,88.06939697,2.066765547,48.47357941,27.2446022
67.73995209,71.13488007,65.17565918,62.15209579,14.31609344,284.3100281,135.0143433,48.92685318,418.9440308,4.822720528,152.6690216,82.27894592,89.46503448,85.27084351,82.71475983,14.42751408,18.2850132,28.53148651,25.63951492,6171.240723,87.80000305,94.79136658,6.595812798,10.11787796,8.353175163,92.18700409,88.68700409,2.061467648,48.40906143,27.13562012
67.27368927,70.36697388,65.44677734,62.18599701,14.01750088,282.5227966,132.1869202,49.22019958,417.5672302,4.79885006,151.9828491,82.54890442,89.45232391,86.30818939,82.68796539,14.4106636,18.40762901,27.7434063,25.67082596,6167.696289,87.26997375,94.13652802,6.49840641,10.21856403,8.262337685,91.57209015,88.1947403,2.065488338,48.45053482,27.39577293
67.21053314,70.24848175,65.4365387,62.20874405,13.87515545,282.3129883,130.6795349,49.27530289,418.4061584,4.792498112,152.3678589,82.53552246,89.44155121,86.61315155,82.64601135,14.86190033,18.05411911,27.79911995,25.7178688,6178.24707,87.07444,93.8245697,6.442025661,10.2640667,8.400184631,91.3356781,87.97823334,2.064975023,48.38719559,27.27622986
67.13628387,70.00492859,65.42220306,62.2432251,14.06963921,283.4946594,132.6026459,48.92686844,418.4198914,4.81926918,152.8369751,82.44402313,89.57771301,85.87299347,82.60404968,14.60404491,18.37904358,28.35059166,26.07341194,6168.238281,87.37677002,94.1521225,6.51211834,10.05442524,8.294971466,91.64009094,88.21009827,2.061796188,48.37580109,27.39398956
67.0214386,69.81061554,65.55288696,62.27770615,14.25758648,283.3617554,134.5377502,50.02532959,418.3399353,4.818805695,151.6995544,82.60713196,89.61534882,86.42020416,82.61717224,14.36425781,18.58924103,27.77798843,26.1115036,6174.305664,87.87082672,94.84255219,6.498491764,10.15675354,8.181126595,92.28875732,88.77511597,2.06682086,48.36421967,27.68834686
67.14474487,70.06755066,65.62883759,62.25757217,13.87843418,280.9529724,130.9334412,50.51033783,416.2507019,4.815576553,150.3004761,82.97290039,89.61577606,87.61347961,82.87369537,14.52241421,18.09519768,27.19745827,25.58420753,6178.189941,87.23097229,93.93981934,6.554571152,10.21736145,8.400089264,91.46311188,88.09644318,2.06368494,48.5152359,27.69564056
67.29101563,70.71103668,65.38320923,62.1059761,13.77807903,279.5458984,130.0509338,49.46067047,415.6768188,4.805594444,150.0812531,82.6751709,89.47595215,87.01489258,82.73726654,15.075243,18.08862877,27.75761986,25.7438221,6177.074219,86.8232193,93.4147644,6.496287346,10.33637238,8.481444359,90.93785858,87.72702026,2.063490868,48.39198685,27.55105591
67.37624359,70.81656647,65.32676697,62.12287903,14.05179787,282.5244141,132.5631561,48.77190018,418.3306885,4.805349827,152.3197632,82.41586304,89.40604401,85.81785583,82.66116333,14.55314445,17.87981987,28.14420128,25.56876755,6176.296387,87.28107452,94.06011963,6.495812893,10.11429119,8.253851891,91.5351181,88.1019516,2.066600084,48.37213516,27.45706558
67.21495819,70.49641418,65.39905548,62.13978195,14.26206875,283.7757568,134.502594,49.45463562,418.4414063,4.818747997,152.1191559,82.49378967,89.58887482,85.97919464,82.61074066,14.64759254,18.3894558,28.26879311,25.89491653,6181.15625,87.70000458,94.70000458,6.588728905,9.923728943,8.261178017,92.04240417,88.54880524,2.063708782,48.35374069,27.39694023
