Z3700_Compressor_Screw_CapacityControl(ZI-Z37050/AI1.PV),Z3700_Compressor_Screw_CaseVibrationNDEMaleRotor(VI-V37050/AI1.PV),Z3700_Compressor_Screw_DischargePressure(PI-P37051/AI1.PV),Z3700_Compressor_Screw_DischargeTemperature(TI-T37051/AI1.PV),Z3700_Compressor_Screw_SuctionPressure(PI-P37050/AI1.PV),Z3700_Compressor_Screw_SuctionTemperature(TI-T37050/AI1.PV),Z3700_CoolingSystemCollection_CoolingFluidTemperatureCold(TI-T37130/AI1.PV),Z3700_CoolingSystemCollection_CoolingFluidTemperatureWarm(TI-T37131/AI1.PV),Z3700_CoolingSystemCollection_CoolingMassFlow(FI-F37130/AI1.PV),Z3700_CoolingSystemCollection_CoolingPressure(PI-P37130/AI1.PV),Z3700_HeatExchanger_InletTemperatureHot(TI-T37054/AI1.PV),Z3700_HeatExchanger_OutletTemperatureHot(TI-T37053/AI1.PV),Z3700_Motor_Current(II-37062/AI1.PV),Z3700_Motor_RadialBearingDETemperature1(TI-T37059/AI1.PV),Z3700_Motor_RadialBearingNDETemperature1(TI-T37060/AI1.PV),Z3700_Motor_StatorTemperatureA1(TI-T37056/AI1.PV),Z3700_Motor_StatorTemperatureB1(TI-T37057/AI1.PV),Z3700_Motor_StatorTemperatureC1(TI-T37058/AI1.PV),Z3700_OilSystem_OilPressure1(PI-P37054/AI1.PV),Z3700_OilSystem_OilPressure2(PI-P37053/AI1.PV),Z3700_OilSystem_OilTemperature(TI-T37055/AI1.PV),Z3700_Vessel_VesselLevel(LI-L37050-1/AI1.PV),OutsideTemperature
67,0.599999964,12.1,65.8,5.6,8.200002,28.3135929,30.3854828,1312.60742,4.997425,14.600009,11.1999989,15.000001,52.7,40.1,62.4,61.1999969,61.6,15.5,10.5999994,48.6999969,53.670002,26.421875
62,0.599999964,12,64.9,5.58,7.89999962,28.3135929,30.3282623,1303.79077,4.98931837,13.9,10.7999983,14,53.3999977,40.9,63.2000046,62.1,62.5,15.5,10.5,49.6,53.3900032,27.32500076
78,0.8,12.8,70.50001,5.54,7.59999752,29.3745689,31.90423,1323.67688,4.98931837,14.4,10.7999983,16,54.0000038,41.6000023,64.4,63.4,63.8000031,16.1,11.3,50.8000031,54.170002,27.73750114
79,0.8,13.0999994,70.7000046,5.58,7.499999,30.1112957,32.7077141,1322.05493,4.98931837,14.3000011,10.6999989,17,54.8,42.6,66.2,64.8,65.4,16.4,11.5999994,52,54.2800026,28.63749886
63,0.599999964,12.8,69.1,5.62,8.099997,30.9123936,32.7553978,1316.749,4.98931837,14.3000011,11.2999973,15.000001,56.3000031,44.1000023,67.7,66.5,67,16.3000011,11.3,52.1000023,52.3999977,29.81874847
80,0.900000036,12.8,70.7000046,5.54,7.499999,29.3197327,31.8851566,1322.11584,4.98931837,14.4,10.7999983,17,57.5,45.1000023,68.9,67.7999954,68.1,16.1,11.3,51.1000023,54.22,31.10312462
78,0.900000036,12.6,67.6,5.63,7.89999962,29.3197327,31.501297,1319.21143,4.98931837,14.600009,10.9000025,16,58.1,45.5,69.8,68.6,69.1,15.9,10.9,49.9,53.5300026,32.00624847
82,0.8,12.5,68.2000046,5.52999973,7.59999752,28.845274,31.2843323,1317.60413,4.98931837,14.4999981,11.0000019,17,58.9999962,46.3,70.6,69.5,69.9,15.9,11,50.8000031,54.31,32.56874847
81,0.6999999,12.5,69.2999954,5.52,7.700002,28.845274,31.4083138,1316.36182,4.98931837,14.4,10.6999989,16,58.9999962,46.6,71.4,70.3,70.6,15.9,11.1,50.6000061,54.57,33.45624924
68,0.900000036,12.7000008,67.9,5.46,7.59999752,28.9787884,31.8160152,1319.252,4.98931837,14.0999975,10.7999983,15.000001,58.8999977,46.6,71.9,70.8,71.3,15.9,11.2000008,50.6000061,54.170002,33.76250076
85,1,12.7000008,69.50001,5.68,7.800001,29.1647587,31.6491184,1322.136,4.98931837,14.4999981,10.9000025,17,59.3999977,46.8,72.2999954,71,71.4,16,11.3,50.6999969,53.73,34.86562347
64,0.6999999,12.6,70.1,5.52,7.800001,29.1647587,31.66104,1318.58093,4.98931837,14.0999975,10.9000025,15.000001,59.8999977,47,72.6,71.7,72.1,15.9,11.1,51,53.62,35.40000153
67,0.900000036,12.5,65.7,5.59,8.099997,28.9501781,31.3415565,1314.77161,4.98931837,14.3000011,11.4000025,15.000001,60.6000023,47.1,72.7999954,71.9,72.2999954,15.8000011,11.1,49.9,53.91,35.89374924
69,0.8,12.4,68.1,5.49,8.099997,28.9501781,31.2104225,1314.50635,4.98931837,14.4999981,11.1999989,15.000001,60.0000038,47.1,73.1,72.1,72.6,15.8000011,10.9,50,53.24,35.33749771
73,0.6999999,12.6,67.49999,5.4800005,7.999998,28.7046051,31.229496,1318.01123,4.98931837,14.4999981,11.1,15.000001,59.1000023,46.5,73.1,72.2999954,72.6,15.8000011,11,49.8000031,53.6499977,34.99062347
89,0.900000036,12.7000008,66.99999,5.56,7.4,28.7046051,31.3510933,1318.47925,4.98931837,14.7000074,11.0000019,17,58.8,46.3,73.4,72.3999939,72.8999939,16.1,11.2000008,50.1000061,54.02,33.73125076
82,1,12.9,71.7,5.34,6.699997,28.7046051,31.2652588,1320.39014,4.98931837,14.8,10.7999983,17,59.3,46.3999977,73.9,72.7999954,73.2,16,11.2000008,51.4000053,53.670002,33.77499771
98,0.900000036,12.9,69.9,5.30999947,6.90000057,28.7046051,31.2843323,1316.62671,4.978351,15.100008,10.6999989,21,59.3999977,46.6,74.5,73.2999954,73.9,16.3000011,11.4,50.6000061,53.8500023,33.12812424
76,0.8,12.4,68.2999954,5.55,7.59999752,28.7046051,31.5179863,1320.93872,4.978351,14.4999981,11.1,16,59.6000023,46.6,75.3,73.9,74.7,15.8000011,10.9,51.5,53.8200035,32.296875
85,0.8,12.5,71.5,5.54,7.499999,28.4614143,31.4965286,1322.56189,4.978351,14.9999981,11.2999973,17,59.6000023,46.6,75.8,74.5,75,15.9,11.1,51.6000023,54.34,31.47499847
93,1,12.6,70.2999954,5.46,6.999999,28.4614143,31.3177147,1318.07239,4.978351,15.2000065,11.1,18,59.3999977,47,76,74.7,75.2,16.1,11.1,50.6999969,53.73,30.99687386
100,0.8,13,68.7000046,5.22,6.400001,28.4614143,31.2533379,1317.99084,4.978351,15.2000065,10.6,22,60.0000038,47.5,76.4,75.2,75.8,16.4,11.5,51.1000023,53.1000023,30.93749809
89,0.900000036,12.6,72.5,5.5,7.300001,28.38035,31.5609035,1312.79126,4.978351,15.100008,11.2999973,17,60.8,47.7,76.9,75.8,76.3,15.9,11.2000008,51.9000053,53.8200035,30.49062538
89,0.900000036,12.6,71.8,5.52,6.90000057,28.38035,31.5847454,1321.79126,4.978351,15.2000065,11.1,17,61,47.6000023,77.3,76.1,76.6,16,11.2000008,51.1999969,52.8599968,29.83124924
84,0.6999999,12.6,68.9,5.56999969,7.499999,28.38035,31.684885,1318.8252,4.978351,15.100008,11.2999973,17,61.6,47.1,77.7000046,76.3,76.8,16,11.1,51.4000053,53.3599968,29.53437614
100,0.8,13,73.09999,5.22999954,6.099999,28.5186348,31.6467342,1327.54163,4.978351,15.100008,10.3999977,22,62,46.5,77.7000046,76.3,76.9,16.3000011,11.5999994,51.8,53.76,29.22812462
100,0.8,13,70.9,5.29,6.800002,28.5186348,31.3034058,1321.50708,4.978351,15.4999971,10.9000025,21,62.1999969,46,77.7000046,76.3,76.8,16.3000011,11.5,51.1000023,53.329998,28.89999962
100,0.8,12.9,68.1,5.2699995,7.4,28.5186348,31.2867165,1324.95288,4.978351,15.4000044,11.4000025,22,62.1999969,45.6,77.7000046,76.3,76.9,16.3000011,11.5,51.5,54.43,28.89687347
94,0.8,12.9,73.7,5.18999958,6.099999,28.4900246,31.7111111,1327.40015,4.978351,14.9999981,10.2,19,62.4,45,77.7000046,76.3,76.9,16.1,11.3,51.9000053,53.1499977,28.24374962
99,0.900000036,13,70.7999954,5.27999973,7.099998,28.4900246,31.4106979,1323.57556,4.978351,14.9999981,10.9000025,21,62.4,44.7,77.7000046,76.3,76.8,16.3000011,11.5,51.4000053,53.7,27.92812538
100,0.8,12.7000008,67.99999,5.49,7.4,28.4900246,31.6920376,1327.683,4.978351,15.2000065,11.2999973,22,62.4,44.4,77.7000046,76.3,76.8,16.3000011,11.5,52,53.62,27.83125114
85,0.900000036,12.6,72.8,5.56999969,6.999999,28.4900246,31.6371975,1323.43372,4.978351,15.2000065,11.1999989,17,62.3000031,44.4,77.6000061,76,76.6,16,11.1,51.5,52.579998,27.875
85,0.900000036,12.6,71.4,5.56,6.90000057,28.4900246,31.6252766,1326.0658,4.978351,14.9999981,11.2999973,17,62.1,44.2,77.5,76,76.6,15.9,11.1,51.1999969,52.920002,27.47187614
88,1,12.6,68.2999954,5.51,7.499999,28.4900246,31.5513649,1315.5874,4.99361038,14.9999981,11.500001,17,61.6999969,43.8,77.4,76,76.5,15.9,11.1,51.9000053,53.329998,27.22500038
92,0.900000036,12.9,72.6,5.30999947,6.400001,28.4637985,31.45123,1325.82324,4.99361038,15.100008,10.5000019,19,61.4,43.6,77.2000046,75.6,76.3,16.3000011,11.2000008,51.5,53.0700035,26.60937691
85,0.8,12.5,69.7000046,5.52999973,7.499999,28.4637985,31.2509537,1325.86353,4.99361038,15.100008,11.4000025,17,61.3,43.2,76.9,75.4,75.9,15.9,11,51,54.05,26.60625076
100,0.900000036,12.9,67.7000046,5.29,6.5,28.4637985,31.0387573,1320.10571,4.99361038,15.4999971,10.6999989,21,61,43,76.5,75.1,75.7000046,16.3000011,11.4,51,52.55,27.00000191
100,1,12.9,70.9,5.24,6.59999847,28.0513287,30.8742466,1322.23755,4.99361038,15.4000044,10.7999983,22,60.7,42.8,76.3,75,75.5,16.2,11.4,50.8999939,52.8900032,27.19687462
85,0.900000036,12.4,69.6,5.56999969,7.499999,28.0513287,31.1841965,1323.85938,4.99361038,15.2000065,11.1999989,16,60.5,42.8,76.3,74.9,75.5,15.8000011,11,50.8000031,53.5000038,27.43437576
100,0.900000036,12.8,67.7000046,5.25999975,6.699997,28.0513287,30.9004726,1328.24866,4.99361038,15.4000044,11.0000019,22,60.5,42.8,76.4,75,75.5,16.2,11.3,51.4000053,53.0399971,27.40312576
100,1,12.9,71.2000046,5.25,6.5,28.0513287,30.8456364,1320.61365,4.99361038,15.4999971,10.7999983,22,60.5,43,76.4,75,75.5,16.3000011,11.4,51,52.95,26.69687653
100,0.8,12.8,69.2999954,5.25999975,6.5,28.0513287,30.9195461,1319.45544,4.99361038,15.5999956,10.6999989,21,60.5,42.5,76.4,75,75.5,16.2,11.3,50.6000061,53.1799965,26.60000038
100,0.8,12.9,68.9,5.25999975,6.5,28.0179462,30.7979488,1317.76709,4.99361038,15.4999971,10.5000019,22,60.1000023,42.3,76.1,74.6,75.1,16.3000011,11.4,51.4000053,52.4600029,26.28437614
93,0.8,12.7000008,71.4,5.31999969,6.300002,28.0179462,30.7693386,1313.97571,4.99361038,15.2000065,10.6,18,60.1000023,42.2,76,74.5,75.1,16,11.2000008,50.8999939,53.41,26.35937691
100,0.900000036,12.7000008,69.9,5.29,6.5,28.0179462,30.87663,1317.80774,4.99361038,15.3000059,10.6,21,59.8,41.8000031,75.8,74.2,74.8,16,11.2000008,50.3999939,53.2100029,26.29062462
100,0.900000036,12.7000008,68.4,5.2699995,6.5,28.0179462,30.5309181,1315.77087,4.99361038,15.5999956,10.7999983,21,59.6000023,42.1,75.5,74.1,74.6,16.2,11.2000008,51,52.3999977,26.04374886
84,0.8,12.3,70.1,5.56999969,6.699997,28.0179462,30.44032,1318.90637,4.99361038,14.9999981,10.9000025,16,59.3,41.6000023,75.4,73.7999954,74.5,15.6,10.8,49.9,52.079998,24.46875
92,1,12.2,65.4,5.6,7.499999,27.5601768,30.1637478,1324.52771,4.99361038,15.2000065,11.500001,17,58.4999962,40.7,74.6,73.1,73.7,15.4,10.5999994,49.4,53.3599968,24.515625
99,0.900000036,12.5,65.9,5.29,7.099998,27.173933,29.5891533,1313.46533,4.99361038,15.4000044,10.7999983,20,58,40.5,73.7999954,72.2999954,72.7999954,15.8000011,11,49.5,52.3999977,24.37812614
84,0.900000036,12,68.1,5.58,7.499999,27.0237274,29.91102,1324.50757,4.98526525,14.9999981,11.1999989,16,57.5,40.4,73.2,71.9,72.5,15.4,10.5,49.4,52.84,24.00312614
100,0.900000036,12.4,64,5.25,7.20000267,27.0237274,29.6988258,1322.136,4.98526525,15.4000044,11.1,21,57.2000046,40.2,73,71.6,72.5,15.8000011,10.9,49.1,53.7,24.09687424
95,0.900000036,12.4,67.9,5.2699995,6.400001,27.0237274,29.7417412,1307.11926,4.98526525,15.3000059,10.5000019,19,57,40.2,72.7999954,71.5,72.5,15.8000011,10.9,50,52.2,24.26250076
97,0.900000036,12.1,67.4,5.51,7.499999,27.0237274,29.8538,1319.53674,4.98526525,15.4000044,11.500001,18,57,40.3,72.7,71.3,72.5,15.5,10.5999994,49.9,53.3599968,24.77812386
100,0.8,12.4,67.2000046,5.25999975,6.199998,26.8878288,30.09699,1324.386,4.98526525,15.3000059,10.6,21,57,40.5,72.7,71.3,72.5,15.9,11,49.2999954,52.1099968,25.39687538
100,0.8,12.6,67.4,5.54,7.099998,26.8878288,29.9444027,1327.31934,4.98526525,15.4999971,11.500001,21,57.2000046,40.8,73,71.4,72.5,16,11.1,50.3000031,53.5000038,25.74374962
100,0.900000036,12.4,69.00001,5.35999966,6.400001,26.8878288,29.9897022,1316.0968,4.98526525,15.3000059,10.6,21,57.3000031,41.3,73.1,71.6,72.5,15.8000011,10.9,49.5,52.81,25.90625
100,0.8,12.6,67.2999954,5.2699995,6.5,26.8878288,30.206665,1323.4541,4.98526525,15.3000059,10.7999983,21,57.7,41.9,73.6,72.1,72.5,16,11.1,49.6999969,52.6000023,26.54062462
88,0.8,12.4,70.2000046,5.54,7.20000267,27.47673,30.6310558,1305.33276,4.98526525,15.3000059,11.1999989,17,58.1,42.3,74,72.6,72.5,15.7000008,10.9,50.5,51.82,26.47187424
100,0.8,12.7000008,69.9,5.27999973,6.5,27.47673,30.5619144,1323.8999,4.98526525,15.5999956,10.7999983,21,58.3,42.6,74.5,72.8999939,72.5,16.1,11.2000008,50.3999939,52.66,26.50625038
83,0.6999999,12.3,66.9,5.55,7.499999,27.47673,30.8098736,1307.91956,4.98526525,15.699995,11.1999989,16,58.4999962,42.8,75,73.5,72.5,15.7000008,10.8,50.6000061,53.44,26.703125
91,0.900000036,12.6,71.9,5.45,6.5,27.47673,30.7884121,1321.36475,4.98526525,16.1000023,10.5000019,18,58.9999962,43,75.3,73.7999954,72.5,15.9,11.1,51.3000031,51.45,27.01874924
100,1,12.8,70.1,5.39000034,7.099998,27.7914467,30.9481583,1324.16321,4.98526525,16.0000019,10.9000025,21,58.8999977,43.3999977,75.6,74.1,72.5,16.2,11.3,51.1999969,54.66,27.79687691
93,0.8,12.6,68.7000046,5.58,6.699997,27.7914467,31.0530624,1330.8916,4.98526525,16.0000019,10.6,18,59.3,43.8,76.2000046,74.6,72.5,15.9,11.1,51,51.42,28.38749886
93,1,12.5,72.2,5.66,7.59999752,27.7914467,31.17704,1322.339,4.98526525,15.9000034,11.500001,18,59.3999977,44.3,76.6,75.1,72.5,16,11,52.1000023,51.39,28.83124924
100,1,13,72,5.24,6.5,28.2587566,31.2891,1323.96069,4.98526525,16.2999935,10.6,22,59.6000023,44.7,77.2000046,75.7000046,72.5,16.4,11.5,51.5,52.920002,29.14687347
100,0.900000036,13,69.1,5.45,7.499999,28.2587566,31.398777,1319.67908,4.989795,16.2999935,11.0000019,22,60.3,44.9,77.7000046,76.3,72.5,16.4,11.5,51.6999969,54.05,29.37499809
100,1.1,13,72.2,5.29,6.699997,28.2587566,31.4846077,1319.86194,4.989795,16.1000023,10.6,22,60.7,45.3,78,76.5,72.5,16.4,11.5,52,54.05,28.94375038
92,0.900000036,13.0999994,71.7,5.25,6.59999847,28.2587566,31.5680561,1315.60767,4.989795,16.1000023,10.6,19,61.5,45.5,78.4,77,72.5,16.1,11.5999994,51.5,52.26,29.140625
85,0.8,12.6,69.9,5.64,7.20000267,28.5687065,31.4583817,1320.08533,4.989795,15.9000034,11.1,17,62,45.5,78.7,77.3,72.5,16,11.1,51.9000053,51.33,28.43750191
94,0.900000036,12.8,72.7,5.46,6.5,28.5687065,31.5346756,1319.801,4.989795,16.1999931,10.5000019,19,62.1999969,45.4,78.7999954,77.3,72.5,16.4,11.5999994,52,52.6000023,27.85624886
100,1,13,71.1,5.42,6.800002,28.5687065,31.501297,1317.62463,4.989795,16.1000023,10.6999989,22,62.4,45.2,79,77.3,72.5,16.4,11.5999994,51.6999969,54.6,27.53750038
100,0.8,13.0999994,69.6,5.22999954,6.5,28.5687065,31.53706,1321.446,4.989795,16.2999935,10.3999977,22,62.4,44.6000023,78.7999954,77.3,72.5,16.5,11.5999994,51.6999969,52.1099968,27.36249924
90,0.900000036,12.8,72.5,5.25,6.699997,28.5687065,31.4321556,1311.15564,4.989795,16.0000019,10.5000019,17,62.3000031,44.4,78.7,77.2000046,72.5,16.2,11.2000008,51.9000053,51.94,27.29999924
100,0.8,13,70.7000046,5.33,7.700002,28.5687065,31.6062031,1313.56726,4.989795,16.1000023,11.500001,22,62.3000031,44.2,78.5,76.9,72.5,16.1,11.5,51.3000031,54.37,27.22500038
98,1,12.8,69.4,5.59,7.59999752,28.5687065,31.53706,1315.97461,4.989795,16.2999935,11.500001,20,61.9,43.9,78.5,77,72.5,16.2,11.4,52,52.98,27.05000114
100,1,13,72.8,5.2699995,6.5,28.5687065,31.3558617,1319.19116,4.989795,16.2999935,10.3999977,22,61.3,43.9,78.7,77,72.5,16.4,11.5999994,52,53.01,27.28750038
100,1.1,13,70.50001,5.33,6.5,28.5687065,31.45123,1323.43372,4.989795,16.2999935,10.6,22,61.1999969,43.9,78.6,77.2000046,72.5,16.4,11.5999994,51.1999969,53.5000038,27.03437424
100,0.8,13.0999994,69.50001,5.29999971,6.59999847,28.5687065,31.38924,1319.51636,4.989795,16.1999931,10.6,22,61.6,43.8,78.7999954,77.4,72.5,16.4,11.5999994,52.1000023,52.579998,26.90937424
100,1,13,72.8,5.29999971,6.5,28.4733353,31.49176,1320.26819,4.989795,16.1999931,10.6,22,61.6,43.8,79,77.4,72.5,16.4,11.5999994,52.1999969,53.3900032,27.24375153
100,1,13.0999994,72,5.29,6.5,28.4733353,31.6801128,1321.87231,4.989795,16.399992,10.6999989,22,61.4,44.2,79.2,77.8,72.5,16.5,11.7,51.6999969,53.0700035,27.49687386
100,1,13.0999994,70.50001,5.30999947,6.5,28.4733353,31.5942822,1327.64258,4.989795,16.2999935,10.6,22,61.6,44.4,79.5,77.9,72.5,16.4,11.5999994,52.4000053,52.7199974,26.86562538
100,1,13,73,5.25999975,6.5,28.5234032,31.723032,1321.162,4.99980927,16.5000019,10.6999989,22,62.1,44.5,79.9,78.4,72.5,16.5,11.5999994,51.9000053,53.0700035,26.73124886
100,0.8,13.2,70.4,5.40000057,6.999999,28.5234032,31.749258,1325.01367,4.99980927,17.1999989,11.500001,22,63.1,45,80.2,78.7999954,72.5,16.4,11.7,51.3000031,51.94,26.32499886
100,1,13.2,71,5.40000057,6.5,28.5234032,31.71588,1327.3396,4.99980927,16.5000019,10.9000025,22,63.8000031,45.5,80.6,79.1,72.5,16.4,11.7,52.4000053,52.37,26.12187576
100,0.8,13,71.8,5.40000057,6.59999847,28.4065762,31.71588,1320.97913,4.99980927,16.6,11.1999989,22,64.3,45.5,80.7,79.1,72.5,16.5,11.5,51.8,52.920002,25.97500038
100,0.900000036,13,69.7000046,5.39000034,7.099998,28.4065762,31.71588,1319.90259,4.99980927,17.1,11.500001,22,64.5,45.5,80.9,79.1,72.5,16.5,11.5,51,51.94,25.79374886
100,0.8,13,69.2000046,5.39000034,6.999999,28.4065762,31.5465965,1318.33679,4.99980927,17.1999989,11.500001,22,64.5,45.3,80.9,79.1,72.5,16.5,11.5,51.9000053,51.42,26.11249924
100,1,13,70.2999954,5.6,7.800001,28.4065762,31.5465965,1313.4447,4.99980927,18.5,12.5999985,22,64.5,45.4,80.9,79.1,72.5,16.4,11.5999994,51.3000031,50.0599976,25.5625
100,0.900000036,13,69.00001,5.58,7.300001,28.4065762,31.4941444,1321.18213,4.99980927,17.5000019,11.6999989,22,64.6000061,45.4,80.9,79.1,72.5,16.5,11.5,50.8999939,50.61,25.21875
100,1.1,13,69.1,5.55,7.800001,28.4065762,31.4941444,1322.56189,4.99980927,17.6,12.3000031,22,64.6000061,44.6000023,80.8,79,72.5,16.4,11.5,51.6000023,49.16,25.11250114
100,1,13,69.7000046,5.75999975,8.3,28.1514645,31.4941444,1320.71521,4.99980927,18.8000031,13.499999,22,64.3,44.3,80.5,78.7999954,72.5,16.4,11.5999994,50.8999939,48.32,25.24062347
100,1.1,13.2,67.2999954,5.77999973,8.8,28.1514645,31.5179863,1320.71521,4.99980927,18.5,13.499999,22,64.1,44.3,80.4,78.7999954,72.5,16.5999985,11.5999994,50.3000031,40.8,25.49687576
100,1.19999993,13.0999994,68.6,5.77999973,9.200001,28.1514645,31.55375,1312.15759,4.99980927,19.0999985,13.8000011,22,63.9,44.6000023,80.2,78.6,72.5,16.5999985,11.5999994,50.8999939,29.22,25.5
100,1,13.3,69.6,5.77999973,9.399998,28.1514645,31.6467342,1317.78748,4.99980927,19.4000015,14.2000017,22,63.9,44.4,80.2,78.6,72.5,16.5999985,11.7,50.8000031,19.6999989,25.27187538
100,1.1,13.3,67.49999,5.80999947,9.100002,28.1514645,31.6467342,1320.4917,4.99980927,19.0999985,13.8000011,22,63.9,44.4,80.2,78.6,72.5,16.5999985,11.8,50.5,19.59,25.27187538
100,1.3,13.2,69.2999954,5.80999947,9.399998,28.1514645,31.6467342,1315.91357,4.99980927,19.4000015,14.0999975,22,63.9,44.2,80.2,78.6,72.5,16.5999985,11.7,51.1000023,19.53,25.54374886
100,1.3,13.4000006,69.1,6.03,10.0000019,28.1514645,31.6467342,1323.65686,4.99980927,20.4999981,14.9999981,22,63.9,44.5,80.2,78.6,72.5,16.8,11.9000006,50.6999969,19.42,26.02499962
100,1.19999993,13.3,67.9,5.86,9.399998,28.1514645,31.6777287,1323.79858,4.994564,19.0999985,14.2000017,22,64.1,44.7,80.5,78.7999954,72.5,16.5999985,11.9000006,50.8000031,19.5,26.50625038
100,1.39999986,14,72.2,5.86,10.3999977,29.8728733,32.3071632,1303.8938,4.994564,20.5999966,15.4000044,23,64.3,45.4,80.9,79.4,72.5,17.2,12.4,52.4000053,19.5,27.03124809
100,1.5,14.4,73.3999939,6.22,11.1,30.4832344,34.1978531,1326.93542,4.994564,21.2000065,15.9000034,24,65.2000046,46.2,82.4,80.6,72.5,17.6,13.0999994,52.9999962,19.3900013,27.56874847
100,1.3,14.3000011,73,6.24,11.4000025,30.4164772,34.10248,1315.62817,4.994564,21.4999981,16.1000023,23,67.6,49,84.7,83.1,72.5,17.6,12.7000008,52.1000023,19.3900013,29.41249847
100,1.19999993,14.1,71.8,6.08,10.9000025,29.961092,33.3729134,1320.34949,4.994564,20.9,15.800005,23,68.7,50,85.2999954,83.8,72.5,17.3,12.5,51.5,19.42,30.56874847
100,0.900000036,14,69.7000046,6.13,10.6999989,29.961092,33.3729134,1319.86194,4.994564,20.7,15.4000044,23,69.5,50.9,86,84.6,72.5,17.2,12.5,51.4000053,19.5,31.234375
100,1.1,13.7999992,71.9,6.13,10.6999989,29.3745689,32.9675941,1325.11475,4.994564,20.7,15.4999971,23,70.3,51.8999977,86.9,85.2999954,86,17.2,12.5,51.6000023,19.56,32.24374771
100,0.900000036,13.7999992,71.3,6.13,10.6999989,29.3745689,32.9675941,1317.97058,4.994564,20.7,15.4999971,23,70.9,52.3999977,87.5,86,86.6,17.2,12.5,51.3000031,19.56,32.921875
100,0.900000036,13.7999992,69.4,6.13,10.6999989,29.29589,32.888916,1317.9502,4.994564,20.8000011,15.4999971,23,70.9,52.6000023,88.1,86.7,87.2,17.2,12.5,51.3000031,19.53,34.34687424
100,0.900000036,13.7999992,71.9,6.13,10.6999989,29.29589,32.888916,1322.52148,4.994564,20.8000011,15.4999971,23,70.5,52.3999977,88.5,86.9,87.6,17.2,12.5,51.8,19.53,35.40937424
100,1.1,13.9,70.6,6.13,10.6999989,29.29589,32.888916,1319.39453,4.994564,20.8000011,15.4999971,23,70.3,52.2,88.5,87.1,87.6,17.2,12.5,51.1999969,19.6199989,36.47812653
100,1.1,13.9,70.6,6.13,10.6999989,29.29589,32.888916,1319.39453,4.994564,20.8000011,15.4999971,23,70.3,52.2,88.5,87.1,87.6,17.2,12.5,51.1999969,19.6199989,36.41562653
100,1.1,13.9,70.6,6.13,10.6999989,29.29589,32.888916,1319.39453,4.994564,20.8000011,15.4999971,23,70.3,52.2,88.5,87.1,87.6,17.2,12.5,51.1999969,19.6199989,37.56562424
100,1.1,13.9,70.6,6.13,10.6999989,29.29589,32.888916,1319.39453,4.994564,20.8000011,15.4999971,23,70.3,52.2,88.5,87.1,87.6,17.2,12.5,51.1999969,19.6199989,37.36249924
100,1.1,13.9,70.6,6.13,10.6999989,29.29589,32.888916,1319.39453,4.994564,20.8000011,15.4999971,23,70.3,52.2,88.5,87.1,87.6,17.2,12.5,51.1999969,19.6199989,37.46875
100,1.1,13.9,70.6,6.13,10.6999989,29.29589,32.888916,1319.39453,4.994564,20.8000011,15.4999971,23,70.3,52.2,88.5,87.1,87.6,17.2,12.5,51.1999969,19.6199989,37.46875
100,1.1,13.9,70.6,6.13,10.6999989,29.29589,32.888916,1319.39453,4.994564,20.8000011,15.4999971,23,70.3,52.2,88.5,87.1,87.6,17.2,12.5,51.1999969,19.6199989,37.46875
100,1.1,13.9,70.6,6.13,10.6999989,29.29589,32.888916,1319.39453,4.994564,20.8000011,15.4999971,23,70.3,52.2,88.5,87.1,87.6,17.2,12.5,51.1999969,19.6199989,37.46875
100,1.1,13.9,70.6,6.13,10.6999989,29.29589,32.888916,1319.39453,4.994564,20.8000011,15.4999971,23,70.3,52.2,88.5,87.1,87.6,17.2,12.5,51.1999969,19.6199989,37.46875
100,1.1,13.9,70.6,6.13,10.6999989,29.29589,32.888916,1319.39453,4.994564,20.8000011,15.4999971,23,70.3,52.2,88.5,87.1,87.6,17.2,12.5,51.1999969,19.6199989,37.46875
100,1.1,13.9,70.6,6.13,10.6999989,29.29589,32.888916,1319.39453,4.994564,20.8000011,15.4999971,23,70.3,52.2,88.5,87.1,87.6,17.2,12.5,51.1999969,19.6199989,37.46875
100,1.1,13.9,70.6,6.13,10.6999989,29.29589,32.888916,1319.39453,4.994564,20.8000011,15.4999971,23,70.3,52.2,88.5,87.1,87.6,17.2,12.5,51.1999969,19.6199989,37.46875
100,1.1,13.9,70.6,6.13,10.6999989,29.29589,32.888916,1319.39453,4.994564,20.8000011,15.4999971,23,70.3,52.2,88.5,87.1,87.6,17.2,12.5,51.1999969,19.6199989,25.94687653
100,1.1,13.9,70.6,6.13,10.6999989,29.29589,32.888916,1319.39453,4.994564,20.8000011,15.4999971,23,70.3,52.2,88.5,87.1,87.6,17.2,12.5,51.1999969,19.6199989,26.26250076
100,1.1,13.9,70.6,6.13,10.6999989,29.29589,32.888916,1319.39453,4.994564,20.8000011,15.4999971,23,70.3,52.2,88.5,87.1,87.6,17.2,12.5,51.1999969,19.6199989,26.16249847
100,1.1,13.9,70.6,6.13,10.6999989,29.29589,32.888916,1319.39453,4.994564,20.8000011,15.4999971,23,70.3,52.2,88.5,87.1,87.6,17.2,12.5,51.1999969,19.6199989,26.55000114
100,1.1,13.9,70.6,6.13,10.6999989,29.29589,32.888916,1319.39453,4.994564,20.8000011,15.4999971,23,70.3,52.2,88.5,87.1,87.6,17.2,12.5,51.1999969,19.6199989,26.55000114
100,1.1,13.9,70.6,6.13,10.6999989,29.29589,32.888916,1319.39453,4.994564,20.8000011,15.4999971,23,70.3,52.2,88.5,87.1,87.6,17.2,12.5,51.1999969,19.6199989,26.55000114
100,1.1,13.9,70.6,6.13,10.6999989,29.29589,32.888916,1319.39453,4.994564,20.8000011,15.4999971,23,70.3,52.2,88.5,87.1,87.6,17.2,12.5,51.1999969,19.6199989,26.55000114
100,1.1,13.9,70.6,6.13,10.6999989,29.29589,32.888916,1319.39453,4.994564,20.8000011,15.4999971,23,70.3,52.2,88.5,87.1,87.6,17.2,12.5,51.1999969,19.6199989,26.55000114
100,1.1,13.9,70.6,6.13,10.6999989,29.29589,32.888916,1319.39453,4.994564,20.8000011,15.4999971,23,70.3,52.2,88.5,87.1,87.6,17.2,12.5,51.1999969,19.6199989,26.55000114
100,1.1,13.9,70.6,6.13,10.6999989,29.29589,32.888916,1319.39453,4.994564,20.8000011,15.4999971,23,70.3,52.2,88.5,87.1,87.6,17.2,12.5,51.1999969,19.6199989,26.55000114
100,1.1,13.9,70.6,6.13,10.6999989,29.29589,32.888916,1319.39453,4.994564,20.8000011,15.4999971,23,70.3,52.2,88.5,87.1,87.6,17.2,12.5,51.1999969,19.6199989,26.55000114
100,1.1,13.9,70.6,6.13,10.6999989,29.29589,32.888916,1319.39453,4.994564,20.8000011,15.4999971,23,70.3,52.2,88.5,87.1,87.6,17.2,12.5,51.1999969,19.6199989,26.55000114
100,1.1,13.9,70.6,6.13,10.6999989,29.29589,32.888916,1319.39453,4.994564,20.8000011,15.4999971,23,70.3,52.2,88.5,87.1,87.6,17.2,12.5,51.1999969,19.6199989,26.55000114
100,1.1,13.9,70.6,6.13,10.6999989,29.29589,32.888916,1319.39453,4.994564,20.8000011,15.4999971,23,70.3,52.2,88.5,87.1,87.6,17.2,12.5,51.1999969,19.6199989,26.55000114
100,1.1,13.9,70.6,6.13,10.6999989,29.29589,32.888916,1319.39453,4.994564,20.8000011,15.4999971,23,70.3,52.2,88.5,87.1,87.6,17.2,12.5,51.1999969,19.6199989,26.55000114
100,1.1,13.9,70.6,6.13,10.6999989,29.29589,32.888916,1319.39453,4.994564,20.8000011,15.4999971,23,70.3,52.2,88.5,87.1,87.6,17.2,12.5,51.1999969,19.6199989,26.55000114
100,1.1,13.9,70.6,6.13,10.6999989,29.29589,32.888916,1319.39453,4.994564,20.8000011,15.4999971,23,70.3,52.2,88.5,87.1,87.6,17.2,12.5,51.1999969,19.6199989,26.55000114
100,1.1,13.9,70.6,6.13,10.6999989,29.29589,32.888916,1319.39453,4.994564,20.8000011,15.4999971,23,70.3,52.2,88.5,87.1,87.6,17.2,12.5,51.1999969,19.6199989,26.55000114
100,1.1,13.9,70.6,6.13,10.6999989,29.29589,32.888916,1319.39453,4.994564,20.8000011,15.4999971,23,70.3,52.2,88.5,87.1,87.6,17.2,12.5,51.1999969,19.6199989,26.55000114
100,1.1,13.9,70.6,6.13,10.6999989,29.29589,32.888916,1319.39453,4.994564,20.8000011,15.4999971,23,70.3,52.2,88.5,87.1,87.6,17.2,12.5,51.1999969,19.6199989,26.55000114
100,1.1,13.9,70.6,6.13,10.6999989,29.29589,32.888916,1319.39453,4.994564,20.8000011,15.4999971,23,70.3,52.2,88.5,87.1,87.6,17.2,12.5,51.1999969,19.6199989,25.47500229
100,1.1,13.9,70.6,6.13,10.6999989,29.29589,32.888916,1319.39453,4.994564,20.8000011,15.4999971,23,70.3,52.2,88.5,87.1,87.6,17.2,12.5,51.1999969,19.6199989,25.72812462
100,1.1,13.9,70.6,6.13,10.6999989,29.29589,32.888916,1319.39453,4.994564,20.8000011,15.4999971,23,70.3,52.2,88.5,87.1,87.6,17.2,12.5,51.1999969,19.6199989,26.265625
100,1.1,13.9,70.6,6.13,10.6999989,29.29589,32.888916,1319.39453,4.994564,20.8000011,15.4999971,23,70.3,52.2,88.5,87.1,87.6,17.2,12.5,51.1999969,19.6199989,26.29374886
100,1.1,13.9,70.6,6.13,10.6999989,29.29589,32.888916,1319.39453,4.994564,20.8000011,15.4999971,23,70.3,52.2,88.5,87.1,87.6,17.2,12.5,51.1999969,19.6199989,26.73124886
100,1.1,13.9,70.6,6.13,10.6999989,29.29589,32.888916,1319.39453,4.994564,20.8000011,15.4999971,23,70.3,52.2,88.5,87.1,87.6,17.2,12.5,51.1999969,19.6199989,27.78437424
100,1.1,13.9,70.6,6.13,10.6999989,29.29589,32.888916,1319.39453,4.994564,20.8000011,15.4999971,23,70.3,52.2,88.5,87.1,87.6,17.2,12.5,51.1999969,19.6199989,28.46249962
100,1.1,13.9,70.6,6.13,10.6999989,29.29589,32.888916,1319.39453,4.994564,20.8000011,15.4999971,23,70.3,52.2,88.5,87.1,87.6,17.2,12.5,51.1999969,19.6199989,29.11874962
100,1.1,13.9,70.6,6.13,10.6999989,29.29589,32.888916,1319.39453,4.994564,20.8000011,15.4999971,23,70.3,52.2,88.5,87.1,87.6,17.2,12.5,51.1999969,19.6199989,29.79375076
100,1.1,13.9,70.6,6.13,10.6999989,29.29589,32.888916,1319.39453,4.994564,20.8000011,15.4999971,23,70.3,52.2,88.5,87.1,87.6,17.2,12.5,51.1999969,19.6199989,30.59062386
100,1.1,13.9,70.6,6.13,10.6999989,29.29589,32.888916,1319.39453,4.994564,20.8000011,15.4999971,23,70.3,52.2,88.5,87.1,87.6,17.2,12.5,51.1999969,19.6199989,32.61562729
100,1.1,13.9,70.6,6.13,10.6999989,29.29589,32.888916,1319.39453,4.994564,20.8000011,15.4999971,23,70.3,52.2,88.5,87.1,87.6,17.2,12.5,51.1999969,19.6199989,33.32187653
100,1.1,13.9,70.6,6.13,10.6999989,29.29589,32.888916,1319.39453,4.994564,20.8000011,15.4999971,23,70.3,52.2,88.5,87.1,87.6,17.2,12.5,51.1999969,19.6199989,33.69374847
100,1.1,13.9,70.6,6.13,10.6999989,29.29589,32.888916,1319.39453,4.994564,20.8000011,15.4999971,23,70.3,52.2,88.5,87.1,87.6,17.2,12.5,51.1999969,19.6199989,33.796875
100,1.1,13.9,70.6,6.13,10.6999989,29.29589,32.888916,1319.39453,4.994564,20.8000011,15.4999971,23,70.3,52.2,88.5,87.1,87.6,17.2,12.5,51.1999969,19.6199989,34.97187424
100,1.1,13.9,70.6,6.13,10.6999989,29.29589,32.888916,1319.39453,4.994564,20.8000011,15.4999971,23,70.3,52.2,88.5,87.1,87.6,17.2,12.5,51.1999969,19.6199989,36.30937576
100,1.1,13.9,70.6,6.13,10.6999989,29.29589,32.888916,1319.39453,4.994564,20.8000011,15.4999971,23,70.3,52.2,88.5,87.1,87.6,17.2,12.5,51.1999969,19.6199989,37.40000153
100,1.1,13.9,70.6,6.13,10.6999989,29.29589,32.888916,1319.39453,4.994564,20.8000011,15.4999971,23,70.3,52.2,88.5,87.1,87.6,17.2,12.5,51.1999969,19.6199989,37.61249924
100,1.1,13.9,70.6,6.13,10.6999989,29.29589,32.888916,1319.39453,4.994564,20.8000011,15.4999971,23,70.3,52.2,88.5,87.1,87.6,17.2,12.5,51.1999969,19.6199989,36.8125
100,1.1,13.9,70.6,6.13,10.6999989,29.29589,32.888916,1319.39453,4.994564,20.8000011,15.4999971,23,70.3,52.2,88.5,87.1,87.6,17.2,12.5,51.1999969,19.6199989,36.28750229
100,1.1,13.9,70.6,6.13,10.6999989,29.29589,32.888916,1319.39453,4.994564,20.8000011,15.4999971,23,70.3,52.2,88.5,87.1,87.6,17.2,12.5,51.1999969,19.6199989,35.33124924
100,1.1,13.9,70.6,6.13,10.6999989,29.29589,32.888916,1319.39453,4.994564,20.8000011,15.4999971,23,70.3,52.2,88.5,87.1,87.6,17.2,12.5,51.1999969,19.6199989,36.13750076
100,1.1,13.9,70.6,6.13,10.6999989,29.29589,32.888916,1319.39453,4.994564,20.8000011,15.4999971,23,70.3,52.2,88.5,87.1,87.6,17.2,12.5,51.1999969,19.6199989,35.28749847
100,1.1,13.9,70.6,6.13,10.6999989,29.29589,32.888916,1319.39453,4.994564,20.8000011,15.4999971,23,70.3,52.2,88.5,87.1,87.6,17.2,12.5,51.1999969,19.6199989,35.28749847
100,1.1,13.9,70.6,6.13,10.6999989,29.29589,32.888916,1319.39453,4.994564,20.8000011,15.4999971,23,70.3,52.2,88.5,87.1,87.6,17.2,12.5,51.1999969,19.6199989,32.515625
100,1.1,13.9,70.6,6.13,10.6999989,29.29589,32.888916,1319.39453,4.994564,20.8000011,15.4999971,23,70.3,52.2,88.5,87.1,87.6,17.2,12.5,51.1999969,19.6199989,31.54999924
100,1.1,13.9,70.6,6.13,10.6999989,29.29589,32.888916,1319.39453,4.994564,20.8000011,15.4999971,23,70.3,52.2,88.5,87.1,87.6,17.2,12.5,51.1999969,19.6199989,31.109375
100,1.1,13.9,70.6,6.13,10.6999989,29.29589,32.888916,1319.39453,4.994564,20.8000011,15.4999971,23,70.3,52.2,88.5,87.1,87.6,17.2,12.5,51.1999969,19.6199989,30.99062347
100,1.1,13.9,70.6,6.13,10.6999989,29.29589,32.888916,1319.39453,4.994564,20.8000011,15.4999971,23,70.3,52.2,88.5,87.1,87.6,17.2,12.5,51.1999969,19.6199989,30.61249924
100,1.1,13.9,70.6,6.13,10.6999989,29.29589,32.888916,1319.39453,4.994564,20.8000011,15.4999971,23,70.3,52.2,88.5,87.1,87.6,17.2,12.5,51.1999969,19.6199989,30.64687538
100,1.1,13.9,70.6,6.13,10.6999989,29.29589,32.888916,1319.39453,4.994564,20.8000011,15.4999971,23,70.3,52.2,88.5,87.1,87.6,17.2,12.5,51.1999969,19.6199989,30.64687538
100,1.1,13.9,70.6,6.13,10.6999989,29.29589,32.888916,1319.39453,4.994564,20.8000011,15.4999971,23,70.3,52.2,88.5,87.1,87.6,17.2,12.5,51.1999969,19.6199989,30.64687538
100,1.1,13.9,70.6,6.13,10.6999989,29.29589,32.888916,1319.39453,4.994564,20.8000011,15.4999971,23,70.3,52.2,88.5,87.1,87.6,17.2,12.5,51.1999969,19.6199989,27.99687386
100,1.1,13.9,70.6,6.13,10.6999989,29.29589,32.888916,1319.39453,4.994564,20.8000011,15.4999971,23,70.3,52.2,88.5,87.1,87.6,17.2,12.5,51.1999969,19.6199989,27.90937424
100,1.1,13.9,70.6,6.13,10.6999989,29.29589,32.888916,1319.39453,4.994564,20.8000011,15.4999971,23,70.3,52.2,88.5,87.1,87.6,17.2,12.5,51.1999969,19.6199989,28.08437729
100,1.1,13.9,70.6,6.13,10.6999989,29.29589,32.888916,1319.39453,4.994564,20.8000011,15.4999971,23,70.3,52.2,88.5,87.1,87.6,17.2,12.5,51.1999969,19.6199989,28.00625038
100,1.1,13.9,70.6,6.13,10.6999989,29.29589,32.888916,1319.39453,4.994564,20.8000011,15.4999971,23,70.3,52.2,88.5,87.1,87.6,17.2,12.5,51.1999969,19.6199989,27.25625038
100,1.1,13.9,70.6,6.13,10.6999989,29.29589,32.888916,1319.39453,4.994564,20.8000011,15.4999971,23,70.3,52.2,88.5,87.1,87.6,17.2,12.5,51.1999969,19.6199989,27.46249962
100,1.1,13.9,70.6,6.13,10.6999989,29.29589,32.888916,1319.39453,4.994564,20.8000011,15.4999971,23,70.3,52.2,88.5,87.1,87.6,17.2,12.5,51.1999969,19.6199989,27.67499924
100,1.1,13.9,70.6,6.13,10.6999989,29.29589,32.888916,1319.39453,4.994564,20.8000011,15.4999971,23,70.3,52.2,88.5,87.1,87.6,17.2,12.5,51.1999969,19.6199989,27.64687538
100,1.1,13.9,70.6,6.13,10.6999989,29.29589,32.888916,1319.39453,4.994564,20.8000011,15.4999971,23,70.3,52.2,88.5,87.1,87.6,17.2,12.5,51.1999969,19.6199989,27.5
100,1.1,13.9,70.6,6.13,10.6999989,29.29589,32.888916,1319.39453,4.994564,20.8000011,15.4999971,23,70.3,52.2,88.5,87.1,87.6,17.2,12.5,51.1999969,19.6199989,27.69687462
100,1.1,13.9,70.6,6.13,10.6999989,29.29589,32.888916,1319.39453,4.994564,20.8000011,15.4999971,23,70.3,52.2,88.5,87.1,87.6,17.2,12.5,51.1999969,19.6199989,27.51249886
100,1.1,13.9,70.6,6.13,10.6999989,29.29589,32.888916,1319.39453,4.994564,20.8000011,15.4999971,23,70.3,52.2,88.5,87.1,87.6,17.2,12.5,51.1999969,19.6199989,27.58437347
100,1.1,13.9,70.6,6.13,10.6999989,29.29589,32.888916,1319.39453,4.994564,20.8000011,15.4999971,23,70.3,52.2,88.5,87.1,87.6,17.2,12.5,51.1999969,19.6199989,26.99062538
100,1.1,13.9,70.6,6.13,10.6999989,29.29589,32.888916,1319.39453,4.994564,20.8000011,15.4999971,23,70.3,52.2,88.5,87.1,87.6,17.2,12.5,51.1999969,19.6199989,26.71562386
100,1.1,13.9,70.6,6.13,10.6999989,29.29589,32.888916,1319.39453,4.994564,20.8000011,15.4999971,23,70.3,52.2,88.5,87.1,87.6,17.2,12.5,51.1999969,19.6199989,26.86874771
100,1.1,13.9,70.6,6.13,10.6999989,29.29589,32.888916,1319.39453,4.994564,20.8000011,15.4999971,23,70.3,52.2,88.5,87.1,87.6,17.2,12.5,51.1999969,19.6199989,26.63125038
100,1.1,13.9,70.6,6.13,10.6999989,29.29589,32.888916,1319.39453,4.994564,20.8000011,15.4999971,23,70.3,52.2,88.5,87.1,87.6,17.2,12.5,51.1999969,19.6199989,26.70624924
100,1.1,13.9,70.6,6.13,10.6999989,29.29589,32.888916,1319.39453,4.994564,20.8000011,15.4999971,23,70.3,52.2,88.5,87.1,87.6,17.2,12.5,51.1999969,19.6199989,26.55000114
100,1.1,13.9,70.6,6.13,10.6999989,29.29589,32.888916,1319.39453,4.994564,20.8000011,15.4999971,23,70.3,52.2,88.5,87.1,87.6,17.2,12.5,51.1999969,19.6199989,26.66562462
100,1.1,13.9,70.6,6.13,10.6999989,29.29589,32.888916,1319.39453,4.994564,20.8000011,15.4999971,23,70.3,52.2,88.5,87.1,87.6,17.2,12.5,51.1999969,19.6199989,27.08750153
100,1.1,13.9,70.6,6.13,10.6999989,29.29589,32.888916,1319.39453,4.994564,20.8000011,15.4999971,23,70.3,52.2,88.5,87.1,87.6,17.2,12.5,51.1999969,19.6199989,27.58125114
100,1.1,13.9,70.6,6.13,10.6999989,29.29589,32.888916,1319.39453,4.994564,20.8000011,15.4999971,23,70.3,52.2,88.5,87.1,87.6,17.2,12.5,51.1999969,19.6199989,27.98750114
100,1.1,13.9,70.6,6.13,10.6999989,29.29589,32.888916,1319.39453,4.994564,20.8000011,15.4999971,23,70.3,52.2,88.5,87.1,87.6,17.2,12.5,51.1999969,19.6199989,28.66874886
100,1.1,13.9,70.6,6.13,10.6999989,29.29589,32.888916,1319.39453,4.994564,20.8000011,15.4999971,23,70.3,52.2,88.5,87.1,87.6,17.2,12.5,51.1999969,19.6199989,29.125
100,1.1,13.9,70.6,6.13,10.6999989,29.29589,32.888916,1319.39453,4.994564,20.8000011,15.4999971,23,70.3,52.2,88.5,87.1,87.6,17.2,12.5,51.1999969,19.6199989,29.61249924
100,1.1,13.9,70.6,6.13,10.6999989,29.29589,32.888916,1319.39453,4.994564,20.8000011,15.4999971,23,70.3,52.2,88.5,87.1,87.6,17.2,12.5,51.1999969,19.6199989,30.453125
100,1.1,13.9,70.6,6.13,10.6999989,29.29589,32.888916,1319.39453,4.994564,20.8000011,15.4999971,23,70.3,52.2,88.5,87.1,87.6,17.2,12.5,51.1999969,19.6199989,30.69374847
100,1.1,13.9,70.6,6.13,10.6999989,29.29589,32.888916,1319.39453,4.994564,20.8000011,15.4999971,23,70.3,52.2,88.5,87.1,87.6,17.2,12.5,51.1999969,19.6199989,32.265625
100,1.1,13.9,70.6,6.13,10.6999989,29.29589,32.888916,1319.39453,4.994564,20.8000011,15.4999971,23,70.3,52.2,88.5,87.1,87.6,17.2,12.5,51.1999969,19.6199989,33.60312653
100,1.1,13.9,70.6,6.13,10.6999989,29.29589,32.888916,1319.39453,4.994564,20.8000011,15.4999971,23,70.3,52.2,88.5,87.1,87.6,17.2,12.5,51.1999969,19.6199989,34.06562424
100,1.1,13.9,70.6,6.13,10.6999989,29.29589,32.888916,1319.39453,4.994564,20.8000011,15.4999971,23,70.3,52.2,88.5,87.1,87.6,17.2,12.5,51.1999969,19.6199989,34.45624924
100,1.1,13.9,70.6,6.13,10.6999989,29.29589,32.888916,1319.39453,4.994564,20.8000011,15.4999971,23,70.3,52.2,88.5,87.1,87.6,17.2,12.5,51.1999969,19.6199989,35.15000153
100,1.1,13.9,70.6,6.13,10.6999989,29.29589,32.888916,1319.39453,4.994564,20.8000011,15.4999971,23,70.3,52.2,88.5,87.1,87.6,17.2,12.5,51.1999969,19.6199989,35.390625
100,1.1,13.9,70.6,6.13,10.6999989,29.29589,32.888916,1319.39453,4.994564,20.8000011,15.4999971,23,70.3,52.2,88.5,87.1,87.6,17.2,12.5,51.1999969,19.6199989,35.8125
100,1.1,13.9,70.6,6.13,10.6999989,29.29589,32.888916,1319.39453,4.994564,20.8000011,15.4999971,23,70.3,52.2,88.5,87.1,87.6,17.2,12.5,51.1999969,19.6199989,34.20624924
100,1.1,13.9,70.6,6.13,10.6999989,29.29589,32.888916,1319.39453,4.994564,20.8000011,15.4999971,23,70.3,52.2,88.5,87.1,87.6,17.2,12.5,51.1999969,19.6199989,35.5
100,1.1,13.9,70.6,6.13,10.6999989,29.29589,32.888916,1319.39453,4.994564,20.8000011,15.4999971,23,70.3,52.2,88.5,87.1,87.6,17.2,12.5,51.1999969,19.6199989,34.37812805
100,1.1,13.9,70.6,6.13,10.6999989,29.29589,32.888916,1319.39453,4.994564,20.8000011,15.4999971,23,70.3,52.2,88.5,87.1,87.6,17.2,12.5,51.1999969,19.6199989,34.328125
100,1.1,13.9,70.6,6.13,10.6999989,29.29589,32.888916,1319.39453,4.994564,20.8000011,15.4999971,23,70.3,52.2,88.5,87.1,87.6,17.2,12.5,51.1999969,19.6199989,33.54999924
100,1.1,13.9,70.6,6.13,10.6999989,29.29589,32.888916,1319.39453,4.994564,20.8000011,15.4999971,23,70.3,52.2,88.5,87.1,87.6,17.2,12.5,51.1999969,19.6199989,33.265625
100,1.1,13.9,70.6,6.13,10.6999989,29.29589,32.888916,1319.39453,4.994564,20.8000011,15.4999971,23,70.3,52.2,88.5,87.1,87.6,17.2,12.5,51.1999969,19.6199989,32.05625153
100,1.1,14,70.6,6.13,10.6999989,29.29589,32.888916,1319.39453,4.994564,20.8000011,15.4999971,23,70.3,52.2,88.5,87.1,87.6,17.2,12.5,51.1999969,19.6199989,31.47812462
100,1.1,14,70.2999954,6.13,10.6999989,29.29589,32.888916,1319.39453,4.994564,20.8000011,15.4999971,23,70.3,52.2,88.5,87.1,87.6,17.2,12.5,51.1999969,19.6199989,31.07187462
100,1.1,13.9,71.2000046,6.13,10.6999989,29.29589,32.888916,1319.39453,4.994564,20.8000011,15.4999971,23,70.3,52.2,88.5,87.1,87.6,17.2,12.5,51.1999969,19.6199989,30.95000076
100,1.1,13.9,72.3,6.13,10.6999989,29.29589,33.57557,1319.69946,4.994564,20.8000011,15.4999971,23,70.3,52.2,88.5,87.1,87.6,17.2,12.5,51.1999969,19.6199989,30.91250038
100,1.1,13.9,70.7000046,6.13,10.6999989,30.0445385,33.57557,1316.76917,4.994564,20.8000011,15.4999971,23,70.7000046,50.6,87.9,86.4,87.1,17.2,12.5,51.1999969,19.6199989,30.73750114
100,1.1,14.1,72.5,6.06,10.6999989,30.0445385,33.57557,1314.48584,4.994564,20.8000011,15.100008,23,70.7000046,50.4,87.8,86.2,86.9,17.4,12.5,52.8,19.53,30.42812729
100,1.1,14.1,72.5,6.06,10.6999989,30.0445385,33.6494827,1314.17981,4.994564,20.8000011,14.8999987,23,70.2000046,49.7,87.5,86,86.7,17.4,12.6,52.3,19.53,30.54999924
100,0.900000036,14.1,70.2999954,6.06,10.2999983,30.0445385,33.6494827,1320.59326,4.994564,20.8000011,15.100008,23,69.8,49.5,87.5,86,86.7,17.4,12.6,52.1000023,19.59,30.625
100,0.900000036,14.1,72.5,6.06,10.2999983,30.0445385,33.6494827,1322.03467,4.994564,20.3000011,15.100008,23,69.8,49.6,87.5,85.9,86.5,17.4,12.5,52.6000023,19.6199989,30.40624809
100,0.900000036,13.9,70.7999954,6.06,10.2999983,30.0445385,33.6494827,1307.20142,4.994564,20.3000011,14.8999987,23,70.5,49.5,87.3,85.7,86.2999954,17.4,12.6,52.1000023,19.44,29.421875
100,0.900000036,13.9,70.7999954,6.06,10.2999983,30.0445385,33.6494827,1307.20142,4.994564,20.3000011,14.8999987,23,70.5,49.5,87.3,85.7,86.2999954,17.4,12.6,52.1000023,19.44,29.39999962
100,0.900000036,13.9,70.7999954,6.06,10.2999983,30.0445385,33.6494827,1307.20142,4.994564,20.3000011,14.8999987,23,70.5,49.5,87.3,85.7,86.2999954,17.4,12.6,52.1000023,19.44,29.47500038
100,0.900000036,13.9,70.7999954,6.06,10.2999983,30.0445385,33.6494827,1307.20142,4.994564,20.3000011,14.8999987,23,70.5,49.5,87.3,85.7,86.2999954,17.4,12.6,52.1000023,19.44,29.77499962
100,0.900000036,13.9,70.7999954,6.06,10.2999983,30.0445385,33.6494827,1307.20142,4.994564,20.3000011,14.8999987,23,70.5,49.5,87.3,85.7,86.2999954,17.4,12.6,52.1000023,19.44,30.04375076
100,0.900000036,13.9,70.7999954,6.06,10.2999983,30.0445385,33.6494827,1307.20142,4.994564,20.3000011,14.8999987,23,70.5,49.5,87.3,85.7,86.2999954,17.4,12.6,52.1000023,19.44,29.19687653
100,0.900000036,13.9,70.7999954,6.06,10.2999983,30.0445385,33.6494827,1307.20142,4.994564,20.3000011,14.8999987,23,70.5,49.5,87.3,85.7,86.2999954,17.4,12.6,52.1000023,19.44,28.84374809
100,0.900000036,13.9,70.7999954,6.06,10.2999983,30.0445385,33.6494827,1307.20142,4.994564,20.3000011,14.8999987,23,70.5,49.5,87.3,85.7,86.2999954,17.4,12.6,52.1000023,19.44,28.35625076
100,0.900000036,13.9,70.7999954,6.06,10.2999983,30.0445385,33.6494827,1307.20142,4.994564,20.3000011,14.8999987,23,70.5,49.5,87.3,85.7,86.2999954,17.4,12.6,52.1000023,19.44,28.19062424
100,0.900000036,13.9,70.7999954,6.06,10.2999983,30.0445385,33.6494827,1307.20142,4.994564,20.3000011,14.8999987,23,70.5,49.5,87.3,85.7,86.2999954,17.4,12.6,52.1000023,19.44,27.96562576
100,0.900000036,13.9,70.7999954,6.06,10.2999983,30.0445385,33.6494827,1307.20142,4.994564,20.3000011,14.8999987,23,70.5,49.5,87.3,85.7,86.2999954,17.4,12.6,52.1000023,19.44,27.91250038
100,0.900000036,13.9,70.7999954,6.06,10.2999983,30.0445385,33.6494827,1307.20142,4.994564,20.3000011,14.8999987,23,70.5,49.5,87.3,85.7,86.2999954,17.4,12.6,52.1000023,19.44,28.11562347
100,0.900000036,13.9,70.7999954,6.06,10.2999983,30.0445385,33.6494827,1307.20142,4.994564,20.3000011,14.8999987,23,70.5,49.5,87.3,85.7,86.2999954,17.4,12.6,52.1000023,19.44,28.01874924
100,0.900000036,13.500001,67.4,6.06,9.799999,28.5138664,33.6494827,1318.1333,4.994564,20.3000011,14.4,23,68.6,47.3,85,83.4,86.2999954,16.8,11.9000006,50.8999939,19.44,27.59375
100,0.900000036,13.4000006,70.2000046,6.06,9.799999,28.5138664,33.6494827,1313.07727,4.994564,19.7000027,14.4,23,68.1,47,84.6,82.7000046,86.2999954,16.8,11.9000006,50.8999939,19.44,27.28437424
100,0.900000036,13.4000006,69.00001,6.06,9.799999,28.2134571,31.74449,1321.08069,4.994564,19.5,14.3000011,23,67.9,46.5,84,82.3,86.2999954,16.8,11.9000006,50.3999939,19.36,27.19687462
100,0.900000036,13.4000006,66.99999,6.06,9.799999,28.2134571,31.74449,1315.68921,4.994564,19.5,14.3000011,23,67.4,46.5,83.4,81.9,86.2999954,16.8,11.9000006,50.5,19.36,26.96250153
100,0.900000036,13.4000006,69.9,6.06,9.799999,28.13716,31.656271,1321.48682,4.994564,19.5,14.3000011,23,67,46.8,83.4,81.6,86.2999954,16.8,11.9000006,50.6999969,19.36,27.046875
100,0.900000036,13.3,69.2000046,6.06,9.799999,28.13716,31.656271,1318.764,4.994564,19.7000027,14.3000011,23,66.9,46.8,83.2000046,81.6,86.2999954,16.8,11.8,50.3999939,19.3900013,27.96875
100,0.8,13.3,67.4,6.06,9.799999,28.13716,31.656271,1316.81,4.979305,19.5999985,14.4999981,23,67,47.9,83.2000046,81.6,86.2999954,16.6999989,12,51.1000023,19.36,28.47812462
100,1,13.4000006,70.2999954,5.98,9.899998,28.13716,31.9876785,1321.40552,4.979305,19.8000011,14.4999981,23,67.7,49.6,83.7000046,82.1,86.2999954,16.9,12,51.1999969,19.36,29.390625
100,0.8,13.4000006,69.7000046,5.98,10.1000013,28.13716,31.9876785,1317.72632,4.979305,19.8000011,14.4999981,23,68.1,51,84.2,82.4,86.2999954,16.9,12.1,50.8999939,19.4700012,30.30312347
100,0.8,13.4000006,68.4,5.98,10.1000013,28.5734749,32.1641121,1323.21082,4.979305,19.9,14.7000074,23,70.7000046,56.3000031,84.8999939,83.2000046,86.2999954,16.8,12,51.6000023,19.36,30.83437347
100,0.8,13.6,70.9,5.98,10.1000013,28.5734749,32.1641121,1314.60828,4.979305,19.9,14.7000074,23,70.5,57.5,85.2999954,83.9,86.2999954,16.8,12,51.3000031,19.4700012,31.94687271
100,0.8,13.6,69.9,5.98,10.1000013,28.5734749,32.1641121,1313.85327,4.979305,20.0999985,14.7000074,22,69.9,57.8,86.5,84.8999939,86.2999954,17,12.2,51.1000023,19.53,32.65000153
100,1,13.6,69.1,5.98,10.1000013,28.5734749,32.1641121,1317.136,4.979305,20.0999985,14.8,23,69.3,58.6000023,86.7,85.2999954,86.2999954,16.9,12.2,51.9000053,19.44,32.3125
100,1,13.6,71.4,5.98,10.1000013,28.5734749,32.1641121,1313.15894,4.979305,19.9999981,14.8,22,69.4,58.9999962,86.7999954,85.2999954,86.2999954,16.9,12.2,51.6999969,19.4700012,32.99687576
100,1,13.7,69.2999954,5.98,10.2999983,29.23867,32.81977,1321.52734,4.979305,20.3000011,14.8999987,23,69.8,60.5,87,85.6,86.2999954,17,12.2,51.6999969,19.42,34.03750229
100,1,13.7,70.4,5.98,10.2999983,29.23867,32.81977,1314.36328,4.979305,20.3000011,14.8999987,23,69.9,59.5000038,87.6,86.2,86.7999954,17.1,12.4,52.3,19.42,34.109375
100,1,13.9,71.9,5.98,10.2999983,29.23867,32.81977,1319.35388,4.979305,20.3000011,14.8999987,23,70.3,60.3,88.1,86.7,87.2,17.1,12.4,52.1000023,19.44,34.83749771
100,1,13.7999992,70.6,5.98,10.5000019,29.23867,32.81977,1308.76013,4.979305,20.3000011,15.100008,23,71,59.6000023,88.3,87.2,87.7,17.1,12.5,51.9000053,19.44,36.38750076
100,1,13.7999992,70.9,5.98,10.5000019,29.23867,32.81977,1306.83191,4.979305,20.3000011,15.100008,23,71.6,60.1000023,88.8,87.6,88.1,17.3,12.4,52.3,19.4700012,36.15312576
100,0.900000036,14,72.1,5.98,10.5000019,29.7369728,33.3204575,1316.973,4.979305,20.3000011,15.100008,23,71.9,60.6000023,89.1,87.9,88.5,17.3,12.4,52.3,19.44,37.04062271
100,0.900000036,13.7999992,70.4,5.98,10.2999983,29.7369728,33.2608528,1319.98389,4.979305,20.3000011,14.8999987,23,72,59.8999977,89.4,88.1,88.6,17.3,12.5,51.9000053,19.44,35.953125
100,0.900000036,13.7999992,71.4,5.98,10.2999983,29.7369728,33.2608528,1317.72632,4.979305,20.3000011,14.8999987,23,72.2,60.3,89.4,88.1,88.6,17.3,12.4,52.3,19.3900013,36.10312653
100,0.900000036,13.7999992,72.2,5.98,10.2999983,29.6582947,33.2608528,1319.17078,4.98097372,20.3000011,14.8999987,23,72.6,59.3,89.4,88.1,88.6,17.3,12.5,52.3,19.3900013,36.43125153
100,0.900000036,13.7999992,70.00001,6.04,10.2999983,29.6582947,33.2608528,1323.57556,4.98097372,20.3000011,14.8999987,23,72.7999954,59.5000038,89.4,88.1,88.7000046,17.3,12.5,52,19.3900013,35.60000229
100,0.900000036,13.7999992,71.6,6.04,10.2999983,29.6582947,33.2322426,1322.17651,4.98097372,20.3000011,14.8999987,23,73.4,59.7,89.4,87.8,88.5,17.3,12.4,52.4000053,19.44,33.38750076
100,0.900000036,13.7999992,71.4,6.04,10.2999983,29.6582947,33.2322426,1313.894,4.98097372,20.2000027,14.8999987,23,73,58.9999962,89.2000046,87.8,88.3,17.3,12.5,51.8,19.44,32.296875
100,0.8,13.7999992,69.7999954,6.04,10.2999983,29.6582947,33.2322426,1317.82813,4.98097372,20.0999985,14.8999987,23,72.7,57.7,89.2000046,87.6,88.2000046,17.3,12.5,52,19.3900013,31.72500229
100,1,13.7999992,72.2,6.04,10.2999983,29.6582947,33.2084,1315.64844,4.98097372,20.2000027,14.8999987,23,72.3999939,56.9,88.8,87.3,87.9,17.3,12.4,52.1999969,19.36,31.140625
100,1,13.7999992,72,6.04,10.2999983,29.7727356,33.2084,1315.81177,4.98097372,20.0999985,14.8999987,23,72.2,56.4,88.5,86.9,87.6,17.3,12.4,52.1999969,19.33,31.04062462
100,1,14,70.1,6.04,10.2,29.7727356,33.2084,1322.23755,4.98097372,20.0999985,14.8,23,71.9,56.1999969,88.2000046,86.7,87.4,17.3,12.4,52,19.4700012,31.02500153
100,1,14,72.7,6.04,10.0000019,29.7727356,33.406292,1318.03162,4.98097372,19.9,14.7000074,23,71.9,56,88,86.7,87.3,17.3,12.4,52.3,20.83,30.81249809
100,1,13.7999992,71.8,6.04,10.2,29.8204212,33.406292,1317.60413,4.98097372,20.0999985,14.7000074,23,71.8,55.8000031,87.8,86.4,87.1,17.3,12.5,51.9000053,19.85,30.75937653
100,1,13.7999992,70.1,6.04,10.1000013,29.80373,33.299,1319.17078,4.98097372,19.9,14.7000074,23,71.6,55.6,87.6,86.2,86.7,17.3,12.5,52,19.88,30.74687386
100,1,13.7999992,72.5,6.04,10.1000013,29.80373,33.299,1320.26819,4.98097372,19.9,14.7000074,23,71,55.1999969,87.4,86,86.7,17.3,12.5,52.3,20.37,30.91562462
100,1,13.9,71.6,6.04,10.1000013,29.80373,33.299,1317.82813,4.98097372,19.9,14.7000074,23,70.8,54.7,87.4,85.9,86.5,17.2,12.5,51.8,19.88,30.75312424
100,1,13.9,69.9,6.04,10.1000013,29.80373,33.2179375,1318.92676,4.98097372,19.9,14.600009,23,70.5,54.5,87.1,85.7,86.2,17.1,12.3,51.8,19.59,30.47812653
100,1,13.7999992,72.5,6.04,10.1000013,29.7250519,33.2179375,1321.54761,4.98097372,19.9,14.600009,23,70.7000046,54.4,86.9,85.7,86.2,17.1,12.5,52.3,20.54,29.75937462
100,1,14,71.4,6.04,10.1000013,29.7250519,33.3633728,1312.19849,4.98097372,20.0999985,14.8,23,71.6,54.0000038,86.9,85.5,86.2,17.3,12.4,52,20.49,28.38437653
100,1,13.9,69.2999954,6.04,10.1000013,29.8991,33.35622,1323.53528,4.98311949,19.9,14.7000074,23,71.6,53.2,86.9,85.2999954,85.7999954,17.3,12.5,52.4000053,20.05,28.40625
100,1,13.9,72.3,6.02,10.1000013,29.75843,33.2513161,1322.09558,4.98311949,19.9,14.7000074,23,71.5,52.8999977,86.5,85,85.7,17.3,12.3,52.1999969,21.33,28.19375038
100,1,13.7,71.2000046,6.02,10.1000013,29.75843,33.2513161,1321.24316,4.98311949,19.9,14.7000074,23,71.4,52.7,86.4,84.7999954,85.5,17.2,12.3,51.5,19.97,28.015625
100,1,13.7,68.7000046,6.02,9.799999,29.75843,33.2513161,1323.4541,4.98311949,19.7000027,14.600009,22,71.2000046,52.2,86,84.4,85.1,17.2,12.3,51.6000023,19.76,27.98750114
100,1,13.7,71.4,6.02,9.799999,29.75843,33.2513161,1317.09521,4.98311949,19.7000027,14.600009,22,70.6,52.2,85.7,84.1,84.7999954,17.1,12.1,51.8,19.4700012,27.65625191
100,1,13.7,70.4,6.02,9.799999,29.18145,32.6648,1300.20618,4.98311949,19.7000027,14.4,22,70.3,51.7,85.5,84.1,84.6,17.1,12.1,51.1999969,19.5,27.78437424
100,1,13.7,68.2999954,6.02,9.799999,29.18145,32.6648,1326.59167,4.98311949,19.5999985,14.4,22,70.2000046,51.7,85.2999954,83.6000061,84.3,16.9,12.1,51.6999969,19.53,27.87812424
100,1,13.6,71,6.02,9.799999,29.18145,32.6648,1323.81873,4.98311949,19.7000027,14.4,22,69.8,51.5,85.1,83.4,84.1,17,12.1,51.5,19.5,27.86875153
100,1,13.6,69.7000046,6.02,9.799999,29.18145,32.6648,1323.008,4.98311949,19.5,14.4,22,69.6,51.4,85.1,83.4,83.9,17,12.1,51,19.36,27.63125038
100,1,13.6,68.1,6.02,9.799999,28.9930935,32.48598,1317.482,4.98311949,19.5,14.4,22,69.4,51.3000031,84.7999954,83.2000046,83.7000046,16.9,12.1,51.6000023,19.36,27.77499771
100,1,13.6,71.1,6.02,9.799999,28.9930935,32.48598,1323.53528,4.98311949,19.5,14.4,22,69.3,51,84.7999954,83,83.7000046,17,12,51.4000053,19.42,27.74062538
100,1,13.6,69.00001,6.02,9.799999,28.8357372,32.48598,1322.03467,4.98311949,19.5,14.4,22,68.7,50.3000031,84.6,82.8,83.4,17,12.1,50.8999939,19.42,28.07500076
100,1,13.6,68.4,6.02,9.700001,28.8357372,32.48598,1322.339,4.98311949,19.5,14.0999975,22,68,50.1999969,84.2,82.7000046,83.4,16.8,12.1,51.6000023,19.3900013,28.36562347
100,1,13.500001,70.6,6.02,9.700001,28.6807632,32.2261,1319.37427,4.98311949,19.5,14.3000011,22,68,50.1999969,84.1,82.7000046,83.2000046,16.9,11.9000006,51.3000031,19.36,27.97187614
100,1,13.4000006,69.2000046,6.02,9.700001,28.6807632,32.2261,1316.50452,4.98311949,19.5,14.3000011,22,67.7999954,49.9,83.9,82.2000046,83,16.9,11.9000006,50.8000031,19.44,28.04999924
100,0.900000036,13.4000006,68.49999,6.02,9.700001,28.6807632,32.2261,1324.81128,4.98311949,19.5,14.4,22,67.7999954,50,83.7000046,82.2000046,83,16.8,11.9000006,51.4000053,19.44,28.19375038
100,0.900000036,13.4000006,70.7000046,6.02,9.700001,28.6807632,32.24279,1322.19678,4.986219,19.5,14.3000011,22,67.7999954,50.4,83.7000046,82.2000046,82.8,16.9,11.9000006,51.3000031,19.3900013,28.36562347
100,0.900000036,13.4000006,69.2999954,5.94,9.799999,28.6807632,32.24279,1316.21936,4.986219,19.5999985,14.4,22,67.7999954,50.1999969,83.8,82.2000046,83,16.8,12.1,50.8000031,19.44,28.55312538
100,0.900000036,13.4000006,69.00001,5.94,9.799999,28.79282,32.24279,1319.86194,4.986219,19.7000027,14.4,22,68.2,50.9,84,82.5,83,16.8,12,51.6000023,19.44,28.89687347
100,1,13.4000006,70.50001,5.94,9.799999,28.79282,32.24279,1318.35718,4.986219,19.5999985,14.4,22,70.2000046,55.5,84.2,82.5,83.3,16.9,12,51.1999969,19.42,29.44062424
100,1,13.6,69.4,5.94,10.0000019,28.79282,32.409687,1317.889,4.986219,19.5999985,14.4,22,71.7,58.8,84.2,82.8,83.5,16.8,12,51.1000023,19.4700012,30.07187462
100,1,13.6,69.6,5.94,9.899998,29.0073986,32.409687,1312.32129,4.986219,19.8000011,14.4,23,72.5,59.7,85,83.5,83.9,16.9,12.2,51.8,19.4700012,30.50625038
100,1,13.6,71.1,5.94,10.1000013,29.0073986,32.409687,1326.349,4.986219,19.8000011,14.4999981,22,71.9,60.8,85.5,83.9,84.5,17.1,12.2,51.6000023,19.44,31.20624924
100,1,13.6,69.7000046,5.94,10.1000013,29.0073986,32.7101,1323.73779,4.986219,19.8000011,14.600009,22,72.2,61.1,85.7,84.2,84.8999939,17,12.3,51.4000053,19.44,31.75
100,1,13.7,70.7999954,5.94,10.1000013,29.0073986,32.7101,1324.40625,4.986219,19.9999981,14.7000074,23,72.7999954,59.7,86.1,84.6,85.2999954,17,12.2,52.1999969,19.5,32.22812271
100,1,13.7,71.6,5.94,10.1000013,29.0073986,32.98905,1318.80481,4.986219,19.9,14.7000074,23,72.2999954,57.9,86.2999954,84.7999954,85.3999939,17,12.4,52,19.5,32.41249847
100,0.900000036,13.7,71.6,5.94,10.1000013,29.0073986,32.98905,1324.14307,4.986219,19.9,14.7000074,23,72.2999954,60.2,86.2999954,85,85.3999939,17,12.4,51.9000053,19.5,32.18437576
100,0.900000036,13.7,71.6,5.94,10.1000013,29.0073986,32.98905,1324.14307,4.986219,19.9,14.7000074,23,72.2999954,60.2,86.2999954,85,85.3999939,17,12.4,51.9000053,19.5,31.875
100,0.900000036,13.7,71.6,5.94,10.1000013,29.0073986,32.98905,1324.14307,4.986219,19.9,14.7000074,23,72.2999954,60.2,86.2999954,85,85.3999939,17,12.4,51.9000053,19.5,32.796875
100,1,13.9,69.6,5.94,10.1000013,29.0073986,32.98905,1321.1416,4.986219,19.9,14.7000074,23,74.2,60.0000038,87.4,86,85.3999939,17.1,12.4,51.6999969,19.53,32.53749847
100,1.1,13.7,71.6,5.94,10.1000013,29.0073986,32.98905,1321.304,4.986219,20.0999985,14.7000074,23,74.6,63.6,87.6,86.2,86.7999954,17.2,12.4,52.1999969,19.53,32.15000153
100,1,13.9,71.8,5.94,10.1000013,29.5557747,33.120182,1325.72192,4.986219,19.9999981,14.8,23,75,64.4,87.6,86.2,87,17.1,12.4,52,19.5,33.81874847
100,1,13.9,69.6,5.94,10.1000013,29.5557747,33.12734,1326.12659,4.980497,20.2000027,14.8,23,75,63.8000031,87.7,86.5,87.2,17.1,12.4,51.6999969,19.5,32.48125076
100,1.1,13.9,72.2,6.01,10.1000013,29.5557747,33.12734,1322.339,4.980497,19.9,14.600009,23,74.9,63.5,87.9,86.5,87.1,17.2,12.4,52.3,19.53,31.29999924
100,1,13.7,71.2000046,6.01,10.1000013,29.52716,33.1297226,1321.20251,4.980497,19.9,14.600009,23,73.2999954,58.4999962,87.6,86.2,86.9,17.2,12.4,51.6999969,19.4700012,31.32500076
100,1,13.7,68.9,6.01,9.899998,29.52716,32.9127579,1306.175,4.980497,19.9,14.4999981,23,73.1,57.6,87.3,86,86.5,17.1,12.1,51.1999969,19.4700012,30.47187614
100,0.900000036,13.6,71.4,6.01,10.0000019,29.1003857,32.6123428,1319.47571,4.980497,19.7000027,14.4,22,72,55.5,86.9,85.5,86.1,17,12.1,51.5,19.4700012,29.41874886
100,0.8,13.6,70.50001,6.01,9.799999,29.1003857,32.6123428,1326.32886,4.980497,19.7000027,14.4,22,71.4,55,86.2,84.8999939,85.7,17,12,50.8999939,19.42,29.04062653
100,0.900000036,13.6,68.2999954,6.01,9.799999,29.1003857,32.3906136,1326.95557,4.980497,19.7000027,14.4,22,71.7,54.6,85.7,84.5,85.2,16.8,12.1,51,19.42,28.55937576
100,0.6999999,13.4000006,70.7999954,6.01,9.799999,29.1003857,32.3906136,1330.26636,4.980497,19.7000027,14.4,22,71.7,54.3,85.5,84,84.5,16.9,12.1,51.1999969,19.44,28.24374962
100,0.900000036,13.500001,69.7999954,6.01,9.799999,28.6378479,32.1712646,1322.481,4.980497,19.5,14.3000011,22,71.5,53.8,85.1,83.7000046,84.3,16.9,11.9000006,50.6999969,19.44,27.96875
100,0.900000036,13.500001,67.9,6.01,9.799999,28.6378479,31.92092,1322.72412,4.980497,19.5,14.3000011,22,71.2000046,53.1000023,84.7999954,83.2000046,84.1,16.9,11.9000006,50.8000031,19.44,27.72499847
100,0.900000036,13.4000006,70.4,6.01,9.600001,28.6378479,31.92092,1322.60266,4.980497,19.5,14.3000011,22,70.4,52.4999962,84.6,83,83.6000061,16.8,11.9000006,50.8999939,19.42,27.93437576
100,0.8,13.4000006,69.2999954,6.01,9.600001,28.366045,31.92092,1326.12659,4.980497,19.5,14.3000011,22,69.9,51.8999977,84.1,82.7000046,83.2000046,16.8,11.8,50.5,19.44,27.78125191
100,0.6999999,13.4000006,67.2999954,6.01,9.600001,28.366045,31.7516422,1320.77612,4.980497,19.5,14.3000011,22,69.2,51.8,83.8,82.2000046,82.8,16.6999989,11.8,50.6000061,19.4700012,27.45625114
100,0.900000036,13.4000006,70.2000046,6.01,9.600001,28.26591,31.7516422,1316.973,4.980497,19.5,14.0999975,22,69.3,52.1000023,83.6000061,82.2000046,82.7000046,16.8,11.9000006,50.8999939,19.4700012,27.515625
100,0.6999999,13.4000006,69.2000046,6.01,9.600001,28.26591,31.7516422,1325.58057,4.980497,19.5,14.0999975,22,68.6,51.5,83.6000061,82,82.5,16.8,11.9000006,50.3999939,19.3900013,27.41875076
100,0.6999999,13.3,67.4,6.01,9.600001,28.3422031,31.851778,1323.17029,4.980497,19.5,14.2000017,22,68.4,51.4,83.4,81.8,82.3,16.6999989,11.8,51.3000031,19.3900013,27.31562614
100,0.8,13.3,70.4,6.01,9.600001,28.3422031,31.851778,1326.47034,4.98812628,19.5,14.3000011,22,68.2,51,83.2000046,81.6,82.3,16.8,11.8,50.8000031,19.3900013,27.30937576
100,0.8,13.3,69.2999954,5.91000032,9.700001,28.3422031,31.851778,1322.35913,4.98812628,19.5,14.3000011,22,68.1,50.8000031,83,81.4,82.3,16.6999989,11.8,50.5,19.3900013,27.29062462
100,0.8,13.3,67.4,5.91000032,9.700001,28.3422031,31.8851566,1325.0542,4.98812628,19.5,14.2000017,22,68.1,51,83,81.4,82.1,16.6999989,11.8,51.3000031,19.36,27.03124809
100,0.6999999,13.3,70.2999954,5.91000032,9.700001,28.3422031,31.8851566,1322.82581,4.98812628,19.5,14.0999975,22,68,50.6,83,81.4,82.1,16.8,12,51,19.36,26.93124962
100,0.6999999,13.3,69.2999954,5.91000032,9.700001,28.3422031,31.8851566,1326.69287,4.98812628,19.5,14.0999975,22,67.6,49.8,83,81.3,81.9,16.6999989,12,50.6000061,19.36,27.02187538
100,0.8,13.3,67.7000046,5.91000032,9.700001,28.3422031,31.8851566,1331.1936,4.98812628,19.5,14.0999975,22,67.6,49.8,82.8,81.1,81.9,16.6999989,12,51.1999969,19.44,26.89062309
100,0.6999999,13.500001,70.2999954,5.91000032,9.700001,28.3422031,31.8851566,1327.66284,4.98812628,19.5,14.3000011,22,67.6,50.1999969,82.8,81.1,81.9,16.6999989,12,51.1000023,19.42,26.53125
100,0.8,13.3,69.1,5.91000032,9.700001,28.4900246,32.0091362,1327.42053,4.98812628,19.5,14.0999975,22,67.2,49.3,82.7000046,81.1,81.8,16.6999989,12,50.6000061,19.4700012,26.74062538
100,0.8,13.3,68.1,5.91000032,9.700001,28.4900246,32.0091362,1323.4541,4.98812628,19.5,14.0999975,22,67.2,49.2,82.5,80.9,81.5,16.6999989,12,51.1000023,19.4700012,26.44999886
100,0.6999999,13.3,70.1,5.91000032,9.700001,28.4900246,32.0091362,1319.7196,4.98812628,19.3000011,14.2000017,22,67.2,49.1,82.5,80.9,81.5,16.8,12,51,19.44,26.25937462
100,0.8,13.4000006,68.4,5.91000032,9.700001,28.4900246,32.0091362,1323.96069,4.98812628,19.3000011,14.2000017,22,67.2,48.6999969,82.4,80.9,81.3,16.8,11.8,50.6000061,19.42,26.16562462
100,0.8,13.3,67.99999,5.91000032,9.600001,28.4900246,32.0091362,1326.59167,4.98812628,19.3000011,14.2000017,22,67,48.5,82.2000046,80.5,81.1,16.8,11.8,51.1000023,19.42,26.36249924
100,0.8,13.4000006,69.7000046,5.91000032,9.600001,28.4900246,32.0091362,1322.86621,4.98812628,19.4000015,14.2000017,22,66.7,48.5,82,80.4,81.1,16.8,11.9000006,50.6000061,19.42,26.390625
100,0.8,13.4000006,68.2999954,5.91000032,9.600001,28.4900246,32.0091362,1320.91833,4.98812628,19.4000015,14.2000017,22,66.7,48.6999969,82,80.2,80.9,16.8,11.9000006,50.3000031,19.3900013,26.6875
100,0.8,13.4000006,68.2000046,5.91000032,9.600001,28.4900246,31.68727,1319.31311,4.98812628,19.4000015,13.9999981,22,65.6,48.2,81.8,80.2,80.9,16.8,11.9000006,50.8000031,19.36,27.70625114
100,0.8,13.2,69.4,5.91000032,9.600001,28.4900246,31.68727,1321.91272,4.98812628,19.3000011,14.0999975,22,65.6,48.6999969,81.7,80.2,80.9,16.8,11.9000006,50.6999969,19.42,27.99375153
100,0.8,13.2,68.2000046,5.91000032,9.600001,28.1466961,31.68727,1314.13892,4.979543,19.5,14.0999975,22,66.2,49.1,81.9,80.2999954,80.9,16.8,11.9000006,50.5,19.3900013,27.79999924
100,0.599999964,13.3,69.00001,5.9,9.700001,28.1466961,31.7206478,1322.74451,4.979543,19.5,14.3000011,22,67,50,82.1,80.5,81.1,16.8,11.8,51.3000031,19.42,28.47500229
100,0.8,13.3,70.1,5.9,9.899998,28.1466961,31.7206478,1320.95886,4.979543,19.7000027,14.3000011,22,67.7,50.9,82.5,81,81.6,16.6999989,12,50.6999969,19.42,29.453125
100,0.8,13.3,68.2000046,5.9,9.799999,28.1466961,31.9256878,1323.5553,4.979543,19.5,14.3000011,22,68.4,51.4,83.2000046,81.6,82.4,16.6999989,12,50.8000031,19.3900013,29.68124962
100,0.8,13.4000006,69.7999954,5.9,9.799999,28.1466961,31.9256878,1328.12744,4.979543,19.5,14.4,22,68.8,51.5,83.7000046,82.3,83,16.6999989,12,51.4000053,19.3900013,29.89999962
100,0.6999999,13.500001,70.2999954,5.9,9.799999,28.5567856,32.08543,1325.92432,4.979543,19.5,14.4,22,68.7,51.6,84.1,82.5,83.1,16.6999989,12,50.8999939,19.53,30.3125
100,0.6999999,13.4000006,68.49999,5.9,9.799999,28.5567856,32.08543,1322.704,4.979543,19.5999985,14.4,22,69.3,52,84.5,82.7000046,83.5,16.9,12,51,19.53,30.84999847
100,0.8,13.4000006,70.7000046,5.9,9.899998,28.5567856,32.08543,1317.54321,4.979543,19.8000011,14.600009,22,69.9,52.3999977,84.8999939,83.3,83.9,16.9,12,51.5,19.5,31.99062729
100,0.6999999,13.6,70.6,5.9,10.1000013,28.5567856,32.08543,1317.29871,4.979543,19.8000011,14.4999981,22,70.5,53.1000023,85.3999939,83.9,84.6,16.8,12,51.3000031,19.44,33.359375
100,0.8,13.6,68.9,5.9,10.1000013,28.5567856,32.3381577,1323.2312,4.979543,19.9,14.7000074,22,71.1000061,53.6000023,86,84.6,85.2,16.8,12,51.1000023,19.5,33.328125
100,0.6999999,13.6,71.1,5.9,10.1000013,28.7308311,32.3381577,1317.25818,4.979543,19.9,14.600009,22,72.6,54.5,86.7,85.1,85.7999954,16.9,12,51.6000023,19.5,33.62812424
100,0.6999999,13.6,70.6,5.9,10.1000013,28.7308311,32.3381577,1328.65247,4.979543,19.9,14.4999981,22,74.1,54.6,87.1,85.7999954,86.2999954,16.8,12,51.3000031,19.5,34.296875
100,0.6999999,13.6,68.7999954,5.9,10.1000013,28.7308311,32.3381577,1317.136,4.979543,19.9,14.7000074,22,75.8,55,87.7,86,86.7999954,16.8,12,51.1999969,19.53,33.52187729
100,0.8,13.6,71.2000046,5.9,10.1000013,28.7379837,32.3071632,1321.95337,4.979543,19.9,14.600009,22,76.1,54.7,88.1,86.6,87.1,16.9,12,51.6999969,19.53,32.69374847
100,0.8,13.4000006,70.1,5.9,10.1000013,28.7379837,32.3071632,1322.54175,4.979543,19.9,14.4999981,22,75.4,54.2,88.3,86.6,87.2,16.9,12.1,50.8000031,19.42,33.15937424
100,0.8,13.500001,67.7999954,5.9,10.0000019,28.50433,32.0878143,1321.1416,4.979543,19.8000011,14.4,22,73.5,54.2,88.3,86.7999954,87.4,16.9,12.1,51,19.42,34.265625
100,0.6999999,13.4000006,70.7000046,5.9,9.899998,28.50433,32.0878143,1322.704,4.977636,19.8000011,14.4999981,22,72.8999939,54.2,88.3,86.7999954,87.4,16.9,11.9000006,51.1999969,19.42,34.890625
100,0.8,13.500001,70.00001,5.96,9.899998,28.50433,32.09735,1325.19592,4.977636,19.8000011,14.600009,22,72.7999954,54.2,88.5,87,87.6,16.9,11.9000006,50.8999939,19.42,34.13437653
100,0.8,13.500001,67.7999954,5.96,10.0000019,28.42565,31.9614525,1328.16785,4.977636,19.8000011,14.4,22,72.6,54.0000038,88.5,87,87.6,16.9,11.9000006,50.8999939,19.42,33.29999924
100,0.8,13.3,70.2999954,5.96,9.799999,28.2730618,31.8565464,1330.24634,4.977636,19.5999985,14.4,22,72.8999939,53.6000023,88.5,86.9,87.5,16.8,11.9000006,51.1000023,19.42,32.35000229
100,0.8,13.3,69.2000046,5.96,9.799999,28.2730618,31.8565464,1322.88635,4.977636,19.7000027,14.4,22,72.6,53.7,88.2000046,86.7,87.3,16.6999989,11.9000006,50.8000031,19.42,31.84687424
100,0.599999964,13.4000006,67.7999954,5.96,10.0000019,28.2730618,32.04013,1316.40247,4.977636,19.8000011,14.4,22,72.6,53.7,87.8,86.2,86.7,16.6999989,11.9000006,51,19.42,31.31250191
100,0.599999964,13.500001,70.6,5.96,9.799999,28.48764,32.0019836,1324.791,4.977636,19.7000027,14.4,22,72.2999954,52.8999977,87.5,85.9,86.5,16.6999989,11.9000006,51.1999969,19.4700012,30.84999847
100,0.599999964,13.500001,69.6,5.96,9.799999,28.48764,32.0019836,1322.50122,4.977636,19.5,14.4,22,71.5,52.4999962,87.1,85.7,86,16.6999989,11.9000006,50.6999969,19.44,30.72812653
100,0.599999964,13.500001,67.6,5.96,9.799999,28.44711,32.0139046,1320.20728,4.977636,19.5,14.4,22,71.6,52.2,86.7,85.2,85.7,16.6999989,11.9000006,51.1000023,19.44,30.02499962
100,0.8,13.500001,70.7999954,5.96,9.799999,28.44711,32.0139046,1325.47925,4.977636,19.5,14.3000011,22,71.2000046,51.4,86.2,84.7999954,85.2999954,16.6999989,11.9000006,51.1999969,19.42,29.78125
100,0.599999964,13.500001,69.50001,5.96,9.799999,28.482872,31.9781418,1317.92993,4.977636,19.7000027,14.3000011,22,70.9,51,85.9,84.4,85,16.6999989,11.9000006,50.8999939,19.36,29.5625
100,0.599999964,13.500001,67.7999954,5.96,9.799999,28.482872,32.0305939,1319.33337,4.977636,19.5,14.3000011,22,70.7000046,51,85.7,84.2,84.7999954,16.6999989,11.9000006,51.4000053,19.36,29.49999809
100,0.599999964,13.500001,70.6,5.92,9.799999,28.614006,32.11404,1328.2688,4.977636,19.5,14.3000011,22,70.5,50.4,85.5,84,84.6,16.6999989,11.9000006,51.1999969,19.33,29.03125
100,0.8,13.500001,69.4,5.92,9.799999,28.614006,32.11404,1321.22278,4.977636,19.5,14.3000011,22,70.3,49.3999977,85.2999954,83.8,84.4,16.6999989,11.9000006,50.6999969,19.36,28.39687538
100,0.599999964,13.3,67.49999,5.92,9.799999,28.3112087,31.98291,1321.68958,4.977636,19.5,14.3000011,22,69.8,49,84.7999954,83.2000046,83.7000046,16.6999989,11.9000006,51.1000023,19.44,28.00312614
100,0.8,13.4000006,70.00001,5.92,9.700001,28.3112087,31.98291,1318.92676,4.977636,19.5,14.3000011,22,69.5,48.6,84.4,83,83.4,16.8,11.9000006,50.8000031,19.42,27.98750114
100,0.8,13.3,68.49999,5.92,9.500003,28.3112087,31.98291,1326.18726,4.99527931,19.3000011,13.9999981,22,69.1,48.4,84.1,82.5,83.1,16.6999989,11.8,50.1999969,19.42,27.92187691
100,0.8,13.0999994,67.2000046,5.83,9.299999,28.3112087,31.98291,1328.45056,4.99527931,19.0999985,13.9,22,68.6,48.4,83.6000061,82,82.5,16.6999989,11.5999994,50.8000031,19.44,27.828125
100,0.599999964,13,69.2000046,5.83,9.100002,28.3112087,31.1746559,1322.07532,4.99527931,18.5999985,13.499999,21,68.1,48.5,83.4,81.7,82.3,16.5,11.5,50.5,19.44,27.57187462
100,0.8,13,67.49999,5.72,8.700001,27.536335,31.1746559,1326.996,4.99527931,18.5,13.3000011,21,67.5,48.2,83,81.3,82,16.3000011,11.5,49.9,19.88,27.484375
100,0.8,12.9,66.99999,5.7699995,9.100002,27.536335,30.957695,1324.872,4.99527931,18.5999985,13.499999,21,67.1,47.7,82.2000046,80.8,81.4,16.3000011,11.4,50.3999939,19.3900013,27.359375
100,0.8,12.8,68.7000046,5.7699995,8.600002,27.536335,30.957695,1325.66125,4.99527931,18.0999985,13.0999985,21,67.1,48.2,82,80.5,80.9,16.3000011,11.5,50.1000061,19.53,27.38125038
100,0.8,12.8,66.6,5.75999975,8.999997,27.536335,30.957695,1326.895,4.99527931,18.6999969,13.499999,21,66.9,48.3,81.8,80.2999954,80.7,16.3000011,11.5,49.6,19.53,27.32500076
100,0.8,12.8,67.1,5.75999975,8.600002,27.3050671,30.957695,1326.713,4.99527931,18.1999989,13,21,66.7,48.4,81.6,80.1,80.6,16.2,11.3,50.5,19.44,27.04375076
100,0.8,12.8,68.1,5.75999975,8.8,27.3050671,30.957695,1321.40552,4.99527931,18.4000015,13.499999,21,66.2999954,47.9,81.3,79.7,80.4,16.2,11.3,49.9,19.44,26.96250153
100,0.8,12.8,66.9,5.75999975,8.8,27.3050671,30.957695,1324.89221,4.99527931,18.1999989,13.2000027,21,66.1,47.6000023,81.1,79.5,80.4,16.2,11.3,49.8000031,19.44,26.63750076
100,0.8,12.8,67.7999954,5.75999975,8.499998,27.3050671,30.6644344,1329.52026,4.99527931,18.1999989,13,21,65.9,47.4,80.8,79.2999954,80.4,16.3000011,11.3,50.3000031,19.53,26.62187576
100,0.8,12.8,68.2999954,5.74,8.999997,27.3050671,30.6644344,1328.4303,4.99527931,18.5999985,13.4000006,21,65.7,47,80.6,79.1,80.4,16.2,11.3,49.6,19.33,26.60312271
100,0.8,12.8,66.4,5.74,8.499998,27.3050671,30.6644344,1331.81812,4.99527931,18.0999985,13,21,65.5,46.6,80.4,78.8999939,80.4,16.3000011,11.3,49.6,19.42,26.72187424
100,0.6999999,12.8,67.6,5.74,8.700001,27.3050671,30.6644344,1335.559,4.99527931,18.4000015,13.3000011,21,65.3,46.7,80.4,78.7,80.4,16.2,11.3,50,19.42,26.33750153
100,0.8,12.8,68.1,5.74,8.700001,27.3050671,30.5976772,1326.00525,4.99527931,18.3000031,13.2000027,21,65.3,46.5,80.2,78.7,80.4,16.3000011,11.3,49.6,19.3900013,26.80624962
100,0.8,12.8,66.1,5.74,8.499998,27.3050671,30.5976772,1323.49451,4.99527931,18.0999985,13,21,65.1000061,46.8,80.2,78.5,80.4,16.3000011,11.3,49.5,19.3900013,27.72187614
100,0.8,12.8,68.1,5.75999975,8.8,27.1691647,30.7049656,1335.67944,4.98884153,18.5,13.3000011,21,65.3,47.7,80.2,78.5,80.4,16.2,11.3,50.1000061,19.36,28.515625
100,0.8,12.8,68.4,5.75999975,8.8,27.1691647,30.7049656,1332.26111,4.98884153,18.5,13.3000011,21,65.8,48.5,80.2999954,78.7,80.4,16.2,11.3,50,19.4700012,29.10312462
100,0.8,12.8,66.6,5.75999975,8.899999,27.1691647,30.7049656,1328.06677,4.98884153,18.5,13.4000006,21,66.2999954,50.9,81,79.4,80.4,16.2,11.5,49.9,19.4700012,29.97500038
100,0.6999999,12.9,69.4,5.75999975,8.999997,27.1691647,30.84802,1334.45374,4.98884153,18.5999985,13.499999,21,66.7,52.6000023,81.7,80.2,80.4,16.4,11.4,50.6999969,19.3900013,30.52499962
100,0.8,12.9,69.00001,5.75999975,9.100002,27.1691647,30.84802,1330.085,4.98884153,18.8000031,13.499999,21,67.2999954,53.1000023,82.4,81.2,80.4,16.4,11.4,50.3000031,19.3900013,31.75312614
100,0.8,12.9,67.1,5.75999975,8.999997,27.5101089,30.995842,1332.78455,4.98884153,18.6999969,13.499999,21,67.2,53.3999977,83.2000046,81.8,80.4,16.4,11.4,50.1999969,19.5,32.05937576
100,0.8,13.0999994,69.7999954,5.75999975,8.999997,27.6507759,31.1293564,1451.2677,4.775692,18.6999969,13.7000027,21,67.2,53.6000023,83.5,82.2000046,80.4,16.4,11.5999994,51,19.56,33.13125229
100,0.8,13.2,69.4,5.75999975,8.999997,28.1872311,31.1293564,1452.376,4.775692,18.9000015,13.5999975,22,67.2999954,53.8,84,82.8,83.4,16.4,11.5999994,50.6999969,19.59,33.91250229
100,0.6999999,13.0999994,67.7999954,5.75999975,9.200001,28.1872311,31.1293564,1443.76282,4.775692,18.9000015,13.8000011,22,67.5,53.8,84.5,83.4,83.8,16.5999985,11.8,50.8000031,19.4700012,33.89374924
100,0.8,13.3,70.2000046,5.75999975,9.200001,28.1872311,31.6944218,1450.38013,4.775692,18.9000015,13.8000011,22,68,54.0000038,84.8999939,83.9,84.2,16.5999985,11.7,51.4000053,19.6199989,34.87812424
100,0.8,13.2,69.7999954,5.75999975,9.299999,28.561554,31.6944218,1442.05273,4.775692,19.0999985,13.8000011,22,68.4,54.2,85.6,84.2,84.8999939,16.5999985,11.7,50.8999939,19.65,35.67500305
100,0.6999999,13.2,67.9,5.75999975,9.299999,28.561554,31.6944218,1443.52136,4.775692,19.0999985,13.8000011,22,68.9,54.2,85.7999954,84.7,85.1,16.5999985,11.7,51,19.5,36.921875
100,0.6999999,13.3,70.6,5.75999975,9.299999,28.6092377,31.87562,1448.62231,4.775692,19.0999985,13.8000011,22,68.9,54.2,86.2999954,85.1,85.6,16.5999985,11.7,51.3000031,20.02,36.40937424
100,0.6999999,13.2,69.1,5.75999975,9.299999,28.6092377,31.87562,1446.0835,4.775692,19.0999985,13.8000011,22,69.1,53.8999977,86.2999954,85.1,85.7999954,16.5999985,11.7,50.8999939,19.76,36.27812576
100,0.6999999,13.2,67.9,5.75999975,9.299999,28.6092377,31.8780041,1453.613,4.775692,19.0999985,13.8000011,22,68.9,53.7,86.5,85.2999954,85.7999954,16.5999985,11.9000006,51.4000053,19.73,35.55937576
100,0.6999999,13.2,71.4,5.79,8.8,28.6092377,31.8780041,1446.76953,4.775692,18.4000015,13.0999985,22,68.9,53.2,86.5,85.2999954,85.7999954,16.5999985,11.9000006,51.9000053,27.98,35.640625
100,0.6999999,13.2,70.1,5.75,8.8,28.88342,32.0472832,1440.6012,4.775692,18.6999969,13.499999,22,69.1,52.7,86.5,85.2999954,85.7999954,16.5999985,11.9000006,51.1999969,34.95,35.703125
100,0.6999999,13.4000006,67.99999,5.75,8.4,28.88342,32.11881,1446.63965,4.775692,18.4000015,13.0999985,22,69.1,52.1000023,86.5,85.2999954,85.9,16.5999985,11.9000006,51.9000053,38.8000031,34.18124771
100,0.6999999,13.4000006,71.4,5.75,8.4,28.9644833,32.11881,1442.05273,4.775692,18.1999989,13.0999985,22,68.8,51.7,86.4,85.1,85.7,16.6999989,11.9000006,52,46.56,32.85312271
100,0.8,13.4000006,70.00001,5.75,8.600002,28.9644833,32.11881,1446.12036,4.775692,18.4000015,13.3000011,22,68.6,51.3000031,86.2,85,85.5,16.5999985,11.9000006,51.4000053,46.18,32.109375
100,0.8,13.2,68.1,5.75,8.3,28.9644833,32.1164246,1449.196,4.775692,17.9000015,12.9000006,22,68.7,51,86,84.7999954,85.3999939,16.6999989,11.9000006,51.9000053,45.54,31.47187614
100,0.8,13.2,71.4,5.75,8.3,28.9644833,32.1164246,1449.25171,4.775692,17.9000015,12.9000006,22,68.9,50.6,86,84.6,85.3999939,16.6999989,11.9000006,51.9000053,46.64,31.34062576
100,0.8,13.2,69.9,5.75,8.3,28.9644833,32.149807,1450.69446,4.78689766,17.9000015,12.9000006,22,69,50.3000031,85.7,84.6,85.3999939,16.5,11.9000006,51.3000031,46.21,31.27500153
100,0.8,13.2,68.49999,5.75,8.3,28.9644833,32.149807,1450.9718,4.78689766,17.9000015,12.9000006,22,69,50.3000031,85.5,84.1,85.3999939,16.5,11.9000006,52.1000023,45.69,31.16875076
100,0.8,13.2,71.7,5.75,8.3,28.9644833,32.149807,1445.63806,4.78689766,17.9000015,12.9000006,22,69,49.7,85.5,84.1,85.3999939,16.5,11.9000006,52,46.7,30.91250038
100,0.8,13.3,69.7999954,5.75,8.3,28.9668674,32.18557,1438.27185,4.78689766,17.9000015,12.9000006,22,68.8,49.3,85.2999954,83.7000046,85.3999939,16.6999989,11.7,51.1999969,45.92,30.59687614
100,0.8,13.3,68.49999,5.75,7.999998,28.9668674,32.18557,1446.78821,4.78689766,17.9000015,12.8000021,22,67.9,49.3,84.7999954,83.4,85.3999939,16.5,11.8,51.8,45.78,30.49062538
100,0.8,13.2,71,5.75,7.999998,28.9668674,32.18557,1440.95471,4.78689766,17.6999989,12.5999985,22,67.7,48.8,84.6,83.4,85.3999939,16.5,11.5999994,51.5,46.44,30.34375
100,0.8,13.2,67.7999954,5.75,7.999998,28.9668674,32.18557,1448.17773,4.78689766,17.6999989,12.5999985,22,67.7,48.6,84.3,82.8,85.3999939,16.4,11.7,50.8999939,45.95,29.49999809
100,0.8,13,68.1,5.75,7.999998,28.9668674,32.18557,1443.01965,4.78689766,17.5000019,12.5999985,22,68,48.5,84.1,82.5,85.3999939,16.5,11.5,51.5,45.89,28.77187347
100,0.6999999,13,70.2999954,5.75,7.999998,28.3493557,31.4703026,1448.47412,4.78689766,17.5000019,12.5,22,68.3,48.6,83.8,82.3,85.3999939,16.5,11.5,51.1000023,46.21,28.72500038
100,0.6999999,13.500001,70.4,5.63,8.200002,29.0550861,32.27617,1460.406,4.78689766,17.7999973,12.5999985,23,68.1,47.9,83.8,82.3,85.3999939,16.5999985,12,51.6999969,46.67,28.58124924
100,0.8,13.6,71.5,5.63,8.3,29.572464,32.68864,1446.28748,4.78689766,18,12.9000006,23,68.1,47.7,84,82.3,85.3999939,16.8,12,52.8,46.79,28.44062424
100,0.8,13.7999992,73.8,5.63,8.499998,30.323494,33.14641,1446.38,4.78689766,18,13.0999985,23,68.1,46.9,84.2,82.6,85.3999939,17,12.4,52.9999962,47.77,28.125
100,0.6999999,14,72.6,5.63,8.700001,30.323494,33.14641,1450.08423,4.78689766,18.4000015,13.3000011,24,68.1,47,84.6,82.8,85.3999939,17.3,12.7000008,52.9000053,47.37,27.79687691
100,0.8,14.2000008,75.2,5.63,8.700001,30.323494,34.35044,1449.0481,4.78689766,18.4000015,13.3000011,24,68.4,48.3,85.1,83.3,85.3999939,17.4,12.8,53.6999931,48.18,27.41875076
100,0.6999999,14.4,76.40001,5.63,8.999997,30.323494,34.35044,1452.44983,4.78689766,18.5999985,13.5999975,24,69.1,48.8999977,85.3999939,83.8,85.3999939,17.6,12.9,53.4999962,48.73,27.30624962
100,0.8,14.5999994,74.2,5.63,9.100002,32.1045036,35.232605,1451.9884,4.78689766,18.5999985,13.5999975,25,70.1,49.6,86.5,84.7,85.3999939,17.8000011,13.2,53.3,48.21,27.10000038
100,0.6999999,14.5999994,75.6000061,5.63,8.999997,32.252327,35.3851967,1440.99207,4.798581,18.5999985,13.8000011,24,71,50,87.1,85.2999954,85.3999939,17.8000011,13,53.4999962,48.06,27.04375076
100,0.6999999,14.5,75.7,5.79999971,8.899999,31.9113827,35.0084877,1447.80737,4.798581,18.5999985,13.499999,24,71.9,49.9,87.2,85.5,85.3999939,17.8000011,13,52.8,48.38,27.19374847
100,0.6999999,14.3000011,73.59999,5.79999971,8.899999,31.9113827,34.9488831,1452.39465,4.798581,18.5999985,13.499999,24,72.3999939,50.1999969,87.6,85.7,85.3999939,17.8000011,13,52.8,47.63,27.52187538
100,0.6999999,14.3000011,75.8999939,5.79999971,8.899999,31.9113827,34.9488831,1439.89343,4.798581,18.4000015,13.499999,24,72.8999939,50,87.6,86,85.3999939,17.6,12.8,53.3,48.5,27.109375
100,0.6999999,14.2000008,74.7,5.79999971,8.8,31.9113827,34.6198578,1441.53186,4.798581,18.4000015,13.4000006,24,73.5,50,87.6,86,85.3999939,17.7,12.8,52.8,48.23,26.79375076
100,0.8,14.3000011,72.7,5.79999971,8.8,31.9113827,34.50065,1447.04761,4.798581,18.4000015,13.4000006,24,73.7,50,87.7,86,85.3999939,17.7,12.8,52.4999962,47.77,27.03437424
100,0.8,14.1,75.2,5.79999971,8.8,31.3367882,34.50065,1450.69446,4.798581,18.4000015,13.4000006,24,73.7,50,87.7,86,85.3999939,17.5,12.8,52.9000053,48.32,27.31562614
100,0.6999999,14.2000008,74.7,5.79999971,8.8,31.18658,34.2836838,1446.58411,4.798581,18.4000015,13.4000006,24,73.7999954,50,87.7,86,85.3999939,17.4,12.6,52.6999969,48.06,27.21562386
100,0.6999999,14.2000008,72,5.79999971,8.8,31.18658,34.2836838,1441.77368,4.798581,18.4000015,13.3000011,24,74,50.1999969,87.7,86,85.3999939,17.4,12.7000008,52.4000053,47.34,27.44687462
100,0.8,14.2000008,75.3,5.79999971,8.8,31.18658,34.2836838,1448.363,4.798581,18.4000015,13.3000011,24,73.7999954,50.1999969,87.9,86,85.3999939,17.5,12.7000008,52.6000023,48.0300026,27.65312576
100,0.8,14,74.2,5.79999971,8.8,30.9910736,34.1549377,1445.97217,4.798581,18.4000015,13.3000011,24,73.7999954,50.8000031,87.9,86.2999954,85.3999939,17.5,12.7000008,52.4999962,47.83,28.08749962
100,0.8,14,72.2,5.79999971,8.8,30.9910736,34.0929451,1449.45508,4.798581,18.4000015,13.3000011,23,74,51.1,88.3,86.5,85.3999939,17.4,12.7000008,52.4000053,46.93,28.79374886
100,0.8,14,75.2,5.79999971,8.899999,30.9910736,34.07387,1453.20679,4.798581,18.4000015,13.3000011,23,74.4,52,88.3,86.7999954,85.3999939,17.5,12.7000008,52.6000023,48.23,29.203125
100,0.8,14,74.1000061,5.79999971,8.999997,30.9648476,34.1811638,1453.07788,4.798581,18.4000015,13.4000006,24,74.6,52.4999962,89,87.2,85.3999939,17.5,12.7000008,52.4000053,47.31,30.10624886
100,0.599999964,14,71.8,5.79999971,8.999997,30.9648476,34.171627,1450.3988,4.798581,18.5999985,13.4000006,24,75,53.3999977,89.3,87.9,85.3999939,17.4,12.7000008,52.3,46.85,30.63749886
100,0.8,14.2000008,75.2,5.79999971,8.999997,30.9648476,34.2145424,1455.34631,4.798581,18.5999985,13.4000006,24,75.6,53.7,90,88.4,85.3999939,17.4,12.6,52.9999962,48.35,32.31562424
100,0.6999999,14.2000008,73.8,5.79999971,8.999997,31.0196838,34.17401,1450.50952,4.794528,18.5999985,13.4000006,23,75.6,53.7,90.4,88.8,85.3999939,17.5,12.6,52.3,47.19,33.25937271
100,0.6999999,13.500001,68.9,5.72999954,8.700001,29.829958,32.68864,1450.80542,4.794528,18.3000031,13.2000027,23,75.1,54.2,90.1000061,88.7000046,89.3,17,12.1,51.6999969,45.8,33.58124924
100,0.8,13.500001,72.1,5.72999954,8.4,29.4794769,32.68864,1445.67517,4.794528,18,13,22,74.6,54.2,89.8,88.5,89,16.9,11.9000006,51.6000023,47.22,34.18437576
100,0.6999999,13.4000006,70.4,5.72999954,8.4,29.1075382,32.40015,1449.9917,4.794528,18,13,22,74.2,54.2,89.6000061,88.3,88.8,16.8,11.9000006,50.8999939,46.73,35.28125
100,0.8,13.2,67.7999954,5.72999954,8.4,29.1075382,32.1307335,1444.52454,4.794528,18,12.9000006,22,74.2,54.5,89.4,88.2000046,88.8,16.5999985,11.9000006,51.1000023,45.69,35.67500305
100,0.6999999,13.3,70.7999954,5.72999954,8.4,29.1075382,32.1307335,1445.48962,4.794528,18,12.9000006,22,73.9,54.5,89.2000046,88,88.5,16.6999989,11.8,51.3000031,47.02,36.66562271
100,0.6999999,13.0999994,69.6,5.72999954,8.4,29.1075382,32.1307335,1448.88159,4.794528,18,12.9000006,22,73.5,54.5,89.2000046,87.8,88.5,16.6999989,11.8,50.5,46.56,38.08437729
100,0.8,13.0999994,67.2999954,5.72999954,8.3,28.6020851,31.7373371,1453.40991,4.794528,17.9000015,12.8000021,22,73.2999954,54.5,89,87.7,88.3,16.5,11.5999994,51.1999969,45.95,35.81874847
100,0.6999999,13.2,70.7000046,5.72999954,8.3,28.6020851,31.75641,1454.314,4.794528,17.6999989,12.5999985,22,74,53.2,88.7000046,87.5,87.9,16.5,11.7,50.8999939,46.7,32.75937271
100,0.8,13,68.7000046,5.72999954,7.999998,28.456646,31.527523,1448.974,4.794528,17.5000019,12.5,22,73.9,51.8999977,87.9,86.7,87.1,16.5,11.7,50.1999969,46.18,32.50625229
100,0.8,13.0999994,67.1,5.72999954,7.999998,28.1848469,31.2581062,1454.2218,4.794528,17.5000019,12.5,22,73.4,51.4,87.2,85.9,86.1,16.2,11.5999994,51,45.66,35.38124847
100,0.6999999,13.3,71.8,5.72999954,8.3,29.1719112,32.2356377,1449.2887,4.794528,17.7999973,12.5999985,22,73,51.3000031,87,85.6,86.1,16.8,12,52.1000023,47.6900024,35.171875
100,0.8,13.6,71.6,5.68,8.3,29.856184,32.991436,1447.75171,4.794528,18,12.9000006,23,72.7,50.9,87.1,85.6,86.1,16.6999989,12.2,51.9000053,47.19,33.27187729
100,0.8,13.9,70.6,5.68,8.600002,30.4331665,33.6089478,1448.08508,4.794528,18,13.0999985,23,72.5,50.7000046,87.2,85.7,86.5,17.2,12.4,53.1000023,47.31,32.00624847
100,0.6999999,13.4000006,71.1,5.68,8.4,28.94541,32.53605,1449.8623,4.794528,18,12.9000006,22,72.5,50.5,87.2,85.7,86.2,16.6999989,11.9000006,51.3000031,46.82,31.07187462
100,0.8,13.3,67.49999,5.62,8.200002,28.77613,32.1259651,1451.61877,4.794528,17.7999973,12.5999985,22,72.2999954,49.9,86.7999954,85.1,85.7999954,16.6999989,11.8,51.1999969,46.01,30.59375
100,0.8,13.3,67.49999,5.62,8.200002,28.77613,32.1259651,1451.61877,4.794528,17.7999973,12.5999985,22,72.2999954,49.9,86.7999954,85.1,85.7999954,16.6999989,11.8,51.1999969,46.01,30.59375
100,0.8,13.3,67.49999,5.62,8.200002,28.77613,32.1259651,1451.61877,4.794528,17.7999973,12.5999985,22,72.2999954,49.9,86.7999954,85.1,85.7999954,16.6999989,11.8,51.1999969,46.01,30.59375
100,0.8,13.3,67.49999,5.62,8.200002,28.77613,32.1259651,1451.61877,4.794528,17.7999973,12.5999985,22,72.2999954,49.9,86.7999954,85.1,85.7999954,16.6999989,11.8,51.1999969,46.01,30.59375
100,0.8,13.3,67.49999,5.62,8.200002,28.77613,32.1259651,1451.61877,4.794528,17.7999973,12.5999985,22,72.2999954,49.9,86.7999954,85.1,85.7999954,16.6999989,11.8,51.1999969,46.01,30.59375
100,0.8,13.3,67.49999,5.62,8.200002,28.77613,32.1259651,1451.61877,4.794528,17.7999973,12.5999985,22,72.2999954,49.9,86.7999954,85.1,85.7999954,16.6999989,11.8,51.1999969,46.01,30.59375
100,0.8,13.3,67.49999,5.62,8.200002,28.77613,32.1259651,1451.61877,4.794528,17.7999973,12.5999985,22,72.2999954,49.9,86.7999954,85.1,85.7999954,16.6999989,11.8,51.1999969,46.01,30.59375
100,0.8,13.3,67.49999,5.62,8.200002,28.77613,32.1259651,1451.61877,4.794528,17.7999973,12.5999985,22,72.2999954,49.9,86.7999954,85.1,85.7999954,16.6999989,11.8,51.1999969,46.01,30.59375
100,0.8,13.3,67.49999,5.62,8.200002,28.77613,32.1259651,1451.61877,4.794528,17.7999973,12.5999985,22,72.2999954,49.9,86.7999954,85.1,85.7999954,16.6999989,11.8,51.1999969,46.01,30.59375
100,0.8,13.3,67.49999,5.62,8.200002,28.77613,32.1259651,1451.61877,4.794528,17.7999973,12.5999985,22,72.2999954,49.9,86.7999954,85.1,85.7999954,16.6999989,11.8,51.1999969,46.01,30.59375
100,0.8,13.3,67.49999,5.62,8.200002,28.77613,32.1259651,1451.61877,4.794528,17.7999973,12.5999985,22,72.2999954,49.9,86.7999954,85.1,85.7999954,16.6999989,11.8,51.1999969,46.01,30.59375
100,0.8,13.3,67.49999,5.62,8.200002,28.77613,32.1259651,1451.61877,4.794528,17.7999973,12.5999985,22,72.2999954,49.9,86.7999954,85.1,85.7999954,16.6999989,11.8,51.1999969,46.01,30.59375
100,0.8,13.3,67.49999,5.62,8.200002,28.77613,32.1259651,1451.61877,4.794528,17.7999973,12.5999985,22,72.2999954,49.9,86.7999954,85.1,85.7999954,16.6999989,11.8,51.1999969,46.01,30.59375
100,0.8,13.3,67.49999,5.62,8.200002,28.77613,32.1259651,1451.61877,4.794528,17.7999973,12.5999985,22,72.2999954,49.9,86.7999954,85.1,85.7999954,16.6999989,11.8,51.1999969,46.01,30.59375
100,0.8,13.3,67.49999,5.62,8.200002,28.77613,32.1259651,1451.61877,4.794528,17.7999973,12.5999985,22,72.2999954,49.9,86.7999954,85.1,85.7999954,16.6999989,11.8,51.1999969,46.01,30.59375
100,0.8,13.3,67.49999,5.62,8.200002,28.77613,32.1259651,1451.61877,4.794528,17.7999973,12.5999985,22,72.2999954,49.9,86.7999954,85.1,85.7999954,16.6999989,11.8,51.1999969,46.01,30.59375
100,0.8,13.3,67.49999,5.62,8.200002,28.77613,32.1259651,1451.61877,4.794528,17.7999973,12.5999985,22,72.2999954,49.9,86.7999954,85.1,85.7999954,16.6999989,11.8,51.1999969,46.01,30.59375
100,0.8,13.3,67.49999,5.62,8.200002,28.77613,32.1259651,1451.61877,4.794528,17.7999973,12.5999985,22,72.2999954,49.9,86.7999954,85.1,85.7999954,16.6999989,11.8,51.1999969,46.01,30.59375
100,0.8,13.3,67.49999,5.62,8.200002,28.77613,32.1259651,1451.61877,4.794528,17.7999973,12.5999985,22,72.2999954,49.9,86.7999954,85.1,85.7999954,16.6999989,11.8,51.1999969,46.01,30.59375
100,0.8,13.3,67.49999,5.62,8.200002,28.77613,32.1259651,1451.61877,4.794528,17.7999973,12.5999985,22,72.2999954,49.9,86.7999954,85.1,85.7999954,16.6999989,11.8,51.1999969,46.01,30.59375
100,0.8,13.3,67.49999,5.62,8.200002,28.77613,32.1259651,1451.61877,4.794528,17.7999973,12.5999985,22,72.2999954,49.9,86.7999954,85.1,85.7999954,16.6999989,11.8,51.1999969,46.01,30.59375
100,0.8,13.3,67.49999,5.62,8.200002,28.77613,32.1259651,1451.61877,4.794528,17.7999973,12.5999985,22,72.2999954,49.9,86.7999954,85.1,85.7999954,16.6999989,11.8,51.1999969,46.01,30.59375
100,0.8,13.3,67.49999,5.62,8.200002,28.77613,32.1259651,1451.61877,4.794528,17.7999973,12.5999985,22,72.2999954,49.9,86.7999954,85.1,85.7999954,16.6999989,11.8,51.1999969,46.01,30.59375
100,0.8,13.3,67.49999,5.62,8.200002,28.77613,32.1259651,1451.61877,4.794528,17.7999973,12.5999985,22,72.2999954,49.9,86.7999954,85.1,85.7999954,16.6999989,11.8,51.1999969,46.01,30.59375
100,0.8,13.3,67.49999,5.62,8.200002,28.77613,32.1259651,1451.61877,4.794528,17.7999973,12.5999985,22,72.2999954,49.9,86.7999954,85.1,85.7999954,16.6999989,11.8,51.1999969,46.01,30.59375
100,0.8,13.0999994,70.6,5.62,7.800001,28.77613,32.1259651,1452.8009,4.794528,17.1999989,12.0999994,22,72.2999954,46.8,80,78.4,79,16.5,11.5999994,51.5,47.57,27.49375153
100,0.6999999,13.3,71.1,5.62,7.999998,28.77613,32.1259651,1450.02881,4.794528,17.4000015,12.4000015,22,65.1000061,47.4,80.6,79,79.7999954,16.5999985,11.8,51.3000031,47.02,27.93124962
100,0.8,13.6,69.7999954,5.62,8.3,29.3554955,32.1259651,1444.95154,4.794528,17.6,12.5,23,65.9,47.9,81.4,79.7999954,80.5,16.8,12.2,52.1000023,46.93,28.05624962
100,0.6999999,13.7999992,74,5.62,8.3,29.3554955,32.1259651,1454.36914,4.794528,17.7999973,12.9000006,23,66.5,49,82.3,80.7,81.3,17.1,12.4,53.1000023,48.18,29.04999924
100,0.8,13.500001,70.7999954,5.62,8.4,29.5796165,32.7410927,1449.10352,4.794528,18,12.9000006,22,73,52.8999977,83.1,81.3,82.1,16.9,12.1,51.5,46.61,30.67812538
100,0.8,13.4000006,68.4,5.68,8.200002,29.272049,32.3643837,1452.136,4.794528,17.6999989,12.5999985,22,80.7,56.5,83.6000061,82.3,82.8,16.8,11.9000006,51.9000053,46.3,31.66562653
100,0.8,13.3,71.4,5.68,8.200002,29.272049,32.3643837,1449.73267,4.794528,17.6999989,12.5999985,22,83.1,58.3,84.2,82.9,83.5,16.6999989,11.8,51.3000031,46.61,32.31562424
100,0.8,13.2,67.2999954,5.68,7.999998,28.5234032,31.723032,1451.60022,4.794528,17.6,12.4000015,22,79.7999954,62.4,86.2,85.1,85.6,16.4,11.7,51.3000031,45.92,33.90312576
100,0.900000036,13,70.4,5.68,8.099997,28.5234032,31.723032,1446.99182,4.794528,17.6,12.5,22,76.1,64.4,86.7,85.2999954,85.7999954,16.5,11.5,50.8000031,46.79,34.82187271
100,0.8,13,68.7000046,5.68,8.200002,28.5234032,31.4488449,1454.12952,4.794528,17.6,12.5,22,76.3,67.1,87,85.7999954,86,16.5,11.5,50.3000031,46.44,36.50937271
100,0.6999999,13,67.7000046,5.68,8.200002,28.5234032,31.4488449,1455.14368,4.794528,17.6,12.5,22,76,66.6,87.4,86,86.6,16.5,11.5,51.1000023,45.89,36.95937347
100,0.599999964,13,69.50001,5.68,8.099997,28.29452,31.4488449,1449.80676,4.794528,17.6,12.5,22,75.5,66.2999954,87.6,86,86.7999954,16.3000011,11.5,50.8999939,47.19,38.36249924
100,0.8,13,68.1,5.68,8.099997,28.29452,31.4226189,1448.78882,4.78975868,17.6,12.5,22,77.2000046,62.5,87.9,86.5,87.2,16.3000011,11.5,50.3000031,46.64,37.79375076
100,0.599999964,13,68.1,5.68,8.099997,28.29452,31.4226189,1447.86292,4.78975868,17.6,12.5,22,72.7,60.2,87.9,86.7,87.3,16.3000011,11.5,51.1000023,46.0399971,38.01875305
100,0.6999999,13,70.00001,5.68,7.999998,28.29452,31.3582458,1451.02734,4.78975868,17.6,12.5,22,64.2000046,63.1,87.9,86.7,87.1,16.3000011,11.5,50.8000031,46.93,37.31562424
100,0.6999999,13,67.99999,5.68,7.999998,28.29452,31.3582458,1452.22839,4.78975868,17.5000019,12.3000031,21,61.4,65.8,87.8,86.6,87.1,16.3000011,11.4,50.1999969,46.73,34.50937653
100,0.599999964,13.0999994,68.6,5.68,7.999998,28.1776943,31.2867165,1454.44312,4.78975868,17.5000019,12.3000031,22,60.3,67,87.8,86.2,86.7,16.3000011,11.5999994,51.3000031,46.47,33.359375
100,0.599999964,13.0999994,70.2999954,5.6,7.999998,28.3255138,31.45123,1448.52966,4.78975868,17.5000019,12.3000031,22,59.8,67,87.4,86,86.5,16.3000011,11.5999994,50.6999969,47.14,32.26250076
100,0.599999964,13.0999994,67.7999954,5.6,7.999998,28.3255138,31.45123,1447.69617,4.78975868,17.5000019,12.3000031,22,59.1000023,66.2999954,87.1,85.6,86.2,16.3000011,11.5999994,50.3000031,46.79,31.98125076
100,0.599999964,13.0999994,69.2000046,5.6,7.999998,28.3255138,31.45123,1455.14368,4.78975868,17.2999973,12.3000031,22,58.8,66.1,87.1,85.3999939,86,16.3000011,11.5999994,50.8000031,46.59,31.29687691
100,0.599999964,12.9,70.00001,5.6,7.999998,28.3255138,31.45123,1453.373,4.78975868,17.4000015,12.1999979,21,58.4999962,65.1000061,86.9,85.2,85.7,16.3000011,11.5999994,50.6999969,47.28,31.05937576
100,0.599999964,12.9,67.7999954,5.6,7.89999962,28.3255138,31.3129463,1449.52917,4.78975868,17.1999989,12.3000031,21,58.3,64.5,86.2,84.8999939,85.2999954,16.3000011,11.4,50.3000031,46.67,30.96875
100,0.599999964,12.9,69.9,5.6,7.89999962,28.2158413,31.3129463,1448.30725,4.78975868,17.1999989,12.3000031,22,58.6000023,59.6000023,86,84.4,85.1,16.3000011,11.4,51.1000023,46.7,30.70000076
100,0.599999964,13.0999994,70.1,5.6,7.89999962,28.2158413,31.3129463,1444.84,4.78975868,17.1999989,12.3000031,22,58.6000023,56.6,85.7,84.1,84.7999954,16.3000011,11.5999994,50.8999939,47.14,30.55312729
100,0.599999964,13.0999994,67.99999,5.6,7.89999962,28.2158413,31.5656719,1452.61621,4.78975868,17.2999973,12.4000015,22,58.6000023,56.1999969,85.3999939,83.9,84.6,16.5,11.5999994,50.6000061,46.67,30.70000076
100,0.599999964,13.0999994,70.4,5.6,7.89999962,28.2158413,31.5656719,1448.04822,4.78975868,17.5000019,12.4000015,22,58.3,56.8000031,85.2,83.7000046,84.4,16.5,11.5999994,51.3000031,47.05,30.66562462
100,0.599999964,13.2,70.50001,5.6,7.89999962,28.2158413,31.5656719,1448.08508,4.78975868,17.5000019,12.4000015,22,57.8,55.9,85,83.7000046,84.3,16.5999985,11.5999994,50.8999939,47.37,30.53750038
100,0.599999964,13.2,68.2000046,5.6,7.89999962,28.66169,31.7468739,1453.52075,4.78975868,17.2999973,12.4000015,22,57.5,55.6,84.7999954,83.4,84.1,16.5999985,11.5999994,50.8000031,46.61,30.49375153
100,0.599999964,13.0999994,71.4,5.6,7.89999962,28.66169,31.7468739,1447.58484,4.805257,17.2999973,12.4000015,22,57.4,55.1999969,84.6,83.4,83.9,16.5999985,11.5999994,51.5,47.66,28.29062653
100,0.599999964,13.2,70.1,5.6,7.89999962,28.6593056,31.7254162,1454.148,4.805257,17.1999989,12.1999979,22,56.8000031,54.2,84.4,83,83.9,16.5999985,11.7,50.6000061,47.22,27.4375
100,0.599999964,13,67.49999,5.6,7.89999962,28.6593056,31.7254162,1445.89783,4.805257,17.1999989,12.1999979,22,56.1,53.1000023,84,82.4,83.1,16.3000011,11.5,50.3000031,46.27,27.57187462
100,0.599999964,13,70.00001,5.6,7.89999962,28.6593056,31.7254162,1450.0658,4.805257,17.1999989,12.0999994,22,55.9,53.1000023,83.3,81.7,82.3,16.3000011,11.5,50.6999969,46.59,27.92812538
100,0.599999964,12.8,68.6,5.6,7.700002,27.84867,30.91001,1451.56335,4.805257,17.1999989,12.0999994,21,55.6,53.2,82.8,81.3,81.8,16.3000011,11.3,50,46.88,28.05624962
100,0.599999964,12.8,66.4,5.56,7.700002,27.84867,30.91001,1450.65759,4.805257,17.1999989,12.0999994,21,55.1999969,53.2,82.3,80.9,81.4,16.3000011,11.3,49.8000031,45.4899979,28.17812538
100,0.599999964,12.8,69.2999954,5.56,7.700002,27.7032318,30.8575573,1441.06665,4.805257,17.1999989,12.0999994,21,54.9,53.1000023,82,80.4,81.1,16.2,11.3,50.5,46.67,28.24687386
100,0.599999964,12.8,68.1,5.56,7.700002,27.7032318,30.8575573,1448.77039,4.805257,17.1999989,12.1999979,21,54.7,52.7,81.6,80,80.8,16.2,11.3,49.8000031,46.0399971,28.28125
100,0.599999964,12.8,65.9,5.56,7.700002,27.7032318,30.8575573,1445.63806,4.805257,17.1999989,12,21,54.3,52.6000023,81.4,79.7,80.4,16.2,11.3,49.8000031,45.4,27.89374924
100,0.599999964,12.8,69.00001,5.56,7.59999752,27.7032318,30.8575573,1450.95337,4.805257,17.1999989,12,21,54.0000038,51.8,81.1,79.5,80.2,16.2,11.3,50,46.53,27.45000076
100,0.599999964,12.8,67.7000046,5.56,7.800001,27.4624252,30.5833721,1453.133,4.805257,17.1999989,12,21,53.6000023,51.7,80.9,79.2999954,80,16.2,11.3,49.6,45.98,27.50625038
100,0.599999964,12.8,65.8,5.56,7.800001,27.4624252,30.7311916,1452.04358,4.805257,17.1999989,12,21,53.6000023,51.2,80.8,79.1,79.7,16.1,11.3,50.1000061,45.57,27.70937347
100,0.599999964,12.8,69.2999954,5.56,7.800001,27.4624252,30.7311916,1455.36487,4.805257,17.1999989,12,21,53.5000038,51.4,80.6,79.1,79.7,16.2,11.3,50.6000061,46.53,27.41562462
100,0.599999964,12.8,68.1,5.56,7.59999752,27.6340866,30.7574177,1451.5448,4.805257,17.1999989,12,21,53.3,51.8,80.6,78.8999939,79.7,16.2,11.3,49.6999969,46.5,27.40312576
100,0.599999964,12.8,65.7,5.56,7.700002,27.6030922,30.7145023,1457.37231,4.805257,17.0000019,12,21,53.3,51.3000031,80.6,78.8999939,79.7,16.1,11.3,50.6000061,45.46,27.37812424
100,0.599999964,13.0999994,71.4,5.56,7.800001,28.6187744,31.501297,1451.23071,4.805257,17.2999973,12.1999979,22,53.3,51,80.6,78.8999939,79.7,16.4,11.5999994,51.6999969,47.45,27.40937424
100,0.599999964,13.3,70.7999954,5.62,7.999998,28.6187744,32.04013,1443.3728,4.79119,17.4000015,12.4000015,22,53.3,51.5,80.9,79.5,80.1,16.5999985,11.8,51.5,47.5100021,27.50312424
100,0.599999964,13.6,69.6,5.62,8.3,29.7512779,32.04013,1451.5448,4.79119,17.7999973,12.6999969,23,54.0000038,51.5,81.7,80.2,80.9,16.8,12,52.6999969,47.14,28.32812309
100,0.599999964,13.7999992,73.8999939,5.62,8.499998,29.7512779,33.3252258,1450.17676,4.79119,18,12.9000006,23,54.6,52.3999977,82.7000046,81,81.6,17.2,12.4,52.9999962,48,28.88437462
100,0.599999964,13.6,70.2999954,5.62,8.600002,29.3698,32.5408173,1448.17773,4.79119,18,12.9000006,22,55.9,53.6000023,83.5,82,82.8,16.9,11.9000006,51.3000031,46.64,29.6875
100,0.599999964,13.4000006,68.2999954,5.68999958,8.4,29.0693913,32.2570953,1452.67163,4.79119,17.6999989,12.5999985,22,57,54.6,84,82.6,83.3,16.8,11.9000006,51.6999969,46.3,30.18124962
100,0.599999964,13.3,70.7000046,5.68999958,8.200002,29.0693913,32.2570953,1453.53918,4.79119,17.6999989,12.5999985,22,57.9,55.6999969,84.6,83.2000046,83.5,16.5,11.8,51.3000031,46.85,30.77499771
100,0.599999964,13.2,69.2999954,5.68999958,8.099997,28.561554,31.7301846,1448.41858,4.79119,17.5000019,12.5,22,58.1,56.6,84.8999939,83.6000061,84.2,16.4,11.7,50.5,47.14,31.52187538
100,0.599999964,13,67.7000046,5.68999958,8.099997,28.561554,31.5442123,1450.56506,4.79119,17.6,12.5,22,58.3,57.3000031,85.3999939,84,84.6,16.4,11.7,51,46.35,32.30625153
100,0.599999964,13,70.2999954,5.68999958,8.200002,28.561554,31.5442123,1451.36011,4.79119,17.6,12.5,22,58.7,57.4,85.7999954,84.2,84.8999939,16.5,11.5,50.8000031,47.14,32.60312271
100,0.6999999,13,68.2999954,5.68999958,7.999998,28.2682934,31.3582458,1450.26917,4.79119,17.6,12.5,22,58.8999977,57.5,86,84.7,85.2999954,16.5,11.5,50.3999939,46.7,32.86874771
100,0.599999964,13,67.4,5.68999958,8.3,28.2420673,31.4679184,1449.82544,4.79119,17.7999973,12.6999969,22,59.3999977,58.3,86.7,85.1,85.7999954,16.5,11.5,51.1999969,46.09,33.953125
100,0.599999964,13,70.00001,5.68999958,8.3,28.2420673,31.4440765,1443.68848,4.79119,17.6,12.5999985,22,59.8,58.3,87.2,85.6,86,16.5,11.5,50.6999969,47.14,34.06875229
100,0.8,13,68.4,5.68999958,8.3,28.2420673,31.4440765,1438.75671,4.79119,17.6,12.5999985,22,60.3,58.8999977,87.6,86,86.5,16.5,11.5,50.5,46.38,35.66562653
100,0.8,13,68.2999954,5.68999958,8.3,28.33505,31.4989128,1452.39465,4.79119,17.7999973,12.5999985,22,60.3,58.3,87.6,86.2,86.7999954,16.4,11.5,51.1000023,46.5,36.47812653
100,0.599999964,13.0999994,70.9,5.68999958,8.3,28.33505,31.4989128,1451.1012,4.79119,17.7999973,12.5999985,22,60.3,57.7,87.9,86.5,87,16.5999985,11.8,51.3000031,47.77,35.61874771
100,0.599999964,13.3,69.00001,5.68999958,8.3,28.7856674,31.9137669,1442.38757,4.79119,17.7999973,12.8000021,22,60.3,57.5,87.9,86.5,87,16.5999985,11.8,51,47.02,35.61562729
100,0.8,13.2,70.2000046,5.68999958,8.3,28.7856674,31.9137669,1445.28552,4.80096531,17.7999973,12.8000021,22,60.3999977,57.2000046,87.9,86.5,87.2,16.5999985,11.7,51.9000053,46.93,36.76250076
100,0.8,13.2,71.1,5.68999958,8.3,28.9120312,32.11881,1452.81921,4.80096531,17.7999973,12.8000021,22,60.5,56.8000031,87.9,86.5,87.2,16.6999989,11.7,51.5,47.6000023,36.13125229
100,0.8,13.4000006,69.4,5.68999958,8.3,28.9120312,32.11881,1457.16992,4.80096531,17.9000015,12.8000021,22,60.6000023,56.4,87.9,86.7,87.2,16.5999985,11.9000006,51.3000031,47.25,35.59687424
100,0.8,13.3,71.3,5.68999958,8.3,28.9120312,32.2666321,1450.69446,4.80096531,17.6999989,12.5999985,22,60.1000023,55.6,87.9,86.5,87.1,16.5999985,11.8,51.9000053,47.83,33.98750305
100,0.6999999,13.4000006,71.5,5.67,8.3,29.1099224,32.2666321,1452.89319,4.80096531,17.6999989,12.5999985,22,59.8999977,55.1,87.8,86.2,86.7999954,16.5999985,11.8,51.6999969,47.74,33.09687424
100,0.8,13.4000006,69.2000046,5.67,8.3,29.1099224,32.2666321,1444.76575,4.80096531,17.6999989,12.5999985,22,59.5000038,54.7,87.5,86.2,86.7,16.5999985,11.8,51.3000031,47.6900024,32.19687653
100,0.8,13.3,71.4,5.67,8.3,29.1099224,32.29286,1443.93018,4.80096531,17.6999989,12.5999985,22,59.2,54.0000038,87.1,85.9,86.5,16.5999985,11.8,52,47.97,31.54374886
100,0.6999999,13.4000006,71,5.67,8.3,29.1099224,32.29286,1446.955,4.80096531,17.6999989,12.5999985,22,58.7,53.7,86.9,85.7,85.9,16.6999989,11.9000006,51.6000023,47.74,31.06562424
100,0.599999964,13.4000006,68.9,5.67,8.3,29.1099224,32.29286,1454.86707,4.80096531,17.6999989,12.5999985,22,58.3999977,53.3,86.4,85,85.9,16.5999985,11.9000006,51.1999969,47.02,30.92187691
100,0.8,13.3,71.9,5.67,8.3,29.1099224,32.29286,1443.633,4.80096531,17.6999989,12.5999985,22,58,53.1000023,86.2,84.7999954,85.5,16.6999989,11.8,52,47.89,30.86250114
100,0.599999964,13.4000006,71.2000046,5.67,8.3,29.1099224,32.25948,1442.3689,4.80096531,17.6,12.5999985,22,57.9,53.1000023,86,84.6,85.2999954,16.6999989,11.8,51.1999969,47.83,30.68437576
100,0.6999999,13.4000006,68.9,5.67,8.3,29.1099224,32.25948,1438.08545,4.80096531,17.6,12.5999985,22,57.7,52.7,85.7,84.6,85.1,16.5999985,11.9000006,51.3000031,47.14,30.57187462
100,0.599999964,13.4000006,72,5.67,8.3,29.1099224,32.25948,1455.033,4.80096531,17.6,12.5999985,22,57.5,52.7,85.5,84.1,84.7999954,16.6999989,11.8,52,47.920002,30.58437347
100,0.599999964,13.4000006,71.3,5.67,8.200002,29.1099224,32.25948,1456.00977,4.80096531,17.6,12.4000015,22,57.3000031,52.7,85.5,84.1,84.6,16.6999989,11.9000006,51.3000031,47.95,30.64687538
100,0.599999964,13.4000006,69.00001,5.67,8.099997,29.0455456,32.25948,1454.148,4.80096531,17.6,12.4000015,22,57.2000046,52.6000023,85.2999954,83.9,84.6,16.5999985,11.9000006,51.3000031,47.14,30.58125114
100,0.8,13.4000006,71.8,5.67,7.999998,29.0455456,32.25948,1452.81921,4.80096531,17.4000015,12.4000015,22,56.8000031,52.6000023,85.2999954,83.7000046,84.6,16.6999989,11.9000006,52,48.35,30.43124962
100,0.599999964,13.4000006,71.1,5.67,8.200002,29.0455456,32.1593437,1445.5824,4.803588,17.4000015,12.4000015,22,56.8000031,52.3999977,85.1,83.7000046,84.3,16.6999989,11.9000006,51.3000031,47.920002,30.46249962
100,0.599999964,13.4000006,69.00001,5.67,8.200002,29.0455456,32.1593437,1449.39966,4.803588,17.4000015,12.4000015,22,56.8000031,52.3999977,85.1,83.7000046,84.3,16.5999985,11.9000006,51.3000031,47.4,30.41562462
100,0.599999964,13.4000006,71.8,5.67,8.200002,29.0455456,32.1593437,1454.99609,4.803588,17.4000015,12.4000015,22,56.8000031,52.3,85,83.7000046,84.1,16.6999989,11.9000006,51.9000053,48.29,29.44062424
100,0.599999964,13.4000006,70.7999954,5.67,8.099997,29.0455456,32.2332535,1449.88074,4.803588,17.6,12.5,22,56.6,51.8,84.7999954,83.4,84.1,16.5999985,11.8,51.1999969,47.83,29.16562653
100,0.8,13.4000006,69.00001,5.63,8.200002,29.1742954,32.2332535,1455.99133,4.803588,17.6,12.4000015,22,56.8000031,51.7,84.7999954,83.4,84.1,16.5999985,11.8,51.4000053,47.19,29.04374886
100,0.599999964,13.4000006,72,5.63,8.099997,29.1742954,32.21895,1451.748,4.803588,17.6,12.5,22,56.4,51.5,84.6,83.2000046,83.7000046,16.6999989,11.8,51.8,48.0300026,29.11249924
100,0.599999964,13.4000006,70.7000046,5.63,8.099997,29.1742954,32.21895,1450.13977,4.803588,17.6,12.5,22,56.1,51.3000031,84.6,83,83.7000046,16.6999989,11.9000006,51.1999969,47.4,28.97500038
100,0.599999964,13.4000006,68.2000046,5.63,8.200002,29.1742954,32.1951065,1452.69019,4.803588,17.6,12.4000015,22,56.1,51.3000031,84.4,82.8,83.4,16.5999985,11.9000006,52,46.73,29.04999924
100,0.8,13.4000006,71.5,5.63,8.099997,28.9930935,32.1474228,1452.11743,4.803588,17.6,12.4000015,22,55.5,50.5,84.1,82.8,83.3,16.6999989,11.8,51.5,47.37,27.95937347
100,0.8,13,68.2999954,5.63,7.800001,27.9368839,30.995842,1452.17285,4.803588,17.5000019,12.0999994,21,54.7,49.8,83.4,81.8,82.3,16.3000011,11.5999994,50,46.79,27.52812576
100,0.599999964,13.3,67.9,5.56,7.800001,28.7236786,31.761179,1450.38013,4.803588,17.0000019,12.0999994,22,54.2,49.2,82.8,81.1,81.8,16.5,11.5999994,51.9000053,47.25,27.03750229
100,0.8,13.4000006,71.8,5.56,7.999998,29.0550861,32.1426544,1447.36267,4.803588,17.2999973,12.4000015,22,54.0000038,49,82.7000046,80.9,81.6,16.6999989,11.8,51.8,47.920002,26.69374847
100,0.8,13.6,71.3,5.56,8.099997,29.3888741,32.4239922,1456.26758,4.803588,17.4000015,12.5,23,54.0000038,48.8,82.5,80.9,81.6,16.8,12,51.9000053,47.6000023,26.67500114
100,0.8,13.6,70.7000046,5.56,8.3,30.063612,33.14641,1465.22827,4.803588,17.6,12.6999969,23,53.8999977,48.8999977,82.8,81.2,81.7,16.9,12.2,52.8,47.66,26.59687424
100,0.599999964,13.3,70.7000046,5.56,8.3,30.2281227,33.33238,1451.45251,4.803588,17.6999989,12.5999985,22,54.1000023,49,82.8,81.1,81.9,16.6999989,11.7,51.3000031,46.7,26.421875
100,0.8,12.8,67.4,5.62,7.800001,27.8701267,30.9696159,1455.08826,4.803588,17.1999989,12.0999994,21,54.1000023,48.4,82.2000046,80.4,81.2,16.3000011,11.3,49.9,46.79,26.84687424
100,0.8,13,68.1,5.62,7.800001,28.5687065,31.6944218,1447.1958,4.79262066,17.0000019,11.9000015,22,54.0000038,48.2,81.8,80,80.6,16.3000011,11.5999994,51.6999969,46.96,27.39374924
